time,x,y,row,col,coverage,collision_count,v,w
0.13,-1.322,-1.349,0,0,0.009,1,0.465,0.448
0.26,-1.294,-1.348,0,0,0.009,1,0.405,0.802
0.38,-1.265,-1.346,0,0,0.009,1,0.405,0.800
0.51,-1.237,-1.345,0,0,0.009,1,0.405,0.800
0.64,-1.209,-1.344,0,0,0.009,1,0.405,0.800
0.77,-1.181,-1.343,0,0,0.009,1,0.405,0.800
0.90,-1.153,-1.341,0,0,0.009,1,0.405,0.800
1.02,-1.125,-1.340,0,0,0.009,1,0.405,0.800
1.15,-1.097,-1.339,0,1,0.019,1,0.405,0.800
1.28,-1.068,-1.338,0,1,0.019,1,0.405,0.800
1.41,-1.040,-1.336,0,1,0.019,1,0.405,0.800
1.54,-1.012,-1.335,0,1,0.019,1,0.405,0.800
1.66,-0.984,-1.334,0,1,0.019,1,0.405,0.800
1.79,-0.956,-1.333,0,1,0.019,1,0.405,0.800
1.92,-0.928,-1.331,0,1,0.019,1,0.405,0.800
2.05,-0.900,-1.330,0,1,0.019,1,0.405,0.800
2.18,-0.872,-1.329,0,2,0.028,1,0.405,0.800
2.30,-0.843,-1.328,0,2,0.028,1,0.405,0.800
2.43,-0.815,-1.326,0,2,0.028,1,0.405,0.800
2.56,-0.787,-1.325,0,2,0.028,1,0.405,0.800
2.69,-0.759,-1.324,0,2,0.028,1,0.405,0.800
2.82,-0.731,-1.322,0,2,0.028,1,0.401,0.828
2.94,-0.703,-1.321,0,2,0.028,1,0.405,0.803
3.07,-0.675,-1.320,0,2,0.028,1,0.405,0.800
3.20,-0.646,-1.318,0,3,0.037,1,0.481,0.352
3.33,-0.618,-1.317,0,3,0.037,1,0.524,-0.096
3.46,-0.590,-1.316,0,3,0.037,1,0.448,-0.544
3.58,-0.562,-1.314,0,3,0.037,1,0.373,-0.992
3.71,-0.534,-1.313,0,3,0.037,1,0.298,-1.440
3.84,-0.513,-1.312,0,3,0.037,1,0.254,-1.700
3.97,-0.498,-1.312,0,3,0.037,1,0.254,-1.700
4.10,-0.483,-1.312,0,3,0.037,1,0.254,-1.700
4.22,-0.468,-1.312,0,3,0.037,1,0.254,-1.700
4.35,-0.452,-1.312,0,3,0.037,1,0.254,-1.700
4.48,-0.437,-1.311,0,3,0.037,1,0.254,-1.700
4.61,-0.422,-1.311,0,3,0.037,1,0.254,-1.700
4.74,-0.407,-1.311,0,3,0.037,1,0.254,-1.700
4.86,-0.392,-1.311,0,3,0.037,1,0.254,-1.700
4.99,-0.377,-1.310,0,3,0.037,1,0.254,-1.700
5.12,-0.362,-1.310,0,3,0.037,1,0.254,-1.700
5.25,-0.347,-1.310,0,4,0.046,1,0.254,-1.700
5.38,-0.332,-1.310,0,4,0.046,1,0.254,-1.700
5.50,-0.317,-1.309,0,4,0.046,1,0.254,-1.700
5.63,-0.302,-1.309,0,4,0.046,1,0.254,-1.700
5.76,-0.287,-1.309,0,4,0.046,1,0.254,-1.700
5.89,-0.272,-1.308,0,4,0.046,1,0.254,-1.700
6.02,-0.257,-1.308,0,4,0.046,1,0.254,-1.700
6.14,-0.242,-1.308,0,4,0.046,1,0.254,-1.700
6.27,-0.227,-1.308,0,4,0.046,1,0.254,-1.700
6.40,-0.211,-1.307,0,4,0.046,1,0.254,-1.700
6.53,-0.196,-1.307,0,4,0.046,1,0.254,-1.700
6.66,-0.181,-1.307,0,4,0.046,1,0.254,-1.700
6.78,-0.166,-1.306,0,4,0.046,1,0.254,-1.700
6.91,-0.151,-1.306,0,4,0.046,1,0.254,-1.700
7.04,-0.136,-1.306,0,4,0.046,1,0.254,-1.700
7.17,-0.121,-1.306,0,4,0.046,1,0.254,-1.700
7.30,-0.109,-1.306,0,5,0.056,1,0.061,-1.252
7.42,-0.106,-1.307,0,5,0.056,1,0.068,-0.804
7.55,-0.103,-1.309,0,5,0.056,1,0.075,-0.356
7.68,-0.094,-1.311,0,5,0.056,1,0.079,0.092
7.81,-0.084,-1.312,0,5,0.056,1,0.072,0.540
7.94,-0.076,-1.312,0,5,0.056,1,0.065,0.988
8.06,-0.071,-1.312,0,5,0.056,1,0.058,1.436
8.19,-0.065,-1.310,0,5,0.056,1,0.052,1.884
8.32,-0.062,-1.306,0,5,0.056,1,0.045,2.332
8.45,-0.059,-1.299,0,5,0.056,1,0.185,2.108
8.58,-0.047,-1.287,0,5,0.056,1,0.261,1.660
8.70,-0.029,-1.270,0,5,0.056,1,0.336,1.212
8.83,-0.009,-1.251,0,5,0.056,1,0.411,0.764
8.96,0.012,-1.231,0,5,0.056,1,0.449,0.540
9.09,0.028,-1.214,0,5,0.056,1,0.409,0.778
9.22,0.034,-1.203,0,5,0.056,2,0.406,0.798
9.34,0.037,-1.198,0,6,0.065,2,0.358,1.079
9.47,0.043,-1.189,0,6,0.065,2,0.401,0.826
9.60,0.049,-1.184,0,6,0.065,2,0.065,1.032
9.73,0.051,-1.178,0,6,0.065,2,0.065,1.032
9.86,0.050,-1.175,0,6,0.065,2,0.333,1.229
9.98,0.051,-1.169,0,6,0.065,2,0.371,1.005
10.11,0.053,-1.164,0,6,0.065,2,0.409,0.781
10.24,0.053,-1.161,0,6,0.065,2,0.333,1.229
10.37,0.053,-1.157,0,6,0.065,2,0.371,1.005
10.50,0.052,-1.150,0,6,0.065,2,0.446,0.557
10.62,0.050,-1.143,0,6,0.065,2,0.522,0.109
10.75,0.047,-1.136,0,6,0.065,2,0.521,0.113
10.88,0.045,-1.130,0,6,0.065,2,0.446,0.561
11.01,0.044,-1.123,0,6,0.065,2,0.446,0.561
11.14,0.045,-1.116,0,6,0.065,2,0.454,0.512
11.26,0.047,-1.110,0,6,0.065,2,0.430,0.651
11.39,0.050,-1.105,1,6,0.074,2,0.506,0.203
11.52,0.053,-1.101,1,6,0.074,2,0.539,0.004
11.65,0.055,-1.097,1,6,0.074,2,0.540,0.000
11.78,0.055,-1.094,1,6,0.074,2,0.540,0.000
11.90,0.056,-1.091,1,6,0.074,2,0.540,0.000
12.03,0.057,-1.089,1,6,0.074,2,0.540,0.000
12.16,0.057,-1.087,1,6,0.074,2,0.540,0.000
12.29,0.058,-1.085,1,6,0.074,2,0.540,0.000
12.42,0.058,-1.083,1,6,0.074,2,0.540,0.000
12.54,0.058,-1.081,1,6,0.074,2,0.540,0.000
12.67,0.058,-1.080,1,6,0.074,2,0.540,0.000
12.80,0.058,-1.078,1,6,0.074,2,0.540,0.000
12.93,0.059,-1.077,1,6,0.074,2,0.540,0.000
13.06,0.059,-1.075,1,6,0.074,2,0.540,0.000
13.18,0.059,-1.074,1,6,0.074,2,0.540,0.000
13.31,0.059,-1.072,1,6,0.074,2,0.540,0.000
13.44,0.059,-1.070,1,6,0.074,2,0.540,0.000
13.57,0.060,-1.068,1,6,0.074,2,0.540,0.000
13.70,0.060,-1.066,1,6,0.074,2,0.540,0.000
13.82,0.060,-1.063,1,6,0.074,2,0.540,0.000
13.95,0.061,-1.060,1,6,0.074,2,0.540,0.000
14.08,0.061,-1.058,1,6,0.074,2,0.540,0.000
14.21,0.062,-1.054,1,6,0.074,2,0.540,0.000
14.34,0.063,-1.051,1,6,0.074,2,0.540,0.000
14.46,0.064,-1.048,1,6,0.074,2,0.540,0.000
14.59,0.065,-1.045,1,6,0.074,2,0.540,0.000
14.72,0.067,-1.042,1,6,0.074,2,0.540,0.000
14.85,0.068,-1.039,1,6,0.074,2,0.540,0.000
14.98,0.069,-1.036,1,6,0.074,2,0.540,0.000
15.10,0.070,-1.033,1,6,0.074,2,0.540,0.000
15.23,0.071,-1.030,1,6,0.074,2,0.540,0.000
15.36,0.072,-1.027,1,6,0.074,2,0.540,0.000
15.49,0.073,-1.024,1,6,0.074,2,0.540,0.000
15.62,0.074,-1.021,1,6,0.074,2,0.540,0.000
15.74,0.075,-1.018,1,6,0.074,2,0.540,0.000
15.87,0.076,-1.015,1,6,0.074,2,0.540,0.000
16.00,0.082,-1.012,1,6,0.074,2,0.540,0.000
16.13,0.084,-1.007,1,6,0.074,2,0.521,0.112
16.26,0.085,-1.001,1,6,0.074,2,0.446,0.560
16.38,0.087,-0.994,1,6,0.074,2,0.405,0.799
16.51,0.088,-0.986,1,6,0.074,2,0.405,0.800
16.64,0.089,-0.978,1,6,0.074,2,0.405,0.800
16.77,0.089,-0.969,1,6,0.074,2,0.405,0.800
16.90,0.098,-0.957,1,6,0.074,3,0.424,0.688
17.02,0.122,-0.942,1,6,0.074,3,0.441,0.591
17.15,0.146,-0.927,1,6,0.074,3,0.478,0.367
17.28,0.170,-0.912,1,6,0.074,3,0.478,0.367
17.41,0.193,-0.897,1,6,0.074,3,0.516,0.143
17.54,0.217,-0.882,2,6,0.083,3,0.516,0.143
17.66,0.241,-0.867,2,6,0.083,3,0.526,-0.081
17.79,0.253,-0.859,2,6,0.083,3,0.072,-0.529
17.92,0.260,-0.855,2,6,0.083,3,0.065,-0.977
18.05,0.268,-0.852,2,6,0.083,3,0.059,-1.425
18.18,0.275,-0.851,2,6,0.083,3,0.052,-1.873
18.30,0.281,-0.852,2,6,0.083,3,0.045,-2.321
18.43,0.289,-0.855,2,6,0.083,3,0.225,-1.873
18.56,0.308,-0.861,2,7,0.083,3,0.300,-1.425
18.69,0.334,-0.869,2,7,0.083,3,0.375,-0.977
18.82,0.361,-0.877,2,7,0.083,3,0.451,-0.529
18.94,0.388,-0.885,2,7,0.083,3,0.526,-0.081
19.07,0.415,-0.893,2,7,0.083,3,0.483,-0.336
19.20,0.442,-0.902,2,7,0.083,3,0.408,-0.784
19.33,0.469,-0.910,2,7,0.083,3,0.406,-0.799
19.46,0.496,-0.918,2,7,0.083,3,0.405,-0.800
19.58,0.523,-0.926,1,8,0.102,3,0.481,-0.352
19.71,0.550,-0.934,1,8,0.102,3,0.524,0.096
19.84,0.577,-0.943,1,8,0.102,3,0.448,0.544
19.97,0.604,-0.951,1,8,0.102,3,0.373,0.992
20.10,0.630,-0.959,1,8,0.102,3,0.298,1.440
20.22,0.652,-0.965,1,8,0.102,3,0.254,1.700
20.35,0.673,-0.969,1,8,0.102,3,0.254,1.700
20.48,0.694,-0.971,1,8,0.102,3,0.254,1.700
20.61,0.714,-0.972,1,9,0.111,3,0.254,1.700
20.74,0.729,-0.973,1,9,0.111,3,0.254,1.700
20.86,0.741,-0.973,1,9,0.111,3,0.227,1.857
20.99,0.754,-0.972,1,9,0.111,3,0.251,1.714
21.12,0.767,-0.971,1,9,0.111,3,0.227,1.858
21.25,0.782,-0.968,1,9,0.111,3,0.251,1.714
21.38,0.799,-0.964,1,9,0.111,3,0.254,1.701
21.50,0.818,-0.960,1,9,0.111,3,0.254,1.700
21.63,0.839,-0.954,1,9,0.111,3,0.254,1.700
21.76,0.859,-0.948,1,9,0.111,3,0.254,1.700
21.89,0.878,-0.939,1,9,0.111,3,0.254,1.700
22.02,0.896,-0.929,1,9,0.111,3,0.254,1.700
22.14,0.914,-0.918,1,9,0.111,4,0.254,1.700
22.27,0.931,-0.905,1,9,0.111,4,0.254,1.700
22.40,0.946,-0.891,1,9,0.111,4,0.254,1.700
22.53,0.960,-0.876,1,9,0.111,4,0.254,1.700
22.66,0.976,-0.857,2,10,0.130,4,0.329,1.252
22.78,0.993,-0.835,2,10,0.130,4,0.404,0.808
22.91,1.011,-0.813,2,10,0.130,4,0.405,0.801
23.04,1.028,-0.791,2,10,0.130,4,0.405,0.800
23.17,1.046,-0.769,2,10,0.130,4,0.405,0.800
23.30,1.064,-0.747,2,10,0.130,4,0.405,0.800
23.42,1.081,-0.725,2,10,0.130,4,0.405,0.800
23.55,1.099,-0.703,2,10,0.130,4,0.405,0.800
23.68,1.117,-0.681,2,10,0.130,4,0.404,0.810
23.81,1.134,-0.659,2,10,0.130,4,0.399,0.836
23.94,1.152,-0.637,2,10,0.130,4,0.390,0.890
24.06,1.169,-0.615,2,10,0.130,4,0.377,0.966
24.19,1.187,-0.593,2,10,0.130,4,0.360,1.072
24.32,1.205,-0.571,2,10,0.130,4,0.352,1.117
24.45,1.222,-0.550,2,10,0.130,4,0.338,1.200
24.58,1.236,-0.531,2,10,0.130,4,0.338,1.200
24.70,1.248,-0.512,3,11,0.139,4,0.318,1.321
24.83,1.260,-0.492,3,11,0.139,4,0.059,1.424
24.96,1.266,-0.477,3,11,0.139,4,0.300,1.424
25.09,1.277,-0.453,3,11,0.139,4,0.338,1.200
25.22,1.286,-0.432,3,11,0.139,4,0.315,1.336
25.34,1.294,-0.411,3,11,0.139,4,0.057,1.512
25.47,1.301,-0.391,3,11,0.139,4,0.346,1.153
25.60,1.308,-0.368,3,11,0.139,4,0.298,1.440
25.73,1.312,-0.351,4,11,0.148,4,0.243,1.762
25.86,1.316,-0.331,4,11,0.148,4,0.253,1.706
25.98,1.319,-0.310,4,11,0.148,5,0.254,1.701
26.11,1.320,-0.291,4,11,0.148,5,0.254,1.700
26.24,1.320,-0.275,4,11,0.148,5,0.254,1.700
26.37,1.321,-0.260,4,11,0.148,5,0.254,1.700
26.50,1.321,-0.245,4,11,0.148,5,0.254,1.700
26.62,1.322,-0.230,4,11,0.148,5,0.254,1.700
26.75,1.322,-0.215,4,11,0.148,5,0.254,1.700
26.88,1.323,-0.200,4,11,0.148,5,0.254,1.700
27.01,1.324,-0.185,4,11,0.148,5,0.254,1.700
27.14,1.324,-0.170,4,11,0.148,5,0.254,1.700
27.26,1.325,-0.155,4,11,0.148,5,0.254,1.700
27.39,1.325,-0.140,4,11,0.148,5,0.254,1.700
27.52,1.326,-0.125,4,11,0.148,5,0.254,1.700
27.65,1.326,-0.110,4,11,0.148,5,0.254,1.700
27.78,1.327,-0.095,5,11,0.157,5,0.254,1.700
27.90,1.328,-0.080,5,11,0.157,5,0.254,1.700
28.03,1.328,-0.065,5,11,0.157,5,0.254,1.700
28.16,1.329,-0.049,5,11,0.157,5,0.254,1.700
28.29,1.329,-0.034,5,11,0.157,5,0.254,1.700
28.42,1.330,-0.019,5,11,0.157,5,0.254,1.700
28.54,1.331,-0.004,5,11,0.157,5,0.254,1.700
28.67,1.331,0.011,5,11,0.157,5,0.254,1.700
28.80,1.332,0.026,6,11,0.167,5,0.254,1.700
28.93,1.332,0.041,6,11,0.167,5,0.254,1.700
29.06,1.333,0.056,6,11,0.167,5,0.254,1.700
29.18,1.334,0.071,6,11,0.167,5,0.254,1.700
29.31,1.334,0.086,6,11,0.167,5,0.254,1.700
29.44,1.335,0.101,6,11,0.167,5,0.254,1.700
29.57,1.335,0.116,6,11,0.167,5,0.254,1.700
29.70,1.336,0.131,6,11,0.167,5,0.254,1.700
29.82,1.337,0.146,6,11,0.167,5,0.254,1.700
29.95,1.337,0.161,6,11,0.167,5,0.254,1.700
30.08,1.338,0.176,6,11,0.167,5,0.254,1.700
30.21,1.338,0.192,6,11,0.167,5,0.254,1.700
30.34,1.339,0.207,6,11,0.167,5,0.254,1.700
30.46,1.340,0.222,6,11,0.167,5,0.254,1.700
30.59,1.340,0.237,6,11,0.167,5,0.254,1.700
30.72,1.341,0.252,6,11,0.167,5,0.254,1.700
30.85,1.342,0.267,7,11,0.176,5,0.254,1.700
30.98,1.342,0.282,7,11,0.176,5,0.254,1.700
31.10,1.343,0.297,7,11,0.176,5,0.254,1.700
31.23,1.343,0.312,7,11,0.176,5,0.254,1.700
31.36,1.344,0.327,7,11,0.176,5,0.254,1.700
31.49,1.345,0.342,7,11,0.176,5,0.254,1.700
31.62,1.345,0.357,7,11,0.176,5,0.254,1.700
31.74,1.346,0.372,7,11,0.176,5,0.254,1.700
31.87,1.347,0.387,7,11,0.176,5,0.254,1.700
32.00,1.347,0.402,7,11,0.176,5,0.254,1.700
32.13,1.348,0.417,7,11,0.176,5,0.254,1.700
32.26,1.349,0.432,7,11,0.176,5,0.254,1.700
32.38,1.349,0.448,7,11,0.176,5,0.254,1.700
32.51,1.350,0.463,7,11,0.176,5,0.254,1.700
32.64,1.350,0.478,7,11,0.176,5,0.254,1.700
32.77,1.351,0.493,7,11,0.176,5,0.254,1.700
32.90,1.352,0.512,8,11,0.185,5,0.329,1.252
33.02,1.354,0.540,8,11,0.185,5,0.373,0.993
33.15,1.355,0.568,8,11,0.185,5,0.366,1.033
33.28,1.357,0.596,8,11,0.185,5,0.363,1.052
33.41,1.358,0.625,8,11,0.185,5,0.359,1.078
33.54,1.360,0.653,8,11,0.185,5,0.366,1.032
33.66,1.361,0.681,8,11,0.185,5,0.356,1.095
33.79,1.363,0.709,8,11,0.185,5,0.360,1.069
33.92,1.365,0.736,9,11,0.194,5,0.285,1.517
34.05,1.365,0.757,9,11,0.194,5,0.254,1.699
34.18,1.365,0.772,9,11,0.194,5,0.254,1.700
34.30,1.366,0.787,9,11,0.194,5,0.254,1.700
34.43,1.366,0.802,9,11,0.194,5,0.254,1.700
34.56,1.366,0.817,9,11,0.194,5,0.254,1.700
34.69,1.367,0.832,9,11,0.194,5,0.254,1.700
34.82,1.367,0.847,9,11,0.194,5,0.254,1.700
34.94,1.367,0.862,9,11,0.194,5,0.254,1.700
35.07,1.367,0.877,9,11,0.194,5,0.254,1.700
35.20,1.367,0.891,9,11,0.194,5,0.216,1.924
35.33,1.366,0.898,9,11,0.194,5,0.044,2.372
35.46,1.363,0.901,9,11,0.194,5,0.038,2.820
35.58,1.356,0.898,9,11,0.194,5,0.098,2.624
35.71,1.347,0.901,9,11,0.194,5,0.174,2.176
35.84,1.333,0.909,9,11,0.194,5,0.249,1.728
35.97,1.313,0.920,10,11,0.204,5,0.325,1.280
36.10,1.288,0.933,10,11,0.204,5,0.400,0.832
36.22,1.262,0.946,10,11,0.204,5,0.475,0.384
36.35,1.237,0.959,10,11,0.204,5,0.475,0.384
36.48,1.212,0.972,10,11,0.204,5,0.438,0.608
36.61,1.187,0.985,10,11,0.204,5,0.513,0.160
36.74,1.162,0.998,10,11,0.204,5,0.491,-0.288
36.86,1.137,1.011,10,11,0.204,5,0.416,-0.736
36.99,1.112,1.024,10,11,0.204,5,0.405,-0.800
37.12,1.093,1.032,10,11,0.204,5,0.405,-0.800
37.25,1.085,1.031,10,11,0.204,5,0.405,-0.800
37.38,1.063,1.032,10,11,0.204,5,0.405,-0.800
37.50,1.039,1.042,10,11,0.204,5,0.405,-0.800
37.63,1.015,1.057,10,11,0.204,5,0.405,-0.800
37.76,0.991,1.071,10,11,0.204,5,0.405,-0.800
37.89,0.967,1.086,10,11,0.204,5,0.405,-0.800
38.02,0.942,1.101,10,10,0.213,5,0.330,-1.248
38.14,0.921,1.114,10,10,0.213,5,0.255,-1.692
38.27,0.903,1.126,10,10,0.213,5,0.254,-1.699
38.40,0.888,1.140,10,10,0.213,5,0.254,-1.700
38.53,0.873,1.155,10,10,0.213,5,0.254,-1.700
38.66,0.859,1.171,10,10,0.213,5,0.254,-1.700
38.78,0.847,1.188,10,10,0.213,5,0.056,-1.588
38.91,0.844,1.195,10,10,0.213,5,0.063,-1.140
39.04,0.841,1.202,11,9,0.231,5,0.070,-0.692
39.17,0.839,1.211,11,9,0.231,5,0.076,-0.244
39.30,0.837,1.220,11,9,0.231,5,0.077,0.204
39.42,0.834,1.229,11,9,0.231,5,0.070,0.652
39.55,0.830,1.233,11,9,0.231,5,0.063,1.100
39.68,0.825,1.234,11,9,0.231,5,0.057,1.548
39.81,0.818,1.234,11,9,0.231,5,0.050,1.996
39.94,0.809,1.232,11,9,0.231,5,0.043,2.444
40.06,0.801,1.226,11,9,0.231,5,0.037,2.850
40.19,0.795,1.225,11,9,0.231,5,0.136,2.402
40.32,0.783,1.229,11,9,0.231,5,0.211,1.954
40.45,0.764,1.234,11,9,0.231,5,0.286,1.506
40.58,0.738,1.239,11,9,0.231,5,0.362,1.058
40.70,0.710,1.244,11,9,0.231,5,0.405,0.800
40.83,0.682,1.250,11,9,0.231,5,0.405,0.800
40.96,0.655,1.255,11,9,0.231,5,0.405,0.800
41.09,0.627,1.260,11,8,0.241,5,0.330,1.248
41.22,0.602,1.265,11,8,0.241,5,0.255,1.692
41.34,0.580,1.268,11,8,0.241,5,0.254,1.699
41.47,0.560,1.269,11,8,0.241,5,0.254,1.700
41.60,0.544,1.270,11,8,0.241,5,0.254,1.700
41.73,0.529,1.270,11,8,0.241,5,0.254,1.700
41.86,0.514,1.271,11,8,0.241,5,0.254,1.700
41.98,0.499,1.271,11,8,0.241,5,0.254,1.700
42.11,0.484,1.272,11,8,0.241,5,0.254,1.700
42.24,0.469,1.272,11,8,0.241,5,0.254,1.700
42.37,0.454,1.273,11,8,0.241,5,0.254,1.700
42.50,0.439,1.274,11,8,0.241,5,0.254,1.700
42.62,0.424,1.274,11,8,0.241,5,0.254,1.700
42.75,0.409,1.275,11,8,0.241,5,0.254,1.700
42.88,0.394,1.275,11,8,0.241,5,0.254,1.700
43.01,0.379,1.276,11,8,0.241,5,0.254,1.700
43.14,0.359,1.277,11,7,0.250,5,0.329,1.252
43.26,0.331,1.278,11,7,0.250,5,0.404,0.808
43.39,0.303,1.279,11,7,0.250,5,0.405,0.801
43.52,0.275,1.281,11,7,0.250,5,0.405,0.800
43.65,0.247,1.282,11,7,0.250,5,0.405,0.800
43.78,0.219,1.284,11,7,0.250,5,0.405,0.800
43.90,0.191,1.285,11,7,0.250,5,0.405,0.800
44.03,0.162,1.286,11,7,0.250,5,0.405,0.800
44.16,0.134,1.288,11,6,0.259,5,0.330,1.248
44.29,0.109,1.289,11,6,0.259,5,0.255,1.692
44.42,0.093,1.289,11,6,0.259,5,0.254,1.699
44.54,0.078,1.290,11,6,0.259,5,0.254,1.700
44.67,0.063,1.290,11,6,0.259,5,0.254,1.700
44.80,0.048,1.290,11,6,0.259,5,0.254,1.700
44.93,0.032,1.291,11,6,0.259,5,0.254,1.700
45.06,0.017,1.291,11,6,0.259,5,0.254,1.700
45.18,0.002,1.291,11,6,0.259,5,0.254,1.700
45.31,-0.013,1.292,11,6,0.259,5,0.254,1.700
45.44,-0.028,1.292,11,6,0.259,5,0.254,1.700
45.57,-0.043,1.292,11,6,0.259,5,0.254,1.700
45.70,-0.058,1.293,11,6,0.259,5,0.254,1.700
45.82,-0.073,1.293,11,6,0.259,5,0.254,1.700
45.95,-0.088,1.293,11,6,0.259,5,0.254,1.700
46.08,-0.103,1.294,11,6,0.259,5,0.254,1.700
46.21,-0.118,1.294,11,5,0.269,5,0.254,1.700
46.34,-0.133,1.294,11,5,0.269,5,0.254,1.700
46.46,-0.148,1.295,11,5,0.269,5,0.254,1.700
46.59,-0.163,1.295,11,5,0.269,5,0.254,1.700
46.72,-0.178,1.295,11,5,0.269,5,0.254,1.700
46.85,-0.193,1.296,11,5,0.269,5,0.254,1.700
46.98,-0.209,1.296,11,5,0.269,5,0.254,1.700
47.10,-0.224,1.296,11,5,0.269,6,0.254,1.700
47.23,-0.239,1.297,11,4,0.278,6,0.254,1.700
47.36,-0.254,1.297,11,4,0.278,6,0.254,1.700
47.49,-0.269,1.298,11,4,0.278,6,0.254,1.700
47.62,-0.284,1.298,11,4,0.278,6,0.254,1.700
47.74,-0.299,1.298,11,4,0.278,6,0.254,1.700
47.87,-0.314,1.299,11,4,0.278,6,0.254,1.700
48.00,-0.329,1.299,11,4,0.278,6,0.254,1.700
48.13,-0.344,1.300,11,4,0.278,6,0.254,1.700
48.26,-0.359,1.300,11,4,0.278,6,0.254,1.700
48.38,-0.374,1.300,11,4,0.278,6,0.254,1.700
48.51,-0.389,1.301,11,4,0.278,6,0.254,1.700
48.64,-0.404,1.301,11,4,0.278,6,0.254,1.700
48.77,-0.419,1.302,11,4,0.278,6,0.254,1.700
48.90,-0.434,1.302,11,4,0.278,6,0.254,1.700
49.02,-0.450,1.302,11,4,0.278,6,0.254,1.700
49.15,-0.465,1.303,11,4,0.278,6,0.254,1.700
49.28,-0.477,1.303,11,3,0.287,6,0.051,1.924
49.41,-0.484,1.300,11,3,0.287,6,0.048,2.148
49.54,-0.487,1.296,11,3,0.287,6,0.041,2.596
49.66,-0.484,1.288,11,3,0.287,6,0.103,2.596
49.79,-0.487,1.280,11,3,0.287,6,0.178,2.148
49.92,-0.496,1.266,11,3,0.287,6,0.254,1.700
50.05,-0.508,1.245,11,3,0.287,6,0.329,1.252
50.18,-0.522,1.220,11,3,0.287,6,0.405,0.804
50.30,-0.535,1.196,11,3,0.287,6,0.480,0.356
50.43,-0.549,1.171,11,3,0.287,6,0.540,0.000
50.56,-0.563,1.147,11,3,0.287,6,0.540,0.000
50.69,-0.576,1.122,11,3,0.287,6,0.540,0.000
50.82,-0.590,1.097,11,3,0.287,6,0.540,0.000
50.94,-0.604,1.073,11,3,0.287,6,0.540,0.000
51.07,-0.617,1.048,11,3,0.287,6,0.502,0.224
51.20,-0.631,1.023,11,3,0.287,6,0.427,0.672
51.33,-0.645,0.999,10,3,0.296,6,0.406,0.798
51.46,-0.658,0.974,10,3,0.296,6,0.405,0.800
51.58,-0.672,0.950,10,3,0.296,6,0.405,0.800
51.71,-0.686,0.925,10,3,0.296,6,0.405,0.800
51.84,-0.699,0.900,10,3,0.296,6,0.405,0.800
51.97,-0.713,0.876,10,3,0.296,6,0.405,0.800
52.10,-0.727,0.851,10,3,0.296,6,0.405,0.800
52.22,-0.741,0.826,10,3,0.296,6,0.405,0.800
52.35,-0.754,0.802,9,2,0.315,6,0.405,0.800
52.48,-0.768,0.777,9,2,0.315,7,0.405,0.800
52.61,-0.782,0.753,9,2,0.315,7,0.462,0.464
52.74,-0.795,0.728,9,2,0.315,7,0.537,0.016
52.86,-0.809,0.703,9,2,0.315,7,0.467,-0.432
52.99,-0.823,0.679,9,2,0.315,7,0.392,-0.880
53.12,-0.836,0.654,9,2,0.315,7,0.350,-1.131
53.25,-0.850,0.629,9,2,0.315,7,0.335,-1.219
53.38,-0.860,0.614,8,2,0.324,7,0.055,-1.667
53.50,-0.870,0.607,8,2,0.324,7,0.213,-1.943
53.63,-0.883,0.593,8,2,0.324,7,0.250,-1.722
53.76,-0.899,0.580,8,2,0.324,7,0.253,-1.702
53.89,-0.916,0.568,8,2,0.324,7,0.254,-1.700
54.02,-0.934,0.557,8,2,0.324,7,0.254,-1.700
54.14,-0.952,0.547,8,2,0.324,7,0.254,-1.700
54.27,-0.972,0.540,8,2,0.324,7,0.254,-1.700
54.40,-0.992,0.533,8,1,0.333,7,0.254,-1.700
54.53,-1.012,0.529,8,1,0.333,7,0.254,-1.700
54.66,-1.034,0.526,8,1,0.333,7,0.254,-1.700
54.78,-1.054,0.524,8,1,0.333,7,0.254,-1.700
54.91,-1.071,0.524,8,1,0.333,7,0.254,-1.700
55.04,-1.086,0.524,8,1,0.333,7,0.254,-1.700
55.17,-1.101,0.523,8,1,0.333,7,0.254,-1.700
55.30,-1.116,0.523,8,1,0.333,7,0.254,-1.700
55.42,-1.131,0.522,8,1,0.333,7,0.254,-1.700
55.55,-1.146,0.522,8,1,0.333,7,0.254,-1.700
55.68,-1.161,0.521,8,1,0.333,7,0.254,-1.700
55.81,-1.176,0.521,8,1,0.333,7,0.254,-1.700
55.94,-1.189,0.521,8,1,0.333,7,0.061,-1.257
56.06,-1.195,0.523,8,1,0.333,7,0.061,-1.257
56.19,-1.196,0.526,8,1,0.333,7,0.068,-0.809
56.32,-1.201,0.529,8,1,0.333,7,0.075,-0.361
56.45,-1.210,0.532,8,0,0.343,7,0.079,0.087
56.58,-1.219,0.535,8,0,0.343,7,0.072,0.535
56.70,-1.228,0.537,8,0,0.343,7,0.079,0.087
56.83,-1.238,0.539,8,0,0.343,7,0.075,-0.361
56.96,-1.246,0.542,8,0,0.343,7,0.071,-0.585
57.09,-1.250,0.546,8,0,0.343,7,0.064,-1.033
57.22,-1.252,0.551,8,0,0.343,7,0.058,-1.481
57.34,-1.252,0.557,8,0,0.343,7,0.062,-1.213
57.47,-1.256,0.563,8,0,0.343,7,0.069,-0.765
57.60,-1.262,0.568,8,0,0.343,7,0.075,-0.317
57.73,-1.270,0.574,8,0,0.343,7,0.078,0.131
57.86,-1.278,0.579,8,0,0.343,7,0.071,0.579
57.98,-1.285,0.584,8,0,0.343,7,0.075,0.355
58.11,-1.293,0.589,8,0,0.343,7,0.079,-0.093
58.24,-1.302,0.593,8,0,0.343,7,0.072,-0.541
58.37,-1.309,0.598,8,0,0.343,7,0.065,-0.989
58.50,-1.314,0.604,8,0,0.343,7,0.058,-1.437
58.62,-1.318,0.610,8,0,0.343,7,0.052,-1.885
58.75,-1.321,0.616,8,0,0.343,7,0.045,-2.333
58.88,-1.320,0.620,8,0,0.343,8,0.038,-2.781
59.01,-1.319,0.622,8,0,0.343,8,0.037,-2.850
59.14,-1.317,0.624,8,0,0.343,8,0.044,-2.402
59.26,-1.310,0.622,8,0,0.343,8,0.047,-2.178
59.39,-1.301,0.619,8,0,0.343,8,0.041,-2.626
59.52,-1.296,0.617,8,0,0.343,8,0.100,-2.613
59.65,-1.286,0.618,8,0,0.343,8,0.176,-2.165
59.78,-1.271,0.621,8,0,0.343,8,0.251,-1.717
59.90,-1.250,0.622,8,0,0.343,8,0.326,-1.269
60.03,-1.223,0.625,8,0,0.343,8,0.402,-0.821
60.16,-1.195,0.627,8,0,0.343,8,0.477,-0.373
60.29,-1.167,0.629,8,0,0.343,8,0.540,-0.000
60.42,-1.139,0.632,8,0,0.343,8,0.540,-0.000
60.54,-1.110,0.634,8,0,0.343,8,0.540,-0.000
60.67,-1.082,0.637,8,0,0.343,8,0.540,-0.000
60.80,-1.054,0.639,8,0,0.343,8,0.540,-0.000
60.93,-1.026,0.642,8,0,0.343,8,0.540,-0.000
61.06,-0.998,0.644,8,0,0.343,8,0.540,-0.000
61.18,-0.970,0.647,8,0,0.343,8,0.540,-0.000
61.31,-0.942,0.649,8,0,0.343,8,0.540,-0.000
61.44,-0.914,0.652,8,0,0.343,8,0.540,-0.000
61.57,-0.886,0.654,8,1,0.343,8,0.540,-0.000
61.70,-0.858,0.657,8,1,0.343,8,0.540,-0.000
61.82,-0.830,0.659,8,1,0.343,8,0.540,-0.000
61.95,-0.802,0.662,8,1,0.343,8,0.465,0.448
62.08,-0.774,0.664,8,1,0.343,8,0.427,0.672
62.21,-0.746,0.667,8,1,0.343,8,0.389,0.896
62.34,-0.718,0.669,8,1,0.343,8,0.389,0.896
62.46,-0.690,0.672,8,1,0.343,8,0.353,1.108
62.59,-0.662,0.675,8,2,0.343,8,0.374,0.987
62.72,-0.633,0.677,8,2,0.343,8,0.403,0.815
62.85,-0.605,0.680,8,2,0.343,8,0.405,0.801
62.98,-0.577,0.682,8,2,0.343,8,0.405,0.802
63.10,-0.549,0.685,8,2,0.343,8,0.390,0.893
63.23,-0.521,0.687,8,2,0.343,8,0.442,0.580
63.36,-0.493,0.690,8,2,0.343,8,0.518,0.132
63.49,-0.465,0.692,8,2,0.343,8,0.487,-0.316
63.62,-0.437,0.695,9,3,0.361,8,0.411,-0.764
63.74,-0.420,0.696,9,3,0.361,8,0.336,-1.212
63.87,-0.409,0.696,9,3,0.361,8,0.282,-1.534
64.00,-0.410,0.696,9,3,0.361,9,0.053,-1.821
64.13,-0.410,0.696,9,3,0.361,9,0.046,-2.269
64.26,-0.410,0.696,9,3,0.361,9,0.196,-2.045
64.38,-0.410,0.696,9,3,0.361,9,0.053,-1.821
64.51,-0.410,0.696,9,3,0.361,9,0.234,-1.821
64.64,-0.410,0.696,9,4,0.370,9,0.271,-1.597
64.77,-0.410,0.696,9,4,0.370,9,0.053,-1.821
64.90,-0.409,0.697,9,4,0.370,9,0.271,-1.597
65.02,-0.409,0.697,9,4,0.370,9,0.056,-1.597
65.15,-0.409,0.697,9,4,0.370,9,0.049,-2.045
65.28,-0.409,0.697,9,4,0.370,9,0.196,-2.045
65.41,-0.409,0.696,9,4,0.370,9,0.043,-2.493
65.54,-0.410,0.696,9,4,0.370,9,0.046,-2.269
65.66,-0.410,0.696,9,4,0.370,9,0.039,-2.717
65.79,-0.410,0.696,9,4,0.370,9,0.128,-2.447
65.92,-0.410,0.696,9,4,0.370,9,0.204,-1.999
66.05,-0.410,0.696,9,4,0.370,9,0.053,-1.775
66.18,-0.410,0.696,9,4,0.370,9,0.279,-1.551
66.30,-0.409,0.697,9,4,0.370,9,0.059,-1.373
66.43,-0.409,0.697,9,4,0.370,9,0.053,-1.783
66.56,-0.409,0.697,9,4,0.370,9,0.227,-1.857
66.69,-0.409,0.697,9,4,0.370,9,0.049,-2.081
66.82,-0.409,0.697,9,4,0.370,9,0.227,-1.857
66.94,-0.409,0.697,9,4,0.370,9,0.202,-2.009
67.07,-0.409,0.697,9,4,0.370,9,0.164,-2.233
67.20,-0.409,0.696,9,4,0.370,9,0.193,-2.061
67.33,-0.409,0.697,9,4,0.370,9,0.051,-1.945
67.46,-0.409,0.697,9,4,0.370,9,0.250,-1.721
67.58,-0.409,0.697,9,4,0.370,9,0.051,-1.945
67.71,-0.409,0.697,9,4,0.370,9,0.051,-1.945
67.84,-0.409,0.697,9,4,0.370,9,0.047,-2.169
67.97,-0.409,0.697,9,4,0.370,9,0.041,-2.617
68.10,-0.410,0.696,9,4,0.370,9,0.101,-2.611
68.22,-0.410,0.696,9,4,0.370,9,0.040,-2.640
68.35,-0.410,0.696,9,4,0.370,9,0.133,-2.416
68.48,-0.410,0.696,9,4,0.370,9,0.047,-2.192
68.61,-0.410,0.696,9,4,0.370,9,0.171,-2.192
68.74,-0.410,0.696,9,4,0.370,9,0.209,-1.968
68.86,-0.410,0.696,9,4,0.370,9,0.048,-2.101
68.99,-0.410,0.696,9,4,0.370,9,0.048,-2.101
69.12,-0.410,0.696,9,4,0.370,9,0.232,-1.832
69.25,-0.410,0.696,9,4,0.370,9,0.307,-1.384
69.38,-0.409,0.697,9,4,0.370,9,0.058,-1.483
69.50,-0.409,0.696,9,4,0.370,9,0.051,-1.931
69.63,-0.410,0.696,9,4,0.370,9,0.215,-1.931
69.76,-0.409,0.696,9,4,0.370,9,0.048,-2.155
69.89,-0.410,0.696,9,4,0.370,9,0.045,-2.307
70.02,-0.410,0.696,9,4,0.370,9,0.045,-2.364
70.14,-0.410,0.696,9,4,0.370,9,0.045,-2.364
70.27,-0.410,0.696,9,4,0.370,9,0.180,-2.140
70.40,-0.410,0.696,9,4,0.370,9,0.051,-1.903
70.53,-0.410,0.696,9,4,0.370,9,0.220,-1.903
70.66,-0.410,0.696,9,4,0.370,9,0.048,-2.127
70.78,-0.410,0.696,9,4,0.370,9,0.045,-2.351
70.91,-0.410,0.696,9,4,0.370,9,0.047,-2.172
71.04,-0.410,0.696,9,4,0.370,9,0.230,-1.839
71.17,-0.410,0.696,9,4,0.370,9,0.049,-2.063
71.30,-0.410,0.696,9,4,0.370,9,0.049,-2.063
71.42,-0.410,0.696,9,4,0.370,9,0.049,-2.059
71.55,-0.410,0.696,9,4,0.370,9,0.046,-2.283
71.68,-0.410,0.696,9,4,0.370,9,0.044,-2.401
71.81,-0.410,0.696,9,4,0.370,9,0.174,-2.177
71.94,-0.410,0.696,9,4,0.370,9,0.054,-1.751
72.06,-0.410,0.696,9,4,0.370,9,0.050,-1.975
72.19,-0.410,0.696,9,4,0.370,9,0.208,-1.975
72.32,-0.410,0.696,9,4,0.370,9,0.245,-1.751
72.45,-0.410,0.696,9,4,0.370,9,0.054,-1.751
72.58,-0.410,0.696,9,4,0.370,9,0.245,-1.751
72.70,-0.409,0.697,9,4,0.370,9,0.054,-1.751
72.83,-0.409,0.697,9,4,0.370,9,0.283,-1.527
72.96,-0.409,0.697,9,4,0.370,9,0.241,-1.775
73.09,-0.409,0.697,9,4,0.370,9,0.047,-2.223
73.22,-0.409,0.697,9,4,0.370,9,0.203,-1.999
73.34,-0.409,0.697,9,4,0.370,9,0.238,-1.793
73.47,-0.409,0.697,9,4,0.370,9,0.046,-2.241
73.60,-0.410,0.696,9,4,0.370,9,0.044,-2.430
73.73,-0.410,0.696,9,4,0.370,9,0.047,-2.206
73.86,-0.410,0.696,9,4,0.370,9,0.044,-2.428
73.98,-0.410,0.696,9,4,0.370,9,0.047,-2.204
74.11,-0.410,0.696,9,4,0.370,9,0.048,-2.148
74.24,-0.410,0.696,9,4,0.370,9,0.178,-2.148
74.37,-0.410,0.696,9,4,0.370,9,0.254,-1.700
74.50,-0.409,0.696,9,4,0.370,9,0.052,-1.862
74.62,-0.410,0.696,9,4,0.370,9,0.226,-1.862
74.75,-0.409,0.697,9,4,0.370,9,0.049,-2.086
74.88,-0.409,0.696,9,4,0.370,9,0.045,-2.310
75.01,-0.410,0.696,9,4,0.370,9,0.042,-2.513
75.14,-0.410,0.696,9,4,0.370,9,0.155,-2.289
75.26,-0.410,0.696,9,4,0.370,9,0.050,-2.031
75.39,-0.410,0.696,9,4,0.370,9,0.236,-1.807
75.52,-0.410,0.696,9,4,0.370,9,0.236,-1.807
75.65,-0.409,0.697,9,4,0.370,9,0.311,-1.359
75.78,-0.409,0.697,9,4,0.370,9,0.053,-1.807
75.90,-0.409,0.697,9,4,0.370,9,0.046,-2.255
76.03,-0.410,0.696,9,4,0.370,9,0.160,-2.255
76.16,-0.410,0.696,9,4,0.370,9,0.160,-2.255
76.29,-0.410,0.696,9,4,0.370,9,0.214,-1.935
76.42,-0.410,0.696,9,4,0.370,9,0.238,-1.797
76.54,-0.409,0.697,9,4,0.370,9,0.053,-1.797
76.67,-0.409,0.697,9,4,0.370,9,0.050,-2.021
76.80,-0.409,0.697,9,4,0.370,9,0.238,-1.797
76.93,-0.409,0.697,9,4,0.370,9,0.050,-2.021
77.06,-0.409,0.697,9,4,0.370,9,0.200,-2.021
77.18,-0.409,0.697,9,4,0.370,9,0.047,-2.195
77.31,-0.409,0.697,9,4,0.370,9,0.045,-2.318
77.44,-0.409,0.697,9,4,0.370,9,0.049,-2.094
77.57,-0.409,0.697,9,4,0.370,9,0.045,-2.318
77.70,-0.410,0.696,9,4,0.370,9,0.150,-2.318
77.82,-0.410,0.696,9,4,0.370,9,0.047,-2.209
77.95,-0.410,0.696,9,4,0.370,9,0.178,-2.149
78.08,-0.410,0.696,9,4,0.370,9,0.053,-1.806
78.21,-0.410,0.696,9,4,0.370,9,0.046,-2.254
78.34,-0.410,0.696,9,4,0.370,9,0.161,-2.254
78.46,-0.410,0.696,9,4,0.370,9,0.053,-1.811
78.59,-0.409,0.697,9,4,0.370,9,0.053,-1.811
78.72,-0.409,0.697,9,4,0.370,9,0.049,-2.035
78.85,-0.409,0.697,9,4,0.370,9,0.050,-2.013
78.98,-0.409,0.697,9,4,0.370,9,0.050,-1.987
79.10,-0.410,0.696,9,4,0.370,9,0.168,-2.211
79.23,-0.410,0.696,9,4,0.370,9,0.134,-2.411
79.36,-0.410,0.696,9,4,0.370,9,0.210,-1.963
79.49,-0.410,0.696,9,4,0.370,9,0.047,-2.187
79.62,-0.410,0.696,9,4,0.370,9,0.044,-2.411
79.74,-0.410,0.696,9,4,0.370,9,0.047,-2.187
79.87,-0.410,0.696,9,4,0.370,9,0.046,-2.268
80.00,-0.410,0.696,9,4,0.370,9,0.234,-1.820
80.13,-0.410,0.696,9,4,0.370,9,0.051,-1.908
80.26,-0.410,0.696,9,4,0.370,9,0.048,-2.132
80.38,-0.410,0.696,9,4,0.370,9,0.181,-2.132
80.51,-0.410,0.696,9,4,0.370,9,0.201,-2.012
80.64,-0.410,0.696,9,4,0.370,9,0.046,-2.236
80.77,-0.410,0.696,9,4,0.370,9,0.045,-2.307
80.90,-0.410,0.696,9,4,0.370,9,0.152,-2.307
81.02,-0.410,0.696,9,4,0.370,9,0.227,-1.859
81.15,-0.410,0.696,9,4,0.370,9,0.189,-2.083
81.28,-0.410,0.696,9,4,0.370,9,0.194,-2.054
81.41,-0.410,0.696,9,4,0.370,9,0.212,-1.950
81.54,-0.410,0.696,9,4,0.370,9,0.047,-2.174
81.66,-0.410,0.696,9,4,0.370,9,0.048,-2.111
81.79,-0.410,0.696,9,4,0.370,9,0.147,-2.335
81.92,-0.410,0.696,9,4,0.370,9,0.045,-2.335
82.05,-0.410,0.696,9,4,0.370,9,0.043,-2.493
82.18,-0.410,0.696,9,4,0.370,9,0.192,-2.066
82.30,-0.410,0.696,9,4,0.370,9,0.049,-2.082
82.43,-0.410,0.696,9,4,0.370,9,0.189,-2.082
82.56,-0.410,0.696,9,4,0.370,9,0.253,-1.704
82.69,-0.410,0.696,9,4,0.370,9,0.291,-1.480
82.82,-0.410,0.696,9,4,0.370,9,0.054,-1.704
82.94,-0.410,0.696,9,4,0.370,9,0.053,-1.793
83.07,-0.410,0.696,9,4,0.370,9,0.200,-2.017
83.20,-0.410,0.696,9,4,0.370,9,0.046,-2.241
83.33,-0.410,0.696,9,4,0.370,9,0.200,-2.017
83.46,-0.410,0.696,9,4,0.370,9,0.272,-1.591
83.58,-0.410,0.696,9,4,0.370,9,0.053,-1.815
83.71,-0.410,0.696,9,4,0.370,9,0.049,-2.039
83.84,-0.410,0.696,9,4,0.370,9,0.049,-2.039
83.97,-0.410,0.696,9,4,0.370,9,0.234,-1.815
84.10,-0.410,0.696,9,4,0.370,9,0.049,-2.039
84.22,-0.410,0.696,9,4,0.370,9,0.049,-2.039
84.35,-0.410,0.697,9,4,0.370,9,0.049,-2.039
84.48,-0.410,0.696,9,4,0.370,9,0.197,-2.039
84.61,-0.410,0.696,9,4,0.370,9,0.043,-2.487
84.74,-0.410,0.696,9,4,0.370,9,0.037,-2.841
84.86,-0.410,0.696,9,4,0.370,9,0.040,-2.681
84.99,-0.410,0.696,9,4,0.370,9,0.131,-2.429
85.12,-0.410,0.696,9,4,0.370,9,0.047,-2.205
85.25,-0.410,0.696,9,4,0.370,9,0.052,-1.870
85.38,-0.410,0.696,9,4,0.370,9,0.052,-1.870
85.50,-0.410,0.696,9,4,0.370,9,0.055,-1.646
85.63,-0.410,0.696,9,4,0.370,9,0.257,-1.682
85.76,-0.410,0.696,9,4,0.370,9,0.295,-1.458
85.89,-0.410,0.696,9,4,0.370,9,0.284,-1.521
86.02,-0.410,0.696,9,4,0.370,9,0.050,-1.969
86.14,-0.410,0.696,9,4,0.370,9,0.047,-2.193
86.27,-0.410,0.696,9,4,0.370,9,0.171,-2.193
86.40,-0.410,0.696,9,4,0.370,9,0.050,-2.013
86.53,-0.410,0.696,9,4,0.370,9,0.046,-2.237
86.66,-0.410,0.696,9,4,0.370,9,0.045,-2.322
86.78,-0.410,0.696,9,4,0.370,9,0.048,-2.141
86.91,-0.410,0.696,9,4,0.370,9,0.050,-1.999
87.04,-0.410,0.696,9,4,0.370,9,0.050,-1.986
87.17,-0.410,0.696,9,4,0.370,9,0.047,-2.210
87.30,-0.410,0.696,9,4,0.370,9,0.044,-2.389
87.42,-0.410,0.696,9,4,0.370,9,0.170,-2.196
87.55,-0.410,0.696,9,4,0.370,9,0.050,-1.973
87.68,-0.410,0.696,9,4,0.370,9,0.047,-2.197
87.81,-0.410,0.696,9,4,0.370,9,0.048,-2.136
87.94,-0.410,0.696,9,4,0.370,9,0.143,-2.360
88.06,-0.410,0.696,9,4,0.370,9,0.050,-1.973
88.19,-0.410,0.696,9,4,0.370,9,0.246,-1.749
88.32,-0.410,0.696,9,4,0.370,9,0.321,-1.301
88.45,-0.409,0.697,9,4,0.370,9,0.310,-1.368
88.58,-0.409,0.697,9,4,0.370,9,0.056,-1.589
88.70,-0.409,0.697,9,4,0.370,9,0.050,-2.016
88.83,-0.409,0.697,9,4,0.370,9,0.046,-2.240
88.96,-0.410,0.696,9,4,0.370,9,0.125,-2.464
89.09,-0.410,0.696,9,4,0.370,9,0.125,-2.464
89.22,-0.410,0.696,9,4,0.370,9,0.046,-2.250
89.34,-0.410,0.696,9,4,0.370,9,0.161,-2.250
89.47,-0.410,0.696,9,4,0.370,9,0.237,-1.802
89.60,-0.410,0.696,9,4,0.370,9,0.050,-2.009
89.73,-0.410,0.696,9,4,0.370,9,0.240,-1.785
89.86,-0.410,0.696,9,4,0.370,9,0.053,-1.785
89.98,-0.410,0.696,9,4,0.370,9,0.050,-2.009
90.11,-0.410,0.696,9,4,0.370,9,0.043,-2.457
90.24,-0.410,0.696,9,4,0.370,9,0.147,-2.333
90.37,-0.410,0.696,9,4,0.370,9,0.046,-2.275
90.50,-0.410,0.696,9,4,0.370,9,0.049,-2.051
90.62,-0.410,0.696,9,4,0.370,9,0.232,-1.827
90.75,-0.410,0.696,9,4,0.370,9,0.308,-1.379
90.88,-0.410,0.696,9,4,0.370,9,0.056,-1.603
91.01,-0.410,0.696,9,4,0.370,9,0.051,-1.965
91.14,-0.410,0.696,9,4,0.370,9,0.047,-2.189
91.26,-0.410,0.696,9,4,0.370,9,0.040,-2.637
91.39,-0.410,0.696,9,4,0.370,9,0.037,-2.848
91.52,-0.410,0.696,9,4,0.370,9,0.126,-2.459
91.65,-0.410,0.696,9,4,0.370,9,0.202,-2.011
91.78,-0.410,0.696,9,4,0.370,9,0.197,-2.037
91.90,-0.410,0.696,9,4,0.370,9,0.238,-1.793
92.03,-0.410,0.696,9,4,0.370,9,0.053,-1.793
92.16,-0.410,0.696,9,4,0.370,9,0.053,-1.793
92.29,-0.410,0.696,9,4,0.370,9,0.200,-2.017
92.42,-0.410,0.696,9,4,0.370,9,0.238,-1.793
92.54,-0.410,0.696,9,4,0.370,9,0.056,-1.569
92.67,-0.410,0.696,9,4,0.370,9,0.232,-1.831
92.80,-0.410,0.696,9,4,0.370,9,0.232,-1.831
92.93,-0.409,0.697,9,4,0.370,9,0.056,-1.607
93.06,-0.409,0.697,9,4,0.370,9,0.049,-2.055
93.18,-0.409,0.697,9,4,0.370,9,0.049,-2.055
93.31,-0.409,0.697,9,4,0.370,9,0.046,-2.279
93.44,-0.410,0.696,9,4,0.370,9,0.045,-2.310
93.57,-0.410,0.697,9,4,0.370,9,0.226,-1.862
93.70,-0.409,0.697,9,4,0.370,9,0.052,-1.857
93.82,-0.409,0.697,9,4,0.370,9,0.190,-2.081
93.95,-0.409,0.697,9,4,0.370,9,0.195,-2.047
94.08,-0.409,0.697,9,4,0.370,9,0.043,-2.495
94.21,-0.410,0.696,9,4,0.370,9,0.158,-2.271
94.34,-0.410,0.696,9,4,0.370,9,0.213,-1.945
94.46,-0.410,0.696,9,4,0.370,9,0.044,-2.393
94.59,-0.410,0.696,9,4,0.370,9,0.137,-2.393
94.72,-0.410,0.696,9,4,0.370,9,0.049,-2.057
94.85,-0.410,0.696,9,4,0.370,9,0.049,-2.044
94.98,-0.410,0.696,9,4,0.370,9,0.234,-1.820
95.10,-0.410,0.696,9,4,0.370,9,0.046,-2.268
95.23,-0.410,0.696,9,4,0.370,9,0.047,-2.177
95.36,-0.410,0.696,9,4,0.370,9,0.230,-1.840
95.49,-0.410,0.696,9,4,0.370,9,0.049,-2.064
95.62,-0.409,0.697,9,4,0.370,9,0.052,-1.840
95.74,-0.409,0.697,9,4,0.370,9,0.049,-2.064
95.87,-0.410,0.697,9,4,0.370,9,0.046,-2.288
96.00,-0.410,0.696,9,4,0.370,9,0.039,-2.736
96.13,-0.410,0.696,9,4,0.370,9,0.041,-2.568
96.26,-0.410,0.696,9,4,0.370,9,0.045,-2.344
96.38,-0.410,0.696,9,4,0.370,9,0.221,-1.896
96.51,-0.410,0.696,9,4,0.370,9,0.270,-1.602
96.64,-0.410,0.696,9,4,0.370,9,0.308,-1.378
96.77,-0.410,0.696,9,4,0.370,9,0.276,-1.569
96.90,-0.410,0.697,9,4,0.370,9,0.276,-1.569
97.02,-0.409,0.697,9,4,0.370,9,0.059,-1.394
97.15,-0.409,0.697,9,4,0.370,9,0.053,-1.789
97.28,-0.409,0.697,9,4,0.370,9,0.046,-2.237
97.41,-0.409,0.697,9,4,0.370,9,0.047,-2.172
97.54,-0.409,0.697,9,4,0.370,9,0.177,-2.158
97.66,-0.410,0.697,9,4,0.370,9,0.042,-2.503
97.79,-0.410,0.696,9,4,0.370,9,0.047,-2.179
97.92,-0.410,0.696,9,4,0.370,9,0.136,-2.403
98.05,-0.410,0.696,9,4,0.370,9,0.047,-2.179
98.18,-0.410,0.696,9,4,0.370,9,0.052,-1.862
98.30,-0.410,0.697,9,4,0.370,9,0.302,-1.414
98.43,-0.410,0.697,9,4,0.370,9,0.244,-1.760
98.56,-0.410,0.697,9,4,0.370,9,0.050,-1.984
98.69,-0.410,0.696,9,4,0.370,9,0.168,-2.208
98.82,-0.410,0.696,9,4,0.370,9,0.046,-2.253
98.94,-0.410,0.696,9,4,0.370,9,0.236,-1.805
99.07,-0.410,0.696,9,4,0.370,9,0.048,-2.132
99.20,-0.410,0.696,9,4,0.370,9,0.041,-2.580
99.33,-0.410,0.696,9,4,0.370,9,0.143,-2.356
99.46,-0.410,0.696,9,4,0.370,9,0.047,-2.233
99.58,-0.410,0.696,9,4,0.370,9,0.182,-2.128
99.71,-0.410,0.696,9,4,0.370,9,0.043,-2.494
99.84,-0.410,0.696,9,4,0.370,9,0.158,-2.270
99.97,-0.410,0.696,9,4,0.370,9,0.053,-1.822
100.10,-0.410,0.696,9,4,0.370,9,0.049,-2.046
100.22,-0.410,0.696,9,4,0.370,9,0.046,-2.270
100.35,-0.410,0.696,9,4,0.370,9,0.049,-2.046
100.48,-0.410,0.696,9,4,0.370,9,0.196,-2.046
100.61,-0.410,0.696,9,4,0.370,9,0.247,-1.739
100.74,-0.410,0.696,9,4,0.370,9,0.285,-1.515
100.86,-0.410,0.696,9,4,0.370,9,0.057,-1.515
100.99,-0.410,0.696,9,4,0.370,9,0.054,-1.739
101.12,-0.410,0.696,9,4,0.370,9,0.210,-1.963
101.25,-0.410,0.696,9,4,0.370,9,0.210,-1.963
101.38,-0.410,0.696,9,4,0.370,9,0.210,-1.963
101.50,-0.410,0.696,9,4,0.370,9,0.051,-1.958
101.63,-0.410,0.696,9,4,0.370,9,0.047,-2.182
101.76,-0.410,0.697,9,4,0.370,9,0.248,-1.734
101.89,-0.409,0.697,9,4,0.370,9,0.254,-1.697
102.02,-0.409,0.697,9,4,0.370,9,0.051,-1.921
102.14,-0.409,0.697,9,4,0.370,9,0.048,-2.145
102.27,-0.409,0.697,9,4,0.370,9,0.044,-2.369
102.40,-0.410,0.697,9,4,0.370,9,0.048,-2.145
102.53,-0.410,0.696,9,4,0.370,9,0.141,-2.369
102.66,-0.410,0.696,9,4,0.370,9,0.046,-2.289
102.78,-0.410,0.696,9,4,0.370,9,0.048,-2.155
102.91,-0.410,0.696,9,4,0.370,9,0.046,-2.279
103.04,-0.410,0.696,9,4,0.370,9,0.049,-2.081
103.17,-0.410,0.696,9,4,0.370,9,0.190,-2.081
103.30,-0.410,0.696,9,4,0.370,9,0.051,-1.950
103.42,-0.410,0.696,9,4,0.370,9,0.287,-1.502
103.55,-0.410,0.696,9,4,0.370,9,0.054,-1.726
103.68,-0.410,0.697,9,4,0.370,9,0.263,-1.648
103.81,-0.409,0.697,9,4,0.370,9,0.263,-1.648
103.94,-0.409,0.697,9,4,0.370,9,0.225,-1.872
104.06,-0.410,0.697,9,4,0.370,9,0.045,-2.320
104.19,-0.410,0.696,9,4,0.370,9,0.149,-2.320
104.32,-0.410,0.696,9,4,0.370,9,0.049,-2.058
104.45,-0.410,0.697,9,4,0.370,9,0.049,-2.044
104.58,-0.410,0.696,9,4,0.370,9,0.046,-2.268
104.70,-0.410,0.697,9,4,0.370,9,0.200,-2.020
104.83,-0.410,0.697,9,4,0.370,9,0.049,-2.075
104.96,-0.409,0.697,9,4,0.370,9,0.228,-1.851
105.09,-0.409,0.697,9,4,0.370,9,0.235,-1.814
105.22,-0.409,0.697,9,4,0.370,9,0.049,-2.038
105.34,-0.409,0.697,9,4,0.370,9,0.046,-2.262
105.47,-0.410,0.697,9,4,0.370,9,0.045,-2.325
105.60,-0.410,0.696,9,4,0.370,9,0.149,-2.325
105.73,-0.410,0.696,9,4,0.370,9,0.047,-2.207
105.86,-0.410,0.696,9,4,0.370,9,0.206,-1.983
105.98,-0.410,0.696,9,4,0.370,9,0.280,-1.542
106.11,-0.410,0.696,9,4,0.370,9,0.050,-1.990
106.24,-0.410,0.696,9,4,0.370,9,0.047,-2.214
106.37,-0.410,0.696,9,4,0.370,9,0.047,-2.174
106.50,-0.409,0.697,9,4,0.370,9,0.052,-1.848
106.62,-0.410,0.697,9,4,0.370,9,0.049,-2.072
106.75,-0.410,0.697,9,4,0.370,9,0.046,-2.296
106.88,-0.410,0.696,9,4,0.370,9,0.116,-2.520
107.01,-0.410,0.696,9,4,0.370,9,0.046,-2.298
107.14,-0.410,0.696,9,4,0.370,9,0.153,-2.298
107.26,-0.410,0.696,9,4,0.370,9,0.205,-1.987
107.39,-0.410,0.696,9,4,0.370,9,0.214,-1.939
107.52,-0.410,0.696,9,4,0.370,9,0.048,-2.163
107.65,-0.410,0.696,9,4,0.370,9,0.214,-1.939
107.78,-0.410,0.696,9,4,0.370,9,0.273,-1.585
107.90,-0.410,0.697,9,4,0.370,9,0.053,-1.809
108.03,-0.410,0.696,9,4,0.370,9,0.236,-1.809
108.16,-0.409,0.697,9,4,0.370,9,0.053,-1.809
108.29,-0.410,0.697,9,4,0.370,9,0.050,-2.033
108.42,-0.410,0.696,9,4,0.370,9,0.043,-2.481
108.54,-0.410,0.696,9,4,0.370,9,0.046,-2.257
108.67,-0.410,0.696,9,4,0.370,9,0.177,-2.158
108.80,-0.410,0.696,9,4,0.370,9,0.209,-1.967
108.93,-0.410,0.696,9,4,0.370,9,0.050,-1.967
109.06,-0.410,0.696,9,4,0.370,9,0.209,-1.967
109.18,-0.410,0.696,9,4,0.370,9,0.044,-2.415
109.31,-0.410,0.696,9,4,0.370,9,0.096,-2.639
109.44,-0.410,0.696,9,4,0.370,9,0.152,-2.304
109.57,-0.410,0.696,9,4,0.370,9,0.228,-1.856
109.70,-0.410,0.696,9,4,0.370,9,0.265,-1.632
109.82,-0.410,0.696,9,4,0.370,9,0.059,-1.408
109.95,-0.409,0.697,9,4,0.370,9,0.058,-1.484
110.08,-0.409,0.697,9,4,0.370,9,0.056,-1.592
110.21,-0.409,0.697,9,4,0.370,9,0.239,-1.788
110.34,-0.409,0.697,9,4,0.370,9,0.050,-2.012
110.46,-0.409,0.697,9,4,0.370,9,0.043,-2.460
110.59,-0.410,0.697,9,4,0.370,9,0.042,-2.556
110.72,-0.410,0.696,9,4,0.370,9,0.185,-2.108
110.85,-0.410,0.696,9,4,0.370,9,0.047,-2.209
110.98,-0.410,0.696,9,4,0.370,9,0.045,-2.349
111.10,-0.410,0.696,9,4,0.370,9,0.182,-2.125
111.23,-0.410,0.696,9,4,0.370,9,0.220,-1.901
111.36,-0.410,0.696,9,4,0.370,9,0.258,-1.677
111.49,-0.410,0.697,9,4,0.370,9,0.051,-1.901
111.62,-0.410,0.697,9,4,0.370,9,0.258,-1.677
111.74,-0.409,0.697,9,4,0.370,9,0.295,-1.453
111.87,-0.409,0.697,9,4,0.370,9,0.053,-1.768
112.00,-0.409,0.697,9,4,0.370,9,0.050,-1.992
112.13,-0.409,0.697,9,4,0.370,9,0.043,-2.440
112.26,-0.410,0.696,9,4,0.370,9,0.037,-2.847
112.38,-0.410,0.696,9,4,0.370,9,0.079,-2.738
112.51,-0.410,0.696,9,4,0.370,9,0.155,-2.290
112.64,-0.410,0.696,9,4,0.370,9,0.192,-2.066
112.77,-0.410,0.696,9,4,0.370,9,0.263,-1.646
112.90,-0.410,0.696,9,4,0.370,9,0.055,-1.646
113.02,-0.410,0.696,9,4,0.370,9,0.051,-1.903
113.15,-0.410,0.696,9,4,0.370,9,0.045,-2.351
113.28,-0.410,0.696,9,4,0.370,9,0.144,-2.351
113.41,-0.410,0.696,9,4,0.370,9,0.051,-1.932
113.54,-0.410,0.696,9,4,0.370,9,0.177,-2.156
113.66,-0.410,0.696,9,4,0.370,9,0.050,-2.008
113.79,-0.410,0.696,9,4,0.370,9,0.053,-1.784
113.92,-0.410,0.696,9,4,0.370,9,0.053,-1.784
114.05,-0.410,0.696,9,4,0.370,9,0.050,-2.008
114.18,-0.410,0.696,9,4,0.370,9,0.240,-1.784
114.30,-0.410,0.696,9,4,0.370,9,0.050,-1.994
114.43,-0.410,0.696,9,4,0.370,9,0.204,-1.994
114.56,-0.410,0.696,9,4,0.370,9,0.204,-1.994
114.69,-0.410,0.697,9,4,0.370,9,0.204,-1.994
114.82,-0.409,0.697,9,4,0.370,9,0.255,-1.694
114.94,-0.409,0.697,9,4,0.370,9,0.217,-1.918
115.07,-0.409,0.697,9,4,0.370,9,0.255,-1.694
115.20,-0.409,0.697,9,4,0.370,9,0.048,-2.142
115.33,-0.410,0.697,9,4,0.370,9,0.041,-2.590
115.46,-0.410,0.697,9,4,0.370,9,0.045,-2.366
115.58,-0.410,0.696,9,4,0.370,9,0.168,-2.211
115.71,-0.410,0.696,9,4,0.370,9,0.047,-2.229
115.84,-0.410,0.696,9,4,0.370,9,0.165,-2.229
115.97,-0.410,0.696,9,4,0.370,9,0.047,-2.229
116.10,-0.410,0.696,9,4,0.370,9,0.165,-2.229
116.22,-0.410,0.696,9,4,0.370,9,0.165,-2.229
116.35,-0.410,0.696,9,4,0.370,9,0.050,-2.005
116.48,-0.410,0.696,9,4,0.370,9,0.050,-2.005
116.61,-0.410,0.696,9,4,0.370,9,0.240,-1.781
116.74,-0.410,0.696,9,4,0.370,9,0.053,-1.781
116.86,-0.410,0.696,9,4,0.370,9,0.202,-2.005
116.99,-0.410,0.696,9,4,0.370,9,0.240,-1.781
117.12,-0.410,0.696,9,4,0.370,9,0.047,-2.196
117.25,-0.410,0.696,9,4,0.370,9,0.216,-1.924
117.38,-0.410,0.697,9,4,0.370,9,0.254,-1.700
117.50,-0.410,0.697,9,4,0.370,9,0.254,-1.700
117.63,-0.409,0.697,9,4,0.370,9,0.254,-1.700
117.76,-0.409,0.697,9,4,0.370,9,0.054,-1.700
117.89,-0.409,0.697,9,4,0.370,9,0.216,-1.924
118.02,-0.409,0.697,9,4,0.370,9,0.044,-2.372
118.14,-0.410,0.697,9,4,0.370,9,0.167,-2.215
118.27,-0.409,0.697,9,4,0.370,9,0.053,-1.799
118.40,-0.409,0.697,9,4,0.370,9,0.237,-1.799
118.53,-0.409,0.697,9,4,0.370,9,0.050,-2.023
118.66,-0.409,0.697,9,4,0.370,9,0.046,-2.247
118.78,-0.409,0.697,9,4,0.370,9,0.199,-2.023
118.91,-0.409,0.697,9,4,0.370,9,0.045,-2.306
119.04,-0.410,0.697,9,4,0.370,9,0.114,-2.530
119.17,-0.410,0.696,9,4,0.370,9,0.152,-2.306
119.30,-0.410,0.696,9,4,0.370,9,0.049,-2.050
119.42,-0.410,0.696,9,4,0.370,9,0.195,-2.050
119.55,-0.410,0.696,9,4,0.370,9,0.045,-2.359
119.68,-0.410,0.696,9,4,0.370,9,0.190,-2.077
119.81,-0.410,0.696,9,4,0.370,9,0.049,-2.084
119.94,-0.410,0.696,9,4,0.370,9,0.227,-1.860
120.06,-0.410,0.696,9,4,0.370,9,0.050,-1.989
120.19,-0.410,0.697,9,4,0.370,9,0.243,-1.765
120.32,-0.410,0.697,9,4,0.370,9,0.050,-1.988
120.45,-0.410,0.697,9,4,0.370,9,0.205,-1.988
120.58,-0.410,0.697,9,4,0.370,9,0.168,-2.212
120.70,-0.410,0.696,9,4,0.370,9,0.194,-2.058
120.83,-0.410,0.697,9,4,0.370,9,0.201,-2.015
120.96,-0.410,0.696,9,4,0.370,9,0.043,-2.460
121.09,-0.410,0.696,9,4,0.370,9,0.190,-2.082
121.22,-0.410,0.697,9,4,0.370,9,0.052,-1.861
121.34,-0.410,0.696,9,4,0.370,9,0.045,-2.309
121.47,-0.410,0.696,9,4,0.370,9,0.227,-1.861
121.60,-0.410,0.697,9,4,0.370,9,0.052,-1.861
121.73,-0.409,0.697,9,4,0.370,9,0.264,-1.637
121.86,-0.410,0.697,9,4,0.370,9,0.227,-1.861
121.98,-0.409,0.697,9,4,0.370,9,0.227,-1.861
122.11,-0.409,0.697,9,4,0.370,9,0.264,-1.637
122.24,-0.409,0.697,9,4,0.370,9,0.052,-1.861
122.37,-0.409,0.697,9,4,0.370,9,0.049,-2.085
122.50,-0.409,0.697,9,4,0.370,9,0.151,-2.309
122.62,-0.409,0.697,9,4,0.370,9,0.189,-2.085
122.75,-0.410,0.697,9,4,0.370,9,0.151,-2.309
122.88,-0.410,0.697,9,4,0.370,9,0.189,-2.085
123.01,-0.409,0.697,9,4,0.370,9,0.050,-1.981
123.14,-0.410,0.697,9,4,0.370,9,0.044,-2.429
123.26,-0.410,0.696,9,4,0.370,9,0.042,-2.552
123.39,-0.410,0.696,9,4,0.370,9,0.045,-2.328
123.52,-0.410,0.696,9,4,0.370,9,0.044,-2.431
123.65,-0.410,0.696,9,4,0.370,9,0.168,-2.207
123.78,-0.410,0.696,9,4,0.370,9,0.244,-1.759
123.90,-0.410,0.696,9,4,0.370,9,0.052,-1.851
124.03,-0.410,0.696,9,4,0.370,9,0.191,-2.075
124.16,-0.410,0.696,9,4,0.370,9,0.192,-2.070
124.29,-0.410,0.696,9,4,0.370,9,0.043,-2.477
124.42,-0.410,0.696,9,4,0.370,9,0.189,-2.083
124.54,-0.410,0.696,9,4,0.370,9,0.049,-2.084
124.67,-0.410,0.696,9,4,0.370,9,0.189,-2.084
124.80,-0.410,0.696,9,4,0.370,9,0.202,-2.009
124.93,-0.410,0.696,9,4,0.370,9,0.047,-2.233
125.06,-0.410,0.696,9,4,0.370,9,0.203,-2.002
125.18,-0.410,0.696,9,4,0.370,9,0.229,-1.848
125.31,-0.410,0.696,9,4,0.370,9,0.052,-1.848
125.44,-0.410,0.697,9,4,0.370,9,0.052,-1.848
125.57,-0.410,0.696,9,4,0.370,9,0.191,-2.072
125.70,-0.410,0.696,9,4,0.370,9,0.154,-2.296
125.82,-0.410,0.696,9,4,0.370,9,0.049,-2.072
125.95,-0.410,0.696,9,4,0.370,9,0.050,-1.995
126.08,-0.410,0.697,9,4,0.370,9,0.050,-1.985
126.21,-0.410,0.696,9,4,0.370,9,0.206,-1.985
126.34,-0.410,0.697,9,4,0.370,9,0.247,-1.738
126.46,-0.410,0.697,9,4,0.370,9,0.210,-1.962
126.59,-0.410,0.697,9,4,0.370,9,0.047,-2.186
126.72,-0.410,0.697,9,4,0.370,9,0.048,-2.134
126.85,-0.410,0.697,9,4,0.370,9,0.046,-2.277
126.98,-0.410,0.696,9,4,0.370,9,0.119,-2.501
127.10,-0.410,0.696,9,4,0.370,9,0.119,-2.501
127.23,-0.410,0.696,9,4,0.370,9,0.042,-2.501
127.36,-0.410,0.696,9,4,0.370,9,0.194,-2.053
127.49,-0.410,0.696,9,4,0.370,9,0.054,-1.763
127.62,-0.410,0.696,9,4,0.370,9,0.054,-1.763
127.74,-0.410,0.696,9,4,0.370,9,0.050,-1.987
127.87,-0.410,0.696,9,4,0.370,9,0.043,-2.435
128.00,-0.410,0.696,9,4,0.370,9,0.047,-2.187
128.13,-0.410,0.696,9,4,0.370,9,0.048,-2.129
128.26,-0.410,0.696,9,4,0.370,9,0.182,-2.124
128.38,-0.410,0.696,9,4,0.370,9,0.051,-1.959
128.51,-0.410,0.696,9,4,0.370,9,0.173,-2.183
128.64,-0.410,0.696,9,4,0.370,9,0.248,-1.735
128.77,-0.410,0.696,9,4,0.370,9,0.248,-1.735
128.90,-0.410,0.696,9,4,0.370,9,0.210,-1.959
129.02,-0.410,0.696,9,4,0.370,9,0.047,-2.183
129.15,-0.410,0.696,9,4,0.370,9,0.135,-2.407
129.28,-0.410,0.696,9,4,0.370,9,0.040,-2.660
129.41,-0.410,0.696,9,4,0.370,9,0.168,-2.212
129.54,-0.410,0.696,9,4,0.370,9,0.243,-1.764
129.66,-0.410,0.696,9,4,0.370,9,0.057,-1.540
129.79,-0.410,0.696,9,4,0.370,9,0.056,-1.606
129.92,-0.410,0.696,9,4,0.370,9,0.052,-1.895
130.05,-0.410,0.696,9,4,0.370,9,0.221,-1.895
130.18,-0.410,0.696,9,4,0.370,9,0.048,-2.119
130.30,-0.410,0.696,9,4,0.370,9,0.045,-2.343
130.43,-0.410,0.696,9,4,0.370,9,0.155,-2.285
130.56,-0.410,0.696,9,4,0.370,9,0.143,-2.361
130.69,-0.410,0.696,9,4,0.370,9,0.174,-2.176
130.82,-0.410,0.696,9,4,0.370,9,0.249,-1.728
130.94,-0.410,0.696,9,4,0.370,9,0.287,-1.504
131.07,-0.410,0.696,9,4,0.370,9,0.054,-1.728
131.20,-0.410,0.696,9,4,0.370,9,0.050,-1.995
131.33,-0.410,0.697,9,4,0.370,9,0.242,-1.771
131.46,-0.410,0.696,9,4,0.370,9,0.204,-1.995
131.58,-0.410,0.697,9,4,0.370,9,0.050,-1.995
131.71,-0.410,0.697,9,4,0.370,9,0.047,-2.219
131.84,-0.410,0.696,9,4,0.370,9,0.044,-2.418
131.97,-0.410,0.696,9,4,0.370,9,0.044,-2.418
132.10,-0.410,0.696,9,4,0.370,9,0.048,-2.140
132.22,-0.410,0.696,9,4,0.370,9,0.041,-2.588
132.35,-0.410,0.696,9,4,0.370,9,0.045,-2.364
132.48,-0.410,0.696,9,4,0.370,9,0.048,-2.117
132.61,-0.410,0.696,9,4,0.370,9,0.221,-1.893
132.74,-0.410,0.696,9,4,0.370,9,0.050,-1.985
132.86,-0.410,0.696,9,4,0.370,9,0.050,-1.985
132.99,-0.410,0.696,9,4,0.370,9,0.047,-2.209
133.12,-0.410,0.696,9,4,0.370,9,0.048,-2.116
133.25,-0.410,0.696,9,4,0.370,9,0.184,-2.116
133.38,-0.410,0.696,9,4,0.370,9,0.050,-2.004
133.50,-0.410,0.696,9,4,0.370,9,0.050,-1.994
133.63,-0.410,0.696,9,4,0.370,9,0.204,-1.994
133.76,-0.410,0.696,9,4,0.370,9,0.051,-1.955
133.89,-0.410,0.696,9,4,0.370,9,0.249,-1.731
134.02,-0.410,0.696,9,4,0.370,9,0.211,-1.955
134.14,-0.410,0.696,9,4,0.370,9,0.044,-2.403
134.27,-0.410,0.696,9,4,0.370,9,0.151,-2.313
134.40,-0.410,0.696,9,4,0.370,9,0.180,-2.141
134.53,-0.410,0.696,9,4,0.370,9,0.217,-1.917
134.66,-0.410,0.696,9,4,0.370,9,0.255,-1.693
134.78,-0.410,0.697,9,4,0.370,9,0.330,-1.245
134.91,-0.410,0.697,9,4,0.370,9,0.055,-1.654
135.04,-0.409,0.697,9,4,0.370,9,0.053,-1.803
135.17,-0.409,0.697,9,4,0.370,9,0.236,-1.803
135.30,-0.409,0.697,9,4,0.370,9,0.046,-2.251
135.42,-0.410,0.697,9,4,0.370,9,0.123,-2.475
135.55,-0.410,0.696,9,4,0.370,9,0.046,-2.299
135.68,-0.410,0.696,9,4,0.370,9,0.043,-2.456
135.81,-0.410,0.696,9,4,0.370,9,0.164,-2.232
135.94,-0.410,0.696,9,4,0.370,9,0.202,-2.008
136.06,-0.410,0.696,9,4,0.370,9,0.206,-1.983
136.19,-0.410,0.696,9,4,0.370,9,0.244,-1.759
136.32,-0.410,0.696,9,4,0.370,9,0.047,-2.186
136.45,-0.410,0.696,9,4,0.370,9,0.045,-2.327
136.58,-0.410,0.696,9,4,0.370,9,0.179,-2.144
136.70,-0.410,0.696,9,4,0.370,9,0.209,-1.965
136.83,-0.410,0.696,9,4,0.370,9,0.051,-1.965
136.96,-0.410,0.696,9,4,0.370,9,0.209,-1.965
137.09,-0.410,0.696,9,4,0.370,9,0.218,-1.913
137.22,-0.410,0.696,9,4,0.370,9,0.052,-1.869
137.34,-0.410,0.697,9,4,0.370,9,0.052,-1.869
137.47,-0.410,0.697,9,4,0.370,9,0.225,-1.869
137.60,-0.410,0.697,9,4,0.370,9,0.263,-1.645
137.73,-0.410,0.697,9,4,0.370,9,0.049,-2.093
137.86,-0.410,0.697,9,4,0.370,9,0.225,-1.869
137.98,-0.409,0.697,9,4,0.370,9,0.225,-1.869
138.11,-0.410,0.697,9,4,0.370,9,0.045,-2.317
138.24,-0.410,0.697,9,4,0.370,9,0.045,-2.333
138.37,-0.410,0.696,9,4,0.370,9,0.045,-2.333
138.50,-0.410,0.697,9,4,0.370,9,0.052,-1.885
138.62,-0.410,0.697,9,4,0.370,9,0.048,-2.109
138.75,-0.410,0.696,9,4,0.370,9,0.185,-2.109
138.88,-0.410,0.696,9,4,0.370,9,0.042,-2.557
139.01,-0.410,0.696,9,4,0.370,9,0.082,-2.721
139.14,-0.410,0.696,9,4,0.370,9,0.157,-2.273
139.26,-0.410,0.696,9,4,0.370,9,0.233,-1.825
139.39,-0.410,0.696,9,4,0.370,9,0.051,-1.924
139.52,-0.410,0.696,9,4,0.370,9,0.254,-1.700
139.65,-0.410,0.696,9,4,0.370,9,0.048,-2.148
139.78,-0.410,0.696,9,4,0.370,9,0.052,-1.896
139.90,-0.410,0.697,9,4,0.370,9,0.296,-1.448
140.03,-0.410,0.697,9,4,0.370,9,0.054,-1.730
140.16,-0.410,0.697,9,4,0.370,9,0.249,-1.730
140.29,-0.410,0.697,9,4,0.370,9,0.051,-1.954
140.42,-0.410,0.697,9,4,0.370,9,0.173,-2.178
140.54,-0.410,0.696,9,4,0.370,9,0.046,-2.295
140.67,-0.410,0.696,9,4,0.370,9,0.044,-2.394
140.80,-0.410,0.696,9,4,0.370,9,0.044,-2.403
140.93,-0.410,0.696,9,4,0.370,9,0.136,-2.403
141.06,-0.410,0.696,9,4,0.370,9,0.173,-2.179
141.18,-0.410,0.696,9,4,0.370,9,0.249,-1.731
141.31,-0.410,0.696,9,4,0.370,9,0.054,-1.731
141.44,-0.410,0.696,9,4,0.370,9,0.324,-1.283
141.57,-0.410,0.697,9,4,0.370,9,0.058,-1.435
141.70,-0.410,0.697,9,4,0.370,9,0.293,-1.468
141.82,-0.410,0.697,9,4,0.370,9,0.055,-1.692
141.95,-0.410,0.697,9,4,0.370,9,0.217,-1.916
142.08,-0.410,0.697,9,4,0.370,9,0.048,-2.140
142.21,-0.409,0.697,9,4,0.370,9,0.052,-1.877
142.34,-0.410,0.697,9,4,0.370,9,0.045,-2.325
142.46,-0.410,0.697,9,4,0.370,9,0.111,-2.549
142.59,-0.410,0.696,9,4,0.370,9,0.045,-2.325
142.72,-0.410,0.696,9,4,0.370,9,0.043,-2.456
142.85,-0.410,0.696,9,4,0.370,9,0.047,-2.172
142.98,-0.410,0.696,9,4,0.370,9,0.048,-2.127
143.10,-0.410,0.696,9,4,0.370,9,0.232,-1.831
143.23,-0.410,0.696,9,4,0.370,9,0.232,-1.831
143.36,-0.410,0.696,9,4,0.370,9,0.232,-1.831
143.49,-0.410,0.696,9,4,0.370,9,0.049,-2.055
143.62,-0.410,0.696,9,4,0.370,9,0.046,-2.279
143.74,-0.410,0.696,9,4,0.370,9,0.119,-2.503
143.87,-0.410,0.696,9,4,0.370,9,0.046,-2.298
144.00,-0.410,0.696,9,4,0.370,9,0.048,-2.156
144.13,-0.410,0.696,9,4,0.370,9,0.046,-2.279
144.26,-0.410,0.696,9,4,0.370,9,0.232,-1.831
144.38,-0.410,0.696,9,4,0.370,9,0.051,-1.909
144.51,-0.410,0.696,9,4,0.370,9,0.051,-1.909
144.64,-0.410,0.696,9,4,0.370,9,0.051,-1.909
144.77,-0.410,0.696,9,4,0.370,9,0.051,-1.909
144.90,-0.410,0.696,9,4,0.370,9,0.045,-2.357
145.02,-0.410,0.696,9,4,0.370,9,0.047,-2.182
145.15,-0.410,0.696,9,4,0.370,9,0.210,-1.958
145.28,-0.410,0.696,9,4,0.370,9,0.050,-1.988
145.41,-0.410,0.696,9,4,0.370,9,0.050,-1.988
145.54,-0.410,0.696,9,4,0.370,9,0.281,-1.540
145.66,-0.410,0.697,9,4,0.370,9,0.057,-1.540
145.79,-0.410,0.697,9,4,0.370,9,0.243,-1.764
145.92,-0.410,0.697,9,4,0.370,9,0.050,-1.988
146.05,-0.410,0.697,9,4,0.370,9,0.043,-2.436
146.18,-0.410,0.696,9,4,0.370,9,0.130,-2.436
146.30,-0.410,0.696,9,4,0.370,9,0.043,-2.436
146.43,-0.410,0.696,9,4,0.370,9,0.092,-2.660
146.56,-0.410,0.696,9,4,0.370,9,0.168,-2.212
146.69,-0.410,0.696,9,4,0.370,9,0.236,-1.805
146.82,-0.410,0.696,9,4,0.370,9,0.211,-1.957
146.94,-0.410,0.696,9,4,0.370,9,0.047,-2.181
147.07,-0.410,0.696,9,4,0.370,9,0.135,-2.405
147.20,-0.410,0.696,9,4,0.370,9,0.173,-2.181
147.33,-0.410,0.696,9,4,0.370,9,0.225,-1.874
147.46,-0.410,0.696,9,4,0.370,9,0.285,-1.516
147.58,-0.410,0.696,9,4,0.370,9,0.057,-1.516
147.71,-0.410,0.696,9,4,0.370,9,0.229,-1.845
147.84,-0.410,0.696,9,4,0.370,9,0.052,-1.845
147.97,-0.410,0.696,9,4,0.370,9,0.049,-2.069
148.10,-0.410,0.696,9,4,0.370,9,0.154,-2.293
148.22,-0.410,0.696,9,4,0.370,9,0.205,-1.989
148.35,-0.410,0.696,9,4,0.370,9,0.047,-2.213
148.48,-0.410,0.696,9,4,0.370,9,0.047,-2.174
148.61,-0.410,0.696,9,4,0.370,9,0.249,-1.726
148.74,-0.410,0.696,9,4,0.370,9,0.054,-1.726
148.86,-0.410,0.696,9,4,0.370,9,0.249,-1.726
148.99,-0.410,0.697,9,4,0.370,9,0.287,-1.502
149.12,-0.410,0.697,9,4,0.370,9,0.312,-1.356
149.25,-0.410,0.697,9,4,0.370,9,0.053,-1.804
149.38,-0.410,0.697,9,4,0.370,9,0.047,-2.188
149.50,-0.410,0.697,9,4,0.370,9,0.209,-1.964
149.63,-0.410,0.697,9,4,0.370,9,0.276,-1.566
149.76,-0.409,0.697,9,4,0.370,9,0.057,-1.566
149.89,-0.409,0.697,9,4,0.370,9,0.050,-2.014
150.02,-0.410,0.697,9,4,0.370,9,0.043,-2.462
150.14,-0.410,0.697,9,4,0.370,9,0.043,-2.462
150.27,-0.410,0.696,9,4,0.370,9,0.046,-2.235
150.40,-0.410,0.696,9,4,0.370,9,0.049,-2.037
150.53,-0.410,0.696,9,4,0.370,9,0.046,-2.261
150.66,-0.410,0.696,9,4,0.370,9,0.049,-2.083
150.78,-0.410,0.696,9,4,0.370,9,0.045,-2.307
150.91,-0.410,0.696,9,4,0.370,9,0.049,-2.083
151.04,-0.410,0.696,9,4,0.370,9,0.189,-2.083
151.17,-0.410,0.696,9,4,0.370,9,0.242,-1.771
151.30,-0.410,0.697,9,4,0.370,9,0.053,-1.771
151.42,-0.410,0.697,9,4,0.370,9,0.050,-1.995
151.55,-0.410,0.696,9,4,0.370,9,0.166,-2.219
151.68,-0.410,0.696,9,4,0.370,9,0.130,-2.438
151.81,-0.410,0.696,9,4,0.370,9,0.047,-2.214
151.94,-0.410,0.696,9,4,0.370,9,0.050,-2.016
152.06,-0.410,0.696,9,4,0.370,9,0.201,-2.016
152.19,-0.410,0.696,9,4,0.370,9,0.051,-1.925
152.32,-0.410,0.696,9,4,0.370,9,0.254,-1.701
152.45,-0.410,0.696,9,4,0.370,9,0.254,-1.701
152.58,-0.410,0.697,9,4,0.370,9,0.254,-1.701
152.70,-0.410,0.697,9,4,0.370,9,0.051,-1.925
152.83,-0.410,0.697,9,4,0.370,9,0.254,-1.701
152.96,-0.410,0.697,9,4,0.370,9,0.216,-1.925
153.09,-0.410,0.697,9,4,0.370,9,0.044,-2.373
153.22,-0.410,0.697,9,4,0.370,9,0.048,-2.159
153.34,-0.410,0.697,9,4,0.370,9,0.177,-2.159
153.47,-0.410,0.697,9,4,0.370,9,0.051,-1.961
153.60,-0.410,0.697,9,4,0.370,9,0.210,-1.961
153.73,-0.410,0.697,9,4,0.370,9,0.047,-2.185
153.86,-0.410,0.697,9,4,0.370,9,0.134,-2.409
153.98,-0.410,0.697,9,4,0.370,9,0.047,-2.185
154.11,-0.410,0.697,9,4,0.370,9,0.049,-2.089
154.24,-0.410,0.697,9,4,0.370,9,0.052,-1.865
154.37,-0.410,0.697,9,4,0.370,9,0.226,-1.865
154.50,-0.409,0.697,9,4,0.370,9,0.055,-1.641
154.62,-0.409,0.697,9,4,0.370,9,0.264,-1.642
154.75,-0.409,0.697,9,4,0.370,9,0.052,-1.866
154.88,-0.409,0.697,9,4,0.370,9,0.049,-2.090
155.01,-0.410,0.697,9,4,0.370,9,0.150,-2.314
155.14,-0.410,0.697,9,4,0.370,9,0.129,-2.439
155.26,-0.410,0.697,9,4,0.370,9,0.046,-2.287
155.39,-0.410,0.696,9,4,0.370,9,0.044,-2.393
155.52,-0.410,0.696,9,4,0.370,9,0.173,-2.179
155.65,-0.410,0.696,9,4,0.370,9,0.051,-1.951
155.78,-0.410,0.696,9,4,0.370,9,0.212,-1.951
155.90,-0.410,0.696,9,4,0.370,9,0.219,-1.906
156.03,-0.410,0.696,9,4,0.370,9,0.048,-2.130
156.16,-0.410,0.696,9,4,0.370,9,0.045,-2.317
156.29,-0.410,0.696,9,4,0.370,9,0.225,-1.869
156.42,-0.410,0.697,9,4,0.370,9,0.263,-1.645
156.54,-0.410,0.696,9,4,0.370,9,0.049,-2.093
156.67,-0.410,0.697,9,4,0.370,9,0.049,-2.093
156.80,-0.410,0.696,9,4,0.370,9,0.150,-2.317
156.93,-0.410,0.696,9,4,0.370,9,0.208,-1.973
157.06,-0.410,0.697,9,4,0.370,9,0.054,-1.749
157.18,-0.410,0.697,9,4,0.370,9,0.054,-1.749
157.31,-0.410,0.697,9,4,0.370,9,0.050,-1.973
157.44,-0.410,0.697,9,4,0.370,9,0.208,-1.973
157.57,-0.410,0.697,9,4,0.370,9,0.048,-2.158
157.70,-0.410,0.697,9,4,0.370,9,0.050,-2.005
157.82,-0.410,0.697,9,4,0.370,9,0.043,-2.453
157.95,-0.410,0.696,9,4,0.370,9,0.150,-2.319
158.08,-0.410,0.696,9,4,0.370,9,0.225,-1.871
158.21,-0.410,0.697,9,4,0.370,9,0.052,-1.883
158.34,-0.410,0.697,9,4,0.370,9,0.048,-2.107
158.46,-0.410,0.697,9,4,0.370,9,0.048,-2.107
158.59,-0.410,0.697,9,4,0.370,9,0.231,-1.833
158.72,-0.410,0.697,9,4,0.370,9,0.049,-2.057
158.85,-0.410,0.697,9,4,0.370,9,0.042,-2.505
158.98,-0.410,0.696,9,4,0.370,9,0.156,-2.281
159.10,-0.410,0.696,9,4,0.370,9,0.046,-2.281
159.23,-0.410,0.696,9,4,0.370,9,0.043,-2.487
159.36,-0.410,0.696,9,4,0.370,9,0.159,-2.263
159.49,-0.410,0.696,9,4,0.370,9,0.047,-2.231
159.62,-0.410,0.696,9,4,0.370,9,0.127,-2.455
159.74,-0.410,0.696,9,4,0.370,9,0.202,-2.007
159.87,-0.410,0.696,9,4,0.370,9,0.269,-1.613
160.00,-0.410,0.696,9,4,0.370,9,0.306,-1.389
160.13,-0.410,0.696,9,4,0.370,9,0.054,-1.707
160.26,-0.410,0.696,9,4,0.370,9,0.273,-1.588
160.38,-0.410,0.696,9,4,0.370,9,0.053,-1.812
160.51,-0.410,0.697,9,4,0.370,9,0.055,-1.665
160.64,-0.410,0.696,9,4,0.370,9,0.222,-1.889
160.77,-0.410,0.697,9,4,0.370,9,0.048,-2.113
160.90,-0.410,0.697,9,4,0.370,9,0.222,-1.889
161.02,-0.410,0.697,9,4,0.370,9,0.048,-2.113
161.15,-0.410,0.697,9,4,0.370,9,0.045,-2.337
161.28,-0.410,0.696,9,4,0.370,9,0.147,-2.337
161.41,-0.410,0.696,9,4,0.370,9,0.045,-2.337
161.54,-0.410,0.696,9,4,0.370,9,0.198,-2.032
161.66,-0.410,0.696,9,4,0.370,9,0.266,-1.629
161.79,-0.410,0.697,9,4,0.370,9,0.052,-1.853
161.92,-0.410,0.697,9,4,0.370,9,0.266,-1.629
162.05,-0.410,0.697,9,4,0.370,9,0.266,-1.629
162.18,-0.410,0.697,9,4,0.370,9,0.049,-2.077
162.30,-0.410,0.697,9,4,0.370,9,0.049,-2.051
162.43,-0.410,0.697,9,4,0.370,9,0.157,-2.275
162.56,-0.410,0.697,9,4,0.370,9,0.233,-1.827
162.69,-0.410,0.697,9,4,0.370,9,0.049,-2.041
162.82,-0.410,0.697,9,4,0.370,9,0.043,-2.489
162.94,-0.410,0.696,9,4,0.370,9,0.037,-2.844
163.07,-0.410,0.696,9,4,0.370,9,0.044,-2.396
163.20,-0.410,0.696,9,4,0.370,9,0.191,-2.074
163.33,-0.410,0.696,9,4,0.370,9,0.211,-1.953
163.46,-0.410,0.696,9,4,0.370,9,0.174,-2.177
163.58,-0.410,0.696,9,4,0.370,9,0.050,-1.969
163.71,-0.410,0.696,9,4,0.370,9,0.246,-1.745
163.84,-0.410,0.696,9,4,0.370,9,0.050,-1.969
163.97,-0.410,0.696,9,4,0.370,9,0.246,-1.745
164.10,-0.410,0.696,9,4,0.370,9,0.050,-1.969
164.22,-0.410,0.696,9,4,0.370,9,0.047,-2.193
164.35,-0.410,0.696,9,4,0.370,9,0.045,-2.325
164.48,-0.410,0.696,9,4,0.370,9,0.186,-2.101
164.61,-0.410,0.696,9,4,0.370,9,0.224,-1.877
164.74,-0.410,0.696,9,4,0.370,9,0.045,-2.325
164.86,-0.410,0.696,9,4,0.370,9,0.189,-2.084
164.99,-0.410,0.696,9,4,0.370,9,0.256,-1.686
165.12,-0.410,0.696,9,4,0.370,9,0.051,-1.910
165.25,-0.410,0.696,9,4,0.370,9,0.294,-1.462
165.38,-0.410,0.697,9,4,0.370,9,0.305,-1.395
165.50,-0.410,0.697,9,4,0.370,9,0.052,-1.843
165.63,-0.410,0.697,9,4,0.370,9,0.048,-2.111
165.76,-0.410,0.697,9,4,0.370,9,0.147,-2.335
165.89,-0.410,0.696,9,4,0.370,9,0.129,-2.440
166.02,-0.410,0.696,9,4,0.370,9,0.040,-2.664
166.14,-0.410,0.696,9,4,0.370,9,0.167,-2.216
166.27,-0.410,0.696,9,4,0.370,9,0.242,-1.768
166.40,-0.410,0.696,9,4,0.370,9,0.280,-1.544
166.53,-0.410,0.697,9,4,0.370,9,0.298,-1.436
166.66,-0.410,0.697,9,4,0.370,9,0.257,-1.679
166.78,-0.410,0.697,9,4,0.370,9,0.051,-1.903
166.91,-0.410,0.697,9,4,0.370,9,0.182,-2.127
167.04,-0.410,0.697,9,4,0.370,9,0.191,-2.071
167.17,-0.410,0.697,9,4,0.370,9,0.043,-2.477
167.30,-0.410,0.696,9,4,0.370,9,0.161,-2.253
167.42,-0.410,0.697,9,4,0.370,9,0.236,-1.805
167.55,-0.410,0.697,9,4,0.370,9,0.050,-2.029
167.68,-0.410,0.697,9,4,0.370,9,0.236,-1.805
167.81,-0.410,0.697,9,4,0.370,9,0.240,-1.783
167.94,-0.410,0.697,9,4,0.370,9,0.050,-2.007
168.06,-0.410,0.697,9,4,0.370,9,0.043,-2.455
168.19,-0.410,0.697,9,4,0.370,9,0.047,-2.231
168.32,-0.410,0.696,9,4,0.370,9,0.127,-2.455
168.45,-0.410,0.696,9,4,0.370,9,0.043,-2.455
168.58,-0.410,0.696,9,4,0.370,9,0.043,-2.455
168.70,-0.410,0.696,9,4,0.370,9,0.047,-2.223
168.83,-0.410,0.696,9,4,0.370,9,0.235,-1.813
168.96,-0.410,0.696,9,4,0.370,9,0.235,-1.813
169.09,-0.410,0.696,9,4,0.370,9,0.049,-2.037
169.22,-0.410,0.696,9,4,0.370,9,0.046,-2.261
169.34,-0.410,0.696,9,4,0.370,9,0.052,-1.881
169.47,-0.410,0.696,9,4,0.370,9,0.045,-2.329
169.60,-0.410,0.696,9,4,0.370,9,0.167,-2.216
169.73,-0.410,0.696,9,4,0.370,9,0.242,-1.768
169.86,-0.410,0.696,9,4,0.370,9,0.053,-1.768
169.98,-0.410,0.696,9,4,0.370,9,0.047,-2.216
170.11,-0.410,0.696,9,4,0.370,9,0.214,-1.939
170.24,-0.410,0.696,9,4,0.370,9,0.176,-2.163
170.37,-0.410,0.696,9,4,0.370,9,0.251,-1.715
170.50,-0.410,0.696,9,4,0.370,9,0.054,-1.715
170.62,-0.410,0.696,9,4,0.370,9,0.251,-1.718
170.75,-0.410,0.697,9,4,0.370,9,0.058,-1.494
170.88,-0.410,0.697,9,4,0.370,9,0.054,-1.741
171.01,-0.410,0.697,9,4,0.370,9,0.228,-1.855
171.14,-0.410,0.697,9,4,0.370,9,0.045,-2.303
171.26,-0.410,0.697,9,4,0.370,9,0.042,-2.527
171.39,-0.410,0.696,9,4,0.370,9,0.042,-2.527
171.52,-0.410,0.696,9,4,0.370,9,0.190,-2.079
171.65,-0.410,0.696,9,4,0.370,9,0.049,-2.079
171.78,-0.410,0.696,9,4,0.370,9,0.190,-2.079
171.90,-0.410,0.696,9,4,0.370,9,0.043,-2.492
172.03,-0.410,0.696,9,4,0.370,9,0.196,-2.044
172.16,-0.410,0.696,9,4,0.370,9,0.271,-1.596
172.29,-0.410,0.697,9,4,0.370,9,0.056,-1.596
172.42,-0.410,0.697,9,4,0.370,9,0.254,-1.698
172.54,-0.410,0.697,9,4,0.370,9,0.051,-1.922
172.67,-0.410,0.697,9,4,0.370,9,0.051,-1.922
172.80,-0.410,0.697,9,4,0.370,9,0.048,-2.146
172.93,-0.410,0.697,9,4,0.370,9,0.180,-2.139
173.06,-0.410,0.697,9,4,0.370,9,0.047,-2.188
173.18,-0.410,0.697,9,4,0.370,9,0.172,-2.188
173.31,-0.410,0.697,9,4,0.370,9,0.247,-1.740
173.44,-0.410,0.697,9,4,0.370,9,0.209,-1.964
173.57,-0.410,0.697,9,4,0.370,9,0.172,-2.188
173.70,-0.410,0.697,9,4,0.370,9,0.050,-1.970
173.82,-0.410,0.697,9,4,0.370,9,0.246,-1.746
173.95,-0.410,0.697,9,4,0.370,9,0.246,-1.746
174.08,-0.410,0.697,9,4,0.370,9,0.047,-2.194
174.21,-0.410,0.696,9,4,0.370,9,0.133,-2.418
174.34,-0.410,0.696,9,4,0.370,9,0.208,-1.970
174.46,-0.410,0.697,9,4,0.370,9,0.049,-2.062
174.59,-0.410,0.697,9,4,0.370,9,0.049,-2.036
174.72,-0.410,0.696,9,4,0.370,9,0.160,-2.260
174.85,-0.410,0.696,9,4,0.370,9,0.046,-2.265
174.98,-0.410,0.696,9,4,0.370,9,0.171,-2.190
175.10,-0.410,0.696,9,4,0.370,9,0.199,-2.027
175.23,-0.410,0.696,9,4,0.370,9,0.051,-1.943
175.36,-0.410,0.697,9,4,0.370,9,0.054,-1.719
175.49,-0.410,0.696,9,4,0.370,9,0.047,-2.167
175.62,-0.410,0.696,9,4,0.370,9,0.041,-2.615
175.74,-0.410,0.696,9,4,0.370,9,0.175,-2.167
175.87,-0.410,0.696,9,4,0.370,9,0.047,-2.167
176.00,-0.410,0.696,9,4,0.370,9,0.046,-2.281
176.13,-0.410,0.696,9,4,0.370,9,0.045,-2.360
176.26,-0.410,0.696,9,4,0.370,9,0.174,-2.176
176.38,-0.410,0.696,9,4,0.370,9,0.050,-1.970
176.51,-0.410,0.696,9,4,0.370,9,0.208,-1.970
176.64,-0.410,0.696,9,4,0.370,9,0.246,-1.746
176.77,-0.410,0.696,9,4,0.370,9,0.284,-1.522
176.90,-0.410,0.696,9,4,0.370,9,0.308,-1.375
177.02,-0.410,0.697,9,4,0.370,9,0.291,-1.478
177.15,-0.410,0.697,9,4,0.370,9,0.054,-1.736
177.28,-0.410,0.697,9,4,0.370,9,0.210,-1.960
177.41,-0.410,0.697,9,4,0.370,9,0.248,-1.736
177.54,-0.410,0.697,9,4,0.370,9,0.210,-1.960
177.66,-0.410,0.697,9,4,0.370,9,0.248,-1.736
177.79,-0.410,0.697,9,4,0.370,9,0.210,-1.960
177.92,-0.409,0.697,9,4,0.370,9,0.248,-1.736
178.05,-0.409,0.697,9,4,0.370,9,0.047,-2.184
178.18,-0.410,0.697,9,4,0.370,9,0.041,-2.632
178.30,-0.410,0.697,9,4,0.370,9,0.172,-2.184
178.43,-0.410,0.697,9,4,0.370,9,0.210,-1.960
178.56,-0.410,0.697,9,4,0.370,9,0.210,-1.960
178.69,-0.410,0.697,9,4,0.370,9,0.051,-1.955
178.82,-0.410,0.697,9,4,0.370,9,0.047,-2.179
178.94,-0.410,0.697,9,4,0.370,9,0.211,-1.955
179.07,-0.409,0.697,9,4,0.370,9,0.229,-1.849
179.20,-0.410,0.697,9,4,0.370,9,0.046,-2.297
179.33,-0.410,0.697,9,4,0.370,9,0.116,-2.521
179.46,-0.410,0.697,9,4,0.370,9,0.153,-2.297
179.58,-0.410,0.697,9,4,0.370,9,0.197,-2.037
179.71,-0.410,0.697,9,4,0.370,9,0.043,-2.467
179.84,-0.410,0.696,9,4,0.370,9,0.087,-2.691
179.97,-0.410,0.696,9,4,0.370,9,0.145,-2.344
180.10,-0.410,0.696,9,4,0.370,9,0.145,-2.344
180.22,-0.410,0.696,9,4,0.370,9,0.046,-2.246
180.35,-0.410,0.696,9,4,0.370,9,0.228,-1.851
180.48,-0.410,0.696,9,4,0.370,9,0.046,-2.299
180.61,-0.410,0.696,9,4,0.370,9,0.215,-1.930
180.74,-0.410,0.696,9,4,0.370,9,0.054,-1.706
180.86,-0.410,0.696,9,4,0.370,9,0.054,-1.706
180.99,-0.410,0.696,9,4,0.370,9,0.253,-1.706
181.12,-0.410,0.697,9,4,0.370,9,0.058,-1.482
181.25,-0.410,0.697,9,4,0.370,9,0.054,-1.727
181.38,-0.410,0.697,9,4,0.370,9,0.055,-1.682
181.50,-0.410,0.697,9,4,0.370,9,0.051,-1.906
181.63,-0.410,0.697,9,4,0.370,9,0.181,-2.130
181.76,-0.410,0.697,9,4,0.370,9,0.041,-2.578
181.89,-0.410,0.696,9,4,0.370,9,0.041,-2.578
182.02,-0.410,0.696,9,4,0.370,9,0.181,-2.130
182.14,-0.410,0.696,9,4,0.370,9,0.044,-2.433
182.27,-0.410,0.696,9,4,0.370,9,0.042,-2.529
182.40,-0.410,0.696,9,4,0.370,9,0.045,-2.305
182.53,-0.410,0.696,9,4,0.370,9,0.227,-1.857
182.66,-0.410,0.696,9,4,0.370,9,0.055,-1.691
182.78,-0.410,0.696,9,4,0.370,9,0.293,-1.467
182.91,-0.410,0.696,9,4,0.370,9,0.058,-1.467
183.04,-0.410,0.696,9,4,0.370,9,0.257,-1.680
183.17,-0.410,0.697,9,4,0.370,9,0.055,-1.680
183.30,-0.410,0.697,9,4,0.370,9,0.051,-1.904
183.42,-0.410,0.697,9,4,0.370,9,0.048,-2.128
183.55,-0.410,0.697,9,4,0.370,9,0.219,-1.904
183.68,-0.410,0.697,9,4,0.370,9,0.045,-2.300
183.81,-0.410,0.696,9,4,0.370,9,0.115,-2.524
183.94,-0.410,0.696,9,4,0.370,9,0.191,-2.076
184.06,-0.410,0.696,9,4,0.370,9,0.049,-2.076
184.19,-0.410,0.696,9,4,0.370,9,0.042,-2.524
184.32,-0.410,0.696,9,4,0.370,9,0.149,-2.324
184.45,-0.410,0.696,9,4,0.370,9,0.186,-2.100
184.58,-0.410,0.696,9,4,0.370,9,0.205,-1.987
184.70,-0.410,0.696,9,4,0.370,9,0.281,-1.539
184.83,-0.410,0.696,9,4,0.370,9,0.054,-1.763
184.96,-0.410,0.696,9,4,0.370,9,0.243,-1.763
185.09,-0.410,0.697,9,4,0.370,9,0.054,-1.763
185.22,-0.410,0.697,9,4,0.370,9,0.050,-1.987
185.34,-0.410,0.697,9,4,0.370,9,0.243,-1.763
185.47,-0.410,0.697,9,4,0.370,9,0.243,-1.763
185.60,-0.410,0.697,9,4,0.370,9,0.243,-1.763
185.73,-0.410,0.697,9,4,0.370,9,0.050,-1.987
185.86,-0.410,0.697,9,4,0.370,9,0.047,-2.211
185.98,-0.410,0.697,9,4,0.370,9,0.130,-2.435
186.11,-0.410,0.696,9,4,0.370,9,0.168,-2.211
186.24,-0.410,0.697,9,4,0.370,9,0.050,-1.990
186.37,-0.410,0.697,9,4,0.370,9,0.243,-1.766
186.50,-0.410,0.697,9,4,0.370,9,0.047,-2.214
186.62,-0.410,0.696,9,4,0.370,9,0.130,-2.438
186.75,-0.410,0.696,9,4,0.370,9,0.050,-2.000
186.88,-0.410,0.696,9,4,0.370,9,0.047,-2.224
187.01,-0.410,0.696,9,4,0.370,9,0.044,-2.389
187.14,-0.410,0.696,9,4,0.370,9,0.194,-2.056
187.26,-0.410,0.696,9,4,0.370,9,0.049,-2.082
187.39,-0.410,0.696,9,4,0.370,9,0.049,-2.082
187.52,-0.410,0.696,9,4,0.370,9,0.152,-2.306
187.65,-0.410,0.696,9,4,0.370,9,0.227,-1.858
187.78,-0.410,0.696,9,4,0.370,9,0.222,-1.889
187.90,-0.410,0.697,9,4,0.370,9,0.052,-1.889
188.03,-0.410,0.697,9,4,0.370,9,0.260,-1.665
188.16,-0.410,0.697,9,4,0.370,9,0.055,-1.665
188.29,-0.410,0.697,9,4,0.370,9,0.051,-1.951
188.42,-0.410,0.697,9,4,0.370,9,0.249,-1.727
188.54,-0.410,0.697,9,4,0.370,9,0.054,-1.727
188.67,-0.410,0.697,9,4,0.370,9,0.047,-2.175
188.80,-0.410,0.697,9,4,0.370,9,0.041,-2.623
188.93,-0.410,0.696,9,4,0.370,9,0.098,-2.623
189.06,-0.410,0.696,9,4,0.370,9,0.174,-2.175
189.18,-0.410,0.696,9,4,0.370,9,0.249,-1.727
189.31,-0.410,0.697,9,4,0.370,9,0.054,-1.727
189.44,-0.410,0.697,9,4,0.370,9,0.287,-1.503
189.57,-0.410,0.697,9,4,0.370,9,0.057,-1.503
189.70,-0.410,0.697,9,4,0.370,9,0.051,-1.951
189.82,-0.410,0.697,9,4,0.370,9,0.044,-2.399
189.95,-0.410,0.696,9,4,0.370,9,0.044,-2.399
190.08,-0.410,0.696,9,4,0.370,9,0.174,-2.175
190.21,-0.410,0.696,9,4,0.370,9,0.174,-2.175
190.34,-0.410,0.696,9,4,0.370,9,0.242,-1.771
190.46,-0.410,0.697,9,4,0.370,9,0.053,-1.771
190.59,-0.410,0.697,9,4,0.370,9,0.280,-1.547
190.72,-0.410,0.697,9,4,0.370,9,0.057,-1.547
190.85,-0.410,0.697,9,4,0.370,9,0.053,-1.820
190.98,-0.410,0.697,9,4,0.370,9,0.234,-1.820
191.10,-0.410,0.697,9,4,0.370,9,0.053,-1.820
191.23,-0.410,0.697,9,4,0.370,9,0.234,-1.820
191.36,-0.409,0.697,9,4,0.370,9,0.053,-1.820
191.49,-0.410,0.697,9,4,0.370,9,0.046,-2.268
191.62,-0.410,0.697,9,4,0.370,9,0.049,-2.059
191.74,-0.410,0.697,9,4,0.370,9,0.046,-2.270
191.87,-0.410,0.697,9,4,0.370,9,0.039,-2.718
192.00,-0.410,0.696,9,4,0.370,9,0.044,-2.413
192.13,-0.410,0.696,9,4,0.370,9,0.096,-2.637
192.26,-0.410,0.696,9,4,0.370,9,0.172,-2.189
192.38,-0.410,0.696,9,4,0.370,9,0.048,-2.130
192.51,-0.410,0.696,9,4,0.370,9,0.045,-2.354
192.64,-0.410,0.696,9,4,0.370,9,0.044,-2.401
192.77,-0.410,0.696,9,4,0.370,9,0.136,-2.401
192.90,-0.410,0.696,9,4,0.370,9,0.211,-1.953
193.02,-0.410,0.696,9,4,0.370,9,0.287,-1.505
193.15,-0.410,0.696,9,4,0.370,9,0.287,-1.505
193.28,-0.410,0.696,9,4,0.370,9,0.237,-1.801
193.41,-0.410,0.696,9,4,0.370,9,0.046,-2.249
193.54,-0.410,0.696,9,4,0.370,9,0.124,-2.473
193.66,-0.410,0.696,9,4,0.370,9,0.199,-2.025
193.79,-0.410,0.696,9,4,0.370,9,0.275,-1.577
193.92,-0.410,0.696,9,4,0.370,9,0.053,-1.801
194.05,-0.410,0.696,9,4,0.370,9,0.237,-1.801
194.18,-0.410,0.696,9,4,0.370,9,0.275,-1.577
194.30,-0.410,0.696,9,4,0.370,9,0.053,-1.801
194.43,-0.410,0.697,9,4,0.370,9,0.052,-1.887
194.56,-0.410,0.696,9,4,0.370,9,0.222,-1.887
194.69,-0.410,0.697,9,4,0.370,9,0.052,-1.887
194.82,-0.410,0.697,9,4,0.370,9,0.222,-1.887
194.94,-0.410,0.697,9,4,0.370,9,0.223,-1.885
195.07,-0.410,0.697,9,4,0.370,9,0.048,-2.109
195.20,-0.410,0.697,9,4,0.370,9,0.042,-2.557
195.33,-0.410,0.696,9,4,0.370,9,0.109,-2.557
195.46,-0.410,0.696,9,4,0.370,9,0.185,-2.109
195.58,-0.410,0.696,9,4,0.370,9,0.048,-2.109
195.71,-0.410,0.696,9,4,0.370,9,0.185,-2.109
195.84,-0.410,0.697,9,4,0.370,9,0.260,-1.661
195.97,-0.410,0.697,9,4,0.370,9,0.055,-1.656
196.10,-0.410,0.697,9,4,0.370,9,0.048,-2.104
196.22,-0.410,0.696,9,4,0.370,9,0.042,-2.552
196.35,-0.410,0.696,9,4,0.370,9,0.146,-2.340
196.48,-0.410,0.696,9,4,0.370,9,0.046,-2.275
196.61,-0.410,0.696,9,4,0.370,9,0.052,-1.876
196.74,-0.410,0.696,9,4,0.370,9,0.224,-1.876
196.86,-0.410,0.696,9,4,0.370,9,0.049,-2.100
196.99,-0.410,0.697,9,4,0.370,9,0.224,-1.876
197.12,-0.410,0.697,9,4,0.370,9,0.243,-1.767
197.25,-0.410,0.697,9,4,0.370,9,0.205,-1.991
197.38,-0.410,0.696,9,4,0.370,9,0.167,-2.215
197.50,-0.410,0.697,9,4,0.370,9,0.240,-1.782
197.63,-0.410,0.697,9,4,0.370,9,0.053,-1.782
197.76,-0.410,0.697,9,4,0.370,9,0.053,-1.782
197.89,-0.410,0.697,9,4,0.370,9,0.050,-2.006
198.02,-0.410,0.697,9,4,0.370,9,0.043,-2.454
198.14,-0.410,0.696,9,4,0.370,9,0.042,-2.550
198.27,-0.410,0.696,9,4,0.370,9,0.045,-2.326
198.40,-0.410,0.696,9,4,0.370,9,0.177,-2.156
198.53,-0.410,0.696,9,4,0.370,9,0.247,-1.743
198.66,-0.410,0.696,9,4,0.370,9,0.209,-1.967
198.78,-0.410,0.697,9,4,0.370,9,0.284,-1.519
198.91,-0.410,0.697,9,4,0.370,9,0.050,-1.967
199.04,-0.410,0.697,9,4,0.370,9,0.209,-1.967
199.17,-0.410,0.697,9,4,0.370,9,0.251,-1.719
199.30,-0.410,0.697,9,4,0.370,9,0.251,-1.719
199.42,-0.410,0.697,9,4,0.370,9,0.051,-1.943
199.55,-0.410,0.697,9,4,0.370,9,0.048,-2.167
199.68,-0.410,0.697,9,4,0.370,9,0.213,-1.943
199.81,-0.410,0.697,9,4,0.370,9,0.050,-2.012
199.94,-0.410,0.697,9,4,0.370,9,0.201,-2.012
200.06,-0.410,0.697,9,4,0.370,9,0.043,-2.460
200.19,-0.410,0.697,9,4,0.370,9,0.088,-2.684
200.32,-0.410,0.696,9,4,0.370,9,0.045,-2.332
200.45,-0.410,0.696,9,4,0.370,9,0.044,-2.368
200.58,-0.410,0.696,9,4,0.370,9,0.217,-1.920
200.70,-0.410,0.697,9,4,0.370,9,0.055,-1.697
200.83,-0.410,0.697,9,4,0.370,9,0.254,-1.697
200.96,-0.410,0.697,9,4,0.370,9,0.048,-2.145
201.09,-0.410,0.697,9,4,0.370,9,0.179,-2.145
201.22,-0.410,0.697,9,4,0.370,9,0.198,-2.029
201.34,-0.410,0.697,9,4,0.370,9,0.047,-2.170
201.47,-0.410,0.696,9,4,0.370,9,0.175,-2.170
201.60,-0.410,0.697,9,4,0.370,9,0.053,-1.777
201.73,-0.410,0.697,9,4,0.370,9,0.241,-1.777
201.86,-0.410,0.697,9,4,0.370,9,0.241,-1.777
201.98,-0.410,0.697,9,4,0.370,9,0.047,-2.225
202.11,-0.410,0.697,9,4,0.370,9,0.043,-2.449
202.24,-0.410,0.696,9,4,0.370,9,0.128,-2.449
202.37,-0.410,0.696,9,4,0.370,9,0.050,-2.001
202.50,-0.410,0.697,9,4,0.370,9,0.241,-1.777
202.62,-0.410,0.697,9,4,0.370,9,0.241,-1.777
202.75,-0.410,0.697,9,4,0.370,9,0.050,-2.001
202.88,-0.410,0.697,9,4,0.370,9,0.053,-1.777
203.01,-0.410,0.697,9,4,0.370,9,0.053,-1.777
203.14,-0.410,0.697,9,4,0.370,9,0.047,-2.225
203.26,-0.410,0.697,9,4,0.370,9,0.165,-2.225
203.39,-0.410,0.697,9,4,0.370,9,0.203,-2.001
203.52,-0.410,0.697,9,4,0.370,9,0.225,-1.870
203.65,-0.410,0.697,9,4,0.370,9,0.052,-1.870
203.78,-0.410,0.697,9,4,0.370,9,0.225,-1.870
203.90,-0.410,0.697,9,4,0.370,9,0.049,-2.094
204.03,-0.410,0.697,9,4,0.370,9,0.045,-2.318
204.16,-0.410,0.697,9,4,0.370,9,0.163,-2.241
204.29,-0.410,0.697,9,4,0.370,9,0.200,-2.017
204.42,-0.410,0.697,9,4,0.370,9,0.206,-1.987
204.54,-0.410,0.697,9,4,0.370,9,0.047,-2.211
204.67,-0.410,0.697,9,4,0.370,9,0.045,-2.352
204.80,-0.410,0.697,9,4,0.370,9,0.048,-2.158
204.93,-0.410,0.697,9,4,0.370,9,0.048,-2.126
205.06,-0.410,0.697,9,4,0.370,9,0.048,-2.123
205.18,-0.410,0.697,9,4,0.370,9,0.183,-2.123
205.31,-0.410,0.697,9,4,0.370,9,0.045,-2.363
205.44,-0.410,0.697,9,4,0.370,9,0.048,-2.153
205.57,-0.410,0.697,9,4,0.370,9,0.048,-2.102
205.70,-0.410,0.697,9,4,0.370,9,0.186,-2.102
205.82,-0.410,0.697,9,4,0.370,9,0.157,-2.277
205.95,-0.410,0.697,9,4,0.370,9,0.194,-2.053
206.08,-0.410,0.697,9,4,0.370,9,0.050,-1.981
206.21,-0.410,0.697,9,4,0.370,9,0.282,-1.533
206.34,-0.410,0.697,9,4,0.370,9,0.268,-1.618
206.46,-0.410,0.697,9,4,0.370,9,0.056,-1.618
206.59,-0.410,0.697,9,4,0.370,9,0.049,-2.066
206.72,-0.410,0.697,9,4,0.370,9,0.046,-2.290
206.85,-0.410,0.697,9,4,0.370,9,0.052,-1.884
206.98,-0.410,0.697,9,4,0.370,9,0.048,-2.108
207.10,-0.410,0.697,9,4,0.370,9,0.042,-2.556
207.23,-0.410,0.697,9,4,0.370,9,0.037,-2.848
207.36,-0.410,0.696,9,4,0.370,9,0.117,-2.513
207.49,-0.410,0.696,9,4,0.370,9,0.043,-2.483
207.62,-0.410,0.696,9,4,0.370,9,0.197,-2.039
207.74,-0.410,0.696,9,4,0.370,9,0.190,-2.078
207.87,-0.410,0.696,9,4,0.370,9,0.228,-1.854
208.00,-0.410,0.696,9,4,0.370,9,0.209,-1.968
208.13,-0.410,0.697,9,4,0.370,9,0.246,-1.744
208.26,-0.410,0.697,9,4,0.370,9,0.246,-1.744
208.38,-0.410,0.697,9,4,0.370,9,0.054,-1.744
208.51,-0.410,0.697,9,4,0.370,9,0.050,-1.968
208.64,-0.410,0.697,9,4,0.370,9,0.047,-2.192
208.77,-0.410,0.697,9,4,0.370,9,0.047,-2.173
208.90,-0.410,0.697,9,4,0.370,9,0.050,-2.002
209.02,-0.410,0.697,9,4,0.370,9,0.043,-2.450
209.15,-0.410,0.696,9,4,0.370,9,0.090,-2.674
209.28,-0.410,0.696,9,4,0.370,9,0.165,-2.226
209.41,-0.410,0.696,9,4,0.370,9,0.165,-2.226
209.54,-0.410,0.696,9,4,0.370,9,0.241,-1.778
209.66,-0.410,0.696,9,4,0.370,9,0.246,-1.749
209.79,-0.410,0.696,9,4,0.370,9,0.246,-1.749
209.92,-0.410,0.697,9,4,0.370,9,0.054,-1.749
210.05,-0.410,0.697,9,4,0.370,9,0.054,-1.749
210.18,-0.410,0.697,9,4,0.370,9,0.208,-1.973
210.30,-0.410,0.697,9,4,0.370,9,0.050,-1.972
210.43,-0.410,0.697,9,4,0.370,9,0.246,-1.748
210.56,-0.410,0.697,9,4,0.370,9,0.057,-1.524
210.69,-0.410,0.697,9,4,0.370,9,0.050,-1.972
210.82,-0.410,0.697,9,4,0.370,9,0.047,-2.211
210.94,-0.410,0.697,9,4,0.370,9,0.049,-2.049
211.07,-0.410,0.697,9,4,0.370,9,0.046,-2.269
211.20,-0.410,0.697,9,4,0.370,9,0.049,-2.045
211.33,-0.410,0.697,9,4,0.370,9,0.158,-2.269
211.46,-0.410,0.697,9,4,0.370,9,0.233,-1.821
211.58,-0.410,0.697,9,4,0.370,9,0.049,-2.041
211.71,-0.410,0.697,9,4,0.370,9,0.234,-1.817
211.84,-0.410,0.697,9,4,0.370,9,0.049,-2.041
211.97,-0.410,0.697,9,4,0.370,9,0.159,-2.265
212.10,-0.410,0.697,9,4,0.370,9,0.191,-2.071
212.22,-0.410,0.697,9,4,0.370,9,0.047,-2.177
212.35,-0.410,0.697,9,4,0.370,9,0.211,-1.953
212.48,-0.410,0.697,9,4,0.370,9,0.045,-2.301
212.61,-0.410,0.697,9,4,0.370,9,0.048,-2.151
212.74,-0.410,0.697,9,4,0.370,9,0.044,-2.375
212.86,-0.410,0.697,9,4,0.370,9,0.051,-1.927
212.99,-0.410,0.697,9,4,0.370,9,0.216,-1.927
213.12,-0.410,0.697,9,4,0.370,9,0.048,-2.151
213.25,-0.410,0.697,9,4,0.370,9,0.050,-2.007
213.38,-0.410,0.697,9,4,0.370,9,0.202,-2.007
213.50,-0.410,0.697,9,4,0.370,9,0.254,-1.701
213.63,-0.410,0.697,9,4,0.370,9,0.216,-1.925
213.76,-0.410,0.697,9,4,0.370,9,0.051,-1.925
213.89,-0.410,0.697,9,4,0.370,9,0.216,-1.925
214.02,-0.410,0.697,9,4,0.370,9,0.044,-2.373
214.14,-0.410,0.697,9,4,0.370,9,0.038,-2.821
214.27,-0.410,0.697,9,4,0.370,9,0.042,-2.508
214.40,-0.410,0.697,9,4,0.370,9,0.046,-2.284
214.53,-0.410,0.697,9,4,0.370,9,0.048,-2.143
214.66,-0.410,0.697,9,4,0.370,9,0.217,-1.919
214.78,-0.410,0.697,9,4,0.370,9,0.261,-1.656
214.91,-0.410,0.697,9,4,0.370,9,0.299,-1.432
215.04,-0.410,0.697,9,4,0.370,9,0.052,-1.880
215.17,-0.410,0.697,9,4,0.370,9,0.223,-1.880
215.30,-0.410,0.697,9,4,0.370,9,0.186,-2.104
215.42,-0.410,0.697,9,4,0.370,9,0.046,-2.248
215.55,-0.410,0.697,9,4,0.370,9,0.124,-2.472
215.68,-0.410,0.697,9,4,0.370,9,0.199,-2.024
215.81,-0.410,0.697,9,4,0.370,9,0.050,-2.024
215.94,-0.410,0.697,9,4,0.370,9,0.050,-2.023
216.06,-0.410,0.697,9,4,0.370,9,0.237,-1.799
216.19,-0.410,0.697,9,4,0.370,9,0.050,-2.023
216.32,-0.410,0.697,9,4,0.370,9,0.050,-2.023
216.45,-0.410,0.697,9,4,0.370,9,0.199,-2.023
216.58,-0.410,0.697,9,4,0.370,9,0.044,-2.376
216.70,-0.410,0.697,9,4,0.370,9,0.048,-2.153
216.83,-0.410,0.697,9,4,0.370,9,0.215,-1.929
216.96,-0.410,0.697,9,4,0.370,9,0.257,-1.681
217.09,-0.409,0.698,9,4,0.370,9,0.051,-1.905
217.22,-0.410,0.697,9,4,0.370,9,0.045,-2.353
217.34,-0.410,0.697,9,4,0.370,9,0.043,-2.445
217.47,-0.410,0.697,9,4,0.370,9,0.038,-2.824
217.60,-0.410,0.697,9,4,0.370,9,0.041,-2.569
217.73,-0.410,0.696,9,4,0.370,9,0.048,-2.163
217.86,-0.410,0.696,9,4,0.370,9,0.045,-2.359
217.98,-0.410,0.696,9,4,0.370,9,0.143,-2.359
218.11,-0.410,0.696,9,4,0.370,9,0.205,-1.989
218.24,-0.410,0.696,9,4,0.370,9,0.167,-2.213
218.37,-0.410,0.696,9,4,0.370,9,0.243,-1.765
218.50,-0.410,0.696,9,4,0.370,9,0.048,-2.109
218.62,-0.410,0.696,9,4,0.370,9,0.048,-2.109
218.75,-0.410,0.696,9,4,0.370,9,0.223,-1.885
218.88,-0.410,0.697,9,4,0.370,9,0.298,-1.437
219.01,-0.410,0.697,9,4,0.370,9,0.058,-1.464
219.14,-0.410,0.697,9,4,0.370,9,0.223,-1.883
219.26,-0.410,0.697,9,4,0.370,9,0.045,-2.331
219.39,-0.410,0.697,9,4,0.370,9,0.045,-2.335
219.52,-0.410,0.696,9,4,0.370,9,0.109,-2.559
219.65,-0.410,0.696,9,4,0.370,9,0.185,-2.111
219.78,-0.410,0.696,9,4,0.370,9,0.052,-1.887
219.90,-0.410,0.697,9,4,0.370,9,0.260,-1.663
220.03,-0.410,0.697,9,4,0.370,9,0.222,-1.887
220.16,-0.410,0.697,9,4,0.370,9,0.048,-2.111
220.29,-0.410,0.696,9,4,0.370,9,0.185,-2.111
220.42,-0.410,0.697,9,4,0.370,9,0.052,-1.893
220.54,-0.410,0.697,9,4,0.370,9,0.052,-1.893
220.67,-0.410,0.697,9,4,0.370,9,0.048,-2.117
220.80,-0.410,0.697,9,4,0.370,9,0.049,-2.043
220.93,-0.410,0.697,9,4,0.370,9,0.046,-2.267
221.06,-0.410,0.697,9,4,0.370,9,0.175,-2.167
221.18,-0.410,0.697,9,4,0.370,9,0.221,-1.893
221.31,-0.410,0.697,9,4,0.370,9,0.051,-1.965
221.44,-0.410,0.697,9,4,0.370,9,0.047,-2.189
221.57,-0.410,0.697,9,4,0.370,9,0.044,-2.413
221.70,-0.410,0.697,9,4,0.370,9,0.051,-1.965
221.82,-0.410,0.697,9,4,0.370,9,0.054,-1.741
221.95,-0.410,0.697,9,4,0.370,9,0.209,-1.965
222.08,-0.410,0.697,9,4,0.370,9,0.051,-1.965
222.21,-0.410,0.697,9,4,0.370,9,0.047,-2.189
222.34,-0.410,0.697,9,4,0.370,9,0.134,-2.413
222.46,-0.410,0.697,9,4,0.370,9,0.207,-1.978
222.59,-0.410,0.697,9,4,0.370,9,0.283,-1.530
222.72,-0.410,0.697,9,4,0.370,9,0.054,-1.754
222.85,-0.410,0.697,9,4,0.370,9,0.245,-1.754
222.98,-0.410,0.697,9,4,0.370,9,0.207,-1.978
223.10,-0.410,0.697,9,4,0.370,9,0.047,-2.202
223.23,-0.410,0.697,9,4,0.370,9,0.132,-2.426
223.36,-0.410,0.697,9,4,0.370,9,0.192,-2.068
223.49,-0.410,0.697,9,4,0.370,9,0.201,-2.016
223.62,-0.410,0.697,9,4,0.370,9,0.047,-2.167
223.74,-0.410,0.697,9,4,0.370,9,0.041,-2.615
223.87,-0.410,0.696,9,4,0.370,9,0.137,-2.391
224.00,-0.410,0.696,9,4,0.370,9,0.047,-2.167
224.13,-0.410,0.696,9,4,0.370,9,0.137,-2.391
224.26,-0.410,0.696,9,4,0.370,9,0.051,-1.943
224.38,-0.410,0.696,9,4,0.370,9,0.051,-1.943
224.51,-0.410,0.697,9,4,0.370,9,0.251,-1.719
224.64,-0.410,0.697,9,4,0.370,9,0.054,-1.719
224.77,-0.410,0.697,9,4,0.370,9,0.288,-1.495
224.90,-0.410,0.697,9,4,0.370,9,0.241,-1.779
225.02,-0.410,0.697,9,4,0.370,9,0.241,-1.779
225.15,-0.410,0.697,9,4,0.370,9,0.241,-1.779
225.28,-0.410,0.697,9,4,0.370,9,0.050,-2.003
225.41,-0.410,0.697,9,4,0.370,9,0.043,-2.451
225.54,-0.410,0.697,9,4,0.370,9,0.127,-2.451
225.66,-0.410,0.697,9,4,0.370,9,0.047,-2.227
225.79,-0.410,0.696,9,4,0.370,9,0.176,-2.162
225.92,-0.410,0.697,9,4,0.370,9,0.053,-1.797
226.05,-0.410,0.697,9,4,0.370,9,0.053,-1.797
226.18,-0.410,0.697,9,4,0.370,9,0.050,-2.021
226.30,-0.410,0.697,9,4,0.370,9,0.050,-2.021
226.43,-0.410,0.697,9,4,0.370,9,0.050,-2.021
226.56,-0.410,0.697,9,4,0.370,9,0.046,-2.245
226.69,-0.410,0.697,9,4,0.370,9,0.170,-2.197
226.82,-0.410,0.697,9,4,0.370,9,0.154,-2.291
226.94,-0.410,0.697,9,4,0.370,9,0.050,-1.969
227.07,-0.410,0.697,9,4,0.370,9,0.047,-2.193
227.20,-0.410,0.697,9,4,0.370,9,0.050,-2.031
227.33,-0.410,0.697,9,4,0.370,9,0.050,-1.989
227.46,-0.410,0.697,9,4,0.370,9,0.281,-1.541
227.58,-0.410,0.697,9,4,0.370,9,0.057,-1.541
227.71,-0.410,0.697,9,4,0.370,9,0.054,-1.765
227.84,-0.410,0.697,9,4,0.370,9,0.050,-2.000
227.97,-0.410,0.697,9,4,0.370,9,0.050,-2.000
228.10,-0.410,0.697,9,4,0.370,9,0.241,-1.776
228.22,-0.410,0.697,9,4,0.370,9,0.047,-2.224
228.35,-0.410,0.697,9,4,0.370,9,0.045,-2.331
228.48,-0.410,0.697,9,4,0.370,9,0.045,-2.331
228.61,-0.410,0.697,9,4,0.370,9,0.048,-2.107
228.74,-0.410,0.697,9,4,0.370,9,0.050,-1.987
228.86,-0.410,0.697,9,4,0.370,9,0.168,-2.211
228.99,-0.410,0.697,9,4,0.370,9,0.243,-1.763
229.12,-0.410,0.697,9,4,0.370,9,0.222,-1.887
229.25,-0.410,0.697,9,4,0.370,9,0.260,-1.663
229.38,-0.410,0.697,9,4,0.370,9,0.260,-1.663
229.50,-0.410,0.697,9,4,0.370,9,0.052,-1.887
229.63,-0.410,0.697,9,4,0.370,9,0.052,-1.887
229.76,-0.410,0.697,9,4,0.370,9,0.048,-2.111
229.89,-0.410,0.697,9,4,0.370,9,0.185,-2.111
230.02,-0.410,0.697,9,4,0.370,9,0.185,-2.111
230.14,-0.410,0.697,9,4,0.370,9,0.048,-2.120
230.27,-0.410,0.697,9,4,0.370,9,0.045,-2.344
230.40,-0.410,0.697,9,4,0.370,9,0.048,-2.120
230.53,-0.410,0.697,9,4,0.370,9,0.049,-2.040
230.66,-0.410,0.697,9,4,0.370,9,0.050,-2.017
230.78,-0.410,0.697,9,4,0.370,9,0.163,-2.241
230.91,-0.410,0.697,9,4,0.370,9,0.046,-2.251
231.04,-0.410,0.697,9,4,0.370,9,0.040,-2.699
231.17,-0.410,0.696,9,4,0.370,9,0.043,-2.475
231.30,-0.410,0.696,9,4,0.370,9,0.187,-2.099
231.42,-0.410,0.696,9,4,0.370,9,0.051,-1.964
231.55,-0.410,0.697,9,4,0.370,9,0.285,-1.516
231.68,-0.410,0.697,9,4,0.370,9,0.057,-1.516
231.81,-0.410,0.697,9,4,0.370,9,0.052,-1.891
231.94,-0.410,0.697,9,4,0.370,9,0.045,-2.339
232.06,-0.410,0.696,9,4,0.370,9,0.109,-2.563
232.19,-0.410,0.696,9,4,0.370,9,0.152,-2.305
232.32,-0.410,0.696,9,4,0.370,9,0.049,-2.081
232.45,-0.410,0.696,9,4,0.370,9,0.049,-2.081
232.58,-0.410,0.696,9,4,0.370,9,0.045,-2.305
232.70,-0.410,0.696,9,4,0.370,9,0.048,-2.158
232.83,-0.410,0.696,9,4,0.370,9,0.181,-2.133
232.96,-0.410,0.696,9,4,0.370,9,0.053,-1.806
233.09,-0.410,0.697,9,4,0.370,9,0.053,-1.806
233.22,-0.410,0.697,9,4,0.370,9,0.050,-2.030
233.34,-0.410,0.696,9,4,0.370,9,0.046,-2.254
233.47,-0.410,0.697,9,4,0.370,9,0.217,-1.921
233.60,-0.410,0.697,9,4,0.370,9,0.254,-1.697
233.73,-0.410,0.697,9,4,0.370,9,0.058,-1.473
233.86,-0.410,0.697,9,4,0.370,9,0.266,-1.626
233.98,-0.410,0.697,9,4,0.370,9,0.052,-1.850
234.11,-0.410,0.697,9,4,0.370,9,0.056,-1.626
234.24,-0.410,0.697,9,4,0.370,9,0.229,-1.850
234.37,-0.410,0.697,9,4,0.370,9,0.046,-2.298
234.50,-0.410,0.697,9,4,0.370,9,0.043,-2.439
234.62,-0.410,0.697,9,4,0.370,9,0.205,-1.991
234.75,-0.410,0.697,9,4,0.370,9,0.047,-2.202
234.88,-0.410,0.697,9,4,0.370,9,0.169,-2.202
235.01,-0.410,0.697,9,4,0.370,9,0.169,-2.202
235.14,-0.410,0.697,9,4,0.370,9,0.177,-2.156
235.26,-0.410,0.697,9,4,0.370,9,0.048,-2.156
235.39,-0.410,0.697,9,4,0.370,9,0.044,-2.380
235.52,-0.410,0.696,9,4,0.370,9,0.139,-2.380
235.65,-0.410,0.696,9,4,0.370,9,0.215,-1.932
235.78,-0.410,0.696,9,4,0.370,9,0.233,-1.823
235.90,-0.410,0.697,9,4,0.370,9,0.271,-1.599
236.03,-0.410,0.697,9,4,0.370,9,0.056,-1.599
236.16,-0.410,0.697,9,4,0.370,9,0.319,-1.310
236.29,-0.410,0.697,9,4,0.370,9,0.055,-1.654
236.42,-0.410,0.697,9,4,0.370,9,0.053,-1.798
236.54,-0.410,0.697,9,4,0.370,9,0.053,-1.798
236.67,-0.410,0.697,9,4,0.370,9,0.046,-2.246
236.80,-0.410,0.697,9,4,0.370,9,0.043,-2.470
236.93,-0.410,0.697,9,4,0.370,9,0.043,-2.470
237.06,-0.410,0.697,9,4,0.370,9,0.043,-2.470
237.18,-0.410,0.697,9,4,0.370,9,0.200,-2.022
237.31,-0.410,0.697,9,4,0.370,9,0.046,-2.246
237.44,-0.410,0.697,9,4,0.370,9,0.045,-2.327
237.57,-0.410,0.697,9,4,0.370,9,0.224,-1.879
237.70,-0.410,0.697,9,4,0.370,9,0.299,-1.431
237.82,-0.410,0.697,9,4,0.370,9,0.298,-1.436
237.95,-0.410,0.697,9,4,0.370,9,0.054,-1.724
238.08,-0.410,0.697,9,4,0.370,9,0.050,-2.028
238.21,-0.410,0.697,9,4,0.370,9,0.236,-1.804
238.34,-0.410,0.697,9,4,0.370,9,0.046,-2.252
238.46,-0.410,0.697,9,4,0.370,9,0.043,-2.476
238.59,-0.410,0.697,9,4,0.370,9,0.042,-2.517
238.72,-0.410,0.697,9,4,0.370,9,0.192,-2.069
238.85,-0.410,0.697,9,4,0.370,9,0.267,-1.621
238.98,-0.410,0.697,9,4,0.370,9,0.052,-1.845
239.10,-0.410,0.697,9,4,0.370,9,0.192,-2.069
239.23,-0.410,0.697,9,4,0.370,9,0.195,-2.051
239.36,-0.410,0.697,9,4,0.370,9,0.047,-2.214
239.49,-0.410,0.697,9,4,0.370,9,0.167,-2.214
239.62,-0.410,0.697,9,4,0.370,9,0.050,-1.990
239.74,-0.410,0.697,9,4,0.370,9,0.043,-2.438
239.87,-0.410,0.697,9,4,0.370,9,0.047,-2.214
240.00,-0.410,0.697,9,4,0.370,9,0.048,-2.149
240.13,-0.410,0.697,9,4,0.370,9,0.178,-2.149
240.26,-0.410,0.697,9,4,0.370,9,0.216,-1.925
240.38,-0.410,0.697,9,4,0.370,9,0.054,-1.701
240.51,-0.410,0.697,9,4,0.370,9,0.051,-1.925
240.64,-0.410,0.697,9,4,0.370,9,0.051,-1.925
240.77,-0.410,0.697,9,4,0.370,9,0.044,-2.373
240.90,-0.410,0.697,9,4,0.370,9,0.042,-2.554
241.02,-0.410,0.697,9,4,0.370,9,0.037,-2.836
241.15,-0.410,0.696,9,4,0.370,9,0.126,-2.457
241.28,-0.410,0.696,9,4,0.370,9,0.195,-2.051
241.41,-0.410,0.696,9,4,0.370,9,0.051,-1.949
241.54,-0.410,0.697,9,4,0.370,9,0.250,-1.725
241.66,-0.410,0.697,9,4,0.370,9,0.051,-1.949
241.79,-0.410,0.697,9,4,0.370,9,0.212,-1.949
241.92,-0.410,0.697,9,4,0.370,9,0.051,-1.918
242.05,-0.410,0.697,9,4,0.370,9,0.217,-1.918
242.18,-0.410,0.697,9,4,0.370,9,0.051,-1.918
242.30,-0.410,0.697,9,4,0.370,9,0.179,-2.142
242.43,-0.410,0.697,9,4,0.370,9,0.041,-2.590
242.56,-0.410,0.697,9,4,0.370,9,0.179,-2.142
242.69,-0.410,0.697,9,4,0.370,9,0.217,-1.918
242.82,-0.410,0.697,9,4,0.370,9,0.049,-2.082
242.94,-0.410,0.696,9,4,0.370,9,0.152,-2.306
243.07,-0.410,0.697,9,4,0.370,9,0.227,-1.858
243.20,-0.410,0.697,9,4,0.370,9,0.265,-1.634
243.33,-0.410,0.697,9,4,0.370,9,0.052,-1.858
243.46,-0.410,0.697,9,4,0.370,9,0.225,-1.869
243.58,-0.410,0.697,9,4,0.370,9,0.052,-1.869
243.71,-0.410,0.697,9,4,0.370,9,0.225,-1.869
243.84,-0.410,0.697,9,4,0.370,9,0.049,-2.093
243.97,-0.410,0.697,9,4,0.370,9,0.050,-2.028
244.10,-0.410,0.697,9,4,0.370,9,0.050,-1.988
244.22,-0.410,0.697,9,4,0.370,9,0.050,-1.988
244.35,-0.410,0.697,9,4,0.370,9,0.043,-2.436
244.48,-0.410,0.697,9,4,0.370,9,0.205,-1.988
244.61,-0.410,0.697,9,4,0.370,9,0.205,-1.988
244.74,-0.410,0.697,9,4,0.370,9,0.048,-2.107
244.86,-0.410,0.697,9,4,0.370,9,0.223,-1.883
244.99,-0.410,0.697,9,4,0.370,9,0.052,-1.881
245.12,-0.410,0.697,9,4,0.370,9,0.186,-2.105
245.25,-0.410,0.697,9,4,0.370,9,0.053,-1.821
245.38,-0.410,0.697,9,4,0.370,9,0.234,-1.821
245.50,-0.410,0.698,9,4,0.370,9,0.049,-2.045
245.63,-0.410,0.698,9,4,0.370,9,0.046,-2.269
245.76,-0.410,0.697,9,4,0.370,9,0.045,-2.325
245.89,-0.410,0.697,9,4,0.370,9,0.045,-2.325
246.02,-0.410,0.697,9,4,0.370,9,0.212,-1.951
246.14,-0.410,0.697,9,4,0.370,9,0.193,-2.063
246.27,-0.410,0.697,9,4,0.370,9,0.238,-1.794
246.40,-0.410,0.697,9,4,0.370,9,0.050,-2.018
246.53,-0.410,0.697,9,4,0.370,9,0.043,-2.466
246.66,-0.410,0.697,9,4,0.370,9,0.047,-2.186
246.78,-0.410,0.697,9,4,0.370,9,0.230,-1.841
246.91,-0.410,0.697,9,4,0.370,9,0.192,-2.065
247.04,-0.410,0.697,9,4,0.370,9,0.050,-2.001
247.17,-0.410,0.697,9,4,0.370,9,0.203,-2.001
247.30,-0.410,0.697,9,4,0.370,9,0.221,-1.895
247.42,-0.410,0.697,9,4,0.370,9,0.048,-2.119
247.55,-0.410,0.697,9,4,0.370,9,0.183,-2.119
247.68,-0.410,0.697,9,4,0.370,9,0.044,-2.380
247.81,-0.410,0.697,9,4,0.370,9,0.038,-2.828
247.94,-0.410,0.697,9,4,0.370,9,0.044,-2.380
248.06,-0.410,0.697,9,4,0.370,9,0.048,-2.156
248.19,-0.410,0.697,9,4,0.370,9,0.215,-1.932
248.32,-0.410,0.697,9,4,0.370,9,0.204,-1.996
248.45,-0.410,0.697,9,4,0.370,9,0.051,-1.964
248.58,-0.410,0.697,9,4,0.370,9,0.047,-2.188
248.70,-0.410,0.697,9,4,0.370,9,0.047,-2.168
248.83,-0.410,0.697,9,4,0.370,9,0.137,-2.392
248.96,-0.410,0.697,9,4,0.370,9,0.213,-1.944
249.09,-0.410,0.697,9,4,0.370,9,0.257,-1.681
249.22,-0.410,0.697,9,4,0.370,9,0.219,-1.905
249.34,-0.410,0.697,9,4,0.370,9,0.051,-1.905
249.47,-0.410,0.697,9,4,0.370,9,0.182,-2.129
249.60,-0.410,0.697,9,4,0.370,9,0.144,-2.353
249.73,-0.410,0.697,9,4,0.370,9,0.173,-2.182
249.86,-0.410,0.697,9,4,0.370,9,0.053,-1.771
249.98,-0.410,0.697,9,4,0.370,9,0.242,-1.771
250.11,-0.410,0.697,9,4,0.370,9,0.050,-1.995
250.24,-0.410,0.697,9,4,0.370,9,0.047,-2.219
250.37,-0.410,0.697,9,4,0.370,9,0.040,-2.667
250.50,-0.410,0.697,9,4,0.370,9,0.044,-2.415
250.62,-0.410,0.696,9,4,0.370,9,0.044,-2.415
250.75,-0.410,0.696,9,4,0.370,9,0.209,-1.967
250.88,-0.410,0.696,9,4,0.370,9,0.247,-1.743
251.01,-0.410,0.697,9,4,0.370,9,0.284,-1.519
251.14,-0.410,0.697,9,4,0.370,9,0.261,-1.656
251.26,-0.410,0.697,9,4,0.370,9,0.055,-1.656
251.39,-0.410,0.697,9,4,0.370,9,0.253,-1.704
251.52,-0.410,0.697,9,4,0.370,9,0.051,-1.928
251.65,-0.410,0.697,9,4,0.370,9,0.048,-2.152
251.78,-0.410,0.697,9,4,0.370,9,0.178,-2.152
251.90,-0.410,0.697,9,4,0.370,9,0.046,-2.271
252.03,-0.410,0.697,9,4,0.370,9,0.039,-2.719
252.16,-0.410,0.697,9,4,0.370,9,0.127,-2.453
252.29,-0.410,0.697,9,4,0.370,9,0.050,-2.005
252.42,-0.410,0.697,9,4,0.370,9,0.202,-2.005
252.54,-0.410,0.697,9,4,0.370,9,0.219,-1.907
252.67,-0.410,0.697,9,4,0.370,9,0.052,-1.876
252.80,-0.410,0.697,9,4,0.370,9,0.262,-1.652
252.93,-0.410,0.697,9,4,0.370,9,0.052,-1.876
253.06,-0.410,0.697,9,4,0.370,9,0.049,-2.100
253.18,-0.410,0.697,9,4,0.370,9,0.049,-2.100
253.31,-0.410,0.697,9,4,0.370,9,0.042,-2.548
253.44,-0.410,0.697,9,4,0.370,9,0.111,-2.548
253.57,-0.410,0.696,9,4,0.370,9,0.187,-2.100
253.70,-0.410,0.697,9,4,0.370,9,0.224,-1.876
253.82,-0.410,0.697,9,4,0.370,9,0.052,-1.876
253.95,-0.410,0.697,9,4,0.370,9,0.045,-2.324
254.08,-0.410,0.697,9,4,0.370,9,0.051,-1.906
254.21,-0.410,0.696,9,4,0.370,9,0.182,-2.130
254.34,-0.410,0.697,9,4,0.370,9,0.219,-1.906
254.46,-0.410,0.697,9,4,0.370,9,0.246,-1.747
254.59,-0.410,0.697,9,4,0.370,9,0.054,-1.747
254.72,-0.410,0.697,9,4,0.370,9,0.054,-1.747
254.85,-0.410,0.697,9,4,0.370,9,0.246,-1.747
254.98,-0.410,0.697,9,4,0.370,9,0.246,-1.747
255.10,-0.410,0.697,9,4,0.370,9,0.054,-1.747
255.23,-0.410,0.697,9,4,0.370,9,0.047,-2.195
255.36,-0.410,0.697,9,4,0.370,9,0.170,-2.195
255.49,-0.410,0.697,9,4,0.370,9,0.047,-2.232
255.62,-0.410,0.697,9,4,0.370,9,0.177,-2.156
255.74,-0.410,0.697,9,4,0.370,9,0.222,-1.891
255.87,-0.410,0.697,9,4,0.370,9,0.052,-1.874
256.00,-0.410,0.697,9,4,0.370,9,0.045,-2.322
256.13,-0.410,0.697,9,4,0.370,9,0.187,-2.098
256.26,-0.410,0.697,9,4,0.370,9,0.045,-2.322
256.38,-0.410,0.697,9,4,0.370,9,0.187,-2.098
256.51,-0.410,0.697,9,4,0.370,9,0.225,-1.874
256.64,-0.410,0.697,9,4,0.370,9,0.049,-2.098
256.77,-0.410,0.697,9,4,0.370,9,0.042,-2.546
256.90,-0.410,0.697,9,4,0.370,9,0.047,-2.186
257.02,-0.410,0.696,9,4,0.370,9,0.172,-2.186
257.15,-0.410,0.696,9,4,0.370,9,0.047,-2.186
257.28,-0.410,0.696,9,4,0.370,9,0.046,-2.284
257.41,-0.410,0.696,9,4,0.370,9,0.193,-2.060
257.54,-0.410,0.696,9,4,0.370,9,0.231,-1.836
257.66,-0.410,0.696,9,4,0.370,9,0.269,-1.612
257.79,-0.410,0.697,9,4,0.370,9,0.056,-1.612
257.92,-0.410,0.697,9,4,0.370,9,0.056,-1.612
258.05,-0.410,0.697,9,4,0.370,9,0.291,-1.478
258.18,-0.410,0.697,9,4,0.370,9,0.282,-1.530
258.30,-0.410,0.697,9,4,0.370,9,0.050,-1.978
258.43,-0.410,0.697,9,4,0.370,9,0.047,-2.202
258.56,-0.410,0.697,9,4,0.370,9,0.207,-1.978
258.69,-0.410,0.697,9,4,0.370,9,0.266,-1.628
258.82,-0.410,0.697,9,4,0.370,9,0.052,-1.852
258.94,-0.410,0.697,9,4,0.370,9,0.052,-1.852
259.07,-0.410,0.697,9,4,0.370,9,0.049,-2.076
259.20,-0.410,0.697,9,4,0.370,9,0.045,-2.300
259.33,-0.410,0.697,9,4,0.370,9,0.042,-2.511
259.46,-0.410,0.697,9,4,0.370,9,0.084,-2.710
259.58,-0.410,0.697,9,4,0.370,9,0.043,-2.485
259.71,-0.410,0.697,9,4,0.370,9,0.197,-2.037
259.84,-0.410,0.697,9,4,0.370,9,0.052,-1.849
259.97,-0.410,0.697,9,4,0.370,9,0.049,-2.073
260.10,-0.410,0.697,9,4,0.370,9,0.229,-1.849
260.22,-0.410,0.697,9,4,0.370,9,0.049,-2.073
260.35,-0.410,0.697,9,4,0.370,9,0.046,-2.297
260.48,-0.410,0.697,9,4,0.370,9,0.047,-2.170
260.61,-0.410,0.697,9,4,0.370,9,0.045,-2.361
260.74,-0.410,0.697,9,4,0.370,9,0.045,-2.361
260.86,-0.410,0.696,9,4,0.370,9,0.048,-2.137
260.99,-0.410,0.696,9,4,0.370,9,0.045,-2.314
261.12,-0.410,0.696,9,4,0.370,9,0.047,-2.168
261.25,-0.410,0.696,9,4,0.370,9,0.045,-2.360
261.38,-0.410,0.696,9,4,0.370,9,0.171,-2.195
261.50,-0.410,0.696,9,4,0.370,9,0.199,-2.027
261.63,-0.410,0.696,9,4,0.370,9,0.213,-1.945
261.76,-0.410,0.696,9,4,0.370,9,0.250,-1.721
261.89,-0.410,0.697,9,4,0.370,9,0.058,-1.497
262.02,-0.410,0.697,9,4,0.370,9,0.056,-1.568
262.14,-0.410,0.697,9,4,0.370,9,0.239,-1.790
262.27,-0.410,0.697,9,4,0.370,9,0.239,-1.790
262.40,-0.410,0.697,9,4,0.370,9,0.239,-1.790
262.53,-0.410,0.697,9,4,0.370,9,0.239,-1.790
262.66,-0.410,0.697,9,4,0.370,9,0.239,-1.790
262.78,-0.410,0.697,9,4,0.370,9,0.050,-2.014
262.91,-0.410,0.697,9,4,0.370,9,0.163,-2.238
263.04,-0.410,0.697,9,4,0.370,9,0.050,-2.016
263.17,-0.410,0.697,9,4,0.370,9,0.163,-2.240
263.30,-0.410,0.697,9,4,0.370,9,0.169,-2.204
263.42,-0.410,0.697,9,4,0.370,9,0.050,-1.980
263.55,-0.410,0.697,9,4,0.370,9,0.207,-1.980
263.68,-0.410,0.697,9,4,0.370,9,0.282,-1.532
263.81,-0.410,0.697,9,4,0.370,9,0.050,-1.980
263.94,-0.410,0.697,9,4,0.370,9,0.044,-2.428
264.06,-0.410,0.697,9,4,0.370,9,0.037,-2.848
264.19,-0.410,0.697,9,4,0.370,9,0.136,-2.400
264.32,-0.410,0.696,9,4,0.370,9,0.178,-2.149
264.45,-0.410,0.697,9,4,0.370,9,0.246,-1.744
264.58,-0.410,0.697,9,4,0.370,9,0.050,-1.968
264.70,-0.410,0.697,9,4,0.370,9,0.209,-1.968
264.83,-0.410,0.697,9,4,0.370,9,0.050,-1.968
264.96,-0.410,0.697,9,4,0.370,9,0.246,-1.744
265.09,-0.410,0.697,9,4,0.370,9,0.054,-1.744
265.22,-0.410,0.697,9,4,0.370,9,0.209,-1.968
265.34,-0.410,0.697,9,4,0.370,9,0.050,-1.968
265.47,-0.410,0.697,9,4,0.370,9,0.044,-2.416
265.60,-0.410,0.697,9,4,0.370,9,0.047,-2.192
265.73,-0.410,0.697,9,4,0.370,9,0.052,-1.837
265.86,-0.410,0.697,9,4,0.370,9,0.268,-1.613
265.98,-0.410,0.697,9,4,0.370,9,0.056,-1.613
266.11,-0.410,0.697,9,4,0.370,9,0.049,-2.061
266.24,-0.410,0.697,9,4,0.370,9,0.049,-2.056
266.37,-0.410,0.697,9,4,0.370,9,0.042,-2.504
266.50,-0.410,0.697,9,4,0.370,9,0.046,-2.280
266.62,-0.410,0.697,9,4,0.370,9,0.156,-2.280
266.75,-0.410,0.697,9,4,0.370,9,0.049,-2.056
266.88,-0.410,0.697,9,4,0.370,9,0.194,-2.056
267.01,-0.410,0.697,9,4,0.370,9,0.050,-1.967
267.14,-0.410,0.697,9,4,0.370,9,0.050,-1.967
267.26,-0.410,0.697,9,4,0.370,9,0.054,-1.743
267.39,-0.410,0.697,9,4,0.370,9,0.209,-1.967
267.52,-0.410,0.697,9,4,0.370,9,0.247,-1.743
267.65,-0.410,0.697,9,4,0.370,9,0.047,-2.191
267.78,-0.410,0.697,9,4,0.370,9,0.044,-2.415
267.90,-0.410,0.697,9,4,0.370,9,0.047,-2.191
268.03,-0.410,0.697,9,4,0.370,9,0.224,-1.875
268.16,-0.410,0.697,9,4,0.370,9,0.224,-1.875
268.29,-0.410,0.697,9,4,0.370,9,0.049,-2.099
268.42,-0.410,0.697,9,4,0.370,9,0.187,-2.099
268.54,-0.410,0.697,9,4,0.370,9,0.047,-2.229
268.67,-0.410,0.697,9,4,0.370,9,0.044,-2.412
268.80,-0.410,0.697,9,4,0.370,9,0.051,-1.964
268.93,-0.410,0.697,9,4,0.370,9,0.247,-1.740
269.06,-0.410,0.697,9,4,0.370,9,0.247,-1.740
269.18,-0.410,0.697,9,4,0.370,9,0.051,-1.964
269.31,-0.410,0.697,9,4,0.370,9,0.209,-1.964
269.44,-0.410,0.697,9,4,0.370,9,0.051,-1.964
269.57,-0.410,0.697,9,4,0.370,9,0.044,-2.412
269.70,-0.410,0.697,9,4,0.370,9,0.042,-2.546
269.82,-0.410,0.697,9,4,0.370,9,0.187,-2.098
269.95,-0.410,0.697,9,4,0.370,9,0.052,-1.874
270.08,-0.410,0.697,9,4,0.370,9,0.262,-1.650
270.21,-0.410,0.697,9,4,0.370,9,0.052,-1.874
270.34,-0.410,0.697,9,4,0.370,9,0.225,-1.874
270.46,-0.410,0.697,9,4,0.370,9,0.049,-2.098
270.59,-0.410,0.697,9,4,0.370,9,0.045,-2.322
270.72,-0.410,0.697,9,4,0.370,9,0.044,-2.425
270.85,-0.410,0.697,9,4,0.370,9,0.047,-2.201
270.98,-0.410,0.697,9,4,0.370,9,0.245,-1.753
271.10,-0.410,0.697,9,4,0.370,9,0.054,-1.753
271.23,-0.410,0.697,9,4,0.370,9,0.245,-1.753
271.36,-0.410,0.697,9,4,0.370,9,0.047,-2.201
271.49,-0.410,0.697,9,4,0.370,9,0.045,-2.330
271.62,-0.410,0.697,9,4,0.370,9,0.048,-2.106
271.74,-0.410,0.697,9,4,0.370,9,0.049,-2.090
271.87,-0.410,0.697,9,4,0.370,9,0.226,-1.866
272.00,-0.410,0.697,9,4,0.370,9,0.052,-1.866
272.13,-0.410,0.697,9,4,0.370,9,0.049,-2.090
272.26,-0.410,0.697,9,4,0.370,9,0.226,-1.866
272.38,-0.410,0.698,9,4,0.370,9,0.055,-1.642
272.51,-0.410,0.698,9,4,0.370,9,0.049,-2.090
272.64,-0.410,0.698,9,4,0.370,9,0.045,-2.314
272.77,-0.410,0.697,9,4,0.370,9,0.039,-2.762
272.90,-0.410,0.697,9,4,0.370,9,0.150,-2.314
273.02,-0.410,0.697,9,4,0.370,9,0.050,-2.019
273.15,-0.410,0.697,9,4,0.370,9,0.238,-1.795
273.28,-0.410,0.697,9,4,0.370,9,0.046,-2.243
273.41,-0.410,0.697,9,4,0.370,9,0.168,-2.209
273.54,-0.410,0.697,9,4,0.370,9,0.047,-2.209
273.66,-0.410,0.697,9,4,0.370,9,0.049,-2.039
273.79,-0.410,0.697,9,4,0.370,9,0.272,-1.591
273.92,-0.410,0.697,9,4,0.370,9,0.234,-1.815
274.05,-0.410,0.697,9,4,0.370,9,0.049,-2.039
274.18,-0.410,0.697,9,4,0.370,9,0.049,-2.039
274.30,-0.410,0.697,9,4,0.370,9,0.046,-2.263
274.43,-0.410,0.697,9,4,0.370,9,0.046,-2.289
274.56,-0.410,0.697,9,4,0.370,9,0.048,-2.138
274.69,-0.410,0.697,9,4,0.370,9,0.045,-2.351
274.82,-0.410,0.697,9,4,0.370,9,0.171,-2.194
274.94,-0.410,0.697,9,4,0.370,9,0.053,-1.798
275.07,-0.410,0.697,9,4,0.370,9,0.050,-2.022
275.20,-0.410,0.697,9,4,0.370,9,0.200,-2.022
275.33,-0.410,0.697,9,4,0.370,9,0.044,-2.387
275.46,-0.410,0.697,9,4,0.370,9,0.037,-2.835
275.58,-0.410,0.697,9,4,0.370,9,0.126,-2.457
275.71,-0.410,0.697,9,4,0.370,9,0.049,-2.091
275.84,-0.410,0.696,9,4,0.370,9,0.042,-2.539
275.97,-0.410,0.696,9,4,0.370,9,0.188,-2.091
276.10,-0.410,0.696,9,4,0.370,9,0.052,-1.867
276.22,-0.410,0.696,9,4,0.370,9,0.226,-1.867
276.35,-0.410,0.697,9,4,0.370,9,0.226,-1.867
276.48,-0.410,0.697,9,4,0.370,9,0.301,-1.419
276.61,-0.410,0.697,9,4,0.370,9,0.264,-1.638
276.74,-0.410,0.697,9,4,0.370,9,0.052,-1.862
276.86,-0.410,0.697,9,4,0.370,9,0.055,-1.671
276.99,-0.410,0.697,9,4,0.370,9,0.052,-1.895
277.12,-0.410,0.697,9,4,0.370,9,0.221,-1.895
277.25,-0.410,0.697,9,4,0.370,9,0.052,-1.895
277.38,-0.410,0.697,9,4,0.370,9,0.052,-1.895
277.50,-0.410,0.697,9,4,0.370,9,0.045,-2.343
277.63,-0.410,0.697,9,4,0.370,9,0.183,-2.119
277.76,-0.410,0.697,9,4,0.370,9,0.221,-1.895
277.89,-0.410,0.697,9,4,0.370,9,0.052,-1.863
278.02,-0.410,0.697,9,4,0.370,9,0.045,-2.311
278.14,-0.410,0.697,9,4,0.370,9,0.151,-2.311
278.27,-0.410,0.697,9,4,0.370,9,0.049,-2.087
278.40,-0.410,0.697,9,4,0.370,9,0.049,-2.087
278.53,-0.410,0.697,9,4,0.370,9,0.189,-2.087
278.66,-0.410,0.697,9,4,0.370,9,0.044,-2.375
278.78,-0.410,0.697,9,4,0.370,9,0.140,-2.375
278.91,-0.410,0.697,9,4,0.370,9,0.140,-2.375
279.04,-0.410,0.696,9,4,0.370,9,0.139,-2.382
279.17,-0.410,0.697,9,4,0.370,9,0.214,-1.934
279.30,-0.410,0.697,9,4,0.370,9,0.290,-1.486
279.42,-0.410,0.697,9,4,0.370,9,0.058,-1.486
279.55,-0.410,0.697,9,4,0.370,9,0.249,-1.727
279.68,-0.410,0.697,9,4,0.370,9,0.325,-1.279
279.81,-0.410,0.697,9,4,0.370,9,0.249,-1.727
279.94,-0.410,0.697,9,4,0.370,9,0.212,-1.951
280.06,-0.410,0.697,9,4,0.370,9,0.051,-1.951
280.19,-0.410,0.697,9,4,0.370,9,0.044,-2.399
280.32,-0.410,0.697,9,4,0.370,9,0.042,-2.542
280.45,-0.410,0.697,9,4,0.370,9,0.042,-2.542
280.58,-0.410,0.697,9,4,0.370,9,0.113,-2.537
280.70,-0.410,0.697,9,4,0.370,9,0.045,-2.313
280.83,-0.410,0.697,9,4,0.370,9,0.052,-1.872
280.96,-0.410,0.697,9,4,0.370,9,0.052,-1.872
281.09,-0.410,0.697,9,4,0.370,9,0.263,-1.648
281.22,-0.410,0.697,9,4,0.370,9,0.225,-1.872
281.34,-0.410,0.697,9,4,0.370,9,0.187,-2.096
281.47,-0.410,0.697,9,4,0.370,9,0.046,-2.249
281.60,-0.410,0.697,9,4,0.370,9,0.052,-1.855
281.73,-0.410,0.697,9,4,0.370,9,0.265,-1.631
281.86,-0.410,0.697,9,4,0.370,9,0.265,-1.631
281.98,-0.410,0.697,9,4,0.370,9,0.052,-1.855
282.11,-0.410,0.697,9,4,0.370,9,0.048,-2.102
282.24,-0.410,0.697,9,4,0.370,9,0.148,-2.326
282.37,-0.410,0.697,9,4,0.370,9,0.224,-1.878
282.50,-0.410,0.697,9,4,0.370,9,0.052,-1.878
282.62,-0.410,0.697,9,4,0.370,9,0.052,-1.878
282.75,-0.410,0.697,9,4,0.370,9,0.186,-2.102
282.88,-0.410,0.697,9,4,0.370,9,0.053,-1.819
283.01,-0.410,0.697,9,4,0.370,9,0.234,-1.819
283.14,-0.410,0.697,9,4,0.370,9,0.234,-1.819
283.26,-0.410,0.697,9,4,0.370,9,0.049,-2.043
283.39,-0.410,0.697,9,4,0.370,9,0.043,-2.491
283.52,-0.410,0.697,9,4,0.370,9,0.083,-2.715
283.65,-0.410,0.697,9,4,0.370,9,0.107,-2.570
283.78,-0.410,0.697,9,4,0.370,9,0.048,-2.122
283.90,-0.410,0.697,9,4,0.370,9,0.198,-2.030
284.03,-0.410,0.697,9,4,0.370,9,0.198,-2.030
284.16,-0.410,0.697,9,4,0.370,9,0.048,-2.102
284.29,-0.410,0.697,9,4,0.370,9,0.042,-2.550
284.42,-0.410,0.697,9,4,0.370,9,0.149,-2.326
284.54,-0.410,0.697,9,4,0.370,9,0.224,-1.878
284.67,-0.410,0.697,9,4,0.370,9,0.054,-1.732
284.80,-0.410,0.697,9,4,0.370,9,0.286,-1.508
284.93,-0.410,0.697,9,4,0.370,9,0.300,-1.425
285.06,-0.410,0.697,9,4,0.370,9,0.055,-1.687
285.18,-0.410,0.697,9,4,0.370,9,0.051,-1.902
285.31,-0.410,0.697,9,4,0.370,9,0.220,-1.902
285.44,-0.410,0.697,9,4,0.370,9,0.048,-2.126
285.57,-0.410,0.697,9,4,0.370,9,0.045,-2.350
285.70,-0.410,0.697,9,4,0.370,9,0.038,-2.798
285.82,-0.410,0.697,9,4,0.370,9,0.127,-2.456
285.95,-0.410,0.697,9,4,0.370,9,0.195,-2.051
286.08,-0.410,0.697,9,4,0.370,9,0.051,-1.949
286.21,-0.410,0.697,9,4,0.370,9,0.044,-2.397
286.34,-0.410,0.697,9,4,0.370,9,0.212,-1.949
286.46,-0.410,0.697,9,4,0.370,9,0.048,-2.155
286.59,-0.410,0.697,9,4,0.370,9,0.045,-2.317
286.72,-0.410,0.697,9,4,0.370,9,0.045,-2.317
286.85,-0.410,0.697,9,4,0.370,9,0.052,-1.869
286.98,-0.410,0.697,9,4,0.370,9,0.263,-1.645
287.10,-0.410,0.697,9,4,0.370,9,0.049,-2.093
287.23,-0.410,0.697,9,4,0.370,9,0.225,-1.869
287.36,-0.410,0.697,9,4,0.370,9,0.263,-1.645
287.49,-0.410,0.697,9,4,0.370,9,0.301,-1.421
287.62,-0.410,0.697,9,4,0.370,9,0.052,-1.869
287.74,-0.410,0.697,9,4,0.370,9,0.224,-1.879
287.87,-0.410,0.697,9,4,0.370,9,0.224,-1.879
288.00,-0.410,0.697,9,4,0.370,9,0.224,-1.879
288.13,-0.410,0.697,9,4,0.370,9,0.045,-2.327
288.26,-0.410,0.697,9,4,0.370,9,0.051,-1.900
288.38,-0.410,0.697,9,4,0.370,9,0.258,-1.676
288.51,-0.410,0.697,9,4,0.370,9,0.051,-1.900
288.64,-0.410,0.697,9,4,0.370,9,0.045,-2.348
288.77,-0.410,0.697,9,4,0.370,9,0.051,-1.907
288.90,-0.410,0.697,9,4,0.370,9,0.219,-1.907
289.02,-0.410,0.697,9,4,0.370,9,0.045,-2.355
289.15,-0.410,0.697,9,4,0.370,9,0.048,-2.131
289.28,-0.410,0.697,9,4,0.370,9,0.052,-1.837
289.41,-0.410,0.697,9,4,0.370,9,0.049,-2.061
289.54,-0.410,0.697,9,4,0.370,9,0.231,-1.837
289.66,-0.410,0.697,9,4,0.370,9,0.268,-1.613
289.79,-0.410,0.697,9,4,0.370,9,0.049,-2.061
289.92,-0.410,0.697,9,4,0.370,9,0.046,-2.285
290.05,-0.410,0.697,9,4,0.370,9,0.047,-2.174
290.18,-0.410,0.697,9,4,0.370,9,0.045,-2.342
290.30,-0.410,0.697,9,4,0.370,9,0.043,-2.463
290.43,-0.410,0.697,9,4,0.370,9,0.163,-2.239
290.56,-0.410,0.697,9,4,0.370,9,0.230,-1.844
290.69,-0.410,0.697,9,4,0.370,9,0.051,-1.961
290.82,-0.410,0.697,9,4,0.370,9,0.054,-1.737
290.94,-0.410,0.697,9,4,0.370,9,0.054,-1.737
291.07,-0.410,0.697,9,4,0.370,9,0.051,-1.961
291.20,-0.410,0.697,9,4,0.370,9,0.051,-1.961
291.33,-0.410,0.697,9,4,0.370,9,0.044,-2.409
291.46,-0.410,0.697,9,4,0.370,9,0.044,-2.409
291.58,-0.410,0.697,9,4,0.370,9,0.135,-2.409
291.71,-0.410,0.697,9,4,0.370,9,0.047,-2.209
291.84,-0.410,0.697,9,4,0.370,9,0.176,-2.162
291.97,-0.410,0.697,9,4,0.370,9,0.232,-1.832
292.10,-0.410,0.697,9,4,0.370,9,0.053,-1.791
292.22,-0.410,0.697,9,4,0.370,9,0.050,-2.015
292.35,-0.410,0.697,9,4,0.370,9,0.050,-2.015
292.48,-0.410,0.697,9,4,0.370,9,0.201,-2.015
292.61,-0.410,0.697,9,4,0.370,9,0.051,-1.947
292.74,-0.410,0.697,9,4,0.370,9,0.212,-1.947
292.86,-0.410,0.697,9,4,0.370,9,0.044,-2.395
292.99,-0.410,0.697,9,4,0.370,9,0.044,-2.395
293.12,-0.410,0.697,9,4,0.370,9,0.099,-2.619
293.25,-0.410,0.697,9,4,0.370,9,0.175,-2.171
293.38,-0.410,0.697,9,4,0.370,9,0.051,-1.947
293.50,-0.410,0.697,9,4,0.370,9,0.051,-1.947
293.63,-0.410,0.697,9,4,0.370,9,0.250,-1.723
293.76,-0.410,0.697,9,4,0.370,9,0.051,-1.947
293.89,-0.410,0.697,9,4,0.370,9,0.250,-1.723
294.02,-0.410,0.697,9,4,0.370,9,0.288,-1.499
294.14,-0.410,0.697,9,4,0.370,9,0.058,-1.499
294.27,-0.410,0.697,9,4,0.370,9,0.054,-1.723
294.40,-0.410,0.697,9,4,0.370,9,0.250,-1.723
294.53,-0.410,0.697,9,4,0.370,9,0.051,-1.947
294.66,-0.410,0.697,9,4,0.370,9,0.175,-2.171
294.78,-0.410,0.697,9,4,0.370,9,0.191,-2.073
294.91,-0.410,0.697,9,4,0.370,9,0.043,-2.477
295.04,-0.410,0.697,9,4,0.370,9,0.085,-2.701
295.17,-0.410,0.697,9,4,0.370,9,0.045,-2.344
295.30,-0.410,0.697,9,4,0.370,9,0.214,-1.939
295.42,-0.410,0.697,9,4,0.370,9,0.049,-2.061
295.55,-0.410,0.697,9,4,0.370,9,0.155,-2.285
295.68,-0.410,0.697,9,4,0.370,9,0.208,-1.974
295.81,-0.410,0.697,9,4,0.370,9,0.053,-1.798
295.94,-0.410,0.697,9,4,0.370,9,0.275,-1.574
296.06,-0.410,0.697,9,4,0.370,9,0.053,-1.798
296.19,-0.410,0.697,9,4,0.370,9,0.053,-1.798
296.32,-0.410,0.697,9,4,0.370,9,0.050,-2.022
296.45,-0.410,0.697,9,4,0.370,9,0.046,-2.246
296.58,-0.410,0.697,9,4,0.370,9,0.174,-2.173
296.70,-0.410,0.697,9,4,0.370,9,0.050,-1.988
296.83,-0.410,0.697,9,4,0.370,9,0.047,-2.212
296.96,-0.410,0.697,9,4,0.370,9,0.168,-2.212
297.09,-0.410,0.697,9,4,0.370,9,0.144,-2.354
297.22,-0.410,0.697,9,4,0.370,9,0.219,-1.906
297.34,-0.410,0.697,9,4,0.370,9,0.048,-2.130
297.47,-0.410,0.697,9,4,0.370,9,0.182,-2.130
297.60,-0.410,0.697,9,4,0.370,9,0.051,-1.906
297.73,-0.410,0.697,9,4,0.370,9,0.182,-2.130
297.86,-0.410,0.697,9,4,0.370,9,0.239,-1.786
297.98,-0.410,0.697,9,4,0.370,9,0.053,-1.786
298.11,-0.410,0.697,9,4,0.370,9,0.277,-1.562
298.24,-0.410,0.697,9,4,0.370,9,0.050,-2.010
298.37,-0.410,0.697,9,4,0.370,9,0.239,-1.786
298.50,-0.410,0.697,9,4,0.370,9,0.050,-2.010
298.62,-0.410,0.697,9,4,0.370,9,0.053,-1.786
298.75,-0.410,0.698,9,4,0.370,9,0.053,-1.786
298.88,-0.410,0.698,9,4,0.370,9,0.239,-1.786
299.01,-0.410,0.698,9,4,0.370,9,0.053,-1.786
299.14,-0.410,0.698,9,4,0.370,9,0.050,-2.010
299.26,-0.410,0.698,9,4,0.370,9,0.043,-2.458
299.39,-0.410,0.697,9,4,0.370,9,0.037,-2.847
299.52,-0.410,0.697,9,4,0.370,9,0.042,-2.512
299.65,-0.410,0.697,9,4,0.370,9,0.045,-2.305
299.78,-0.410,0.697,9,4,0.370,9,0.049,-2.081
299.90,-0.410,0.697,9,4,0.370,9,0.190,-2.081
