time,x,y,row,col,coverage,collision_count,v,w
0.13,-1.326,-1.349,0,0,0.009,1,0.465,0.448
0.26,-1.298,-1.347,0,0,0.009,1,0.405,0.800
0.38,-1.270,-1.346,0,0,0.009,1,0.405,0.800
0.51,-1.242,-1.344,0,0,0.009,1,0.405,0.800
0.64,-1.214,-1.343,0,0,0.009,1,0.405,0.800
0.77,-1.186,-1.342,0,0,0.009,1,0.405,0.800
0.90,-1.157,-1.340,0,0,0.009,1,0.405,0.800
1.02,-1.129,-1.339,0,0,0.009,1,0.405,0.800
1.15,-1.101,-1.337,0,1,0.019,1,0.405,0.800
1.28,-1.073,-1.336,0,1,0.019,1,0.405,0.800
1.41,-1.045,-1.335,0,1,0.019,1,0.405,0.800
1.54,-1.017,-1.333,0,1,0.019,1,0.405,0.800
1.66,-0.989,-1.332,0,1,0.019,1,0.405,0.800
1.79,-0.961,-1.330,0,1,0.019,1,0.405,0.800
1.92,-0.932,-1.329,0,1,0.019,1,0.405,0.800
2.05,-0.904,-1.327,0,1,0.019,1,0.405,0.800
2.18,-0.876,-1.326,0,2,0.028,1,0.405,0.800
2.30,-0.848,-1.324,0,2,0.028,1,0.405,0.800
2.43,-0.820,-1.323,0,2,0.028,1,0.405,0.800
2.56,-0.792,-1.322,0,2,0.028,1,0.405,0.800
2.69,-0.764,-1.320,0,2,0.028,1,0.405,0.800
2.82,-0.736,-1.319,0,2,0.028,1,0.400,0.830
2.94,-0.707,-1.317,0,2,0.028,1,0.401,0.825
3.07,-0.679,-1.316,0,2,0.028,1,0.405,0.802
3.20,-0.651,-1.314,0,3,0.037,1,0.480,0.354
3.33,-0.623,-1.313,0,3,0.037,1,0.524,-0.094
3.46,-0.595,-1.311,0,3,0.037,1,0.449,-0.542
3.58,-0.567,-1.310,0,3,0.037,1,0.373,-0.990
3.71,-0.539,-1.308,0,3,0.037,1,0.298,-1.438
3.84,-0.517,-1.307,0,3,0.037,1,0.254,-1.700
3.97,-0.502,-1.307,0,3,0.037,1,0.254,-1.700
4.10,-0.487,-1.307,0,3,0.037,1,0.254,-1.700
4.22,-0.472,-1.307,0,3,0.037,1,0.254,-1.700
4.35,-0.457,-1.306,0,3,0.037,1,0.254,-1.700
4.48,-0.442,-1.306,0,3,0.037,1,0.254,-1.700
4.61,-0.427,-1.306,0,3,0.037,1,0.254,-1.700
4.74,-0.412,-1.306,0,3,0.037,1,0.254,-1.700
4.86,-0.397,-1.305,0,3,0.037,1,0.254,-1.700
4.99,-0.382,-1.305,0,3,0.037,1,0.254,-1.700
5.12,-0.366,-1.305,0,3,0.037,1,0.254,-1.700
5.25,-0.351,-1.304,0,4,0.046,1,0.254,-1.700
5.38,-0.336,-1.304,0,4,0.046,1,0.254,-1.700
5.50,-0.321,-1.304,0,4,0.046,1,0.254,-1.700
5.63,-0.306,-1.304,0,4,0.046,1,0.254,-1.700
5.76,-0.291,-1.303,0,4,0.046,1,0.254,-1.700
5.89,-0.276,-1.303,0,4,0.046,1,0.254,-1.700
6.02,-0.261,-1.303,0,4,0.046,1,0.254,-1.700
6.14,-0.246,-1.302,0,4,0.046,1,0.254,-1.700
6.27,-0.231,-1.302,0,4,0.046,1,0.254,-1.700
6.40,-0.216,-1.302,0,4,0.046,1,0.254,-1.700
6.53,-0.201,-1.301,0,4,0.046,1,0.254,-1.700
6.66,-0.186,-1.301,0,4,0.046,1,0.254,-1.700
6.78,-0.171,-1.301,0,4,0.046,1,0.254,-1.700
6.91,-0.156,-1.300,0,4,0.046,1,0.254,-1.700
7.04,-0.140,-1.300,0,4,0.046,1,0.254,-1.700
7.17,-0.125,-1.300,0,4,0.046,1,0.254,-1.700
7.30,-0.105,-1.299,0,5,0.056,1,0.061,-1.252
7.42,-0.095,-1.300,0,5,0.056,1,0.068,-0.804
7.55,-0.089,-1.301,0,5,0.056,1,0.075,-0.356
7.68,-0.081,-1.302,0,5,0.056,1,0.079,0.092
7.81,-0.072,-1.303,0,5,0.056,1,0.072,0.540
7.94,-0.067,-1.304,0,5,0.056,1,0.065,0.988
8.06,-0.062,-1.303,0,5,0.056,1,0.058,1.436
8.19,-0.056,-1.302,0,5,0.056,1,0.052,1.884
8.32,-0.053,-1.297,0,5,0.056,1,0.045,2.332
8.45,-0.045,-1.289,0,5,0.056,1,0.223,1.884
8.58,-0.029,-1.277,0,5,0.056,1,0.298,1.436
8.70,-0.007,-1.260,0,5,0.056,1,0.374,0.988
8.83,0.015,-1.243,0,5,0.056,1,0.449,0.540
8.96,0.037,-1.225,0,5,0.056,1,0.418,0.727
9.09,0.059,-1.208,0,5,0.056,1,0.406,0.793
9.22,0.081,-1.190,0,5,0.056,1,0.405,0.799
9.34,0.089,-1.179,0,6,0.065,1,0.405,0.800
9.47,0.091,-1.166,0,6,0.065,1,0.405,0.800
9.60,0.091,-1.151,0,6,0.065,1,0.405,0.800
9.73,0.092,-1.137,0,6,0.065,1,0.405,0.800
9.86,0.093,-1.122,0,6,0.065,1,0.405,0.800
9.98,0.093,-1.107,0,6,0.065,1,0.405,0.800
10.11,0.104,-1.101,0,6,0.065,1,0.405,0.800
10.24,0.105,-1.092,0,6,0.065,2,0.405,0.800
10.37,0.110,-1.085,1,6,0.074,3,0.405,0.800
10.50,0.113,-1.076,1,6,0.074,3,0.405,0.800
10.62,0.115,-1.067,1,6,0.074,3,0.405,0.800
10.75,0.117,-1.058,1,6,0.074,3,0.405,0.800
10.88,0.120,-1.051,1,6,0.074,3,0.405,0.800
11.01,0.123,-1.044,1,6,0.074,3,0.405,0.800
11.14,0.125,-1.038,1,6,0.074,3,0.405,0.800
11.26,0.126,-1.032,1,6,0.074,3,0.481,0.352
11.39,0.128,-1.027,1,6,0.074,3,0.539,0.007
11.52,0.129,-1.022,1,6,0.074,3,0.540,0.001
11.65,0.130,-1.018,1,6,0.074,3,0.540,0.000
11.78,0.132,-1.015,1,6,0.074,3,0.540,0.000
11.90,0.132,-1.011,1,6,0.074,3,0.540,0.000
12.03,0.134,-1.008,1,6,0.074,3,0.540,0.000
12.16,0.135,-1.004,1,6,0.074,3,0.540,0.000
12.29,0.136,-1.000,1,6,0.074,3,0.483,0.336
12.42,0.139,-0.994,1,6,0.074,3,0.408,0.784
12.54,0.144,-0.988,1,6,0.074,3,0.404,0.808
12.67,0.148,-0.982,1,6,0.074,3,0.405,0.801
12.80,0.152,-0.976,1,6,0.074,3,0.405,0.800
12.93,0.156,-0.970,1,6,0.074,3,0.405,0.800
13.06,0.160,-0.964,1,6,0.074,3,0.405,0.802
13.18,0.164,-0.958,1,6,0.074,3,0.404,0.808
13.31,0.172,-0.956,1,6,0.074,3,0.422,0.700
13.44,0.175,-0.954,1,6,0.074,3,0.498,0.252
13.57,0.176,-0.952,1,6,0.074,3,0.539,0.004
13.70,0.178,-0.950,1,6,0.074,3,0.540,0.000
13.82,0.180,-0.947,1,6,0.074,3,0.465,0.448
13.95,0.183,-0.942,1,6,0.074,3,0.389,0.896
14.08,0.188,-0.936,1,6,0.074,3,0.386,0.916
14.21,0.194,-0.928,1,6,0.074,4,0.378,0.964
14.34,0.203,-0.919,1,6,0.074,4,0.371,1.004
14.46,0.212,-0.911,1,6,0.074,4,0.363,1.052
14.59,0.222,-0.902,1,6,0.074,4,0.395,0.859
14.72,0.247,-0.894,1,6,0.074,4,0.471,0.411
14.85,0.268,-0.886,1,6,0.074,4,0.079,-0.037
14.98,0.277,-0.883,1,6,0.074,4,0.073,-0.485
15.10,0.285,-0.881,1,6,0.074,4,0.066,-0.933
15.23,0.293,-0.880,1,6,0.074,4,0.059,-1.381
15.36,0.294,-0.880,1,6,0.074,4,0.053,-1.829
15.49,0.296,-0.879,2,7,0.083,4,0.270,-1.605
15.62,0.303,-0.877,2,7,0.083,4,0.330,-1.249
15.74,0.322,-0.875,2,7,0.083,4,0.405,-0.801
15.87,0.348,-0.877,2,7,0.083,4,0.481,-0.353
16.00,0.376,-0.880,2,7,0.083,4,0.540,-0.002
16.13,0.404,-0.882,2,7,0.083,4,0.469,-0.423
16.26,0.430,-0.887,2,7,0.083,4,0.408,-0.783
16.38,0.449,-0.892,2,7,0.083,4,0.406,-0.798
16.51,0.472,-0.900,2,8,0.083,4,0.405,-0.800
16.64,0.496,-0.907,2,8,0.083,4,0.424,-0.688
16.77,0.523,-0.914,2,8,0.083,4,0.500,-0.240
16.90,0.550,-0.922,2,8,0.083,4,0.505,0.208
17.02,0.577,-0.929,2,8,0.083,4,0.467,0.432
17.15,0.604,-0.937,2,8,0.083,4,0.410,0.774
17.28,0.632,-0.944,2,8,0.083,4,0.401,0.824
17.41,0.659,-0.951,2,8,0.083,4,0.382,0.941
17.54,0.686,-0.959,1,8,0.093,4,0.306,1.389
17.66,0.709,-0.965,1,8,0.093,4,0.255,1.696
17.79,0.730,-0.968,1,8,0.093,4,0.254,1.700
17.92,0.748,-0.970,1,8,0.093,4,0.051,1.924
18.05,0.758,-0.969,1,8,0.093,4,0.241,1.773
18.18,0.769,-0.968,1,8,0.093,4,0.226,1.863
18.30,0.784,-0.965,1,8,0.093,4,0.251,1.715
18.43,0.802,-0.961,1,8,0.093,4,0.254,1.701
18.56,0.821,-0.956,1,9,0.102,4,0.254,1.700
18.69,0.841,-0.951,1,9,0.102,4,0.254,1.700
18.82,0.861,-0.943,1,9,0.102,4,0.254,1.700
18.94,0.880,-0.934,1,9,0.102,4,0.254,1.700
19.07,0.898,-0.924,1,9,0.102,4,0.254,1.700
19.20,0.916,-0.912,1,9,0.102,4,0.254,1.700
19.33,0.932,-0.899,1,9,0.102,5,0.254,1.700
19.46,0.948,-0.885,1,9,0.102,5,0.254,1.700
19.58,0.964,-0.867,2,10,0.120,5,0.329,1.252
19.71,0.983,-0.847,2,10,0.120,5,0.404,0.808
19.84,1.002,-0.826,2,10,0.120,5,0.405,0.801
19.97,1.021,-0.805,2,10,0.120,5,0.405,0.800
20.10,1.040,-0.784,2,10,0.120,5,0.405,0.800
20.22,1.058,-0.763,2,10,0.120,5,0.405,0.800
20.35,1.077,-0.742,2,10,0.120,5,0.405,0.800
20.48,1.096,-0.721,2,10,0.120,5,0.405,0.800
20.61,1.115,-0.701,2,10,0.120,5,0.402,0.822
20.74,1.134,-0.680,2,10,0.120,5,0.391,0.887
20.86,1.153,-0.659,2,10,0.120,5,0.375,0.980
20.99,1.172,-0.638,2,10,0.120,5,0.367,1.030
21.12,1.191,-0.617,2,10,0.120,5,0.352,1.118
21.25,1.210,-0.596,2,10,0.120,5,0.339,1.197
21.38,1.225,-0.579,2,10,0.120,5,0.318,1.316
21.50,1.239,-0.561,2,10,0.120,5,0.058,1.440
21.63,1.251,-0.544,3,11,0.139,5,0.058,1.440
21.76,1.257,-0.530,3,11,0.139,5,0.303,1.406
21.89,1.270,-0.505,3,11,0.139,5,0.330,1.245
22.02,1.279,-0.484,3,11,0.139,5,0.057,1.556
22.14,1.287,-0.464,3,11,0.139,5,0.059,1.390
22.27,1.295,-0.443,3,11,0.139,5,0.061,1.281
22.40,1.302,-0.422,3,11,0.139,5,0.061,1.286
22.53,1.309,-0.401,3,11,0.139,5,0.060,1.304
22.66,1.314,-0.382,4,11,0.148,5,0.249,1.726
22.78,1.319,-0.362,4,11,0.148,5,0.253,1.702
22.91,1.322,-0.341,4,11,0.148,6,0.254,1.700
23.04,1.323,-0.320,4,11,0.148,6,0.254,1.700
23.17,1.324,-0.304,4,11,0.148,6,0.254,1.700
23.30,1.324,-0.289,4,11,0.148,6,0.254,1.700
23.42,1.325,-0.274,4,11,0.148,6,0.254,1.700
23.55,1.325,-0.259,4,11,0.148,6,0.254,1.700
23.68,1.326,-0.244,4,11,0.148,6,0.254,1.700
23.81,1.326,-0.229,4,11,0.148,6,0.254,1.700
23.94,1.327,-0.214,4,11,0.148,6,0.254,1.700
24.06,1.328,-0.198,4,11,0.148,6,0.254,1.700
24.19,1.328,-0.183,4,11,0.148,6,0.254,1.700
24.32,1.329,-0.168,4,11,0.148,6,0.254,1.700
24.45,1.329,-0.153,4,11,0.148,6,0.254,1.700
24.58,1.330,-0.138,4,11,0.148,6,0.254,1.700
24.70,1.330,-0.123,5,11,0.157,6,0.254,1.700
24.83,1.331,-0.108,5,11,0.157,6,0.254,1.700
24.96,1.332,-0.093,5,11,0.157,6,0.254,1.700
25.09,1.332,-0.078,5,11,0.157,6,0.254,1.700
25.22,1.333,-0.063,5,11,0.157,6,0.254,1.700
25.34,1.333,-0.048,5,11,0.157,6,0.254,1.700
25.47,1.334,-0.033,5,11,0.157,6,0.254,1.700
25.60,1.335,-0.018,5,11,0.157,6,0.254,1.700
25.73,1.335,-0.003,5,11,0.157,6,0.254,1.700
25.86,1.336,0.012,5,11,0.157,6,0.254,1.700
25.98,1.336,0.027,5,11,0.157,6,0.254,1.700
26.11,1.337,0.043,5,11,0.157,6,0.254,1.700
26.24,1.337,0.058,5,11,0.157,6,0.254,1.700
26.37,1.338,0.073,5,11,0.157,6,0.254,1.700
26.50,1.339,0.088,5,11,0.157,6,0.254,1.700
26.62,1.339,0.103,5,11,0.157,6,0.254,1.700
26.75,1.340,0.118,6,11,0.167,6,0.254,1.700
26.88,1.340,0.133,6,11,0.167,6,0.254,1.700
27.01,1.341,0.148,6,11,0.167,6,0.254,1.700
27.14,1.342,0.163,6,11,0.167,6,0.254,1.700
27.26,1.342,0.178,6,11,0.167,6,0.254,1.700
27.39,1.343,0.193,6,11,0.167,6,0.254,1.700
27.52,1.344,0.208,6,11,0.167,6,0.254,1.700
27.65,1.344,0.223,6,11,0.167,6,0.254,1.700
27.78,1.345,0.238,7,11,0.176,6,0.254,1.700
27.90,1.345,0.253,7,11,0.176,6,0.254,1.700
28.03,1.346,0.268,7,11,0.176,6,0.254,1.700
28.16,1.347,0.283,7,11,0.176,6,0.254,1.700
28.29,1.347,0.299,7,11,0.176,6,0.254,1.700
28.42,1.348,0.314,7,11,0.176,6,0.254,1.700
28.54,1.349,0.329,7,11,0.176,6,0.254,1.700
28.67,1.349,0.344,7,11,0.176,6,0.254,1.700
28.80,1.350,0.359,7,11,0.176,6,0.254,1.700
28.93,1.350,0.374,7,11,0.176,6,0.254,1.700
29.06,1.351,0.389,7,11,0.176,6,0.254,1.700
29.18,1.352,0.404,7,11,0.176,6,0.254,1.700
29.31,1.352,0.419,7,11,0.176,6,0.254,1.700
29.44,1.353,0.434,7,11,0.176,6,0.254,1.700
29.57,1.354,0.449,7,11,0.176,6,0.254,1.700
29.70,1.354,0.464,7,11,0.176,6,0.254,1.700
29.82,1.355,0.484,8,11,0.185,6,0.329,1.252
29.95,1.357,0.512,8,11,0.185,6,0.370,1.012
30.08,1.358,0.540,8,11,0.185,6,0.364,1.044
30.21,1.360,0.568,8,11,0.185,6,0.362,1.058
30.34,1.361,0.596,8,11,0.185,6,0.363,1.054
30.46,1.363,0.624,8,11,0.185,6,0.356,1.095
30.59,1.365,0.652,8,11,0.185,6,0.353,1.113
30.72,1.366,0.680,8,11,0.185,6,0.354,1.106
30.85,1.368,0.707,9,11,0.194,6,0.278,1.554
30.98,1.368,0.727,9,11,0.194,6,0.254,1.700
31.10,1.369,0.742,9,11,0.194,6,0.254,1.700
31.23,1.369,0.757,9,11,0.194,6,0.254,1.700
31.36,1.369,0.772,9,11,0.194,6,0.254,1.700
31.49,1.370,0.787,9,11,0.194,6,0.254,1.700
31.62,1.370,0.802,9,11,0.194,6,0.254,1.700
31.74,1.370,0.817,9,11,0.194,6,0.254,1.700
31.87,1.371,0.832,9,11,0.194,6,0.254,1.700
32.00,1.371,0.847,9,11,0.194,6,0.254,1.700
32.13,1.371,0.862,9,11,0.194,6,0.254,1.700
32.26,1.372,0.877,9,11,0.194,6,0.254,1.700
32.38,1.372,0.892,9,11,0.194,6,0.053,1.812
32.51,1.371,0.899,9,11,0.194,6,0.046,2.260
32.64,1.367,0.902,9,11,0.194,6,0.039,2.708
32.77,1.361,0.900,9,11,0.194,6,0.079,2.737
32.90,1.352,0.901,9,11,0.204,6,0.155,2.289
33.02,1.340,0.907,9,11,0.204,6,0.230,1.841
33.15,1.321,0.917,9,11,0.204,6,0.292,1.471
33.28,1.305,0.922,9,11,0.204,6,0.051,1.910
33.41,1.299,0.922,9,11,0.204,6,0.048,2.134
33.54,1.293,0.921,9,11,0.204,6,0.051,1.910
33.66,1.287,0.918,9,11,0.204,6,0.045,2.358
33.79,1.288,0.913,9,11,0.204,6,0.105,2.582
33.92,1.285,0.904,10,11,0.204,6,0.181,2.134
34.05,1.274,0.891,10,11,0.204,6,0.256,1.686
34.18,1.260,0.872,10,11,0.204,6,0.332,1.238
34.30,1.243,0.849,10,11,0.204,6,0.405,0.800
34.43,1.226,0.827,10,11,0.204,6,0.405,0.800
34.56,1.209,0.804,10,11,0.204,6,0.405,0.800
34.69,1.192,0.781,10,11,0.204,6,0.405,0.800
34.82,1.176,0.759,10,11,0.204,6,0.424,0.688
34.94,1.159,0.736,9,11,0.204,6,0.500,0.240
35.07,1.142,0.714,9,11,0.204,6,0.505,-0.208
35.20,1.125,0.691,9,11,0.204,6,0.430,-0.656
35.33,1.108,0.669,9,11,0.204,6,0.354,-1.104
35.46,1.092,0.647,9,11,0.204,6,0.279,-1.552
35.58,1.078,0.630,9,11,0.204,6,0.253,-1.705
35.71,1.064,0.615,9,11,0.204,6,0.254,-1.700
35.84,1.048,0.601,9,11,0.204,6,0.254,-1.700
35.97,1.029,0.587,8,10,0.222,6,0.329,-1.252
36.10,1.009,0.573,8,10,0.222,6,0.405,-0.804
36.22,0.991,0.560,8,10,0.222,6,0.071,-0.580
36.35,0.980,0.553,8,10,0.222,6,0.442,-0.580
36.48,0.965,0.544,8,10,0.222,6,0.442,-0.580
36.61,0.951,0.535,8,10,0.222,6,0.442,-0.580
36.74,0.936,0.528,8,10,0.222,6,0.448,-0.547
36.86,0.922,0.521,8,10,0.222,6,0.448,-0.547
36.99,0.904,0.514,8,10,0.222,6,0.072,-0.547
37.12,0.890,0.508,8,10,0.222,6,0.072,-0.547
37.25,0.879,0.504,8,10,0.222,6,0.068,-0.771
37.38,0.859,0.498,8,10,0.222,6,0.075,-0.323
37.50,0.847,0.494,8,10,0.222,6,0.486,-0.323
37.63,0.832,0.489,8,10,0.222,7,0.072,-0.547
37.76,0.820,0.486,8,10,0.222,7,0.448,-0.547
37.89,0.806,0.482,8,10,0.222,7,0.448,-0.547
38.02,0.785,0.477,8,9,0.231,7,0.075,-0.323
38.14,0.772,0.474,8,9,0.231,7,0.072,-0.547
38.27,0.761,0.472,8,9,0.231,7,0.448,-0.547
38.40,0.741,0.468,8,9,0.231,7,0.486,-0.323
38.53,0.724,0.465,8,9,0.231,7,0.488,-0.307
38.66,0.708,0.462,8,9,0.231,7,0.072,-0.531
38.78,0.692,0.459,8,9,0.231,7,0.072,-0.531
38.91,0.675,0.457,8,9,0.231,7,0.488,-0.307
39.04,0.659,0.455,8,8,0.241,7,0.488,-0.307
39.17,0.639,0.451,8,8,0.241,7,0.075,-0.307
39.30,0.626,0.450,8,8,0.241,7,0.475,-0.385
39.42,0.610,0.448,8,8,0.241,7,0.475,-0.385
39.55,0.587,0.446,8,8,0.241,7,0.078,-0.161
39.68,0.570,0.444,8,8,0.241,7,0.078,-0.161
39.81,0.561,0.443,8,8,0.241,7,0.437,-0.609
39.94,0.540,0.441,8,8,0.241,7,0.074,-0.385
40.06,0.524,0.440,7,8,0.241,7,0.400,-0.833
40.19,0.503,0.438,7,8,0.241,7,0.324,-1.281
40.32,0.475,0.437,7,8,0.241,7,0.338,-1.199
40.45,0.447,0.435,7,8,0.241,7,0.338,-1.202
40.58,0.419,0.434,7,8,0.241,7,0.331,-1.239
40.70,0.396,0.433,7,8,0.241,7,0.299,-1.431
40.83,0.370,0.432,7,8,0.241,7,0.352,-1.117
40.96,0.342,0.431,7,8,0.241,7,0.344,-1.165
41.09,0.313,0.430,7,7,0.241,7,0.339,-1.193
41.22,0.285,0.430,7,7,0.241,7,0.342,-1.177
41.34,0.257,0.429,7,7,0.241,7,0.338,-1.200
41.47,0.229,0.428,7,7,0.241,7,0.332,-1.236
41.60,0.201,0.427,7,7,0.241,7,0.336,-1.211
41.73,0.173,0.426,7,7,0.241,7,0.336,-1.210
41.86,0.145,0.426,7,7,0.241,7,0.060,-1.337
41.98,0.123,0.426,7,7,0.241,7,0.355,-1.100
42.11,0.095,0.426,7,6,0.241,7,0.355,-1.097
42.24,0.067,0.426,7,6,0.241,7,0.357,-1.085
42.37,0.039,0.427,7,6,0.241,7,0.358,-1.082
42.50,0.011,0.427,7,6,0.241,7,0.361,-1.062
42.62,-0.017,0.428,7,6,0.241,7,0.369,-1.016
42.75,-0.045,0.428,7,6,0.241,7,0.368,-1.021
42.88,-0.073,0.429,7,6,0.241,7,0.373,-0.992
43.01,-0.102,0.430,7,6,0.241,7,0.372,-0.997
43.14,-0.130,0.430,7,5,0.241,7,0.377,-0.970
43.26,-0.158,0.431,7,5,0.241,7,0.376,-0.977
43.39,-0.186,0.431,7,5,0.241,7,0.377,-0.968
43.52,-0.214,0.432,7,5,0.241,7,0.376,-0.975
43.65,-0.242,0.433,7,5,0.241,7,0.380,-0.948
43.78,-0.270,0.434,7,5,0.241,7,0.386,-0.913
43.90,-0.299,0.434,7,5,0.241,7,0.386,-0.917
44.03,-0.327,0.435,7,5,0.241,7,0.381,-0.942
44.16,-0.355,0.436,7,4,0.241,7,0.389,-0.899
44.29,-0.383,0.436,7,4,0.241,7,0.391,-0.884
44.42,-0.411,0.437,7,4,0.241,7,0.388,-0.904
44.54,-0.439,0.438,7,4,0.241,7,0.391,-0.884
44.67,-0.467,0.438,7,4,0.241,7,0.393,-0.874
44.80,-0.496,0.439,7,4,0.241,7,0.393,-0.875
44.93,-0.524,0.440,7,4,0.241,7,0.394,-0.867
45.06,-0.552,0.441,7,4,0.241,7,0.398,-0.844
45.18,-0.580,0.441,7,3,0.241,7,0.402,-0.819
45.31,-0.608,0.442,7,3,0.241,7,0.478,-0.371
45.44,-0.636,0.443,7,3,0.241,7,0.539,-0.007
45.57,-0.665,0.444,7,3,0.241,7,0.540,-0.001
45.70,-0.693,0.444,7,3,0.241,7,0.540,-0.000
45.82,-0.721,0.445,7,3,0.241,7,0.540,-0.000
45.95,-0.749,0.446,7,3,0.241,7,0.483,-0.336
46.08,-0.777,0.447,7,3,0.241,7,0.408,-0.784
46.21,-0.805,0.448,7,2,0.241,7,0.406,-0.799
46.34,-0.833,0.448,7,2,0.241,7,0.405,-0.800
46.46,-0.862,0.449,7,2,0.241,7,0.405,-0.800
46.59,-0.890,0.450,7,2,0.241,7,0.405,-0.800
46.72,-0.918,0.451,7,2,0.241,7,0.405,-0.800
46.85,-0.946,0.452,7,2,0.241,7,0.405,-0.800
46.98,-0.974,0.452,7,2,0.241,7,0.481,-0.352
47.10,-1.002,0.453,7,2,0.241,7,0.524,0.096
47.23,-1.030,0.454,8,1,0.259,7,0.481,-0.352
47.36,-1.059,0.455,8,1,0.259,7,0.405,-0.800
47.49,-1.087,0.456,8,1,0.259,7,0.330,-1.248
47.62,-1.111,0.457,8,1,0.259,7,0.255,-1.696
47.74,-1.128,0.458,8,1,0.259,7,0.254,-1.700
47.87,-1.145,0.460,8,1,0.259,7,0.254,-1.700
48.00,-1.162,0.462,8,1,0.259,7,0.254,-1.700
48.13,-1.177,0.465,8,1,0.259,7,0.216,-1.924
48.26,-1.186,0.469,8,0,0.269,7,0.051,-1.924
48.38,-1.187,0.474,8,0,0.269,7,0.058,-1.476
48.51,-1.192,0.481,8,0,0.269,7,0.367,-1.028
48.64,-1.201,0.488,8,0,0.269,7,0.061,-1.252
48.77,-1.213,0.500,8,0,0.269,7,0.065,-1.028
48.90,-1.221,0.509,8,0,0.269,7,0.367,-1.028
49.02,-1.232,0.522,8,0,0.269,7,0.061,-1.252
49.15,-1.243,0.535,8,0,0.269,7,0.405,-0.804
49.28,-1.253,0.550,8,0,0.269,7,0.061,-1.252
49.41,-1.263,0.567,8,0,0.269,7,0.054,-1.700
49.54,-1.266,0.578,8,0,0.269,7,0.051,-1.924
49.66,-1.266,0.584,8,0,0.269,7,0.058,-1.476
49.79,-1.266,0.591,8,0,0.269,7,0.065,-1.028
49.92,-1.266,0.593,8,0,0.269,7,0.071,-0.580
50.05,-1.266,0.599,8,0,0.269,7,0.078,-0.132
50.18,-1.265,0.608,8,0,0.269,7,0.075,0.316
50.30,-1.265,0.612,8,0,0.269,7,0.069,0.764
50.43,-1.265,0.614,8,0,0.269,7,0.062,1.212
50.56,-1.266,0.620,8,0,0.269,7,0.055,1.660
50.69,-1.269,0.625,8,0,0.269,7,0.048,2.108
50.82,-1.275,0.626,8,0,0.269,7,0.042,2.556
50.94,-1.283,0.622,8,0,0.269,7,0.037,2.850
51.07,-1.291,0.616,8,0,0.269,7,0.037,2.850
51.20,-1.294,0.614,8,0,0.269,7,0.042,2.514
51.33,-1.299,0.613,8,0,0.269,7,0.049,2.066
51.46,-1.305,0.612,8,0,0.269,7,0.052,1.842
51.58,-1.309,0.608,8,0,0.269,7,0.046,2.290
51.71,-1.309,0.602,8,0,0.269,7,0.039,2.738
51.84,-1.303,0.594,8,0,0.269,7,0.037,2.849
51.97,-1.299,0.588,8,0,0.269,7,0.037,2.850
52.10,-1.297,0.584,8,0,0.269,7,0.117,2.514
52.22,-1.298,0.574,8,0,0.269,7,0.192,2.066
52.35,-1.298,0.562,8,0,0.269,7,0.254,1.702
52.48,-1.298,0.547,8,0,0.269,8,0.254,1.700
52.61,-1.299,0.532,8,0,0.269,8,0.254,1.700
52.74,-1.299,0.517,8,0,0.269,8,0.254,1.700
52.86,-1.300,0.502,8,0,0.269,8,0.254,1.700
52.99,-1.300,0.487,8,0,0.269,8,0.254,1.700
53.12,-1.300,0.472,8,0,0.269,8,0.254,1.700
53.25,-1.301,0.457,8,0,0.269,8,0.254,1.700
53.38,-1.301,0.441,8,0,0.269,8,0.254,1.700
53.50,-1.301,0.426,8,0,0.269,8,0.254,1.700
53.63,-1.302,0.411,8,0,0.269,8,0.254,1.700
53.76,-1.302,0.396,8,0,0.269,8,0.254,1.700
53.89,-1.303,0.381,8,0,0.269,8,0.254,1.700
54.02,-1.303,0.366,8,0,0.269,8,0.254,1.700
54.14,-1.303,0.351,8,0,0.269,8,0.254,1.700
54.27,-1.304,0.336,8,0,0.269,8,0.254,1.700
54.40,-1.304,0.321,7,0,0.278,8,0.254,1.700
54.53,-1.305,0.306,7,0,0.278,8,0.254,1.700
54.66,-1.305,0.291,7,0,0.278,8,0.254,1.700
54.78,-1.306,0.276,7,0,0.278,8,0.254,1.700
54.91,-1.306,0.261,7,0,0.278,8,0.254,1.700
55.04,-1.306,0.246,7,0,0.278,8,0.254,1.700
55.17,-1.307,0.231,7,0,0.278,8,0.254,1.700
55.30,-1.307,0.216,7,0,0.278,8,0.254,1.700
55.42,-1.308,0.196,6,0,0.287,8,0.329,1.252
55.55,-1.309,0.168,6,0,0.287,8,0.404,0.808
55.68,-1.310,0.140,6,0,0.287,8,0.405,0.801
55.81,-1.311,0.111,6,0,0.287,8,0.405,0.800
55.94,-1.312,0.083,6,0,0.287,8,0.405,0.800
56.06,-1.313,0.055,6,0,0.287,8,0.368,1.024
56.19,-1.314,0.027,6,0,0.287,8,0.389,0.897
56.32,-1.315,-0.001,6,0,0.287,8,0.376,0.973
56.45,-1.316,-0.029,5,0,0.296,8,0.363,1.051
56.58,-1.317,-0.057,5,0,0.296,8,0.345,1.155
56.70,-1.319,-0.086,5,0,0.296,8,0.331,1.239
56.83,-1.318,-0.098,5,0,0.296,8,0.055,1.687
56.96,-1.316,-0.105,5,0,0.296,8,0.048,2.135
57.09,-1.311,-0.106,5,0,0.296,8,0.045,2.359
57.22,-1.302,-0.104,5,0,0.296,8,0.051,1.911
57.34,-1.293,-0.107,5,0,0.296,8,0.256,1.687
57.47,-1.274,-0.122,5,0,0.296,8,0.331,1.239
57.60,-1.252,-0.140,5,0,0.296,8,0.406,0.794
57.73,-1.230,-0.157,5,0,0.296,8,0.405,0.799
57.86,-1.208,-0.175,5,0,0.296,8,0.405,0.800
57.98,-1.186,-0.192,5,0,0.296,8,0.405,0.800
58.11,-1.163,-0.210,5,0,0.296,9,0.405,0.800
58.24,-1.141,-0.227,5,0,0.296,9,0.405,0.800
58.37,-1.119,-0.245,5,0,0.296,9,0.405,0.800
58.50,-1.097,-0.262,4,1,0.315,9,0.481,0.352
58.62,-1.075,-0.280,4,1,0.315,9,0.524,-0.096
58.75,-1.053,-0.297,4,1,0.315,9,0.448,-0.544
58.88,-1.031,-0.315,4,1,0.315,9,0.373,-0.992
59.01,-1.009,-0.332,4,1,0.315,9,0.298,-1.440
59.14,-0.992,-0.347,4,1,0.315,9,0.254,-1.701
59.26,-0.977,-0.361,4,1,0.315,9,0.254,-1.700
59.39,-0.963,-0.377,4,1,0.315,9,0.254,-1.700
59.52,-0.949,-0.396,4,1,0.315,9,0.329,-1.252
59.65,-0.942,-0.408,4,1,0.315,9,0.068,-0.804
59.78,-0.938,-0.416,4,1,0.315,9,0.075,-0.356
59.90,-0.934,-0.425,4,1,0.315,9,0.079,0.092
60.03,-0.929,-0.433,4,1,0.315,9,0.449,0.540
60.16,-0.923,-0.443,4,1,0.315,9,0.065,0.988
60.29,-0.917,-0.448,4,1,0.315,9,0.058,1.436
60.42,-0.910,-0.451,4,1,0.315,9,0.052,1.884
60.54,-0.897,-0.460,3,1,0.324,9,0.272,1.591
60.67,-0.879,-0.471,3,1,0.324,9,0.310,1.367
60.80,-0.857,-0.486,3,1,0.324,9,0.058,1.458
60.93,-0.842,-0.491,3,1,0.324,9,0.295,1.453
61.06,-0.818,-0.503,3,1,0.324,9,0.308,1.381
61.18,-0.798,-0.511,3,1,0.324,9,0.310,1.364
61.31,-0.777,-0.518,3,1,0.324,9,0.312,1.355
61.44,-0.756,-0.525,3,1,0.324,10,0.312,1.356
61.57,-0.735,-0.531,3,2,0.324,10,0.290,1.482
61.70,-0.710,-0.538,3,2,0.324,10,0.312,1.357
61.82,-0.693,-0.542,3,2,0.324,10,0.286,1.512
61.95,-0.669,-0.547,3,2,0.324,10,0.315,1.336
62.08,-0.642,-0.552,3,2,0.324,10,0.313,1.348
62.21,-0.615,-0.557,3,2,0.324,10,0.309,1.372
62.34,-0.594,-0.560,3,2,0.324,10,0.330,1.245
62.46,-0.567,-0.565,3,2,0.324,10,0.406,0.797
62.59,-0.539,-0.569,3,3,0.324,10,0.481,0.349
62.72,-0.511,-0.573,3,3,0.324,10,0.540,0.000
62.85,-0.483,-0.578,3,3,0.324,10,0.540,0.000
62.98,-0.455,-0.582,3,3,0.324,10,0.540,0.000
63.10,-0.428,-0.586,3,3,0.324,10,0.540,0.000
63.23,-0.400,-0.591,3,3,0.324,10,1.113,-0.224
63.36,-0.372,-0.595,3,3,0.324,10,1.079,-0.312
63.49,-0.344,-0.599,3,3,0.324,10,1.070,-0.336
63.62,-0.316,-0.604,3,4,0.324,10,1.057,-0.368
63.74,-0.288,-0.608,3,4,0.324,10,1.049,-0.388
63.87,-0.261,-0.612,3,4,0.324,10,1.036,-0.422
64.00,-0.233,-0.617,3,4,0.324,10,1.025,-0.450
64.13,-0.205,-0.621,3,4,0.324,10,0.938,-0.675
64.26,-0.177,-0.625,3,4,0.324,10,0.921,-0.719
64.38,-0.149,-0.629,3,4,0.324,10,0.909,-0.750
64.51,-0.121,-0.634,3,4,0.324,10,0.898,-0.778
64.64,-0.093,-0.638,3,5,0.333,10,0.371,-1.002
64.77,-0.066,-0.642,3,5,0.333,10,0.811,-1.002
64.90,-0.038,-0.647,3,5,0.333,10,0.389,-0.895
65.02,-0.010,-0.651,3,5,0.333,10,0.404,-0.809
65.15,0.018,-0.655,3,5,0.333,10,0.405,-0.801
65.28,0.046,-0.660,3,5,0.333,10,0.395,-0.864
65.41,0.074,-0.664,3,5,0.333,10,0.374,-0.985
65.54,0.101,-0.668,3,5,0.333,10,0.358,-1.079
65.66,0.129,-0.673,3,6,0.343,10,0.434,-0.631
65.79,0.157,-0.677,3,6,0.343,10,0.509,-0.183
65.92,0.180,-0.681,3,6,0.343,10,0.495,0.265
66.05,0.198,-0.684,3,6,0.343,10,0.079,0.041
66.18,0.205,-0.685,3,6,0.343,10,0.074,-0.407
66.30,0.205,-0.685,3,6,0.343,10,0.067,-0.855
66.43,0.204,-0.686,3,6,0.343,10,0.060,-1.303
66.56,0.201,-0.689,3,6,0.343,10,0.054,-1.751
66.69,0.196,-0.692,2,6,0.352,10,0.234,-1.815
66.82,0.198,-0.696,2,6,0.352,10,0.310,-1.367
66.94,0.199,-0.700,2,6,0.352,10,0.316,-1.330
67.07,0.200,-0.705,2,6,0.352,10,0.316,-1.328
67.20,0.202,-0.710,2,6,0.352,10,0.317,-1.327
67.33,0.205,-0.716,2,6,0.352,10,0.317,-1.323
67.46,0.208,-0.722,2,6,0.352,10,0.321,-1.302
67.58,0.210,-0.727,2,6,0.352,10,0.322,-1.293
67.71,0.214,-0.733,2,6,0.352,10,0.321,-1.302
67.84,0.217,-0.739,2,6,0.352,10,0.323,-1.290
67.97,0.220,-0.746,2,6,0.352,10,0.324,-1.286
68.10,0.223,-0.752,2,6,0.352,10,0.325,-1.280
68.22,0.226,-0.758,2,6,0.352,11,0.320,-1.306
68.35,0.229,-0.764,2,6,0.352,11,0.329,-1.254
68.48,0.232,-0.770,2,6,0.352,11,0.326,-1.268
68.61,0.236,-0.777,2,6,0.352,11,0.328,-1.262
68.74,0.239,-0.782,2,7,0.352,11,0.327,-1.267
68.86,0.244,-0.788,2,7,0.352,11,0.326,-1.269
68.99,0.249,-0.794,2,7,0.352,11,0.317,-1.325
69.12,0.254,-0.800,2,7,0.352,11,0.331,-1.244
69.25,0.260,-0.807,2,7,0.352,11,0.327,-1.264
69.38,0.266,-0.813,2,7,0.352,11,0.322,-1.293
69.50,0.271,-0.820,2,7,0.352,11,0.357,-1.085
69.63,0.277,-0.826,2,7,0.352,11,0.433,-0.637
69.76,0.283,-0.833,2,7,0.352,11,0.508,-0.189
69.89,0.309,-0.840,2,7,0.352,11,0.540,-0.000
70.02,0.333,-0.848,2,7,0.352,11,0.540,-0.000
70.14,0.351,-0.857,2,7,0.352,11,0.540,-0.000
70.27,0.375,-0.868,2,7,0.352,11,0.540,-0.000
70.40,0.402,-0.879,2,7,0.352,11,0.521,-0.112
70.53,0.428,-0.889,2,7,0.352,11,0.446,-0.560
70.66,0.454,-0.899,2,7,0.352,11,0.406,-0.796
70.78,0.480,-0.909,1,8,0.352,11,0.481,-0.348
70.91,0.506,-0.920,1,8,0.352,11,0.523,0.100
71.04,0.533,-0.930,1,8,0.352,11,0.448,0.548
71.17,0.559,-0.940,1,8,0.352,11,0.372,0.996
71.30,0.585,-0.951,1,8,0.352,11,0.297,1.444
71.42,0.606,-0.958,1,8,0.352,11,0.254,1.700
71.55,0.627,-0.964,1,8,0.352,11,0.254,1.700
71.68,0.647,-0.968,1,8,0.352,11,0.254,1.700
71.81,0.669,-0.970,1,8,0.352,11,0.254,1.700
71.94,0.688,-0.971,1,8,0.352,11,0.254,1.700
72.06,0.703,-0.971,1,8,0.352,11,0.254,1.700
72.19,0.718,-0.972,1,8,0.352,11,0.254,1.700
72.32,0.733,-0.972,1,8,0.352,11,0.254,1.700
72.45,0.748,-0.973,1,8,0.352,11,0.254,1.700
72.58,0.763,-0.974,1,8,0.352,11,0.254,1.700
72.70,0.778,-0.974,1,8,0.352,11,0.254,1.700
72.83,0.790,-0.974,1,9,0.352,11,0.239,1.786
72.96,0.802,-0.973,1,9,0.352,11,0.212,1.950
73.09,0.815,-0.971,1,9,0.352,11,0.249,1.727
73.22,0.832,-0.968,1,9,0.352,11,0.053,1.816
73.34,0.844,-0.964,1,9,0.352,11,0.246,1.748
73.47,0.863,-0.958,1,9,0.352,11,0.253,1.704
73.60,0.882,-0.950,1,9,0.352,11,0.254,1.700
73.73,0.901,-0.941,1,9,0.352,11,0.254,1.700
73.86,0.922,-0.929,1,10,0.352,12,0.329,1.252
73.98,0.947,-0.915,1,10,0.352,12,0.404,0.808
74.11,0.971,-0.902,1,10,0.352,12,0.405,0.801
74.24,0.996,-0.888,1,10,0.352,12,0.405,0.800
74.37,1.020,-0.874,1,10,0.352,12,0.405,0.800
74.50,1.045,-0.860,1,10,0.352,12,0.405,0.800
74.62,1.069,-0.846,1,10,0.352,12,0.399,0.836
74.75,1.094,-0.832,1,10,0.352,12,0.382,0.941
74.88,1.118,-0.818,2,10,0.352,12,0.373,0.992
75.01,1.143,-0.804,2,10,0.352,12,0.357,1.087
75.14,1.167,-0.790,2,10,0.352,12,0.342,1.179
75.26,1.192,-0.776,2,10,0.352,12,0.324,1.283
75.39,1.216,-0.762,2,10,0.352,12,0.313,1.347
75.52,1.230,-0.752,2,10,0.352,12,0.055,1.693
75.65,1.238,-0.742,2,10,0.352,12,0.266,1.628
75.78,1.248,-0.730,2,10,0.352,12,0.266,1.628
75.90,1.261,-0.715,2,11,0.352,12,0.341,1.180
76.03,1.275,-0.696,2,11,0.352,12,0.069,0.732
76.16,1.282,-0.686,2,11,0.352,12,0.417,0.732
76.29,1.291,-0.670,2,11,0.352,12,0.069,0.732
76.42,1.297,-0.659,2,11,0.352,12,0.417,0.732
76.54,1.305,-0.644,2,11,0.352,12,0.068,0.797
76.67,1.312,-0.628,2,11,0.352,12,0.446,0.556
76.80,1.320,-0.609,2,11,0.352,12,0.074,0.420
76.93,1.323,-0.601,3,11,0.352,13,0.394,0.868
77.06,1.330,-0.581,3,11,0.352,13,0.319,1.316
77.18,1.335,-0.562,3,11,0.352,13,0.301,1.421
77.31,1.342,-0.536,3,11,0.352,13,0.308,1.379
77.44,1.346,-0.516,3,11,0.352,13,0.322,1.294
77.57,1.351,-0.493,3,11,0.352,13,0.291,1.480
77.70,1.355,-0.469,3,11,0.352,13,0.314,1.343
77.82,1.359,-0.449,3,11,0.352,13,0.309,1.371
77.95,1.362,-0.426,4,11,0.352,13,0.251,1.719
78.08,1.364,-0.406,4,11,0.352,13,0.254,1.702
78.21,1.364,-0.389,4,11,0.352,13,0.254,1.700
78.34,1.365,-0.374,4,11,0.352,13,0.254,1.700
78.46,1.365,-0.359,4,11,0.352,13,0.254,1.700
78.59,1.366,-0.344,4,11,0.352,13,0.254,1.700
78.72,1.367,-0.329,4,11,0.352,13,0.254,1.700
78.85,1.367,-0.314,4,11,0.352,13,0.254,1.700
78.98,1.368,-0.299,4,11,0.352,13,0.254,1.700
79.10,1.368,-0.284,4,11,0.352,13,0.254,1.700
79.23,1.369,-0.268,4,11,0.352,13,0.254,1.700
79.36,1.370,-0.253,4,11,0.352,13,0.254,1.700
79.49,1.370,-0.238,4,11,0.352,13,0.254,1.700
79.62,1.371,-0.223,4,11,0.352,13,0.254,1.700
79.74,1.371,-0.208,4,11,0.352,13,0.254,1.700
79.87,1.372,-0.193,4,11,0.352,13,0.254,1.700
80.00,1.373,-0.178,5,11,0.352,13,0.254,1.700
80.13,1.373,-0.163,5,11,0.352,13,0.254,1.700
80.26,1.374,-0.148,5,11,0.352,13,0.254,1.700
80.38,1.374,-0.133,5,11,0.352,13,0.254,1.700
80.51,1.375,-0.118,5,11,0.352,13,0.254,1.700
80.64,1.376,-0.103,5,11,0.352,13,0.254,1.700
80.77,1.376,-0.088,5,11,0.352,13,0.254,1.700
80.90,1.377,-0.073,5,11,0.352,13,0.254,1.700
81.02,1.377,-0.058,5,11,0.352,13,0.254,1.700
81.15,1.378,-0.043,5,11,0.352,13,0.254,1.700
81.28,1.379,-0.027,5,11,0.352,13,0.254,1.700
81.41,1.379,-0.012,5,11,0.352,13,0.254,1.700
81.54,1.380,0.003,5,11,0.352,13,0.254,1.700
81.66,1.381,0.018,5,11,0.352,13,0.254,1.700
81.79,1.381,0.033,5,11,0.352,13,0.254,1.700
81.92,1.382,0.048,5,11,0.352,13,0.254,1.700
82.05,1.382,0.063,6,11,0.352,13,0.254,1.700
82.18,1.383,0.078,6,11,0.352,13,0.254,1.700
82.30,1.384,0.093,6,11,0.352,13,0.254,1.700
82.43,1.384,0.108,6,11,0.352,13,0.254,1.700
82.56,1.385,0.123,6,11,0.352,13,0.254,1.700
82.69,1.386,0.138,6,11,0.352,13,0.254,1.700
82.82,1.386,0.153,6,11,0.352,13,0.254,1.700
82.94,1.387,0.168,6,11,0.352,13,0.254,1.700
83.07,1.388,0.183,6,11,0.352,13,0.254,1.700
83.20,1.388,0.198,6,11,0.352,13,0.254,1.700
83.33,1.389,0.213,6,11,0.352,13,0.254,1.700
83.46,1.390,0.229,6,11,0.352,13,0.254,1.700
83.58,1.390,0.244,6,11,0.352,13,0.254,1.700
83.71,1.391,0.259,6,11,0.352,13,0.254,1.700
83.84,1.392,0.274,6,11,0.352,13,0.254,1.700
83.97,1.392,0.287,6,11,0.352,13,0.216,1.924
84.10,1.392,0.299,7,11,0.352,13,0.249,1.726
84.22,1.391,0.314,7,11,0.352,13,0.253,1.702
84.35,1.390,0.330,7,11,0.352,13,0.254,1.700
84.48,1.390,0.346,7,11,0.352,13,0.254,1.700
84.61,1.388,0.362,7,11,0.352,13,0.254,1.700
84.74,1.387,0.378,7,11,0.352,13,0.254,1.700
84.86,1.385,0.395,7,11,0.352,13,0.254,1.700
84.99,1.382,0.413,7,11,0.352,13,0.254,1.700
85.12,1.379,0.431,7,11,0.352,13,0.254,1.700
85.25,1.375,0.451,7,11,0.352,13,0.310,1.364
85.38,1.370,0.479,7,11,0.352,13,0.386,0.916
85.50,1.365,0.506,7,11,0.352,13,0.388,0.901
85.63,1.359,0.534,7,11,0.352,13,0.388,0.900
85.76,1.354,0.562,7,11,0.352,13,0.388,0.900
85.89,1.349,0.589,7,11,0.352,13,0.388,0.900
86.02,1.343,0.617,7,11,0.352,13,0.388,0.900
86.14,1.338,0.645,8,11,0.352,13,0.388,0.900
86.27,1.333,0.672,8,11,0.352,13,0.388,0.900
86.40,1.327,0.700,8,11,0.352,13,0.388,0.900
86.53,1.322,0.728,8,11,0.352,13,0.313,1.348
86.66,1.317,0.751,8,11,0.352,13,0.253,1.707
86.78,1.311,0.772,8,11,0.352,13,0.254,1.701
86.91,1.303,0.791,8,11,0.352,13,0.254,1.700
87.04,1.294,0.810,8,11,0.352,13,0.254,1.700
87.17,1.284,0.828,9,11,0.352,13,0.254,1.700
87.30,1.272,0.846,9,11,0.352,13,0.254,1.700
87.42,1.259,0.862,9,11,0.352,13,0.254,1.700
87.55,1.245,0.877,9,11,0.352,13,0.254,1.700
87.68,1.229,0.891,9,11,0.352,13,0.254,1.700
87.81,1.213,0.904,9,11,0.352,13,0.254,1.700
87.94,1.195,0.916,9,11,0.352,13,0.292,1.476
88.06,1.171,0.929,9,11,0.352,13,0.329,1.252
88.19,1.148,0.942,10,11,0.352,14,0.294,1.464
88.32,1.126,0.954,10,11,0.352,14,0.332,1.234
88.45,1.101,0.967,10,11,0.352,14,0.295,1.458
88.58,1.080,0.977,10,11,0.352,14,0.298,1.439
88.70,1.061,0.987,10,11,0.352,14,0.373,0.991
88.83,1.056,0.994,10,11,0.352,14,0.388,0.902
88.96,1.056,1.002,10,11,0.352,14,0.388,0.900
89.09,1.056,1.011,10,11,0.352,14,0.388,0.900
89.22,1.056,1.020,10,10,0.361,14,0.388,0.900
89.34,1.052,1.028,10,10,0.361,14,0.388,0.900
89.47,1.027,1.037,10,10,0.361,14,0.351,1.124
89.60,1.001,1.046,10,10,0.361,14,0.280,1.543
89.73,0.977,1.054,10,10,0.361,14,0.329,1.253
89.86,0.950,1.062,10,10,0.361,14,0.291,1.477
89.98,0.924,1.070,10,10,0.361,14,0.329,1.253
90.11,0.898,1.077,10,10,0.361,14,0.329,1.253
90.24,0.872,1.084,10,9,0.370,14,0.329,1.253
90.37,0.847,1.091,10,9,0.370,14,0.291,1.477
90.50,0.822,1.096,10,9,0.370,14,0.280,1.547
90.62,0.799,1.100,10,9,0.370,14,0.256,1.687
90.75,0.778,1.103,10,9,0.370,14,0.254,1.699
90.88,0.759,1.103,10,9,0.370,14,0.254,1.700
91.01,0.744,1.104,10,9,0.370,14,0.254,1.700
91.14,0.729,1.104,10,9,0.370,14,0.254,1.700
91.26,0.714,1.105,10,9,0.370,14,0.254,1.700
91.39,0.699,1.106,10,9,0.370,14,0.254,1.700
91.52,0.684,1.106,10,9,0.370,14,0.254,1.700
91.65,0.668,1.107,10,9,0.370,14,0.254,1.700
91.78,0.653,1.107,10,9,0.370,14,0.254,1.700
91.90,0.638,1.108,10,9,0.370,14,0.254,1.700
92.03,0.623,1.108,10,9,0.370,14,0.254,1.700
92.16,0.608,1.109,10,9,0.370,14,0.254,1.700
92.29,0.593,1.109,10,8,0.380,14,0.254,1.700
92.42,0.578,1.110,10,8,0.380,14,0.254,1.700
92.54,0.563,1.111,10,8,0.380,14,0.254,1.700
92.67,0.548,1.111,10,8,0.380,14,0.254,1.700
92.80,0.533,1.112,10,8,0.380,14,0.254,1.700
92.93,0.518,1.112,10,8,0.380,14,0.254,1.700
93.06,0.503,1.113,10,8,0.380,14,0.254,1.700
93.18,0.488,1.113,10,8,0.380,14,0.254,1.700
93.31,0.468,1.114,10,8,0.380,14,0.329,1.252
93.44,0.440,1.116,10,8,0.380,14,0.405,0.804
93.57,0.412,1.117,10,8,0.380,14,0.480,0.356
93.70,0.384,1.118,10,8,0.380,14,0.525,-0.092
93.82,0.371,1.119,10,8,0.380,14,0.072,-0.540
93.95,0.369,1.120,10,8,0.380,14,0.065,-0.988
94.08,0.357,1.122,10,8,0.380,14,0.334,-1.225
94.21,0.329,1.125,10,8,0.380,14,0.384,-0.930
94.34,0.301,1.128,11,7,0.398,14,0.459,-0.482
94.46,0.273,1.132,11,7,0.398,14,0.534,-0.034
94.59,0.245,1.135,11,7,0.398,14,0.470,0.414
94.72,0.217,1.138,11,7,0.398,15,0.395,0.862
94.85,0.189,1.141,11,7,0.398,15,0.389,0.900
94.98,0.161,1.144,11,7,0.398,15,0.389,0.900
95.10,0.133,1.147,11,7,0.398,15,0.389,0.900
95.23,0.105,1.150,11,7,0.398,15,0.389,0.900
95.36,0.077,1.153,11,6,0.407,15,0.389,0.900
95.49,0.049,1.156,11,6,0.407,15,0.389,0.900
95.62,0.021,1.160,11,6,0.407,15,0.389,0.900
95.74,-0.007,1.163,11,6,0.407,15,0.389,0.900
95.87,-0.035,1.166,11,6,0.407,15,0.389,0.900
96.00,-0.063,1.169,11,6,0.407,15,0.389,0.900
96.13,-0.091,1.172,11,6,0.407,15,0.389,0.900
96.26,-0.119,1.175,11,6,0.407,15,0.389,0.900
96.38,-0.147,1.178,11,5,0.417,15,0.389,0.900
96.51,-0.175,1.181,11,5,0.417,15,0.378,0.960
96.64,-0.203,1.185,11,5,0.417,15,0.526,1.408
96.77,-0.231,1.188,11,5,0.417,15,0.388,1.856
96.90,-0.257,1.191,11,5,0.417,15,0.344,1.999
97.02,-0.281,1.193,11,5,0.417,15,0.343,2.000
97.15,-0.305,1.195,11,5,0.417,15,0.343,2.000
97.28,-0.328,1.197,11,5,0.417,15,0.343,2.000
97.41,-0.351,1.199,11,4,0.426,15,0.343,2.000
97.54,-0.375,1.201,11,4,0.426,15,0.343,2.000
97.66,-0.398,1.203,11,4,0.426,15,0.343,2.000
97.79,-0.422,1.205,11,4,0.426,15,0.343,2.000
97.92,-0.445,1.207,11,4,0.426,15,0.343,2.000
98.05,-0.468,1.209,11,4,0.426,15,0.204,1.993
98.18,-0.481,1.209,11,4,0.426,15,0.047,2.217
98.30,-0.485,1.206,11,4,0.426,15,0.040,2.665
98.43,-0.489,1.200,11,3,0.435,15,0.167,2.217
98.56,-0.500,1.190,11,3,0.435,15,0.242,1.769
98.69,-0.515,1.176,11,3,0.435,15,0.254,1.701
98.82,-0.530,1.160,11,3,0.435,15,0.273,1.588
98.94,-0.546,1.141,11,3,0.435,15,0.348,1.140
99.07,-0.564,1.119,11,3,0.435,15,0.388,0.904
99.20,-0.582,1.097,11,3,0.435,15,0.388,0.900
99.33,-0.600,1.076,11,3,0.435,15,0.388,0.900
99.46,-0.619,1.054,10,3,0.444,15,0.388,0.900
99.58,-0.637,1.033,10,3,0.444,15,0.388,0.900
99.71,-0.655,1.011,10,3,0.444,15,0.351,1.124
99.84,-0.672,0.990,10,3,0.444,15,0.275,1.572
99.97,-0.685,0.973,10,3,0.444,16,0.254,1.698
100.10,-0.696,0.955,10,3,0.444,16,0.254,1.700
100.22,-0.706,0.937,10,3,0.444,16,0.254,1.700
100.35,-0.714,0.917,10,3,0.444,16,0.254,1.700
100.48,-0.721,0.898,10,2,0.454,16,0.254,1.700
100.61,-0.726,0.877,10,2,0.454,16,0.254,1.700
100.74,-0.729,0.856,10,2,0.454,16,0.401,1.812
100.86,-0.733,0.829,10,2,0.454,16,0.348,1.985
100.99,-0.735,0.803,10,2,0.454,16,0.344,1.999
101.12,-0.738,0.779,10,2,0.454,16,0.343,2.000
101.25,-0.740,0.755,10,2,0.454,16,0.343,2.000
101.38,-0.742,0.732,10,2,0.454,16,0.343,2.000
101.50,-0.744,0.709,9,2,0.463,16,0.343,2.000
101.63,-0.746,0.685,9,2,0.463,16,0.220,1.899
101.76,-0.746,0.668,9,2,0.463,16,0.251,1.718
101.89,-0.747,0.653,9,2,0.463,16,0.254,1.702
102.02,-0.747,0.638,9,2,0.463,16,0.254,1.700
102.14,-0.747,0.623,9,2,0.463,16,0.254,1.700
102.27,-0.748,0.608,9,2,0.463,16,0.254,1.700
102.40,-0.748,0.593,9,2,0.463,16,0.053,1.812
102.53,-0.747,0.586,8,2,0.463,16,0.046,2.260
102.66,-0.744,0.582,8,2,0.463,16,0.039,2.708
102.78,-0.737,0.585,8,2,0.463,16,0.098,2.624
102.91,-0.728,0.582,8,2,0.463,16,0.174,2.176
103.04,-0.715,0.574,8,2,0.463,16,0.249,1.728
103.17,-0.696,0.563,8,2,0.463,16,0.254,1.700
103.30,-0.677,0.554,8,2,0.463,16,0.254,1.700
103.42,-0.658,0.547,8,2,0.463,16,0.254,1.700
103.55,-0.638,0.542,8,3,0.472,16,0.254,1.700
103.68,-0.617,0.538,8,3,0.472,16,0.254,1.700
103.81,-0.595,0.536,8,3,0.472,16,0.254,1.700
103.94,-0.576,0.535,8,3,0.472,16,0.254,1.700
104.06,-0.561,0.534,8,3,0.472,16,0.254,1.700
104.19,-0.546,0.534,8,3,0.472,16,0.254,1.700
104.32,-0.531,0.533,8,3,0.472,16,0.254,1.700
104.45,-0.516,0.533,8,3,0.472,16,0.254,1.700
104.58,-0.501,0.532,8,3,0.472,16,0.254,1.700
104.70,-0.486,0.532,8,3,0.472,16,0.254,1.700
104.83,-0.471,0.531,8,3,0.472,16,0.254,1.700
104.96,-0.456,0.530,8,3,0.472,16,0.254,1.700
105.09,-0.441,0.530,8,3,0.472,16,0.254,1.700
105.22,-0.426,0.529,8,3,0.472,16,0.254,1.700
105.34,-0.411,0.529,8,3,0.472,16,0.254,1.700
105.47,-0.395,0.528,8,3,0.472,16,0.254,1.700
105.60,-0.380,0.528,8,4,0.481,16,0.254,1.700
105.73,-0.365,0.527,8,4,0.481,16,0.254,1.700
105.86,-0.350,0.527,8,4,0.481,16,0.254,1.700
105.98,-0.335,0.526,8,4,0.481,16,0.254,1.700
106.11,-0.320,0.525,8,4,0.481,16,0.254,1.700
106.24,-0.305,0.525,8,4,0.481,16,0.254,1.700
106.37,-0.290,0.524,8,4,0.481,16,0.254,1.700
106.50,-0.275,0.524,8,4,0.481,16,0.254,1.700
106.62,-0.260,0.523,8,4,0.481,16,0.254,1.700
106.75,-0.245,0.522,8,4,0.481,16,0.254,1.700
106.88,-0.230,0.522,8,4,0.481,17,0.254,1.700
107.01,-0.215,0.521,8,4,0.481,17,0.254,1.700
107.14,-0.200,0.521,8,4,0.481,17,0.254,1.700
107.26,-0.185,0.520,8,4,0.481,17,0.254,1.700
107.39,-0.170,0.520,8,4,0.481,17,0.254,1.700
107.52,-0.154,0.519,8,4,0.481,17,0.254,1.700
107.65,-0.139,0.518,8,5,0.491,17,0.254,1.700
107.78,-0.124,0.518,8,5,0.491,17,0.254,1.700
107.90,-0.109,0.517,8,5,0.491,17,0.254,1.700
108.03,-0.094,0.517,8,5,0.491,17,0.254,1.700
108.16,-0.079,0.516,8,5,0.491,17,0.254,1.700
108.29,-0.064,0.515,8,5,0.491,17,0.254,1.700
108.42,-0.049,0.515,8,5,0.491,17,0.254,1.700
108.54,-0.034,0.514,8,5,0.491,17,0.254,1.700
108.67,-0.019,0.513,8,5,0.491,17,0.254,1.700
108.80,-0.004,0.513,8,5,0.491,17,0.254,1.700
108.93,0.011,0.512,8,5,0.491,17,0.254,1.700
109.06,0.026,0.512,8,5,0.491,17,0.254,1.700
109.18,0.041,0.511,8,5,0.491,17,0.254,1.700
109.31,0.056,0.510,8,5,0.491,17,0.254,1.700
109.44,0.071,0.510,8,5,0.491,17,0.254,1.700
109.57,0.086,0.509,8,5,0.491,17,0.254,1.700
109.70,0.106,0.508,8,6,0.500,17,0.329,1.252
109.82,0.134,0.507,8,6,0.500,17,0.404,0.808
109.95,0.162,0.505,8,6,0.500,17,0.405,0.801
110.08,0.190,0.504,8,6,0.500,17,0.405,0.800
110.21,0.218,0.502,8,6,0.500,17,0.405,0.800
110.34,0.246,0.501,8,6,0.500,17,0.405,0.800
110.46,0.275,0.499,8,6,0.500,17,0.405,0.800
110.59,0.303,0.498,8,6,0.500,17,0.405,0.800
110.72,0.331,0.496,8,7,0.509,17,0.405,0.800
110.85,0.359,0.495,8,7,0.509,17,0.405,0.800
110.98,0.387,0.493,8,7,0.509,17,0.405,0.800
111.10,0.415,0.492,8,7,0.509,17,0.405,0.800
111.23,0.443,0.490,8,7,0.509,17,0.405,0.800
111.36,0.471,0.489,8,7,0.509,17,0.405,0.800
111.49,0.500,0.487,8,7,0.509,17,0.405,0.800
111.62,0.528,0.485,8,7,0.509,17,0.405,0.800
111.74,0.556,0.484,8,8,0.509,17,0.481,0.352
111.87,0.584,0.482,8,8,0.509,17,0.524,-0.096
112.00,0.612,0.481,8,8,0.509,17,0.448,-0.544
112.13,0.640,0.479,8,8,0.509,17,0.387,-0.906
112.26,0.668,0.478,8,8,0.509,17,0.388,-0.901
112.38,0.696,0.476,8,8,0.509,17,0.388,-0.900
112.51,0.725,0.474,8,8,0.509,17,0.388,-0.900
112.64,0.753,0.473,8,8,0.509,17,0.332,-1.236
112.77,0.778,0.471,8,9,0.509,17,0.257,-1.684
112.90,0.795,0.469,8,9,0.509,17,0.254,-1.699
113.02,0.813,0.466,8,9,0.509,17,0.254,-1.700
113.15,0.831,0.463,8,9,0.509,17,0.254,-1.700
113.28,0.850,0.459,8,9,0.509,17,0.254,-1.700
113.41,0.870,0.453,8,9,0.509,17,0.254,-1.700
113.54,0.890,0.446,8,9,0.509,17,0.254,-1.700
113.66,0.909,0.438,8,9,0.509,17,0.254,-1.700
113.79,0.931,0.427,7,10,0.519,17,0.329,-1.252
113.92,0.956,0.414,7,10,0.519,17,0.405,-0.804
114.05,0.980,0.404,7,10,0.519,17,0.431,-0.649
114.18,0.999,0.405,7,10,0.519,17,0.408,-0.787
114.30,1.024,0.401,7,10,0.519,17,0.406,-0.799
114.43,1.049,0.388,7,10,0.519,17,0.405,-0.800
114.56,1.074,0.375,7,10,0.519,17,0.396,-0.858
114.69,1.099,0.362,7,10,0.519,17,0.385,-0.920
114.82,1.124,0.350,7,10,0.519,17,0.367,-1.027
114.94,1.149,0.337,7,10,0.519,17,0.355,-1.097
115.07,1.174,0.324,7,10,0.519,17,0.340,-1.190
115.20,1.199,0.311,7,10,0.519,17,0.321,-1.298
115.33,1.224,0.298,7,10,0.519,17,0.310,-1.368
115.46,1.233,0.290,7,10,0.519,17,0.053,-1.816
115.58,1.237,0.281,7,10,0.519,17,0.209,-1.965
115.71,1.250,0.267,7,10,0.519,17,0.285,-1.517
115.84,1.264,0.251,7,11,0.519,17,0.360,-1.069
115.97,1.274,0.237,7,11,0.519,17,0.064,-1.069
116.10,1.284,0.223,7,11,0.519,17,0.398,-0.845
116.22,1.293,0.208,7,11,0.519,17,0.435,-0.621
116.35,1.299,0.196,7,11,0.519,17,0.425,-0.684
116.48,1.309,0.177,7,11,0.519,17,0.070,-0.668
116.61,1.314,0.166,7,11,0.519,17,0.428,-0.668
116.74,1.322,0.147,7,11,0.519,17,0.072,-0.546
116.86,1.326,0.136,6,11,0.519,18,0.448,-0.546
116.99,1.331,0.122,6,11,0.519,18,0.448,-0.546
117.12,1.336,0.106,6,11,0.519,18,0.069,-0.752
117.25,1.341,0.090,6,11,0.519,18,0.469,-0.422
117.38,1.345,0.076,6,11,0.519,18,0.070,-0.646
117.50,1.348,0.064,6,11,0.519,18,0.431,-0.646
117.63,1.352,0.045,6,11,0.519,18,0.484,-0.332
117.76,1.357,0.022,6,11,0.519,18,0.078,-0.108
117.89,1.359,0.013,6,11,0.519,18,0.446,-0.556
118.02,1.362,-0.003,6,11,0.519,18,0.446,-0.556
118.14,1.365,-0.018,6,11,0.519,18,0.446,-0.556
118.27,1.368,-0.038,6,11,0.519,18,0.072,-0.515
118.40,1.371,-0.054,6,11,0.519,18,0.072,-0.515
118.53,1.373,-0.071,6,11,0.519,18,0.072,-0.515
118.66,1.376,-0.092,6,11,0.519,18,0.078,-0.142
118.78,1.378,-0.105,6,11,0.519,18,0.075,-0.366
118.91,1.379,-0.122,5,11,0.519,18,0.071,-0.590
119.04,1.381,-0.138,5,11,0.519,18,0.478,-0.366
119.17,1.383,-0.160,5,11,0.519,18,0.078,-0.142
119.30,1.385,-0.177,5,11,0.519,18,0.078,-0.142
119.42,1.386,-0.189,5,11,0.519,18,0.478,-0.366
119.55,1.387,-0.206,5,11,0.519,18,0.071,-0.590
119.68,1.388,-0.227,5,11,0.519,18,0.516,-0.142
119.81,1.390,-0.255,5,11,0.519,18,0.488,0.306
119.94,1.391,-0.284,4,11,0.519,18,0.413,0.754
120.06,1.393,-0.302,4,11,0.519,18,0.072,0.530
120.19,1.394,-0.309,4,11,0.519,18,0.079,0.082
120.32,1.395,-0.318,4,11,0.519,18,0.075,-0.366
120.45,1.395,-0.325,4,11,0.519,18,0.068,-0.814
120.58,1.396,-0.331,4,11,0.519,18,0.403,-0.814
120.70,1.396,-0.353,4,11,0.519,18,0.478,-0.366
120.83,1.397,-0.381,4,11,0.519,18,0.526,0.082
120.96,1.398,-0.399,4,11,0.519,18,0.496,0.263
121.09,1.398,-0.413,4,11,0.519,18,0.077,-0.185
121.22,1.398,-0.419,4,11,0.519,18,0.071,-0.633
121.34,1.398,-0.420,4,11,0.519,18,0.064,-1.081
121.47,1.399,-0.439,4,11,0.519,18,0.433,-0.633
121.60,1.399,-0.467,4,11,0.519,18,0.509,-0.185
121.73,1.400,-0.496,4,11,0.519,18,0.496,0.263
121.86,1.400,-0.514,4,11,0.519,18,0.078,0.142
121.98,1.401,-0.523,3,11,0.519,18,0.075,-0.306
122.11,1.401,-0.528,3,11,0.519,18,0.069,-0.754
122.24,1.401,-0.532,3,11,0.519,18,0.413,-0.754
122.37,1.401,-0.554,3,11,0.519,18,0.464,-0.452
122.50,1.401,-0.582,3,11,0.519,18,0.539,-0.004
122.62,1.401,-0.610,3,11,0.519,18,0.465,0.444
122.75,1.401,-0.638,3,11,0.519,18,0.390,0.892
122.88,1.402,-0.666,3,11,0.519,18,0.314,1.340
123.01,1.402,-0.688,3,11,0.519,18,0.239,1.788
123.14,1.403,-0.697,3,11,0.519,18,0.060,1.340
123.26,1.406,-0.699,3,11,0.519,18,0.067,0.892
123.39,1.407,-0.702,3,11,0.519,18,0.073,0.444
123.52,1.407,-0.708,3,11,0.519,18,0.080,-0.004
123.65,1.406,-0.718,3,11,0.519,18,0.073,-0.452
123.78,1.407,-0.726,3,11,0.519,18,0.066,-0.900
123.90,1.408,-0.734,3,11,0.519,18,0.060,-1.348
124.03,1.407,-0.755,2,11,0.519,18,0.388,-0.900
124.16,1.406,-0.783,2,11,0.519,18,0.464,-0.452
124.29,1.406,-0.811,2,11,0.519,18,0.539,-0.004
124.42,1.405,-0.833,2,11,0.519,18,0.077,0.220
124.54,1.405,-0.843,2,11,0.519,18,0.077,-0.228
124.67,1.405,-0.848,2,11,0.519,18,0.070,-0.676
124.80,1.404,-0.850,2,11,0.519,18,0.063,-1.124
124.93,1.403,-0.854,2,11,0.519,18,0.056,-1.572
125.06,1.400,-0.858,2,11,0.519,18,0.050,-2.020
125.18,1.394,-0.859,2,11,0.519,18,0.043,-2.468
125.31,1.385,-0.856,2,11,0.519,18,0.040,-2.692
125.44,1.378,-0.852,2,11,0.519,18,0.042,-2.535
125.57,1.375,-0.850,2,11,0.519,18,0.038,-2.829
125.70,1.371,-0.848,2,11,0.519,18,0.119,-2.502
125.82,1.363,-0.848,2,11,0.519,18,0.194,-2.054
125.95,1.353,-0.846,2,11,0.519,18,0.270,-1.606
126.08,1.329,-0.844,2,11,0.519,18,0.345,-1.158
126.21,1.301,-0.842,2,11,0.519,18,0.420,-0.710
126.34,1.273,-0.839,2,11,0.519,18,0.496,-0.262
126.46,1.245,-0.837,2,11,0.519,18,0.509,0.186
126.59,1.217,-0.834,2,11,0.519,18,0.433,0.634
126.72,1.188,-0.832,2,11,0.519,18,0.358,1.082
126.85,1.161,-0.829,2,11,0.519,18,0.282,1.530
126.98,1.139,-0.828,2,11,0.519,18,0.254,1.700
127.10,1.123,-0.828,2,11,0.519,18,0.254,1.700
127.23,1.108,-0.827,2,11,0.519,18,0.254,1.700
127.36,1.093,-0.827,2,11,0.519,18,0.254,1.700
127.49,1.078,-0.827,2,11,0.519,18,0.254,1.700
127.62,1.063,-0.826,2,11,0.519,18,0.254,1.700
127.74,1.048,-0.826,2,11,0.519,18,0.254,1.700
127.87,1.033,-0.826,2,11,0.519,18,0.254,1.700
128.00,1.018,-0.826,2,11,0.519,18,0.254,1.700
128.13,1.003,-0.825,2,10,0.519,18,0.254,1.700
128.26,0.988,-0.825,2,10,0.519,18,0.254,1.700
128.38,0.973,-0.825,2,10,0.519,18,0.254,1.700
128.51,0.958,-0.824,2,10,0.519,18,0.254,1.700
128.64,0.943,-0.824,2,10,0.519,18,0.254,1.700
128.77,0.927,-0.824,2,10,0.519,18,0.254,1.700
128.90,0.912,-0.823,2,10,0.519,18,0.254,1.700
129.02,0.897,-0.823,2,10,0.519,18,0.254,1.700
129.15,0.882,-0.823,2,9,0.528,18,0.254,1.700
129.28,0.873,-0.823,2,9,0.528,18,0.178,2.148
129.41,0.862,-0.827,2,9,0.528,18,0.254,1.700
129.54,0.839,-0.833,2,9,0.528,18,0.329,1.252
129.66,0.812,-0.840,2,9,0.528,18,0.388,0.904
129.79,0.785,-0.847,2,9,0.528,18,0.388,0.900
129.92,0.757,-0.853,2,9,0.528,18,0.388,0.900
130.05,0.730,-0.860,2,9,0.528,19,0.388,0.900
130.18,0.703,-0.867,2,9,0.528,19,0.464,0.452
130.30,0.675,-0.874,2,9,0.528,19,0.539,0.008
130.43,0.649,-0.881,2,9,0.528,19,0.540,0.001
130.56,0.623,-0.889,2,9,0.528,19,0.540,0.000
130.69,0.596,-0.896,2,9,0.528,19,0.483,-0.336
130.82,0.569,-0.904,2,9,0.528,19,0.463,-0.455
130.94,0.542,-0.912,2,9,0.528,19,0.530,-0.057
131.07,0.515,-0.920,2,9,0.528,19,0.539,-0.005
131.20,0.488,-0.927,1,8,0.528,19,0.464,-0.453
131.33,0.461,-0.935,1,8,0.528,19,0.390,-0.893
131.46,0.434,-0.943,1,8,0.528,19,0.389,-0.899
131.58,0.407,-0.950,1,8,0.528,19,0.389,-0.900
131.71,0.407,-0.953,1,8,0.528,19,0.389,-0.900
131.84,0.404,-0.961,1,8,0.528,19,0.370,-1.012
131.97,0.400,-0.971,1,8,0.528,19,0.294,-1.460
132.10,0.399,-0.978,1,8,0.528,19,0.254,-1.696
132.22,0.401,-0.984,1,7,0.528,19,0.254,-1.700
132.35,0.402,-0.987,1,7,0.528,19,0.050,-1.968
132.48,0.403,-0.986,1,7,0.528,19,0.197,-2.040
132.61,0.404,-0.987,1,7,0.528,19,0.201,-2.016
132.74,0.404,-0.987,1,7,0.528,19,0.228,-1.856
132.86,0.405,-0.989,1,7,0.528,19,0.050,-2.019
132.99,0.406,-0.990,1,7,0.528,19,0.051,-1.926
133.12,0.407,-0.988,1,7,0.528,19,0.209,-1.968
133.25,0.408,-0.990,1,7,0.528,19,0.219,-1.907
133.38,0.408,-0.990,1,7,0.528,19,0.049,-2.038
133.50,0.409,-0.992,1,7,0.528,19,0.051,-1.929
133.63,0.410,-0.990,1,7,0.528,19,0.209,-1.968
133.76,0.411,-0.991,1,7,0.528,19,0.219,-1.907
133.89,0.411,-0.992,1,7,0.528,19,0.049,-2.038
134.02,0.412,-0.993,1,7,0.528,19,0.051,-1.929
134.14,0.413,-0.992,1,7,0.528,19,0.209,-1.968
134.27,0.414,-0.993,1,7,0.528,19,0.219,-1.907
134.40,0.414,-0.994,1,7,0.528,19,0.235,-1.814
134.53,0.415,-0.993,1,7,0.528,19,0.190,-2.080
134.66,0.416,-0.994,1,7,0.528,19,0.200,-2.019
134.78,0.417,-0.994,1,7,0.528,19,0.216,-1.926
134.91,0.418,-0.996,1,7,0.528,19,0.220,-1.904
135.04,0.419,-0.997,1,7,0.528,19,0.049,-2.037
135.17,0.419,-0.995,1,7,0.528,19,0.196,-2.041
135.30,0.420,-0.997,1,7,0.528,19,0.049,-2.041
135.42,0.420,-0.997,1,7,0.528,19,0.234,-1.817
135.55,0.421,-0.998,1,7,0.528,19,0.050,-2.008
135.68,0.422,-0.996,1,7,0.528,19,0.197,-2.040
135.81,0.422,-0.997,1,7,0.528,19,0.215,-1.929
135.94,0.422,-0.998,1,7,0.528,19,0.220,-1.904
136.06,0.423,-0.999,1,7,0.528,19,0.049,-2.037
136.19,0.423,-0.997,1,7,0.528,19,0.196,-2.041
136.32,0.423,-0.998,1,7,0.528,19,0.049,-2.041
136.45,0.423,-0.998,1,7,0.528,19,0.234,-1.817
136.58,0.424,-0.999,1,7,0.528,19,0.050,-2.008
136.70,0.423,-0.998,1,7,0.528,19,0.197,-2.040
136.83,0.423,-0.998,1,7,0.528,19,0.215,-1.929
136.96,0.424,-0.997,1,7,0.528,19,0.178,-2.153
137.09,0.424,-1.000,1,7,0.528,19,0.051,-1.929
137.22,0.424,-0.998,1,7,0.528,19,0.197,-2.036
137.34,0.424,-0.999,1,7,0.528,19,0.215,-1.928
137.47,0.424,-0.999,1,7,0.528,19,0.049,-2.041
137.60,0.424,-1.000,1,7,0.528,19,0.051,-1.929
137.73,0.424,-0.998,1,7,0.528,19,0.209,-1.968
137.86,0.424,-0.999,1,7,0.528,19,0.219,-1.907
137.98,0.423,-0.999,1,7,0.528,19,0.049,-2.038
138.11,0.423,-0.997,1,7,0.528,19,0.196,-2.041
138.24,0.424,-0.998,1,7,0.528,19,0.201,-2.016
138.37,0.423,-0.998,1,7,0.528,19,0.228,-1.856
138.50,0.424,-0.999,1,7,0.528,19,0.050,-2.019
138.62,0.423,-0.998,1,7,0.528,19,0.196,-2.041
138.75,0.423,-0.998,1,7,0.528,19,0.215,-1.929
138.88,0.424,-0.997,1,7,0.528,19,0.178,-2.153
139.01,0.424,-1.000,1,7,0.528,19,0.051,-1.929
139.14,0.424,-0.998,1,7,0.528,19,0.197,-2.036
139.26,0.424,-0.998,1,7,0.528,19,0.215,-1.928
139.39,0.424,-0.999,1,7,0.528,19,0.234,-1.817
139.52,0.424,-0.998,1,7,0.528,19,0.190,-2.080
139.65,0.424,-0.998,1,7,0.528,19,0.200,-2.019
139.78,0.424,-0.999,1,7,0.528,19,0.216,-1.926
139.90,0.423,-0.999,1,7,0.528,19,0.049,-2.041
140.03,0.423,-0.997,1,7,0.528,19,0.196,-2.041
140.16,0.424,-0.998,1,7,0.528,19,0.201,-2.016
140.29,0.423,-0.998,1,7,0.528,19,0.228,-1.856
140.42,0.423,-0.999,1,7,0.528,19,0.050,-2.019
140.54,0.423,-0.997,1,7,0.528,19,0.196,-2.041
140.67,0.423,-0.998,1,7,0.528,19,0.215,-1.929
140.80,0.424,-0.997,1,7,0.528,19,0.178,-2.153
140.93,0.424,-0.999,1,7,0.528,19,0.051,-1.929
141.06,0.424,-0.998,1,7,0.528,19,0.197,-2.036
141.18,0.424,-0.998,1,7,0.528,19,0.215,-1.928
141.31,0.423,-0.999,1,7,0.528,19,0.234,-1.817
141.44,0.424,-0.997,1,7,0.528,19,0.190,-2.080
141.57,0.423,-0.998,1,7,0.528,19,0.200,-2.019
141.70,0.424,-0.998,1,7,0.528,19,0.216,-1.926
141.82,0.423,-0.999,1,7,0.528,19,0.049,-2.041
141.95,0.424,-1.000,1,7,0.528,19,0.051,-1.929
142.08,0.424,-0.998,1,7,0.528,19,0.215,-1.929
142.21,0.424,-0.999,1,7,0.528,19,0.221,-1.896
142.34,0.424,-1.000,1,7,0.528,19,0.049,-2.036
142.46,0.424,-0.998,1,7,0.528,19,0.196,-2.041
142.59,0.424,-0.998,1,7,0.528,19,0.215,-1.929
142.72,0.424,-0.999,1,7,0.528,19,0.048,-2.128
142.85,0.424,-1.000,1,7,0.528,19,0.050,-1.968
142.98,0.424,-0.998,1,7,0.528,19,0.197,-2.038
143.10,0.423,-0.998,1,7,0.528,19,0.215,-1.929
143.23,0.423,-0.999,1,7,0.528,19,0.234,-1.817
143.36,0.424,-0.997,1,7,0.528,19,0.190,-2.080
143.49,0.423,-0.998,1,7,0.528,19,0.200,-2.019
143.62,0.423,-0.998,1,7,0.528,19,0.216,-1.926
143.74,0.423,-0.999,1,7,0.528,19,0.049,-2.041
143.87,0.423,-1.000,1,7,0.528,19,0.051,-1.929
144.00,0.424,-0.998,1,7,0.528,19,0.215,-1.929
144.13,0.424,-0.999,1,7,0.528,19,0.221,-1.896
144.26,0.424,-1.000,1,7,0.528,19,0.049,-2.036
144.38,0.424,-0.998,1,7,0.528,19,0.196,-2.041
144.51,0.424,-0.999,1,7,0.528,19,0.201,-2.016
144.64,0.424,-0.999,1,7,0.528,19,0.228,-1.856
144.77,0.424,-1.000,1,7,0.528,19,0.050,-2.019
144.90,0.424,-0.998,1,7,0.528,19,0.196,-2.041
145.02,0.423,-0.998,1,7,0.528,19,0.215,-1.929
145.15,0.423,-0.999,1,7,0.528,19,0.234,-1.817
145.28,0.424,-0.997,1,7,0.528,19,0.190,-2.080
145.41,0.423,-0.998,1,7,0.528,19,0.200,-2.019
145.54,0.423,-0.998,1,7,0.528,19,0.216,-1.926
145.66,0.423,-0.999,1,7,0.528,19,0.234,-1.817
145.79,0.423,-0.997,1,7,0.528,19,0.196,-2.041
145.92,0.423,-0.998,1,7,0.528,19,0.202,-2.008
146.05,0.423,-0.998,1,7,0.528,19,0.228,-1.854
146.18,0.423,-0.999,1,7,0.528,19,0.050,-2.019
146.30,0.423,-0.997,1,7,0.528,19,0.196,-2.041
146.43,0.423,-0.997,1,7,0.528,19,0.215,-1.929
146.56,0.423,-0.998,1,7,0.528,19,0.048,-2.128
146.69,0.422,-0.999,1,7,0.528,19,0.050,-1.968
146.82,0.423,-0.997,1,7,0.528,19,0.197,-2.038
146.94,0.422,-0.998,1,7,0.528,19,0.215,-1.929
147.07,0.422,-0.998,1,7,0.528,19,0.234,-1.817
147.20,0.423,-0.997,1,7,0.528,19,0.196,-2.041
147.33,0.423,-0.998,1,7,0.528,19,0.202,-2.008
147.46,0.423,-0.998,1,7,0.528,19,0.216,-1.924
147.58,0.423,-0.999,1,7,0.528,19,0.049,-2.040
147.71,0.423,-0.999,1,7,0.528,19,0.051,-1.929
147.84,0.423,-0.997,1,7,0.528,19,0.215,-1.929
147.97,0.423,-0.999,1,7,0.528,19,0.221,-1.896
148.10,0.423,-0.999,1,7,0.528,19,0.049,-2.036
148.22,0.423,-0.998,1,7,0.528,19,0.196,-2.041
148.35,0.423,-0.998,1,7,0.528,19,0.215,-1.929
148.48,0.423,-0.999,1,7,0.528,19,0.048,-2.128
148.61,0.423,-0.999,1,7,0.528,19,0.050,-1.968
148.74,0.423,-0.998,1,7,0.528,19,0.197,-2.038
148.86,0.423,-0.998,1,7,0.528,19,0.215,-1.929
148.99,0.423,-0.998,1,7,0.528,19,0.234,-1.817
149.12,0.424,-0.997,1,7,0.528,19,0.196,-2.041
149.25,0.423,-0.998,1,7,0.528,19,0.202,-2.008
149.38,0.423,-0.998,1,7,0.528,19,0.216,-1.924
149.50,0.423,-0.999,1,7,0.528,19,0.049,-2.040
149.63,0.423,-1.000,1,7,0.528,19,0.051,-1.929
149.76,0.424,-0.998,1,7,0.528,19,0.215,-1.929
149.89,0.424,-0.999,1,7,0.528,19,0.221,-1.896
150.02,0.424,-1.000,1,7,0.528,19,0.049,-2.036
150.14,0.424,-0.998,1,7,0.528,19,0.196,-2.041
150.27,0.424,-0.998,1,7,0.528,19,0.215,-1.929
150.40,0.424,-0.999,1,7,0.528,19,0.048,-2.128
150.53,0.424,-1.000,1,7,0.528,19,0.050,-1.968
150.66,0.423,-0.998,1,7,0.528,19,0.197,-2.038
150.78,0.423,-0.998,1,7,0.528,19,0.215,-1.929
150.91,0.423,-0.999,1,7,0.528,19,0.234,-1.817
151.04,0.423,-0.997,1,7,0.528,19,0.190,-2.080
151.17,0.423,-0.998,1,7,0.528,19,0.200,-2.019
151.30,0.423,-0.998,1,7,0.528,19,0.216,-1.926
151.42,0.423,-0.999,1,7,0.528,19,0.049,-2.041
151.55,0.423,-1.000,1,7,0.528,19,0.051,-1.929
151.68,0.424,-0.998,1,7,0.528,19,0.215,-1.929
151.81,0.424,-0.999,1,7,0.528,19,0.221,-1.896
151.94,0.424,-0.999,1,7,0.528,19,0.049,-2.036
152.06,0.424,-0.998,1,7,0.528,19,0.196,-2.041
152.19,0.423,-0.998,1,7,0.528,19,0.215,-1.929
152.32,0.424,-0.999,1,7,0.528,19,0.048,-2.128
152.45,0.423,-0.999,1,7,0.528,19,0.050,-1.968
152.58,0.423,-0.998,1,7,0.528,19,0.197,-2.038
152.70,0.423,-0.998,1,7,0.528,19,0.215,-1.929
152.83,0.423,-0.999,1,7,0.528,19,0.234,-1.817
152.96,0.423,-0.997,1,7,0.528,19,0.190,-2.080
153.09,0.423,-0.998,1,7,0.528,19,0.200,-2.019
153.22,0.423,-0.998,1,7,0.528,19,0.216,-1.926
153.34,0.423,-0.999,1,7,0.528,19,0.049,-2.041
153.47,0.423,-0.999,1,7,0.528,19,0.051,-1.929
153.60,0.424,-0.997,1,7,0.528,19,0.215,-1.929
153.73,0.424,-0.999,1,7,0.528,19,0.221,-1.896
153.86,0.424,-0.999,1,7,0.528,19,0.049,-2.036
153.98,0.423,-0.998,1,7,0.528,19,0.196,-2.041
154.11,0.424,-0.999,1,7,0.528,19,0.049,-2.041
154.24,0.424,-0.999,1,7,0.528,19,0.234,-1.817
154.37,0.424,-1.000,1,7,0.528,19,0.050,-2.008
154.50,0.424,-0.998,1,7,0.528,19,0.197,-2.040
154.62,0.424,-0.998,1,7,0.528,19,0.215,-1.929
154.75,0.424,-0.999,1,7,0.528,19,0.234,-1.817
154.88,0.424,-0.998,1,7,0.528,19,0.190,-2.080
155.01,0.424,-0.998,1,7,0.528,19,0.200,-2.019
155.14,0.424,-0.999,1,7,0.528,19,0.216,-1.926
155.26,0.424,-0.999,1,7,0.528,19,0.049,-2.041
155.39,0.424,-1.000,1,7,0.528,19,0.051,-1.929
155.52,0.424,-0.998,1,7,0.528,19,0.209,-1.968
155.65,0.424,-0.999,1,7,0.528,19,0.219,-1.907
155.78,0.423,-0.999,1,7,0.528,19,0.049,-2.038
155.90,0.424,-0.998,1,7,0.528,19,0.196,-2.041
156.03,0.424,-0.999,1,7,0.528,19,0.201,-2.016
156.16,0.424,-0.998,1,7,0.528,19,0.228,-1.856
156.29,0.424,-0.999,1,7,0.528,19,0.050,-2.019
156.42,0.423,-0.998,1,7,0.528,19,0.196,-2.041
156.54,0.423,-0.998,1,7,0.528,19,0.215,-1.929
156.67,0.424,-0.997,1,7,0.528,19,0.178,-2.153
156.80,0.424,-1.000,1,7,0.528,19,0.051,-1.929
156.93,0.424,-0.998,1,7,0.528,19,0.197,-2.036
157.06,0.424,-0.999,1,7,0.528,19,0.215,-1.928
157.18,0.424,-0.999,1,7,0.528,19,0.234,-1.817
157.31,0.424,-0.997,1,7,0.528,19,0.196,-2.041
157.44,0.424,-0.998,1,7,0.528,19,0.202,-2.008
157.57,0.424,-0.998,1,7,0.528,19,0.228,-1.854
157.70,0.423,-0.999,1,7,0.528,19,0.050,-2.019
157.82,0.424,-0.998,1,7,0.528,19,0.196,-2.041
157.95,0.424,-0.999,1,7,0.528,19,0.201,-2.016
158.08,0.424,-0.999,1,7,0.528,19,0.228,-1.856
158.21,0.424,-1.000,1,7,0.528,19,0.050,-2.019
158.34,0.423,-0.998,1,7,0.528,19,0.196,-2.041
158.46,0.423,-0.998,1,7,0.528,19,0.215,-1.929
158.59,0.424,-0.997,1,7,0.528,19,0.178,-2.153
158.72,0.424,-1.000,1,7,0.528,19,0.051,-1.929
158.85,0.424,-0.998,1,7,0.528,19,0.197,-2.036
158.98,0.424,-0.999,1,7,0.528,19,0.215,-1.928
159.10,0.424,-0.999,1,7,0.528,19,0.049,-2.041
159.23,0.424,-1.000,1,7,0.528,19,0.051,-1.929
159.36,0.424,-0.998,1,7,0.528,19,0.209,-1.968
159.49,0.424,-0.999,1,7,0.528,19,0.219,-1.907
159.62,0.423,-0.999,1,7,0.528,19,0.049,-2.038
159.74,0.423,-0.998,1,7,0.528,19,0.196,-2.041
159.87,0.424,-0.999,1,7,0.528,19,0.201,-2.016
160.00,0.423,-0.998,1,7,0.528,19,0.228,-1.856
160.13,0.423,-0.999,1,7,0.528,19,0.050,-2.019
160.26,0.423,-0.998,1,7,0.528,19,0.196,-2.041
160.38,0.423,-0.998,1,7,0.528,19,0.215,-1.929
160.51,0.424,-0.997,1,7,0.528,19,0.178,-2.153
160.64,0.424,-1.000,1,7,0.528,19,0.051,-1.929
160.77,0.424,-0.998,1,7,0.528,19,0.197,-2.036
160.90,0.424,-0.998,1,7,0.528,19,0.215,-1.928
161.02,0.424,-0.999,1,7,0.528,19,0.049,-2.041
161.15,0.424,-1.000,1,7,0.528,19,0.051,-1.929
161.28,0.424,-0.998,1,7,0.528,19,0.209,-1.968
161.41,0.423,-0.999,1,7,0.528,19,0.219,-1.907
161.54,0.423,-0.999,1,7,0.528,19,0.049,-2.038
161.66,0.423,-0.997,1,7,0.528,19,0.196,-2.041
161.79,0.424,-0.998,1,7,0.528,19,0.201,-2.016
161.92,0.423,-0.998,1,7,0.528,19,0.228,-1.856
162.05,0.423,-0.999,1,7,0.528,19,0.050,-2.019
162.18,0.423,-0.998,1,7,0.528,19,0.196,-2.041
162.30,0.423,-0.998,1,7,0.528,19,0.215,-1.929
162.43,0.424,-0.997,1,7,0.528,19,0.178,-2.153
162.56,0.424,-1.000,1,7,0.528,19,0.051,-1.929
162.69,0.424,-0.998,1,7,0.528,19,0.197,-2.036
162.82,0.424,-0.998,1,7,0.528,19,0.215,-1.928
162.94,0.424,-0.999,1,7,0.528,19,0.234,-1.817
163.07,0.425,-0.998,1,7,0.528,19,0.196,-2.041
163.20,0.426,-1.002,1,7,0.528,19,0.052,-1.854
163.33,0.426,-1.000,1,7,0.528,19,0.228,-1.854
163.46,0.426,-1.001,1,7,0.528,19,0.050,-2.026
163.58,0.426,-0.999,1,7,0.528,19,0.196,-2.041
163.71,0.426,-0.999,1,7,0.528,19,0.215,-1.929
163.84,0.426,-1.000,1,7,0.528,19,0.234,-1.817
163.97,0.426,-0.999,1,7,0.528,19,0.190,-2.080
164.10,0.426,-0.999,1,7,0.528,19,0.200,-2.019
164.22,0.426,-1.000,1,7,0.528,19,0.216,-1.926
164.35,0.426,-1.000,1,7,0.528,19,0.049,-2.041
164.48,0.426,-1.001,1,7,0.528,19,0.051,-1.929
164.61,0.426,-0.999,1,7,0.528,19,0.209,-1.968
164.74,0.426,-1.000,1,7,0.528,19,0.219,-1.907
164.86,0.426,-1.000,1,7,0.528,19,0.049,-2.038
164.99,0.426,-0.999,1,7,0.528,19,0.196,-2.041
165.12,0.426,-1.000,1,7,0.528,19,0.201,-2.016
165.25,0.426,-1.000,1,7,0.528,19,0.228,-1.856
165.38,0.426,-1.001,1,7,0.528,19,0.050,-2.019
165.50,0.426,-0.999,1,7,0.528,19,0.196,-2.041
165.63,0.426,-0.999,1,7,0.528,19,0.215,-1.929
165.76,0.426,-1.000,1,7,0.528,19,0.048,-2.128
165.89,0.426,-1.001,1,7,0.528,19,0.050,-1.968
166.02,0.426,-0.999,1,7,0.528,19,0.197,-2.038
166.14,0.426,-0.999,1,7,0.528,19,0.215,-1.929
166.27,0.426,-1.000,1,7,0.528,19,0.234,-1.817
166.40,0.426,-0.998,1,7,0.528,19,0.190,-2.080
166.53,0.426,-0.999,1,7,0.528,19,0.200,-2.019
166.66,0.426,-0.999,1,7,0.528,19,0.216,-1.926
166.78,0.426,-1.000,1,7,0.528,19,0.049,-2.041
166.91,0.426,-1.001,1,7,0.528,19,0.051,-1.929
167.04,0.426,-0.999,1,7,0.528,19,0.209,-1.968
167.17,0.426,-1.000,1,7,0.528,19,0.219,-1.907
167.30,0.426,-1.000,1,7,0.528,19,0.049,-2.038
167.42,0.426,-1.001,1,7,0.528,19,0.051,-1.929
167.55,0.426,-0.999,1,7,0.528,19,0.209,-1.968
167.68,0.426,-1.000,1,7,0.528,19,0.219,-1.907
167.81,0.426,-1.001,1,7,0.528,19,0.049,-2.038
167.94,0.426,-0.999,1,7,0.528,19,0.196,-2.041
168.06,0.426,-1.000,1,7,0.528,19,0.201,-2.016
168.19,0.426,-1.000,1,7,0.528,19,0.228,-1.856
168.32,0.426,-1.001,1,7,0.528,19,0.050,-2.019
168.45,0.426,-0.999,1,7,0.528,19,0.196,-2.041
168.58,0.426,-0.999,1,7,0.528,19,0.215,-1.929
168.70,0.426,-1.000,1,7,0.528,19,0.048,-2.128
168.83,0.426,-1.001,1,7,0.528,19,0.050,-1.968
168.96,0.426,-0.999,1,7,0.528,19,0.197,-2.038
169.09,0.426,-0.999,1,7,0.528,19,0.215,-1.929
169.22,0.426,-1.000,1,7,0.528,19,0.234,-1.817
169.34,0.426,-0.999,1,7,0.528,19,0.190,-2.080
169.47,0.426,-0.999,1,7,0.528,19,0.200,-2.019
169.60,0.426,-1.000,1,7,0.528,19,0.216,-1.926
169.73,0.426,-1.000,1,7,0.528,19,0.049,-2.041
169.86,0.426,-1.001,1,7,0.528,19,0.051,-1.929
169.98,0.426,-0.999,1,7,0.528,19,0.209,-1.968
170.11,0.426,-1.000,1,7,0.528,19,0.219,-1.907
170.24,0.426,-1.000,1,7,0.528,19,0.049,-2.038
170.37,0.426,-0.999,1,7,0.528,19,0.196,-2.041
170.50,0.426,-1.000,1,7,0.528,19,0.201,-2.016
170.62,0.426,-1.000,1,7,0.528,19,0.228,-1.856
170.75,0.426,-1.001,1,7,0.528,19,0.050,-2.019
170.88,0.426,-0.999,1,7,0.528,19,0.196,-2.041
171.01,0.426,-0.999,1,7,0.528,19,0.215,-1.929
171.14,0.426,-1.000,1,7,0.528,19,0.048,-2.128
171.26,0.426,-1.001,1,7,0.528,19,0.050,-1.968
171.39,0.426,-0.999,1,7,0.528,19,0.197,-2.038
171.52,0.426,-0.999,1,7,0.528,19,0.215,-1.929
171.65,0.426,-1.000,1,7,0.528,19,0.234,-1.817
171.78,0.426,-0.999,1,7,0.528,19,0.190,-2.080
171.90,0.426,-0.999,1,7,0.528,19,0.200,-2.019
172.03,0.426,-1.000,1,7,0.528,19,0.216,-1.926
172.16,0.426,-1.000,1,7,0.528,19,0.049,-2.041
172.29,0.426,-1.001,1,7,0.528,19,0.051,-1.929
172.42,0.426,-0.999,1,7,0.528,19,0.209,-1.968
172.54,0.426,-1.000,1,7,0.528,19,0.219,-1.907
172.67,0.426,-1.000,1,7,0.528,19,0.049,-2.038
172.80,0.426,-0.999,1,7,0.528,19,0.196,-2.041
172.93,0.426,-1.000,1,7,0.528,19,0.201,-2.016
173.06,0.426,-1.000,1,7,0.528,19,0.228,-1.856
173.18,0.426,-1.001,1,7,0.528,19,0.050,-2.019
173.31,0.426,-0.999,1,7,0.528,19,0.196,-2.041
173.44,0.426,-0.999,1,7,0.528,19,0.215,-1.929
173.57,0.426,-1.000,1,7,0.528,19,0.048,-2.128
173.70,0.426,-1.001,1,7,0.528,19,0.050,-1.968
173.82,0.426,-0.999,1,7,0.528,19,0.197,-2.038
173.95,0.426,-0.999,1,7,0.528,19,0.215,-1.929
174.08,0.426,-1.000,1,7,0.528,19,0.234,-1.817
174.21,0.426,-0.999,1,7,0.528,19,0.190,-2.080
174.34,0.426,-0.999,1,7,0.528,19,0.200,-2.019
174.46,0.426,-1.000,1,7,0.528,19,0.216,-1.926
174.59,0.426,-1.000,1,7,0.528,19,0.049,-2.041
174.72,0.426,-1.001,1,7,0.528,19,0.051,-1.929
174.85,0.426,-0.999,1,7,0.528,19,0.209,-1.968
174.98,0.426,-1.000,1,7,0.528,19,0.219,-1.907
175.10,0.426,-1.000,1,7,0.528,19,0.049,-2.038
175.23,0.426,-0.999,1,7,0.528,19,0.196,-2.041
175.36,0.426,-1.000,1,7,0.528,19,0.201,-2.016
175.49,0.426,-1.000,1,7,0.528,19,0.228,-1.856
175.62,0.426,-1.001,1,7,0.528,19,0.050,-2.019
175.74,0.426,-0.999,1,7,0.528,19,0.196,-2.041
175.87,0.426,-0.999,1,7,0.528,19,0.215,-1.929
176.00,0.426,-1.000,1,7,0.528,19,0.048,-2.128
176.13,0.426,-1.001,1,7,0.528,19,0.050,-1.968
176.26,0.426,-0.999,1,7,0.528,19,0.197,-2.038
176.38,0.426,-0.999,1,7,0.528,19,0.215,-1.929
176.51,0.426,-1.000,1,7,0.528,19,0.234,-1.817
176.64,0.426,-0.999,1,7,0.528,19,0.190,-2.080
176.77,0.426,-0.999,1,7,0.528,19,0.200,-2.019
176.90,0.426,-1.000,1,7,0.528,19,0.216,-1.926
177.02,0.426,-1.000,1,7,0.528,19,0.049,-2.041
177.15,0.426,-1.001,1,7,0.528,19,0.051,-1.929
177.28,0.426,-0.999,1,7,0.528,19,0.209,-1.968
177.41,0.426,-1.000,1,7,0.528,19,0.219,-1.907
177.54,0.426,-1.000,1,7,0.528,19,0.049,-2.038
177.66,0.426,-0.999,1,7,0.528,19,0.196,-2.041
177.79,0.426,-1.000,1,7,0.528,19,0.201,-2.016
177.92,0.426,-1.000,1,7,0.528,19,0.228,-1.856
178.05,0.426,-1.001,1,7,0.528,19,0.050,-2.019
178.18,0.426,-0.999,1,7,0.528,19,0.196,-2.041
178.30,0.426,-0.999,1,7,0.528,19,0.215,-1.929
178.43,0.426,-1.000,1,7,0.528,19,0.048,-2.128
178.56,0.426,-1.001,1,7,0.528,19,0.050,-1.968
178.69,0.426,-0.999,1,7,0.528,19,0.197,-2.038
178.82,0.426,-0.999,1,7,0.528,19,0.215,-1.929
178.94,0.426,-1.000,1,7,0.528,19,0.234,-1.817
179.07,0.426,-0.999,1,7,0.528,19,0.190,-2.080
179.20,0.426,-0.999,1,7,0.528,19,0.200,-2.019
179.33,0.426,-1.000,1,7,0.528,19,0.216,-1.926
179.46,0.426,-1.000,1,7,0.528,19,0.049,-2.041
179.58,0.426,-1.001,1,7,0.528,19,0.051,-1.929
179.71,0.426,-0.999,1,7,0.528,19,0.209,-1.968
179.84,0.426,-1.000,1,7,0.528,19,0.219,-1.907
179.97,0.426,-1.000,1,7,0.528,19,0.049,-2.038
180.10,0.426,-0.999,1,7,0.528,19,0.196,-2.041
180.22,0.426,-1.000,1,7,0.528,19,0.201,-2.016
180.35,0.426,-1.000,1,7,0.528,19,0.228,-1.856
180.48,0.426,-1.001,1,7,0.528,19,0.050,-2.019
180.61,0.426,-0.999,1,7,0.528,19,0.196,-2.041
180.74,0.426,-0.999,1,7,0.528,19,0.215,-1.929
180.86,0.426,-1.000,1,7,0.528,19,0.048,-2.128
180.99,0.426,-1.001,1,7,0.528,19,0.050,-1.968
181.12,0.426,-0.999,1,7,0.528,19,0.197,-2.038
181.25,0.426,-0.999,1,7,0.528,19,0.215,-1.929
181.38,0.426,-1.000,1,7,0.528,19,0.234,-1.817
181.50,0.426,-0.999,1,7,0.528,19,0.190,-2.080
181.63,0.426,-0.999,1,7,0.528,19,0.200,-2.019
181.76,0.426,-0.999,1,7,0.528,19,0.216,-1.926
181.89,0.426,-1.000,1,7,0.528,19,0.049,-2.041
182.02,0.426,-1.001,1,7,0.528,19,0.051,-1.929
182.14,0.426,-0.999,1,7,0.528,19,0.209,-1.968
182.27,0.426,-1.000,1,7,0.528,19,0.219,-1.907
182.40,0.426,-1.000,1,7,0.528,19,0.049,-2.038
182.53,0.426,-0.999,1,7,0.528,19,0.196,-2.041
182.66,0.426,-1.000,1,7,0.528,19,0.201,-2.016
182.78,0.426,-0.999,1,7,0.528,19,0.228,-1.856
182.91,0.426,-1.001,1,7,0.528,19,0.050,-2.019
183.04,0.426,-0.999,1,7,0.528,19,0.196,-2.041
183.17,0.426,-0.999,1,7,0.528,19,0.215,-1.929
183.30,0.426,-1.000,1,7,0.528,19,0.048,-2.128
183.42,0.426,-1.001,1,7,0.528,19,0.050,-1.968
183.55,0.426,-0.999,1,7,0.528,19,0.197,-2.038
183.68,0.426,-0.999,1,7,0.528,19,0.215,-1.929
183.81,0.426,-1.000,1,7,0.528,19,0.234,-1.817
183.94,0.426,-0.998,1,7,0.528,19,0.190,-2.080
184.06,0.426,-0.999,1,7,0.528,19,0.200,-2.019
184.19,0.426,-0.999,1,7,0.528,19,0.216,-1.926
184.32,0.426,-1.000,1,7,0.528,19,0.049,-2.041
184.45,0.426,-1.001,1,7,0.528,19,0.051,-1.929
184.58,0.426,-0.999,1,7,0.528,19,0.209,-1.968
184.70,0.426,-1.000,1,7,0.528,19,0.219,-1.907
184.83,0.426,-1.000,1,7,0.528,19,0.049,-2.038
184.96,0.426,-0.999,1,7,0.528,19,0.196,-2.041
185.09,0.426,-1.000,1,7,0.528,19,0.201,-2.016
185.22,0.426,-0.999,1,7,0.528,19,0.228,-1.856
185.34,0.426,-1.000,1,7,0.528,19,0.050,-2.019
185.47,0.426,-0.999,1,7,0.528,19,0.196,-2.041
185.60,0.426,-1.000,1,7,0.528,19,0.201,-2.016
185.73,0.426,-1.000,1,7,0.528,19,0.228,-1.856
185.86,0.426,-1.001,1,7,0.528,19,0.050,-2.019
185.98,0.426,-0.999,1,7,0.528,19,0.196,-2.041
186.11,0.426,-0.999,1,7,0.528,19,0.215,-1.929
186.24,0.426,-1.000,1,7,0.528,19,0.048,-2.128
186.37,0.426,-1.001,1,7,0.528,19,0.050,-1.968
186.50,0.426,-0.999,1,7,0.528,19,0.197,-2.038
186.62,0.426,-0.999,1,7,0.528,19,0.215,-1.929
186.75,0.426,-1.000,1,7,0.528,19,0.234,-1.817
186.88,0.426,-0.999,1,7,0.528,19,0.190,-2.080
187.01,0.426,-0.999,1,7,0.528,19,0.200,-2.019
187.14,0.426,-1.000,1,7,0.528,19,0.216,-1.926
187.26,0.426,-1.000,1,7,0.528,19,0.049,-2.041
187.39,0.426,-1.001,1,7,0.528,19,0.051,-1.929
187.52,0.426,-0.999,1,7,0.528,19,0.209,-1.968
187.65,0.426,-1.000,1,7,0.528,19,0.219,-1.907
187.78,0.426,-1.000,1,7,0.528,19,0.049,-2.038
187.90,0.426,-0.999,1,7,0.528,19,0.196,-2.041
188.03,0.426,-1.000,1,7,0.528,19,0.201,-2.016
188.16,0.426,-1.000,1,7,0.528,19,0.228,-1.856
188.29,0.426,-1.001,1,7,0.528,19,0.050,-2.019
188.42,0.426,-0.999,1,7,0.528,19,0.196,-2.041
188.54,0.426,-0.999,1,7,0.528,19,0.215,-1.929
188.67,0.426,-1.000,1,7,0.528,19,0.048,-2.128
188.80,0.426,-1.001,1,7,0.528,19,0.050,-1.968
188.93,0.426,-0.999,1,7,0.528,19,0.197,-2.038
189.06,0.426,-0.999,1,7,0.528,19,0.215,-1.929
189.18,0.426,-1.000,1,7,0.528,19,0.234,-1.817
189.31,0.426,-0.999,1,7,0.528,19,0.190,-2.080
189.44,0.426,-0.999,1,7,0.528,19,0.200,-2.019
189.57,0.426,-1.000,1,7,0.528,19,0.216,-1.926
189.70,0.426,-1.000,1,7,0.528,19,0.049,-2.041
189.82,0.426,-1.001,1,7,0.528,19,0.051,-1.929
189.95,0.426,-0.999,1,7,0.528,19,0.209,-1.968
190.08,0.426,-1.000,1,7,0.528,19,0.219,-1.907
190.21,0.426,-1.000,1,7,0.528,19,0.049,-2.038
190.34,0.426,-0.999,1,7,0.528,19,0.196,-2.041
190.46,0.426,-1.000,1,7,0.528,19,0.201,-2.016
190.59,0.426,-1.000,1,7,0.528,19,0.228,-1.856
190.72,0.426,-1.001,1,7,0.528,19,0.050,-2.019
190.85,0.426,-0.999,1,7,0.528,19,0.196,-2.041
190.98,0.426,-0.999,1,7,0.528,19,0.215,-1.929
191.10,0.426,-1.000,1,7,0.528,19,0.048,-2.128
191.23,0.426,-1.001,1,7,0.528,19,0.050,-1.968
191.36,0.426,-0.999,1,7,0.528,19,0.197,-2.038
191.49,0.426,-0.999,1,7,0.528,19,0.215,-1.929
191.62,0.426,-1.000,1,7,0.528,19,0.234,-1.817
191.74,0.426,-0.999,1,7,0.528,19,0.190,-2.080
191.87,0.426,-0.999,1,7,0.528,19,0.200,-2.019
192.00,0.426,-1.000,1,7,0.528,19,0.216,-1.926
192.13,0.426,-1.000,1,7,0.528,19,0.049,-2.041
192.26,0.426,-1.001,1,7,0.528,19,0.051,-1.929
192.38,0.426,-0.999,1,7,0.528,19,0.209,-1.968
192.51,0.426,-1.000,1,7,0.528,19,0.219,-1.907
192.64,0.426,-1.000,1,7,0.528,19,0.049,-2.038
192.77,0.426,-0.999,1,7,0.528,19,0.196,-2.041
192.90,0.426,-1.000,1,7,0.528,19,0.201,-2.016
193.02,0.426,-1.000,1,7,0.528,19,0.228,-1.856
193.15,0.426,-1.001,1,7,0.528,19,0.050,-2.019
193.28,0.426,-0.999,1,7,0.528,19,0.196,-2.041
193.41,0.426,-0.999,1,7,0.528,19,0.215,-1.929
193.54,0.426,-1.000,1,7,0.528,19,0.048,-2.128
193.66,0.426,-1.001,1,7,0.528,19,0.050,-1.968
193.79,0.426,-0.999,1,7,0.528,19,0.197,-2.038
193.92,0.426,-0.999,1,7,0.528,19,0.215,-1.929
194.05,0.426,-1.000,1,7,0.528,19,0.234,-1.817
194.18,0.426,-0.999,1,7,0.528,19,0.190,-2.080
194.30,0.426,-0.999,1,7,0.528,19,0.200,-2.019
194.43,0.426,-1.000,1,7,0.528,19,0.216,-1.926
194.56,0.426,-1.000,1,7,0.528,19,0.049,-2.041
194.69,0.426,-1.001,1,7,0.528,19,0.051,-1.929
194.82,0.426,-0.999,1,7,0.528,19,0.209,-1.968
194.94,0.426,-1.000,1,7,0.528,19,0.219,-1.907
195.07,0.426,-1.000,1,7,0.528,19,0.049,-2.038
195.20,0.426,-0.999,1,7,0.528,19,0.196,-2.041
195.33,0.426,-1.000,1,7,0.528,19,0.201,-2.016
195.46,0.426,-1.000,1,7,0.528,19,0.228,-1.856
195.58,0.426,-1.001,1,7,0.528,19,0.050,-2.019
195.71,0.426,-0.999,1,7,0.528,19,0.196,-2.041
195.84,0.426,-0.999,1,7,0.528,19,0.215,-1.929
195.97,0.426,-1.000,1,7,0.528,19,0.048,-2.128
196.10,0.426,-1.001,1,7,0.528,19,0.050,-1.968
196.22,0.426,-0.999,1,7,0.528,19,0.197,-2.038
196.35,0.426,-0.999,1,7,0.528,19,0.215,-1.929
196.48,0.426,-1.000,1,7,0.528,19,0.234,-1.817
196.61,0.426,-0.999,1,7,0.528,19,0.190,-2.080
196.74,0.426,-0.999,1,7,0.528,19,0.200,-2.019
196.86,0.426,-1.000,1,7,0.528,19,0.216,-1.926
196.99,0.426,-1.000,1,7,0.528,19,0.049,-2.041
197.12,0.426,-1.001,1,7,0.528,19,0.051,-1.929
197.25,0.426,-0.999,1,7,0.528,19,0.209,-1.968
197.38,0.426,-1.000,1,7,0.528,19,0.219,-1.907
197.50,0.426,-1.000,1,7,0.528,19,0.049,-2.038
197.63,0.426,-0.999,1,7,0.528,19,0.196,-2.041
197.76,0.426,-1.000,1,7,0.528,19,0.201,-2.016
197.89,0.426,-1.000,1,7,0.528,19,0.228,-1.856
198.02,0.426,-1.001,1,7,0.528,19,0.050,-2.019
198.14,0.426,-0.999,1,7,0.528,19,0.196,-2.041
198.27,0.426,-0.999,1,7,0.528,19,0.215,-1.929
198.40,0.426,-1.000,1,7,0.528,19,0.048,-2.128
198.53,0.426,-1.001,1,7,0.528,19,0.050,-1.968
198.66,0.426,-0.999,1,7,0.528,19,0.197,-2.038
198.78,0.426,-0.999,1,7,0.528,19,0.215,-1.929
198.91,0.426,-1.000,1,7,0.528,19,0.234,-1.817
199.04,0.426,-0.998,1,7,0.528,19,0.190,-2.080
199.17,0.426,-0.999,1,7,0.528,19,0.200,-2.019
199.30,0.426,-0.999,1,7,0.528,19,0.216,-1.926
199.42,0.426,-1.000,1,7,0.528,19,0.049,-2.041
199.55,0.426,-1.001,1,7,0.528,19,0.051,-1.929
199.68,0.426,-0.999,1,7,0.528,19,0.209,-1.968
199.81,0.426,-1.000,1,7,0.528,19,0.219,-1.907
199.94,0.426,-1.000,1,7,0.528,19,0.049,-2.038
200.06,0.426,-0.999,1,7,0.528,19,0.196,-2.041
200.19,0.426,-1.000,1,7,0.528,19,0.201,-2.016
200.32,0.426,-0.999,1,7,0.528,19,0.228,-1.856
200.45,0.426,-1.000,1,7,0.528,19,0.050,-2.019
200.58,0.426,-0.999,1,7,0.528,19,0.196,-2.041
200.70,0.426,-0.999,1,7,0.528,19,0.215,-1.929
200.83,0.426,-1.000,1,7,0.528,19,0.048,-2.128
200.96,0.426,-1.000,1,7,0.528,19,0.050,-1.968
201.09,0.426,-0.999,1,7,0.528,19,0.197,-2.038
201.22,0.426,-0.999,1,7,0.528,19,0.215,-1.929
201.34,0.426,-1.000,1,7,0.528,19,0.234,-1.817
201.47,0.426,-0.998,1,7,0.528,19,0.190,-2.080
201.60,0.426,-0.999,1,7,0.528,19,0.200,-2.019
201.73,0.426,-0.999,1,7,0.528,19,0.216,-1.926
201.86,0.426,-1.000,1,7,0.528,19,0.049,-2.041
201.98,0.426,-1.001,1,7,0.528,19,0.051,-1.929
202.11,0.426,-0.999,1,7,0.528,19,0.209,-1.968
202.24,0.426,-1.000,1,7,0.528,19,0.219,-1.907
202.37,0.426,-1.000,1,7,0.528,19,0.049,-2.038
202.50,0.426,-0.998,1,7,0.528,19,0.196,-2.041
202.62,0.426,-1.000,1,7,0.528,19,0.201,-2.016
202.75,0.426,-0.999,1,7,0.528,19,0.228,-1.856
202.88,0.426,-1.000,1,7,0.528,19,0.050,-2.019
203.01,0.426,-0.999,1,7,0.528,19,0.196,-2.041
203.14,0.426,-1.000,1,7,0.528,19,0.201,-2.016
203.26,0.426,-1.000,1,7,0.528,19,0.228,-1.856
203.39,0.426,-1.001,1,7,0.528,19,0.050,-2.019
203.52,0.426,-0.999,1,7,0.528,19,0.196,-2.041
203.65,0.426,-0.999,1,7,0.528,19,0.215,-1.929
203.78,0.426,-1.000,1,7,0.528,19,0.048,-2.128
203.90,0.426,-1.001,1,7,0.528,19,0.050,-1.968
204.03,0.426,-0.999,1,7,0.528,19,0.197,-2.038
204.16,0.426,-0.999,1,7,0.528,19,0.215,-1.929
204.29,0.426,-1.000,1,7,0.528,19,0.234,-1.817
204.42,0.426,-0.999,1,7,0.528,19,0.190,-2.080
204.54,0.426,-0.999,1,7,0.528,19,0.200,-2.019
204.67,0.426,-1.000,1,7,0.528,19,0.216,-1.926
204.80,0.426,-1.000,1,7,0.528,19,0.049,-2.041
204.93,0.426,-1.001,1,7,0.528,19,0.051,-1.929
205.06,0.426,-0.999,1,7,0.528,19,0.209,-1.968
205.18,0.426,-1.000,1,7,0.528,19,0.219,-1.907
205.31,0.426,-1.000,1,7,0.528,19,0.049,-2.038
205.44,0.426,-0.999,1,7,0.528,19,0.196,-2.041
205.57,0.426,-1.000,1,7,0.528,19,0.201,-2.016
205.70,0.426,-1.000,1,7,0.528,19,0.228,-1.856
205.82,0.426,-1.001,1,7,0.528,19,0.050,-2.019
205.95,0.426,-0.999,1,7,0.528,19,0.196,-2.041
206.08,0.426,-0.999,1,7,0.528,19,0.215,-1.929
206.21,0.426,-1.000,1,7,0.528,19,0.048,-2.128
206.34,0.426,-1.001,1,7,0.528,19,0.050,-1.968
206.46,0.426,-0.999,1,7,0.528,19,0.197,-2.038
206.59,0.426,-0.999,1,7,0.528,19,0.215,-1.929
206.72,0.426,-1.000,1,7,0.528,19,0.234,-1.817
206.85,0.426,-0.999,1,7,0.528,19,0.190,-2.080
206.98,0.426,-0.999,1,7,0.528,19,0.200,-2.019
207.10,0.426,-1.000,1,7,0.528,19,0.216,-1.926
207.23,0.426,-1.000,1,7,0.528,19,0.049,-2.041
207.36,0.426,-1.001,1,7,0.528,19,0.051,-1.929
207.49,0.426,-0.999,1,7,0.528,19,0.209,-1.968
207.62,0.426,-1.000,1,7,0.528,19,0.219,-1.907
207.74,0.426,-1.000,1,7,0.528,19,0.049,-2.038
207.87,0.426,-0.999,1,7,0.528,19,0.196,-2.041
208.00,0.426,-1.000,1,7,0.528,19,0.201,-2.016
208.13,0.426,-1.000,1,7,0.528,19,0.228,-1.856
208.26,0.426,-1.001,1,7,0.528,19,0.050,-2.019
208.38,0.426,-0.999,1,7,0.528,19,0.196,-2.041
208.51,0.426,-0.999,1,7,0.528,19,0.215,-1.929
208.64,0.426,-1.000,1,7,0.528,19,0.048,-2.128
208.77,0.426,-1.001,1,7,0.528,19,0.050,-1.968
208.90,0.426,-0.999,1,7,0.528,19,0.197,-2.038
209.02,0.426,-0.999,1,7,0.528,19,0.215,-1.929
209.15,0.426,-1.000,1,7,0.528,19,0.234,-1.817
209.28,0.426,-0.999,1,7,0.528,19,0.190,-2.080
209.41,0.426,-0.999,1,7,0.528,19,0.200,-2.019
209.54,0.426,-1.000,1,7,0.528,19,0.216,-1.926
209.66,0.426,-1.000,1,7,0.528,19,0.049,-2.041
209.79,0.426,-1.001,1,7,0.528,19,0.051,-1.929
209.92,0.426,-0.999,1,7,0.528,19,0.209,-1.968
210.05,0.426,-1.000,1,7,0.528,19,0.219,-1.907
210.18,0.426,-1.000,1,7,0.528,19,0.049,-2.038
210.30,0.426,-0.999,1,7,0.528,19,0.196,-2.041
210.43,0.426,-1.000,1,7,0.528,19,0.201,-2.016
210.56,0.426,-1.000,1,7,0.528,19,0.228,-1.856
210.69,0.426,-1.001,1,7,0.528,19,0.050,-2.019
210.82,0.426,-0.999,1,7,0.528,19,0.196,-2.041
210.94,0.426,-0.999,1,7,0.528,19,0.215,-1.929
211.07,0.426,-1.000,1,7,0.528,19,0.048,-2.128
211.20,0.426,-1.001,1,7,0.528,19,0.050,-1.968
211.33,0.426,-0.999,1,7,0.528,19,0.197,-2.038
211.46,0.426,-0.999,1,7,0.528,19,0.215,-1.929
211.58,0.426,-1.000,1,7,0.528,19,0.234,-1.817
211.71,0.426,-0.999,1,7,0.528,19,0.190,-2.080
211.84,0.426,-0.999,1,7,0.528,19,0.200,-2.019
211.97,0.426,-1.000,1,7,0.528,19,0.216,-1.926
212.10,0.426,-1.000,1,7,0.528,19,0.049,-2.041
212.22,0.426,-1.001,1,7,0.528,19,0.051,-1.929
212.35,0.426,-0.999,1,7,0.528,19,0.209,-1.968
212.48,0.426,-1.000,1,7,0.528,19,0.219,-1.907
212.61,0.426,-1.000,1,7,0.528,19,0.049,-2.038
212.74,0.426,-0.999,1,7,0.528,19,0.196,-2.041
212.86,0.426,-1.000,1,7,0.528,19,0.201,-2.016
212.99,0.426,-1.000,1,7,0.528,19,0.228,-1.856
213.12,0.426,-1.001,1,7,0.528,19,0.050,-2.019
213.25,0.426,-0.999,1,7,0.528,19,0.196,-2.041
213.38,0.426,-0.999,1,7,0.528,19,0.215,-1.929
213.50,0.426,-1.000,1,7,0.528,19,0.048,-2.128
213.63,0.426,-1.001,1,7,0.528,19,0.050,-1.968
213.76,0.426,-0.999,1,7,0.528,19,0.197,-2.038
213.89,0.426,-0.999,1,7,0.528,19,0.215,-1.929
214.02,0.426,-1.000,1,7,0.528,19,0.234,-1.817
214.14,0.426,-0.999,1,7,0.528,19,0.190,-2.080
214.27,0.426,-0.999,1,7,0.528,19,0.200,-2.019
214.40,0.426,-0.999,1,7,0.528,19,0.216,-1.926
214.53,0.426,-1.000,1,7,0.528,19,0.049,-2.041
214.66,0.426,-1.001,1,7,0.528,19,0.051,-1.929
214.78,0.426,-0.999,1,7,0.528,19,0.209,-1.968
214.91,0.426,-1.000,1,7,0.528,19,0.219,-1.907
215.04,0.426,-1.000,1,7,0.528,19,0.049,-2.038
215.17,0.426,-0.999,1,7,0.528,19,0.196,-2.041
215.30,0.426,-1.000,1,7,0.528,19,0.201,-2.016
215.42,0.426,-0.999,1,7,0.528,19,0.228,-1.856
215.55,0.426,-1.001,1,7,0.528,19,0.050,-2.019
215.68,0.426,-0.999,1,7,0.528,19,0.196,-2.041
215.81,0.426,-0.999,1,7,0.528,19,0.215,-1.929
215.94,0.426,-1.000,1,7,0.528,19,0.048,-2.128
216.06,0.426,-1.001,1,7,0.528,19,0.050,-1.968
216.19,0.426,-0.999,1,7,0.528,19,0.197,-2.038
216.32,0.426,-0.999,1,7,0.528,19,0.215,-1.929
216.45,0.426,-1.000,1,7,0.528,19,0.234,-1.817
216.58,0.426,-0.998,1,7,0.528,19,0.190,-2.080
216.70,0.426,-0.999,1,7,0.528,19,0.200,-2.019
216.83,0.426,-0.999,1,7,0.528,19,0.216,-1.926
216.96,0.426,-1.000,1,7,0.528,19,0.049,-2.041
217.09,0.425,-1.001,1,7,0.528,19,0.051,-1.929
217.22,0.426,-0.999,1,7,0.528,19,0.209,-1.968
217.34,0.426,-1.000,1,7,0.528,19,0.219,-1.907
217.47,0.426,-1.000,1,7,0.528,19,0.049,-2.038
217.60,0.426,-0.998,1,7,0.528,19,0.196,-2.041
217.73,0.426,-1.000,1,7,0.528,19,0.201,-2.016
217.86,0.426,-0.999,1,7,0.528,19,0.228,-1.856
217.98,0.426,-1.000,1,7,0.528,19,0.050,-2.019
218.11,0.426,-0.999,1,7,0.528,19,0.196,-2.041
218.24,0.426,-0.999,1,7,0.528,19,0.215,-1.929
218.37,0.426,-1.000,1,7,0.528,19,0.048,-2.128
218.50,0.426,-1.000,1,7,0.528,19,0.050,-1.968
218.62,0.426,-0.999,1,7,0.528,19,0.197,-2.038
218.75,0.426,-0.999,1,7,0.528,19,0.215,-1.929
218.88,0.426,-1.000,1,7,0.528,19,0.234,-1.817
219.01,0.426,-0.998,1,7,0.528,19,0.190,-2.080
219.14,0.426,-0.999,1,7,0.528,19,0.200,-2.019
219.26,0.426,-0.999,1,7,0.528,19,0.216,-1.926
219.39,0.426,-1.000,1,7,0.528,19,0.049,-2.041
219.52,0.425,-1.001,1,7,0.528,19,0.051,-1.929
219.65,0.426,-0.999,1,7,0.528,19,0.209,-1.968
219.78,0.426,-1.000,1,7,0.528,19,0.219,-1.907
219.90,0.426,-1.000,1,7,0.528,19,0.049,-2.038
220.03,0.426,-0.998,1,7,0.528,19,0.196,-2.041
220.16,0.426,-1.000,1,7,0.528,19,0.201,-2.016
220.29,0.426,-0.999,1,7,0.528,19,0.228,-1.856
220.42,0.426,-1.000,1,7,0.528,19,0.050,-2.019
220.54,0.426,-0.999,1,7,0.528,19,0.196,-2.041
220.67,0.426,-0.999,1,7,0.528,19,0.215,-1.929
220.80,0.426,-1.000,1,7,0.528,19,0.048,-2.128
220.93,0.426,-1.000,1,7,0.528,19,0.050,-1.968
221.06,0.426,-0.999,1,7,0.528,19,0.197,-2.038
221.18,0.426,-0.999,1,7,0.528,19,0.215,-1.929
221.31,0.426,-1.000,1,7,0.528,19,0.048,-2.128
221.44,0.425,-1.001,1,7,0.528,19,0.050,-1.968
221.57,0.426,-0.999,1,7,0.528,19,0.197,-2.038
221.70,0.426,-0.999,1,7,0.528,19,0.215,-1.929
221.82,0.426,-1.000,1,7,0.528,19,0.234,-1.817
221.95,0.426,-0.999,1,7,0.528,19,0.190,-2.080
222.08,0.426,-0.999,1,7,0.528,19,0.200,-2.019
222.21,0.426,-1.000,1,7,0.528,19,0.216,-1.926
222.34,0.426,-1.000,1,7,0.528,19,0.049,-2.041
222.46,0.425,-1.001,1,7,0.528,19,0.051,-1.929
222.59,0.426,-0.999,1,7,0.528,19,0.209,-1.968
222.72,0.426,-1.000,1,7,0.528,19,0.219,-1.907
222.85,0.426,-1.000,1,7,0.528,19,0.049,-2.038
222.98,0.426,-0.999,1,7,0.528,19,0.196,-2.041
223.10,0.426,-1.000,1,7,0.528,19,0.201,-2.016
223.23,0.426,-1.000,1,7,0.528,19,0.228,-1.856
223.36,0.425,-1.001,1,7,0.528,19,0.050,-2.019
223.49,0.426,-0.999,1,7,0.528,19,0.196,-2.041
223.62,0.426,-0.999,1,7,0.528,19,0.215,-1.929
223.74,0.426,-1.000,1,7,0.528,19,0.048,-2.128
223.87,0.425,-1.001,1,7,0.528,19,0.050,-1.968
224.00,0.426,-0.999,1,7,0.528,19,0.197,-2.038
224.13,0.426,-0.999,1,7,0.528,19,0.215,-1.929
224.26,0.426,-1.000,1,7,0.528,19,0.234,-1.817
224.38,0.426,-0.999,1,7,0.528,19,0.190,-2.080
224.51,0.426,-0.999,1,7,0.528,19,0.200,-2.019
224.64,0.426,-1.000,1,7,0.528,19,0.216,-1.926
224.77,0.426,-1.000,1,7,0.528,19,0.049,-2.041
224.90,0.425,-1.001,1,7,0.528,19,0.051,-1.929
225.02,0.426,-0.999,1,7,0.528,19,0.209,-1.968
225.15,0.426,-1.000,1,7,0.528,19,0.219,-1.907
225.28,0.425,-1.000,1,7,0.528,19,0.049,-2.038
225.41,0.426,-0.999,1,7,0.528,19,0.196,-2.041
225.54,0.426,-1.000,1,7,0.528,19,0.201,-2.016
225.66,0.426,-1.000,1,7,0.528,19,0.228,-1.856
225.79,0.425,-1.001,1,7,0.528,19,0.050,-2.019
225.92,0.426,-0.999,1,7,0.528,19,0.196,-2.041
226.05,0.426,-0.999,1,7,0.528,19,0.215,-1.929
226.18,0.425,-1.000,1,7,0.528,19,0.048,-2.128
226.30,0.425,-1.001,1,7,0.528,19,0.050,-1.968
226.43,0.426,-0.999,1,7,0.528,19,0.197,-2.038
226.56,0.426,-0.999,1,7,0.528,19,0.215,-1.929
226.69,0.425,-1.000,1,7,0.528,19,0.234,-1.817
226.82,0.426,-0.999,1,7,0.528,19,0.190,-2.080
226.94,0.426,-0.999,1,7,0.528,19,0.200,-2.019
227.07,0.426,-1.000,1,7,0.528,19,0.216,-1.926
227.20,0.425,-1.000,1,7,0.528,19,0.049,-2.041
227.33,0.425,-1.001,1,7,0.528,19,0.051,-1.929
227.46,0.426,-0.999,1,7,0.528,19,0.209,-1.968
227.58,0.426,-1.000,1,7,0.528,19,0.219,-1.907
227.71,0.425,-1.000,1,7,0.528,19,0.049,-2.038
227.84,0.426,-0.999,1,7,0.528,19,0.196,-2.041
227.97,0.426,-1.000,1,7,0.528,19,0.201,-2.016
228.10,0.426,-1.000,1,7,0.528,19,0.228,-1.856
228.22,0.425,-1.001,1,7,0.528,19,0.050,-2.019
228.35,0.426,-0.999,1,7,0.528,19,0.196,-2.041
228.48,0.426,-0.999,1,7,0.528,19,0.215,-1.929
228.61,0.425,-1.000,1,7,0.528,19,0.048,-2.128
228.74,0.425,-1.001,1,7,0.528,19,0.050,-1.968
228.86,0.426,-0.999,1,7,0.528,19,0.197,-2.038
228.99,0.426,-0.999,1,7,0.528,19,0.215,-1.929
229.12,0.425,-1.000,1,7,0.528,19,0.234,-1.817
229.25,0.426,-0.999,1,7,0.528,19,0.190,-2.080
229.38,0.426,-0.999,1,7,0.528,19,0.200,-2.019
229.50,0.426,-1.000,1,7,0.528,19,0.216,-1.926
229.63,0.425,-1.000,1,7,0.528,19,0.049,-2.041
229.76,0.425,-1.001,1,7,0.528,19,0.051,-1.929
229.89,0.426,-0.999,1,7,0.528,19,0.209,-1.968
230.02,0.426,-1.000,1,7,0.528,19,0.219,-1.907
230.14,0.425,-1.000,1,7,0.528,19,0.049,-2.038
230.27,0.426,-0.999,1,7,0.528,19,0.196,-2.041
230.40,0.426,-1.000,1,7,0.528,19,0.201,-2.016
230.53,0.425,-1.000,1,7,0.528,19,0.228,-1.856
230.66,0.425,-1.001,1,7,0.528,19,0.050,-2.019
230.78,0.426,-0.999,1,7,0.528,19,0.196,-2.041
230.91,0.426,-0.999,1,7,0.528,19,0.215,-1.929
231.04,0.425,-1.000,1,7,0.528,19,0.048,-2.128
231.17,0.425,-1.001,1,7,0.528,19,0.050,-1.968
231.30,0.426,-0.999,1,7,0.528,19,0.197,-2.038
231.42,0.426,-0.999,1,7,0.528,19,0.215,-1.929
231.55,0.425,-1.000,1,7,0.528,19,0.234,-1.817
231.68,0.426,-0.998,1,7,0.528,19,0.190,-2.080
231.81,0.426,-0.999,1,7,0.528,19,0.200,-2.019
231.94,0.426,-0.999,1,7,0.528,19,0.216,-1.926
232.06,0.425,-1.000,1,7,0.528,19,0.049,-2.041
232.19,0.425,-1.001,1,7,0.528,19,0.051,-1.929
232.32,0.426,-0.999,1,7,0.528,19,0.209,-1.968
232.45,0.425,-1.000,1,7,0.528,19,0.219,-1.907
232.58,0.425,-1.000,1,7,0.528,19,0.049,-2.038
232.70,0.426,-0.999,1,7,0.528,19,0.196,-2.041
232.83,0.425,-1.000,1,7,0.528,19,0.201,-2.016
232.96,0.425,-0.999,1,7,0.528,19,0.228,-1.856
233.09,0.425,-1.000,1,7,0.528,19,0.050,-2.019
233.22,0.426,-0.999,1,7,0.528,19,0.196,-2.041
233.34,0.426,-0.999,1,7,0.528,19,0.215,-1.929
233.47,0.425,-1.000,1,7,0.528,19,0.048,-2.128
233.60,0.425,-1.000,1,7,0.528,19,0.050,-1.968
233.73,0.426,-0.999,1,7,0.528,19,0.197,-2.038
233.86,0.426,-0.999,1,7,0.528,19,0.215,-1.929
233.98,0.425,-1.000,1,7,0.528,19,0.234,-1.817
234.11,0.426,-0.998,1,7,0.528,19,0.190,-2.080
234.24,0.426,-0.999,1,7,0.528,19,0.200,-2.019
234.37,0.425,-0.999,1,7,0.528,19,0.216,-1.926
234.50,0.425,-1.000,1,7,0.528,19,0.049,-2.041
234.62,0.425,-1.001,1,7,0.528,19,0.051,-1.929
234.75,0.426,-0.999,1,7,0.528,19,0.209,-1.968
234.88,0.425,-1.000,1,7,0.528,19,0.219,-1.907
235.01,0.425,-1.000,1,7,0.528,19,0.049,-2.038
235.14,0.426,-0.998,1,7,0.528,19,0.196,-2.041
235.26,0.425,-1.000,1,7,0.528,19,0.201,-2.016
235.39,0.425,-0.999,1,7,0.528,19,0.228,-1.856
235.52,0.425,-1.000,1,7,0.528,19,0.050,-2.019
235.65,0.426,-0.999,1,7,0.528,19,0.196,-2.041
235.78,0.425,-0.999,1,7,0.528,19,0.215,-1.929
235.90,0.425,-1.000,1,7,0.528,19,0.048,-2.128
236.03,0.425,-1.000,1,7,0.528,19,0.050,-1.968
236.16,0.426,-0.999,1,7,0.528,19,0.197,-2.038
236.29,0.425,-0.999,1,7,0.528,19,0.215,-1.929
236.42,0.425,-1.000,1,7,0.528,19,0.234,-1.817
236.54,0.426,-0.998,1,7,0.528,19,0.190,-2.080
236.67,0.425,-0.999,1,7,0.528,19,0.200,-2.019
236.80,0.425,-0.999,1,7,0.528,19,0.216,-1.926
236.93,0.425,-1.000,1,7,0.528,19,0.049,-2.041
237.06,0.425,-1.001,1,7,0.528,19,0.051,-1.929
237.18,0.426,-0.999,1,7,0.528,19,0.209,-1.968
237.31,0.425,-1.000,1,7,0.528,19,0.219,-1.907
237.44,0.425,-1.000,1,7,0.528,19,0.049,-2.038
237.57,0.425,-0.998,1,7,0.528,19,0.196,-2.041
237.70,0.425,-0.999,1,7,0.528,19,0.201,-2.016
237.82,0.425,-0.999,1,7,0.528,19,0.228,-1.856
237.95,0.425,-1.000,1,7,0.528,19,0.050,-2.019
238.08,0.425,-0.999,1,7,0.528,19,0.196,-2.041
238.21,0.425,-0.999,1,7,0.528,19,0.215,-1.929
238.34,0.425,-1.000,1,7,0.528,19,0.048,-2.128
238.46,0.425,-1.000,1,7,0.528,19,0.050,-1.968
238.59,0.425,-0.999,1,7,0.528,19,0.197,-2.038
238.72,0.425,-0.999,1,7,0.528,19,0.215,-1.929
238.85,0.425,-1.000,1,7,0.528,19,0.048,-2.128
238.98,0.425,-1.001,1,7,0.528,19,0.050,-1.968
239.10,0.425,-0.999,1,7,0.528,19,0.197,-2.038
239.23,0.425,-0.999,1,7,0.528,19,0.215,-1.929
239.36,0.425,-1.000,1,7,0.528,19,0.234,-1.817
239.49,0.425,-0.999,1,7,0.528,19,0.190,-2.080
239.62,0.425,-0.999,1,7,0.528,19,0.200,-2.019
239.74,0.425,-1.000,1,7,0.528,19,0.216,-1.926
239.87,0.425,-1.000,1,7,0.528,19,0.049,-2.041
240.00,0.425,-1.001,1,7,0.528,19,0.051,-1.929
240.13,0.425,-0.999,1,7,0.528,19,0.209,-1.968
240.26,0.425,-1.000,1,7,0.528,19,0.219,-1.907
240.38,0.425,-1.000,1,7,0.528,19,0.049,-2.038
240.51,0.425,-0.999,1,7,0.528,19,0.196,-2.041
240.64,0.425,-1.000,1,7,0.528,19,0.201,-2.016
240.77,0.425,-1.000,1,7,0.528,19,0.228,-1.856
240.90,0.425,-1.001,1,7,0.528,19,0.050,-2.019
241.02,0.425,-0.999,1,7,0.528,19,0.196,-2.041
241.15,0.425,-0.999,1,7,0.528,19,0.215,-1.929
241.28,0.425,-1.000,1,7,0.528,19,0.048,-2.128
241.41,0.425,-1.001,1,7,0.528,19,0.050,-1.968
241.54,0.425,-0.999,1,7,0.528,19,0.197,-2.038
241.66,0.425,-0.999,1,7,0.528,19,0.215,-1.929
241.79,0.425,-1.000,1,7,0.528,19,0.234,-1.817
241.92,0.425,-0.999,1,7,0.528,19,0.190,-2.080
242.05,0.425,-0.999,1,7,0.528,19,0.200,-2.019
242.18,0.425,-1.000,1,7,0.528,19,0.216,-1.926
242.30,0.425,-1.000,1,7,0.528,19,0.049,-2.041
242.43,0.425,-1.001,1,7,0.528,19,0.051,-1.929
242.56,0.425,-0.999,1,7,0.528,19,0.209,-1.968
242.69,0.425,-1.000,1,7,0.528,19,0.219,-1.907
242.82,0.425,-1.000,1,7,0.528,19,0.049,-2.038
242.94,0.425,-0.999,1,7,0.528,19,0.196,-2.041
243.07,0.425,-1.000,1,7,0.528,19,0.201,-2.016
243.20,0.425,-1.000,1,7,0.528,19,0.228,-1.856
243.33,0.425,-1.001,1,7,0.528,19,0.050,-2.019
243.46,0.425,-0.999,1,7,0.528,19,0.196,-2.041
243.58,0.425,-0.999,1,7,0.528,19,0.215,-1.929
243.71,0.425,-1.000,1,7,0.528,19,0.048,-2.128
243.84,0.425,-1.001,1,7,0.528,19,0.050,-1.968
243.97,0.425,-0.999,1,7,0.528,19,0.197,-2.038
244.10,0.425,-0.999,1,7,0.528,19,0.215,-1.929
244.22,0.425,-1.000,1,7,0.528,19,0.234,-1.817
244.35,0.425,-0.999,1,7,0.528,19,0.190,-2.080
244.48,0.425,-0.999,1,7,0.528,19,0.200,-2.019
244.61,0.425,-1.000,1,7,0.528,19,0.216,-1.926
244.74,0.425,-1.000,1,7,0.528,19,0.049,-2.041
244.86,0.425,-1.001,1,7,0.528,19,0.051,-1.929
244.99,0.425,-0.999,1,7,0.528,19,0.209,-1.968
245.12,0.425,-1.000,1,7,0.528,19,0.219,-1.907
245.25,0.425,-1.000,1,7,0.528,19,0.049,-2.038
245.38,0.425,-0.999,1,7,0.528,19,0.196,-2.041
245.50,0.425,-1.000,1,7,0.528,19,0.201,-2.016
245.63,0.425,-1.000,1,7,0.528,19,0.228,-1.856
245.76,0.425,-1.001,1,7,0.528,19,0.050,-2.019
245.89,0.425,-0.999,1,7,0.528,19,0.196,-2.041
246.02,0.425,-0.999,1,7,0.528,19,0.215,-1.929
246.14,0.425,-1.000,1,7,0.528,19,0.048,-2.128
246.27,0.425,-1.001,1,7,0.528,19,0.050,-1.968
246.40,0.425,-0.999,1,7,0.528,19,0.197,-2.038
246.53,0.425,-0.999,1,7,0.528,19,0.215,-1.929
246.66,0.425,-1.000,1,7,0.528,19,0.234,-1.817
246.78,0.425,-0.999,1,7,0.528,19,0.190,-2.080
246.91,0.425,-0.999,1,7,0.528,19,0.200,-2.019
247.04,0.425,-0.999,1,7,0.528,19,0.216,-1.926
247.17,0.425,-1.000,1,7,0.528,19,0.049,-2.041
247.30,0.425,-1.001,1,7,0.528,19,0.051,-1.929
247.42,0.425,-0.999,1,7,0.528,19,0.209,-1.968
247.55,0.425,-1.000,1,7,0.528,19,0.219,-1.907
247.68,0.425,-1.000,1,7,0.528,19,0.049,-2.038
247.81,0.425,-0.999,1,7,0.528,19,0.196,-2.041
247.94,0.425,-1.000,1,7,0.528,19,0.201,-2.016
248.06,0.425,-0.999,1,7,0.528,19,0.228,-1.856
248.19,0.425,-1.001,1,7,0.528,19,0.050,-2.019
248.32,0.425,-0.999,1,7,0.528,19,0.196,-2.041
248.45,0.425,-0.999,1,7,0.528,19,0.215,-1.929
248.58,0.425,-1.000,1,7,0.528,19,0.048,-2.128
248.70,0.425,-1.001,1,7,0.528,19,0.050,-1.968
248.83,0.425,-0.999,1,7,0.528,19,0.197,-2.038
248.96,0.425,-0.999,1,7,0.528,19,0.215,-1.929
249.09,0.425,-1.000,1,7,0.528,19,0.234,-1.817
249.22,0.425,-0.998,1,7,0.528,19,0.190,-2.080
249.34,0.425,-0.999,1,7,0.528,19,0.200,-2.019
249.47,0.425,-0.999,1,7,0.528,19,0.216,-1.926
249.60,0.425,-1.000,1,7,0.528,19,0.049,-2.041
249.73,0.425,-1.001,1,7,0.528,19,0.051,-1.929
249.86,0.425,-0.999,1,7,0.528,19,0.209,-1.968
249.98,0.425,-1.000,1,7,0.528,19,0.219,-1.907
250.11,0.425,-1.000,1,7,0.528,19,0.049,-2.038
250.24,0.425,-0.998,1,7,0.528,19,0.196,-2.041
250.37,0.425,-1.000,1,7,0.528,19,0.201,-2.016
250.50,0.425,-0.999,1,7,0.528,19,0.228,-1.856
250.62,0.425,-1.000,1,7,0.528,19,0.050,-2.019
250.75,0.425,-0.999,1,7,0.528,19,0.196,-2.041
250.88,0.425,-0.999,1,7,0.528,19,0.215,-1.929
251.01,0.425,-1.000,1,7,0.528,19,0.048,-2.128
251.14,0.425,-1.000,1,7,0.528,19,0.050,-1.968
251.26,0.425,-0.999,1,7,0.528,19,0.197,-2.038
251.39,0.425,-0.999,1,7,0.528,19,0.215,-1.929
251.52,0.425,-1.000,1,7,0.528,19,0.234,-1.817
251.65,0.425,-0.998,1,7,0.528,19,0.190,-2.080
251.78,0.425,-0.999,1,7,0.528,19,0.200,-2.019
251.90,0.425,-0.999,1,7,0.528,19,0.216,-1.926
252.03,0.425,-1.000,1,7,0.528,19,0.049,-2.041
252.16,0.425,-1.001,1,7,0.528,19,0.051,-1.929
252.29,0.425,-0.999,1,7,0.528,19,0.209,-1.968
252.42,0.425,-1.000,1,7,0.528,19,0.219,-1.907
252.54,0.425,-1.000,1,7,0.528,19,0.049,-2.038
252.67,0.425,-0.998,1,7,0.528,19,0.196,-2.041
252.80,0.425,-1.000,1,7,0.528,19,0.201,-2.016
252.93,0.425,-0.999,1,7,0.528,19,0.228,-1.856
253.06,0.425,-1.000,1,7,0.528,19,0.050,-2.019
253.18,0.425,-0.999,1,7,0.528,19,0.196,-2.041
253.31,0.425,-0.999,1,7,0.528,19,0.215,-1.929
253.44,0.425,-1.000,1,7,0.528,19,0.048,-2.128
253.57,0.425,-1.000,1,7,0.528,19,0.050,-1.968
253.70,0.425,-0.999,1,7,0.528,19,0.197,-2.038
253.82,0.425,-0.999,1,7,0.528,19,0.215,-1.929
253.95,0.425,-1.000,1,7,0.528,19,0.234,-1.817
254.08,0.425,-0.998,1,7,0.528,19,0.190,-2.080
254.21,0.425,-0.999,1,7,0.528,19,0.200,-2.019
254.34,0.425,-0.999,1,7,0.528,19,0.216,-1.926
254.46,0.425,-1.000,1,7,0.528,19,0.049,-2.041
254.59,0.425,-1.001,1,7,0.528,19,0.051,-1.929
254.72,0.425,-0.999,1,7,0.528,19,0.209,-1.968
254.85,0.425,-1.000,1,7,0.528,19,0.219,-1.907
254.98,0.425,-1.000,1,7,0.528,19,0.049,-2.038
255.10,0.425,-0.998,1,7,0.528,19,0.196,-2.041
255.23,0.425,-0.999,1,7,0.528,19,0.201,-2.016
255.36,0.425,-0.999,1,7,0.528,19,0.228,-1.856
255.49,0.425,-1.000,1,7,0.528,19,0.050,-2.019
255.62,0.425,-0.999,1,7,0.528,19,0.196,-2.041
255.74,0.425,-0.999,1,7,0.528,19,0.215,-1.929
255.87,0.425,-1.000,1,7,0.528,19,0.048,-2.128
256.00,0.425,-1.000,1,7,0.528,19,0.050,-1.968
256.13,0.425,-0.999,1,7,0.528,19,0.197,-2.038
256.26,0.425,-0.999,1,7,0.528,19,0.215,-1.929
256.38,0.425,-1.000,1,7,0.528,19,0.048,-2.128
256.51,0.425,-1.001,1,7,0.528,19,0.050,-1.968
256.64,0.425,-0.999,1,7,0.528,19,0.197,-2.038
256.77,0.425,-0.999,1,7,0.528,19,0.215,-1.929
256.90,0.425,-1.000,1,7,0.528,19,0.234,-1.817
257.02,0.425,-0.999,1,7,0.528,19,0.190,-2.080
257.15,0.425,-0.999,1,7,0.528,19,0.200,-2.019
257.28,0.425,-1.000,1,7,0.528,19,0.216,-1.926
257.41,0.425,-1.000,1,7,0.528,19,0.049,-2.041
257.54,0.425,-1.001,1,7,0.528,19,0.051,-1.929
257.66,0.425,-0.999,1,7,0.528,19,0.209,-1.968
257.79,0.425,-1.000,1,7,0.528,19,0.219,-1.907
257.92,0.425,-1.000,1,7,0.528,19,0.049,-2.038
258.05,0.425,-0.999,1,7,0.528,19,0.196,-2.041
258.18,0.425,-1.000,1,7,0.528,19,0.201,-2.016
258.30,0.425,-1.000,1,7,0.528,19,0.228,-1.856
258.43,0.425,-1.001,1,7,0.528,19,0.050,-2.019
258.56,0.425,-0.999,1,7,0.528,19,0.196,-2.041
258.69,0.425,-0.999,1,7,0.528,19,0.215,-1.929
258.82,0.425,-1.000,1,7,0.528,19,0.234,-1.817
258.94,0.425,-0.998,1,7,0.528,19,0.190,-2.080
259.07,0.425,-0.999,1,7,0.528,19,0.200,-2.019
259.20,0.425,-0.999,1,7,0.528,19,0.216,-1.926
259.33,0.425,-1.000,1,7,0.528,19,0.234,-1.817
259.46,0.425,-0.999,1,7,0.528,19,0.190,-2.080
259.58,0.425,-0.999,1,7,0.528,19,0.200,-2.019
259.71,0.425,-1.000,1,7,0.528,19,0.216,-1.926
259.84,0.425,-1.000,1,7,0.528,19,0.049,-2.041
259.97,0.425,-0.998,1,7,0.528,19,0.196,-2.041
260.10,0.425,-0.999,1,7,0.528,19,0.201,-2.016
260.22,0.425,-0.999,1,7,0.528,19,0.228,-1.856
260.35,0.425,-1.000,1,7,0.528,19,0.050,-2.019
260.48,0.425,-0.999,1,7,0.528,19,0.196,-2.041
260.61,0.425,-1.000,1,7,0.528,19,0.201,-2.016
260.74,0.425,-1.000,1,7,0.528,19,0.228,-1.856
260.86,0.425,-1.001,1,7,0.528,19,0.050,-2.019
260.99,0.425,-0.999,1,7,0.528,19,0.196,-2.041
261.12,0.425,-0.999,1,7,0.528,19,0.215,-1.929
261.25,0.425,-1.000,1,7,0.528,19,0.234,-1.817
261.38,0.425,-1.001,1,7,0.528,19,0.050,-2.016
261.50,0.425,-0.999,1,7,0.528,19,0.196,-2.041
261.63,0.425,-0.999,1,7,0.528,19,0.215,-1.929
261.76,0.425,-1.000,1,7,0.528,19,0.049,-2.041
261.89,0.425,-1.001,1,7,0.528,19,0.051,-1.929
262.02,0.425,-0.999,1,7,0.528,19,0.197,-2.037
262.14,0.425,-0.999,1,7,0.528,19,0.215,-1.929
262.27,0.425,-1.000,1,7,0.528,19,0.049,-2.041
262.40,0.425,-1.001,1,7,0.528,19,0.051,-1.929
262.53,0.425,-0.999,1,7,0.528,19,0.209,-1.968
262.66,0.425,-1.000,1,7,0.528,19,0.219,-1.907
262.78,0.425,-1.000,1,7,0.528,19,0.049,-2.038
262.91,0.425,-0.999,1,7,0.528,19,0.196,-2.041
263.04,0.425,-1.000,1,7,0.528,19,0.201,-2.016
263.17,0.425,-0.999,1,7,0.528,19,0.228,-1.856
263.30,0.425,-1.000,1,7,0.528,19,0.050,-2.019
263.42,0.425,-0.999,1,7,0.528,19,0.196,-2.041
263.55,0.425,-0.999,1,7,0.528,19,0.215,-1.929
263.68,0.425,-1.000,1,7,0.528,19,0.048,-2.128
263.81,0.425,-1.000,1,7,0.528,19,0.050,-1.968
263.94,0.425,-0.999,1,7,0.528,19,0.197,-2.038
264.06,0.425,-0.999,1,7,0.528,19,0.215,-1.929
264.19,0.425,-1.000,1,7,0.528,19,0.234,-1.817
264.32,0.425,-0.998,1,7,0.528,19,0.190,-2.080
264.45,0.425,-0.999,1,7,0.528,19,0.200,-2.019
264.58,0.425,-0.999,1,7,0.528,19,0.216,-1.926
264.70,0.425,-1.000,1,7,0.528,19,0.049,-2.041
264.83,0.425,-1.001,1,7,0.528,19,0.051,-1.929
264.96,0.425,-0.999,1,7,0.528,19,0.209,-1.968
265.09,0.425,-1.000,1,7,0.528,19,0.219,-1.907
265.22,0.425,-1.000,1,7,0.528,19,0.049,-2.038
265.34,0.425,-0.998,1,7,0.528,19,0.196,-2.041
265.47,0.425,-1.000,1,7,0.528,19,0.201,-2.016
265.60,0.425,-0.999,1,7,0.528,19,0.228,-1.856
265.73,0.425,-1.000,1,7,0.528,19,0.050,-2.019
265.86,0.425,-0.999,1,7,0.528,19,0.196,-2.041
265.98,0.425,-0.999,1,7,0.528,19,0.215,-1.929
266.11,0.425,-1.000,1,7,0.528,19,0.048,-2.128
266.24,0.425,-1.000,1,7,0.528,19,0.050,-1.968
266.37,0.425,-0.999,1,7,0.528,19,0.197,-2.038
266.50,0.425,-0.999,1,7,0.528,19,0.215,-1.929
266.62,0.425,-1.000,1,7,0.528,19,0.234,-1.817
266.75,0.425,-0.998,1,7,0.528,19,0.190,-2.080
266.88,0.425,-0.999,1,7,0.528,19,0.200,-2.019
267.01,0.425,-0.999,1,7,0.528,19,0.216,-1.926
267.14,0.425,-1.000,1,7,0.528,19,0.049,-2.041
267.26,0.425,-1.001,1,7,0.528,19,0.051,-1.929
267.39,0.425,-0.999,1,7,0.528,19,0.209,-1.968
267.52,0.425,-1.000,1,7,0.528,19,0.219,-1.907
267.65,0.425,-1.000,1,7,0.528,19,0.049,-2.038
267.78,0.425,-0.998,1,7,0.528,19,0.196,-2.041
267.90,0.425,-0.999,1,7,0.528,19,0.201,-2.016
268.03,0.425,-0.999,1,7,0.528,19,0.228,-1.856
268.16,0.425,-1.000,1,7,0.528,19,0.050,-2.019
268.29,0.425,-0.999,1,7,0.528,19,0.196,-2.041
268.42,0.425,-0.999,1,7,0.528,19,0.215,-1.929
268.54,0.425,-1.000,1,7,0.528,19,0.048,-2.128
268.67,0.425,-1.000,1,7,0.528,19,0.050,-1.968
268.80,0.425,-0.999,1,7,0.528,19,0.197,-2.038
268.93,0.425,-0.999,1,7,0.528,19,0.215,-1.929
269.06,0.425,-1.000,1,7,0.528,19,0.234,-1.817
269.18,0.425,-0.998,1,7,0.528,19,0.190,-2.080
269.31,0.425,-0.999,1,7,0.528,19,0.200,-2.019
269.44,0.425,-0.999,1,7,0.528,19,0.216,-1.926
269.57,0.425,-1.000,1,7,0.528,19,0.049,-2.041
269.70,0.425,-1.001,1,7,0.528,19,0.051,-1.929
269.82,0.425,-0.999,1,7,0.528,19,0.209,-1.968
269.95,0.425,-0.999,1,7,0.528,19,0.219,-1.907
270.08,0.425,-1.000,1,7,0.528,19,0.049,-2.038
270.21,0.425,-0.998,1,7,0.528,19,0.196,-2.041
270.34,0.425,-0.999,1,7,0.528,19,0.201,-2.016
270.46,0.425,-0.999,1,7,0.528,19,0.228,-1.856
270.59,0.425,-1.000,1,7,0.528,19,0.050,-2.019
270.72,0.425,-0.999,1,7,0.528,19,0.196,-2.041
270.85,0.425,-0.999,1,7,0.528,19,0.215,-1.929
270.98,0.425,-1.000,1,7,0.528,19,0.048,-2.128
271.10,0.425,-1.000,1,7,0.528,19,0.050,-1.968
271.23,0.425,-0.999,1,7,0.528,19,0.197,-2.038
271.36,0.425,-0.999,1,7,0.528,19,0.215,-1.929
271.49,0.425,-1.000,1,7,0.528,19,0.048,-2.128
271.62,0.425,-1.001,1,7,0.528,19,0.050,-1.968
271.74,0.425,-0.999,1,7,0.528,19,0.197,-2.038
271.87,0.425,-0.999,1,7,0.528,19,0.215,-1.929
272.00,0.425,-1.000,1,7,0.528,19,0.234,-1.817
272.13,0.425,-0.999,1,7,0.528,19,0.190,-2.080
272.26,0.425,-0.999,1,7,0.528,19,0.200,-2.019
272.38,0.425,-1.000,1,7,0.528,19,0.216,-1.926
272.51,0.425,-1.000,1,7,0.528,19,0.049,-2.041
272.64,0.425,-1.001,1,7,0.528,19,0.051,-1.929
272.77,0.425,-0.999,1,7,0.528,19,0.209,-1.968
272.90,0.425,-1.000,1,7,0.528,19,0.219,-1.907
273.02,0.425,-1.000,1,7,0.528,19,0.049,-2.038
273.15,0.425,-0.999,1,7,0.528,19,0.196,-2.041
273.28,0.425,-1.000,1,7,0.528,19,0.201,-2.016
273.41,0.425,-1.000,1,7,0.528,19,0.228,-1.856
273.54,0.425,-1.001,1,7,0.528,19,0.050,-2.019
273.66,0.425,-0.999,1,7,0.528,19,0.196,-2.041
273.79,0.425,-0.999,1,7,0.528,19,0.215,-1.929
273.92,0.425,-1.000,1,7,0.528,19,0.048,-2.128
274.05,0.425,-1.001,1,7,0.528,19,0.050,-1.968
274.18,0.425,-0.999,1,7,0.528,19,0.197,-2.038
274.30,0.425,-0.999,1,7,0.528,19,0.215,-1.929
274.43,0.425,-1.000,1,7,0.528,19,0.234,-1.817
274.56,0.425,-0.999,1,7,0.528,19,0.190,-2.080
274.69,0.425,-0.999,1,7,0.528,19,0.200,-2.019
274.82,0.425,-1.000,1,7,0.528,19,0.216,-1.926
274.94,0.425,-1.000,1,7,0.528,19,0.049,-2.041
275.07,0.425,-1.001,1,7,0.528,19,0.051,-1.929
275.20,0.425,-0.999,1,7,0.528,19,0.209,-1.968
275.33,0.425,-1.000,1,7,0.528,19,0.219,-1.907
275.46,0.425,-1.000,1,7,0.528,19,0.049,-2.038
275.58,0.425,-0.999,1,7,0.528,19,0.196,-2.041
275.71,0.425,-1.000,1,7,0.528,19,0.201,-2.016
275.84,0.425,-1.000,1,7,0.528,19,0.228,-1.856
275.97,0.425,-1.001,1,7,0.528,19,0.050,-2.019
276.10,0.425,-0.999,1,7,0.528,19,0.196,-2.041
276.22,0.425,-0.999,1,7,0.528,19,0.215,-1.929
276.35,0.425,-1.000,1,7,0.528,19,0.048,-2.128
276.48,0.425,-1.001,1,7,0.528,19,0.050,-1.968
276.61,0.425,-0.999,1,7,0.528,19,0.197,-2.038
276.74,0.425,-0.999,1,7,0.528,19,0.215,-1.929
276.86,0.425,-1.000,1,7,0.528,19,0.049,-2.041
276.99,0.425,-1.001,1,7,0.528,19,0.051,-1.929
277.12,0.425,-0.999,1,7,0.528,19,0.209,-1.968
277.25,0.425,-0.999,1,7,0.528,19,0.219,-1.907
277.38,0.425,-1.000,1,7,0.528,19,0.049,-2.038
277.50,0.425,-0.998,1,7,0.528,19,0.196,-2.041
277.63,0.425,-0.999,1,7,0.528,19,0.201,-2.016
277.76,0.425,-0.999,1,7,0.528,19,0.228,-1.856
277.89,0.425,-1.000,1,7,0.528,19,0.050,-2.019
278.02,0.425,-0.999,1,7,0.528,19,0.196,-2.041
278.14,0.425,-0.999,1,7,0.528,19,0.215,-1.929
278.27,0.425,-1.000,1,7,0.528,19,0.048,-2.128
278.40,0.425,-1.000,1,7,0.528,19,0.050,-1.968
278.53,0.425,-0.999,1,7,0.528,19,0.197,-2.038
278.66,0.425,-0.999,1,7,0.528,19,0.215,-1.929
278.78,0.425,-1.000,1,7,0.528,19,0.234,-1.817
278.91,0.425,-0.998,1,7,0.528,19,0.190,-2.080
279.04,0.425,-0.999,1,7,0.528,19,0.200,-2.019
279.17,0.425,-0.999,1,7,0.528,19,0.216,-1.926
279.30,0.425,-1.000,1,7,0.528,19,0.049,-2.041
279.42,0.425,-1.001,1,7,0.528,19,0.051,-1.929
279.55,0.425,-0.999,1,7,0.528,19,0.209,-1.968
279.68,0.425,-0.999,1,7,0.528,19,0.219,-1.907
279.81,0.425,-1.000,1,7,0.528,19,0.049,-2.038
279.94,0.425,-0.998,1,7,0.528,19,0.196,-2.041
280.06,0.425,-0.999,1,7,0.528,19,0.201,-2.016
280.19,0.425,-0.999,1,7,0.528,19,0.228,-1.856
280.32,0.425,-1.000,1,7,0.528,19,0.050,-2.019
280.45,0.425,-0.998,1,7,0.528,19,0.196,-2.041
280.58,0.425,-1.000,1,7,0.528,19,0.201,-2.016
280.70,0.425,-0.999,1,7,0.528,19,0.228,-1.856
280.83,0.425,-1.000,1,7,0.528,19,0.050,-2.019
280.96,0.425,-0.999,1,7,0.528,19,0.196,-2.041
281.09,0.425,-0.999,1,7,0.528,19,0.215,-1.929
281.22,0.425,-1.000,1,7,0.528,19,0.048,-2.128
281.34,0.425,-1.000,1,7,0.528,19,0.050,-1.968
281.47,0.425,-0.999,1,7,0.528,19,0.197,-2.038
281.60,0.425,-0.999,1,7,0.528,19,0.215,-1.929
281.73,0.425,-1.000,1,7,0.528,19,0.234,-1.817
281.86,0.425,-0.998,1,7,0.528,19,0.190,-2.080
281.98,0.425,-0.999,1,7,0.528,19,0.200,-2.019
282.11,0.425,-0.999,1,7,0.528,19,0.216,-1.926
282.24,0.425,-1.000,1,7,0.528,19,0.049,-2.041
282.37,0.425,-1.001,1,7,0.528,19,0.051,-1.929
282.50,0.425,-0.999,1,7,0.528,19,0.209,-1.968
282.62,0.425,-1.000,1,7,0.528,19,0.219,-1.907
282.75,0.425,-1.000,1,7,0.528,19,0.049,-2.038
282.88,0.425,-0.998,1,7,0.528,19,0.196,-2.041
283.01,0.425,-1.000,1,7,0.528,19,0.201,-2.016
283.14,0.425,-0.999,1,7,0.528,19,0.228,-1.856
283.26,0.425,-1.000,1,7,0.528,19,0.050,-2.019
283.39,0.425,-0.999,1,7,0.528,19,0.196,-2.041
283.52,0.425,-0.999,1,7,0.528,19,0.215,-1.929
283.65,0.425,-1.000,1,7,0.528,19,0.048,-2.128
283.78,0.425,-1.000,1,7,0.528,19,0.050,-1.968
283.90,0.425,-0.999,1,7,0.528,19,0.197,-2.038
284.03,0.425,-0.999,1,7,0.528,19,0.215,-1.929
284.16,0.425,-1.000,1,7,0.528,19,0.234,-1.817
284.29,0.425,-0.998,1,7,0.528,19,0.190,-2.080
284.42,0.425,-0.999,1,7,0.528,19,0.200,-2.019
284.54,0.425,-0.999,1,7,0.528,19,0.216,-1.926
284.67,0.425,-1.000,1,7,0.528,19,0.049,-2.041
284.80,0.425,-1.001,1,7,0.528,19,0.051,-1.929
284.93,0.425,-0.999,1,7,0.528,19,0.209,-1.968
285.06,0.425,-1.000,1,7,0.528,19,0.219,-1.907
285.18,0.425,-1.000,1,7,0.528,19,0.049,-2.038
285.31,0.425,-0.998,1,7,0.528,19,0.196,-2.041
285.44,0.425,-0.999,1,7,0.528,19,0.201,-2.016
285.57,0.425,-0.999,1,7,0.528,19,0.228,-1.856
285.70,0.425,-1.000,1,7,0.528,19,0.050,-2.019
285.82,0.425,-0.999,1,7,0.528,19,0.196,-2.041
285.95,0.425,-0.999,1,7,0.528,19,0.215,-1.929
286.08,0.425,-1.000,1,7,0.528,19,0.048,-2.128
286.21,0.425,-1.000,1,7,0.528,19,0.050,-1.968
286.34,0.425,-0.999,1,7,0.528,19,0.197,-2.038
286.46,0.425,-0.999,1,7,0.528,19,0.215,-1.929
286.59,0.425,-1.000,1,7,0.528,19,0.234,-1.817
286.72,0.425,-0.998,1,7,0.528,19,0.190,-2.080
286.85,0.425,-0.999,1,7,0.528,19,0.200,-2.019
286.98,0.425,-0.999,1,7,0.528,19,0.216,-1.926
287.10,0.425,-1.000,1,7,0.528,19,0.049,-2.041
287.23,0.425,-1.001,1,7,0.528,19,0.051,-1.929
287.36,0.425,-0.999,1,7,0.528,19,0.209,-1.968
287.49,0.425,-0.999,1,7,0.528,19,0.219,-1.907
287.62,0.425,-1.000,1,7,0.528,19,0.049,-2.038
287.74,0.425,-0.998,1,7,0.528,19,0.196,-2.041
287.87,0.425,-0.999,1,7,0.528,19,0.201,-2.016
288.00,0.425,-0.999,1,7,0.528,19,0.228,-1.856
288.13,0.425,-1.000,1,7,0.528,19,0.050,-2.019
288.26,0.425,-0.999,1,7,0.528,19,0.196,-2.041
288.38,0.425,-0.999,1,7,0.528,19,0.215,-1.929
288.51,0.425,-1.000,1,7,0.528,19,0.048,-2.128
288.64,0.425,-1.000,1,7,0.528,19,0.050,-1.968
288.77,0.425,-0.999,1,7,0.528,19,0.197,-2.038
288.90,0.425,-0.999,1,7,0.528,19,0.215,-1.929
289.02,0.425,-1.000,1,7,0.528,19,0.234,-1.817
289.15,0.425,-0.998,1,7,0.528,19,0.190,-2.080
289.28,0.425,-0.999,1,7,0.528,19,0.200,-2.019
289.41,0.425,-0.999,1,7,0.528,19,0.216,-1.926
289.54,0.425,-1.000,1,7,0.528,19,0.049,-2.041
289.66,0.425,-1.001,1,7,0.528,19,0.051,-1.929
289.79,0.425,-0.999,1,7,0.528,19,0.209,-1.968
289.92,0.425,-0.999,1,7,0.528,19,0.219,-1.907
290.05,0.425,-1.000,1,7,0.528,19,0.049,-2.038
290.18,0.425,-1.001,1,7,0.528,19,0.051,-1.929
290.30,0.425,-0.999,1,7,0.528,19,0.209,-1.968
290.43,0.425,-1.000,1,7,0.528,19,0.219,-1.907
290.56,0.425,-1.000,1,7,0.528,19,0.049,-2.038
290.69,0.425,-0.999,1,7,0.528,19,0.196,-2.041
290.82,0.425,-0.999,1,7,0.528,19,0.215,-1.929
290.94,0.425,-1.000,1,7,0.528,19,0.048,-2.128
291.07,0.425,-1.000,1,7,0.528,19,0.050,-1.968
291.20,0.425,-0.999,1,7,0.528,19,0.197,-2.038
291.33,0.425,-0.999,1,7,0.528,19,0.215,-1.929
291.46,0.425,-1.000,1,7,0.528,19,0.234,-1.817
291.58,0.425,-0.998,1,7,0.528,19,0.190,-2.080
291.71,0.425,-0.999,1,7,0.528,19,0.200,-2.019
291.84,0.425,-0.999,1,7,0.528,19,0.216,-1.926
291.97,0.425,-1.000,1,7,0.528,19,0.049,-2.041
292.10,0.425,-1.001,1,7,0.528,19,0.051,-1.929
292.22,0.425,-0.999,1,7,0.528,19,0.209,-1.968
292.35,0.425,-0.999,1,7,0.528,19,0.219,-1.907
292.48,0.425,-1.000,1,7,0.528,19,0.049,-2.038
292.61,0.425,-0.998,1,7,0.528,19,0.196,-2.041
292.74,0.425,-0.999,1,7,0.528,19,0.201,-2.016
292.86,0.425,-0.999,1,7,0.528,19,0.228,-1.856
292.99,0.425,-1.000,1,7,0.528,19,0.050,-2.019
293.12,0.425,-0.999,1,7,0.528,19,0.196,-2.041
293.25,0.425,-0.999,1,7,0.528,19,0.215,-1.929
293.38,0.425,-1.000,1,7,0.528,19,0.048,-2.128
293.50,0.425,-1.000,1,7,0.528,19,0.050,-1.968
293.63,0.425,-0.999,1,7,0.528,19,0.197,-2.038
293.76,0.425,-0.999,1,7,0.528,19,0.215,-1.929
293.89,0.425,-1.000,1,7,0.528,19,0.234,-1.817
294.02,0.425,-0.998,1,7,0.528,19,0.190,-2.080
294.14,0.425,-0.999,1,7,0.528,19,0.200,-2.019
294.27,0.425,-0.999,1,7,0.528,19,0.216,-1.926
294.40,0.425,-1.000,1,7,0.528,19,0.049,-2.041
294.53,0.425,-1.001,1,7,0.528,19,0.051,-1.929
294.66,0.425,-0.999,1,7,0.528,19,0.209,-1.968
294.78,0.425,-0.999,1,7,0.528,19,0.219,-1.907
294.91,0.425,-1.000,1,7,0.528,19,0.049,-2.038
295.04,0.425,-0.998,1,7,0.528,19,0.196,-2.041
295.17,0.425,-0.999,1,7,0.528,19,0.201,-2.016
295.30,0.425,-0.999,1,7,0.528,19,0.228,-1.856
295.42,0.425,-1.000,1,7,0.528,19,0.050,-2.019
295.55,0.425,-0.999,1,7,0.528,19,0.196,-2.041
295.68,0.425,-0.999,1,7,0.528,19,0.215,-1.929
295.81,0.425,-1.000,1,7,0.528,19,0.048,-2.128
295.94,0.425,-1.000,1,7,0.528,19,0.050,-1.968
296.06,0.425,-0.999,1,7,0.528,19,0.197,-2.038
296.19,0.425,-0.999,1,7,0.528,19,0.215,-1.929
296.32,0.425,-0.999,1,7,0.528,19,0.234,-1.817
296.45,0.425,-0.998,1,7,0.528,19,0.190,-2.080
296.58,0.425,-0.999,1,7,0.528,19,0.200,-2.019
296.70,0.425,-0.999,1,7,0.528,19,0.216,-1.926
296.83,0.425,-1.000,1,7,0.528,19,0.049,-2.041
296.96,0.425,-1.001,1,7,0.528,19,0.051,-1.929
297.09,0.425,-0.999,1,7,0.528,19,0.209,-1.968
297.22,0.425,-0.999,1,7,0.528,19,0.219,-1.907
297.34,0.425,-1.000,1,7,0.528,19,0.049,-2.038
297.47,0.425,-0.998,1,7,0.528,19,0.196,-2.041
297.60,0.425,-0.999,1,7,0.528,19,0.201,-2.016
297.73,0.425,-0.999,1,7,0.528,19,0.228,-1.856
297.86,0.425,-1.000,1,7,0.528,19,0.050,-2.019
297.98,0.425,-0.998,1,7,0.528,19,0.196,-2.041
298.11,0.425,-1.000,1,7,0.528,19,0.201,-2.016
298.24,0.425,-0.999,1,7,0.528,19,0.228,-1.856
298.37,0.425,-1.000,1,7,0.528,19,0.050,-2.019
298.50,0.425,-0.999,1,7,0.528,19,0.196,-2.041
298.62,0.425,-0.999,1,7,0.528,19,0.215,-1.929
298.75,0.425,-1.000,1,7,0.528,19,0.048,-2.128
298.88,0.425,-1.000,1,7,0.528,19,0.050,-1.968
299.01,0.425,-0.999,1,7,0.528,19,0.197,-2.038
299.14,0.425,-0.999,1,7,0.528,19,0.215,-1.929
299.26,0.425,-1.000,1,7,0.528,19,0.234,-1.817
299.39,0.425,-0.998,1,7,0.528,19,0.190,-2.080
299.52,0.425,-0.999,1,7,0.528,19,0.200,-2.019
299.65,0.425,-0.999,1,7,0.528,19,0.216,-1.926
299.78,0.425,-1.000,1,7,0.528,19,0.049,-2.041
299.90,0.425,-1.001,1,7,0.528,19,0.051,-1.929
