time,x,y,row,col,coverage,collision_count,v,w
0.13,-1.326,-1.349,0,0,0.009,1,0.465,0.448
0.26,-1.298,-1.347,0,0,0.009,1,0.405,0.800
0.38,-1.270,-1.346,0,0,0.009,1,0.405,0.800
0.51,-1.242,-1.344,0,0,0.009,1,0.405,0.800
0.64,-1.214,-1.343,0,0,0.009,1,0.405,0.800
0.77,-1.186,-1.342,0,0,0.009,1,0.405,0.800
0.90,-1.157,-1.340,0,0,0.009,1,0.405,0.800
1.02,-1.129,-1.339,0,0,0.009,1,0.405,0.800
1.15,-1.101,-1.337,0,1,0.019,1,0.405,0.800
1.28,-1.073,-1.336,0,1,0.019,1,0.405,0.800
1.41,-1.045,-1.335,0,1,0.019,1,0.405,0.800
1.54,-1.017,-1.333,0,1,0.019,1,0.405,0.800
1.66,-0.989,-1.332,0,1,0.019,1,0.405,0.800
1.79,-0.961,-1.330,0,1,0.019,1,0.405,0.800
1.92,-0.932,-1.329,0,1,0.019,1,0.405,0.800
2.05,-0.904,-1.327,0,1,0.019,1,0.405,0.800
2.18,-0.876,-1.326,0,2,0.028,1,0.405,0.800
2.30,-0.848,-1.324,0,2,0.028,1,0.405,0.800
2.43,-0.820,-1.323,0,2,0.028,1,0.405,0.800
2.56,-0.792,-1.322,0,2,0.028,1,0.405,0.800
2.69,-0.764,-1.320,0,2,0.028,1,0.405,0.800
2.82,-0.736,-1.319,0,2,0.028,1,0.400,0.830
2.94,-0.707,-1.317,0,2,0.028,1,0.401,0.825
3.07,-0.679,-1.316,0,2,0.028,1,0.405,0.802
3.20,-0.651,-1.314,0,3,0.037,1,0.480,0.354
3.33,-0.623,-1.313,0,3,0.037,1,0.524,-0.094
3.46,-0.595,-1.311,0,3,0.037,1,0.449,-0.542
3.58,-0.567,-1.310,0,3,0.037,1,0.373,-0.990
3.71,-0.539,-1.308,0,3,0.037,1,0.298,-1.438
3.84,-0.517,-1.307,0,3,0.037,1,0.254,-1.700
3.97,-0.502,-1.307,0,3,0.037,1,0.254,-1.700
4.10,-0.487,-1.307,0,3,0.037,1,0.254,-1.700
4.22,-0.472,-1.307,0,3,0.037,1,0.254,-1.700
4.35,-0.457,-1.306,0,3,0.037,1,0.254,-1.700
4.48,-0.442,-1.306,0,3,0.037,1,0.254,-1.700
4.61,-0.427,-1.306,0,3,0.037,1,0.254,-1.700
4.74,-0.412,-1.306,0,3,0.037,1,0.254,-1.700
4.86,-0.397,-1.305,0,3,0.037,1,0.254,-1.700
4.99,-0.382,-1.305,0,3,0.037,1,0.254,-1.700
5.12,-0.366,-1.305,0,3,0.037,1,0.254,-1.700
5.25,-0.351,-1.304,0,4,0.046,1,0.254,-1.700
5.38,-0.336,-1.304,0,4,0.046,1,0.254,-1.700
5.50,-0.321,-1.304,0,4,0.046,1,0.254,-1.700
5.63,-0.306,-1.304,0,4,0.046,1,0.254,-1.700
5.76,-0.291,-1.303,0,4,0.046,1,0.254,-1.700
5.89,-0.276,-1.303,0,4,0.046,1,0.254,-1.700
6.02,-0.261,-1.303,0,4,0.046,1,0.254,-1.700
6.14,-0.246,-1.302,0,4,0.046,1,0.254,-1.700
6.27,-0.231,-1.302,0,4,0.046,1,0.254,-1.700
6.40,-0.216,-1.302,0,4,0.046,1,0.254,-1.700
6.53,-0.201,-1.301,0,4,0.046,1,0.254,-1.700
6.66,-0.186,-1.301,0,4,0.046,1,0.254,-1.700
6.78,-0.171,-1.301,0,4,0.046,1,0.254,-1.700
6.91,-0.156,-1.300,0,4,0.046,1,0.254,-1.700
7.04,-0.140,-1.300,0,4,0.046,1,0.254,-1.700
7.17,-0.125,-1.300,0,4,0.046,1,0.254,-1.700
7.30,-0.105,-1.299,0,5,0.056,1,0.061,-1.252
7.42,-0.095,-1.300,0,5,0.056,1,0.068,-0.804
7.55,-0.089,-1.301,0,5,0.056,1,0.075,-0.356
7.68,-0.081,-1.302,0,5,0.056,1,0.079,0.092
7.81,-0.072,-1.303,0,5,0.056,1,0.072,0.540
7.94,-0.067,-1.304,0,5,0.056,1,0.065,0.988
8.06,-0.062,-1.303,0,5,0.056,1,0.058,1.436
8.19,-0.056,-1.302,0,5,0.056,1,0.052,1.884
8.32,-0.053,-1.297,0,5,0.056,1,0.045,2.332
8.45,-0.045,-1.289,0,5,0.056,1,0.223,1.884
8.58,-0.029,-1.277,0,5,0.056,1,0.298,1.436
8.70,-0.007,-1.260,0,5,0.056,1,0.374,0.988
8.83,0.015,-1.243,0,5,0.056,1,0.449,0.540
8.96,0.037,-1.225,0,5,0.056,1,0.418,0.727
9.09,0.059,-1.208,0,5,0.056,1,0.406,0.793
9.22,0.081,-1.190,0,5,0.056,1,0.405,0.799
9.34,0.089,-1.179,0,6,0.065,1,0.405,0.800
9.47,0.091,-1.166,0,6,0.065,1,0.405,0.800
9.60,0.091,-1.151,0,6,0.065,1,0.405,0.800
9.73,0.092,-1.137,0,6,0.065,1,0.405,0.800
9.86,0.093,-1.122,0,6,0.065,1,0.405,0.800
9.98,0.093,-1.107,0,6,0.065,1,0.405,0.800
10.11,0.104,-1.101,0,6,0.065,1,0.405,0.800
10.24,0.105,-1.092,0,6,0.065,2,0.405,0.800
10.37,0.110,-1.085,1,6,0.074,3,0.405,0.800
10.50,0.113,-1.076,1,6,0.074,3,0.405,0.800
10.62,0.115,-1.067,1,6,0.074,3,0.405,0.800
10.75,0.117,-1.058,1,6,0.074,3,0.405,0.800
10.88,0.120,-1.051,1,6,0.074,3,0.405,0.800
11.01,0.123,-1.044,1,6,0.074,3,0.405,0.800
11.14,0.125,-1.038,1,6,0.074,3,0.405,0.800
11.26,0.126,-1.032,1,6,0.074,3,0.481,0.352
11.39,0.128,-1.027,1,6,0.074,3,0.539,0.007
11.52,0.129,-1.022,1,6,0.074,3,0.540,0.001
11.65,0.130,-1.018,1,6,0.074,3,0.540,0.000
11.78,0.132,-1.015,1,6,0.074,3,0.540,0.000
11.90,0.132,-1.011,1,6,0.074,3,0.540,0.000
12.03,0.134,-1.008,1,6,0.074,3,0.540,0.000
12.16,0.135,-1.004,1,6,0.074,3,0.540,0.000
12.29,0.136,-1.000,1,6,0.074,3,0.483,0.336
12.42,0.139,-0.994,1,6,0.074,3,0.408,0.784
12.54,0.144,-0.988,1,6,0.074,3,0.404,0.808
12.67,0.148,-0.982,1,6,0.074,3,0.405,0.801
12.80,0.152,-0.976,1,6,0.074,3,0.405,0.800
12.93,0.156,-0.970,1,6,0.074,3,0.405,0.800
13.06,0.160,-0.964,1,6,0.074,3,0.405,0.802
13.18,0.164,-0.958,1,6,0.074,3,0.404,0.808
13.31,0.172,-0.956,1,6,0.074,3,0.422,0.700
13.44,0.175,-0.954,1,6,0.074,3,0.498,0.252
13.57,0.176,-0.952,1,6,0.074,3,0.539,0.004
13.70,0.178,-0.950,1,6,0.074,3,0.540,0.000
13.82,0.180,-0.946,1,6,0.074,3,0.465,0.448
13.95,0.183,-0.942,1,6,0.074,3,0.389,0.896
14.08,0.188,-0.936,1,6,0.074,3,0.386,0.917
14.21,0.194,-0.928,1,6,0.074,4,0.378,0.965
14.34,0.203,-0.919,1,6,0.074,4,0.371,1.005
14.46,0.213,-0.910,1,6,0.074,4,0.363,1.053
14.59,0.223,-0.902,1,6,0.074,4,0.420,0.715
14.72,0.249,-0.893,1,6,0.074,4,0.495,0.267
14.85,0.265,-0.888,1,6,0.074,4,0.077,-0.181
14.98,0.274,-0.885,1,6,0.074,4,0.071,-0.629
15.10,0.282,-0.883,1,6,0.074,4,0.064,-1.077
15.23,0.288,-0.882,1,6,0.074,4,0.057,-1.525
15.36,0.285,-0.882,1,6,0.074,4,0.050,-1.973
15.49,0.291,-0.880,2,7,0.074,4,0.057,-1.543
15.62,0.291,-0.878,2,7,0.074,4,0.057,-1.543
15.74,0.305,-0.877,2,7,0.074,4,0.356,-1.095
15.87,0.327,-0.877,2,7,0.074,4,0.431,-0.647
16.00,0.355,-0.877,2,7,0.074,4,0.506,-0.199
16.13,0.383,-0.877,2,7,0.074,4,0.540,-0.000
16.26,0.409,-0.879,2,7,0.074,4,0.488,-0.307
16.38,0.417,-0.883,2,7,0.074,4,0.413,-0.755
16.51,0.432,-0.887,2,7,0.074,4,0.406,-0.796
16.64,0.455,-0.894,2,7,0.074,4,0.405,-0.800
16.77,0.479,-0.901,2,7,0.074,4,0.405,-0.800
16.90,0.503,-0.909,2,7,0.074,4,0.443,-0.576
17.02,0.530,-0.916,2,7,0.074,4,0.518,-0.128
17.15,0.557,-0.923,2,7,0.074,4,0.486,0.320
17.28,0.584,-0.931,2,7,0.074,4,0.411,0.768
17.41,0.612,-0.938,2,7,0.074,4,0.405,0.801
17.54,0.639,-0.945,1,8,0.083,4,0.330,1.249
17.66,0.664,-0.952,1,8,0.083,4,0.255,1.692
17.79,0.685,-0.956,1,8,0.083,4,0.254,1.699
17.92,0.706,-0.958,1,8,0.083,4,0.254,1.700
18.05,0.725,-0.959,1,8,0.083,4,0.254,1.700
18.18,0.741,-0.960,1,8,0.083,4,0.254,1.700
18.30,0.756,-0.960,1,8,0.083,4,0.053,1.812
18.43,0.767,-0.959,1,8,0.083,4,0.246,1.747
18.56,0.779,-0.958,1,9,0.093,4,0.227,1.861
18.69,0.793,-0.956,1,9,0.093,4,0.251,1.715
18.82,0.810,-0.953,1,9,0.093,4,0.254,1.701
18.94,0.829,-0.948,1,9,0.093,4,0.254,1.700
19.07,0.849,-0.943,1,9,0.093,4,0.254,1.700
19.20,0.869,-0.937,1,9,0.093,4,0.254,1.700
19.33,0.889,-0.929,1,9,0.093,4,0.254,1.700
19.46,0.907,-0.919,1,9,0.093,4,0.254,1.700
19.58,0.928,-0.907,1,10,0.102,4,0.329,1.252
19.71,0.952,-0.892,1,10,0.102,5,0.404,0.808
19.84,0.976,-0.878,1,10,0.102,5,0.405,0.801
19.97,1.000,-0.863,1,10,0.102,5,0.405,0.800
20.10,1.024,-0.849,1,10,0.102,5,0.405,0.800
20.22,1.049,-0.834,1,10,0.102,5,0.405,0.800
20.35,1.073,-0.820,1,10,0.102,5,0.400,0.833
20.48,1.097,-0.805,1,10,0.102,5,0.388,0.904
20.61,1.121,-0.791,2,10,0.111,5,0.369,1.014
20.74,1.145,-0.776,2,10,0.111,5,0.359,1.074
20.86,1.169,-0.761,2,10,0.111,5,0.343,1.172
20.99,1.193,-0.747,2,10,0.111,5,0.331,1.244
21.12,1.203,-0.738,2,10,0.111,5,0.055,1.692
21.25,1.211,-0.728,2,10,0.111,5,0.261,1.659
21.38,1.223,-0.713,2,10,0.111,5,0.055,1.659
21.50,1.236,-0.696,2,10,0.111,5,0.336,1.211
21.63,1.249,-0.677,2,11,0.120,6,0.064,1.051
21.76,1.256,-0.667,2,11,0.120,6,0.363,1.051
21.89,1.267,-0.648,2,11,0.120,6,0.068,0.827
22.02,1.276,-0.633,2,11,0.120,6,0.070,0.634
22.14,1.283,-0.617,2,11,0.120,6,0.070,0.634
22.27,1.290,-0.602,2,11,0.120,6,0.070,0.634
22.40,1.297,-0.586,2,11,0.120,6,0.072,0.536
22.53,1.301,-0.575,2,11,0.120,6,0.450,0.536
22.66,1.308,-0.556,3,11,0.130,6,0.065,0.984
22.78,1.313,-0.541,3,11,0.130,6,0.315,1.339
22.91,1.318,-0.521,3,11,0.130,7,0.330,1.246
23.04,1.324,-0.500,3,11,0.130,7,0.330,1.246
23.17,1.329,-0.479,3,11,0.130,7,0.316,1.329
23.30,1.333,-0.459,3,11,0.130,7,0.339,1.191
23.42,1.337,-0.438,3,11,0.130,7,0.343,1.170
23.55,1.341,-0.415,3,11,0.130,7,0.298,1.441
23.68,1.344,-0.395,4,11,0.139,7,0.258,1.676
23.81,1.347,-0.375,4,11,0.139,7,0.254,1.698
23.94,1.348,-0.356,4,11,0.139,7,0.254,1.700
24.06,1.348,-0.341,4,11,0.139,7,0.254,1.700
24.19,1.349,-0.326,4,11,0.139,7,0.254,1.700
24.32,1.350,-0.311,4,11,0.139,7,0.254,1.700
24.45,1.350,-0.296,4,11,0.139,7,0.254,1.700
24.58,1.351,-0.281,4,11,0.139,7,0.254,1.700
24.70,1.352,-0.266,4,11,0.139,7,0.254,1.700
24.83,1.353,-0.251,4,11,0.139,7,0.254,1.700
24.96,1.353,-0.235,4,11,0.139,7,0.254,1.700
25.09,1.354,-0.220,4,11,0.139,7,0.254,1.700
25.22,1.355,-0.205,4,11,0.139,7,0.254,1.700
25.34,1.355,-0.190,4,11,0.139,7,0.254,1.700
25.47,1.356,-0.175,4,11,0.139,7,0.254,1.700
25.60,1.357,-0.160,4,11,0.139,7,0.254,1.700
25.73,1.357,-0.145,5,11,0.148,7,0.254,1.700
25.86,1.358,-0.130,5,11,0.148,7,0.254,1.700
25.98,1.359,-0.115,5,11,0.148,7,0.254,1.700
26.11,1.360,-0.100,5,11,0.148,7,0.254,1.700
26.24,1.360,-0.085,5,11,0.148,7,0.254,1.700
26.37,1.361,-0.070,5,11,0.148,7,0.254,1.700
26.50,1.362,-0.055,5,11,0.148,7,0.254,1.700
26.62,1.362,-0.040,5,11,0.148,7,0.254,1.700
26.75,1.363,-0.025,5,11,0.148,7,0.254,1.700
26.88,1.364,-0.010,5,11,0.148,7,0.254,1.700
27.01,1.365,0.005,5,11,0.148,7,0.254,1.700
27.14,1.365,0.021,5,11,0.148,7,0.254,1.700
27.26,1.366,0.036,5,11,0.148,7,0.254,1.700
27.39,1.367,0.051,5,11,0.148,7,0.254,1.700
27.52,1.368,0.066,5,11,0.148,7,0.254,1.700
27.65,1.368,0.081,5,11,0.148,7,0.254,1.700
27.78,1.369,0.096,6,11,0.157,7,0.254,1.700
27.90,1.370,0.111,6,11,0.157,7,0.254,1.700
28.03,1.370,0.126,6,11,0.157,7,0.254,1.700
28.16,1.371,0.141,6,11,0.157,7,0.254,1.700
28.29,1.372,0.156,6,11,0.157,7,0.254,1.700
28.42,1.373,0.171,6,11,0.157,7,0.254,1.700
28.54,1.373,0.186,6,11,0.157,7,0.254,1.700
28.67,1.374,0.201,6,11,0.157,7,0.254,1.700
28.80,1.375,0.216,6,11,0.157,7,0.254,1.700
28.93,1.376,0.231,6,11,0.157,7,0.254,1.700
29.06,1.376,0.246,6,11,0.157,7,0.254,1.700
29.18,1.377,0.261,6,11,0.157,7,0.254,1.700
29.31,1.378,0.276,6,11,0.157,7,0.254,1.700
29.44,1.379,0.292,6,11,0.157,7,0.254,1.700
29.57,1.379,0.307,6,11,0.157,7,0.254,1.700
29.70,1.380,0.319,6,11,0.157,7,0.227,1.857
29.82,1.379,0.332,7,11,0.167,7,0.251,1.714
29.95,1.379,0.347,7,11,0.167,7,0.254,1.701
30.08,1.379,0.363,7,11,0.167,7,0.254,1.700
30.21,1.378,0.378,7,11,0.167,7,0.254,1.700
30.34,1.377,0.394,7,11,0.167,7,0.254,1.700
30.46,1.376,0.410,7,11,0.167,7,0.254,1.700
30.59,1.375,0.426,7,11,0.167,7,0.254,1.700
30.72,1.374,0.442,7,11,0.167,7,0.254,1.700
30.85,1.372,0.459,7,11,0.167,7,0.254,1.700
30.98,1.369,0.477,7,11,0.167,7,0.254,1.700
31.10,1.365,0.495,7,11,0.167,7,0.273,1.588
31.23,1.361,0.520,7,11,0.167,7,0.348,1.140
31.36,1.356,0.548,7,11,0.167,7,0.388,0.904
31.49,1.351,0.576,7,11,0.167,7,0.388,0.900
31.62,1.346,0.603,7,11,0.167,7,0.388,0.900
31.74,1.341,0.631,7,11,0.167,7,0.388,0.900
31.87,1.336,0.659,8,11,0.176,7,0.464,0.452
32.00,1.331,0.686,8,11,0.176,7,0.539,0.008
32.13,1.326,0.714,8,11,0.176,7,0.483,0.340
32.26,1.321,0.742,8,11,0.176,7,0.407,0.788
32.38,1.316,0.770,8,11,0.176,7,0.398,0.844
32.51,1.311,0.797,8,11,0.176,7,0.385,0.919
32.64,1.306,0.825,8,11,0.176,7,0.367,1.031
32.77,1.301,0.853,8,11,0.176,7,0.343,1.168
32.90,1.296,0.879,9,11,0.185,7,0.056,1.616
33.02,1.293,0.883,9,11,0.185,7,0.052,1.840
33.15,1.285,0.893,9,11,0.185,7,0.306,1.392
33.28,1.273,0.914,9,11,0.185,7,0.261,1.660
33.41,1.262,0.932,9,11,0.185,7,0.254,1.696
33.54,1.249,0.949,9,11,0.185,7,0.254,1.700
33.66,1.235,0.964,9,11,0.185,7,0.254,1.700
33.79,1.220,0.979,9,11,0.185,7,0.254,1.700
33.92,1.202,0.994,10,11,0.194,7,0.329,1.252
34.05,1.180,1.012,10,11,0.194,8,0.405,0.804
34.18,1.158,1.029,10,11,0.194,8,0.472,0.402
34.30,1.144,1.032,10,11,0.194,8,0.528,0.072
34.43,1.129,1.035,10,11,0.194,8,0.452,0.520
34.56,1.121,1.046,10,11,0.194,8,0.401,0.825
34.69,1.116,1.058,10,11,0.194,8,0.399,0.836
34.82,1.112,1.070,10,11,0.194,8,0.394,0.868
34.94,1.109,1.072,10,10,0.204,8,0.390,0.891
35.07,1.105,1.073,10,10,0.204,8,0.391,0.884
35.20,1.101,1.074,10,10,0.204,8,0.390,0.891
35.33,1.097,1.074,10,10,0.204,8,0.388,0.904
35.46,1.094,1.074,10,10,0.204,8,0.389,0.896
35.58,1.090,1.075,10,10,0.204,8,0.388,0.901
35.71,1.087,1.075,10,10,0.204,8,0.387,0.912
35.84,1.083,1.075,10,10,0.204,8,0.389,0.895
35.97,1.080,1.075,10,10,0.204,8,0.384,0.928
36.10,1.076,1.075,10,10,0.204,8,0.391,0.887
36.22,1.073,1.076,10,10,0.204,8,0.392,0.881
36.35,1.069,1.076,10,10,0.204,8,0.386,0.917
36.48,1.066,1.076,10,10,0.204,8,0.390,0.892
36.61,1.062,1.076,10,10,0.204,8,0.391,0.883
36.74,1.059,1.077,10,10,0.204,8,0.390,0.890
36.86,1.055,1.078,10,10,0.204,8,0.388,0.905
36.99,1.052,1.078,10,10,0.204,8,0.388,0.901
37.12,1.049,1.079,10,10,0.204,8,0.390,0.892
37.25,1.046,1.080,10,10,0.204,8,0.386,0.914
37.38,1.042,1.081,10,10,0.204,8,0.385,0.922
37.50,1.039,1.082,10,10,0.204,8,0.385,0.923
37.63,1.036,1.083,10,10,0.204,8,0.388,0.905
37.76,1.033,1.083,10,10,0.204,8,0.382,0.939
37.89,1.030,1.084,10,10,0.204,8,0.385,0.920
38.02,1.027,1.084,10,10,0.204,8,0.387,0.911
38.14,1.024,1.084,10,10,0.204,8,0.386,0.917
38.27,1.022,1.085,10,10,0.204,8,0.387,0.911
38.40,1.019,1.085,10,10,0.204,8,0.386,0.914
38.53,1.017,1.085,10,10,0.204,8,0.381,0.945
38.66,1.015,1.086,10,10,0.204,8,0.386,0.916
38.78,1.013,1.086,10,10,0.204,8,0.377,0.967
38.91,1.011,1.086,10,10,0.204,8,0.385,0.921
39.04,1.009,1.086,10,10,0.204,8,0.386,0.916
39.17,1.007,1.087,10,10,0.204,8,0.385,0.918
39.30,1.004,1.088,10,10,0.204,8,0.380,0.948
39.42,1.001,1.089,10,10,0.204,8,0.383,0.931
39.55,0.997,1.090,10,10,0.204,8,0.381,0.943
39.68,0.993,1.091,10,10,0.204,8,0.380,0.952
39.81,0.987,1.094,10,10,0.204,8,0.383,0.935
39.94,0.981,1.098,10,10,0.204,8,0.378,0.963
40.06,0.975,1.102,10,10,0.204,8,0.373,0.992
40.19,0.970,1.107,10,10,0.204,8,0.369,1.013
40.32,0.968,1.115,10,10,0.204,8,0.372,1.001
40.45,0.966,1.116,10,10,0.204,8,0.366,1.031
40.58,0.964,1.117,10,10,0.204,8,0.362,1.057
40.70,0.961,1.119,10,10,0.204,8,0.363,1.050
40.83,0.956,1.123,10,10,0.204,8,0.362,1.056
40.96,0.950,1.127,10,10,0.204,8,0.361,1.064
41.09,0.942,1.133,11,10,0.213,8,0.356,1.093
41.22,0.933,1.142,11,10,0.213,8,0.352,1.116
41.34,0.925,1.158,11,10,0.213,8,0.339,1.192
41.47,0.916,1.184,11,10,0.213,8,0.060,1.355
41.60,0.911,1.189,11,10,0.213,8,0.053,1.803
41.73,0.903,1.196,11,10,0.213,8,0.050,1.995
41.86,0.893,1.205,11,10,0.213,8,0.242,1.771
41.98,0.877,1.221,11,10,0.213,8,0.057,1.547
42.11,0.864,1.231,11,9,0.222,8,0.311,1.359
42.24,0.851,1.240,11,9,0.222,8,0.281,1.536
42.37,0.828,1.254,11,9,0.222,8,0.356,1.092
42.50,0.808,1.265,11,9,0.222,8,0.318,1.316
42.62,0.787,1.274,11,9,0.222,8,0.338,1.198
42.75,0.766,1.284,11,9,0.222,8,0.059,1.411
42.88,0.750,1.289,11,9,0.222,8,0.307,1.384
43.01,0.730,1.296,11,9,0.222,8,0.324,1.285
43.14,0.707,1.303,11,9,0.222,8,0.299,1.434
43.26,0.682,1.312,11,9,0.222,8,0.060,1.305
43.39,0.661,1.318,11,9,0.222,8,0.334,1.223
43.52,0.640,1.323,11,9,0.222,9,0.336,1.211
43.65,0.620,1.328,11,9,0.222,9,0.340,1.188
43.78,0.599,1.333,11,9,0.222,9,0.059,1.409
43.90,0.579,1.337,11,9,0.222,9,0.337,1.204
44.03,0.558,1.341,11,9,0.222,9,0.059,1.428
44.16,0.542,1.343,11,8,0.231,9,0.251,1.719
44.29,0.524,1.345,11,8,0.231,9,0.254,1.702
44.42,0.507,1.346,11,8,0.231,9,0.254,1.700
44.54,0.492,1.347,11,8,0.231,9,0.254,1.700
44.67,0.477,1.348,11,8,0.231,9,0.254,1.700
44.80,0.462,1.349,11,8,0.231,9,0.254,1.700
44.93,0.446,1.350,11,8,0.231,9,0.254,1.700
45.06,0.431,1.351,11,8,0.231,9,0.254,1.700
45.18,0.412,1.353,11,7,0.241,9,0.329,1.252
45.31,0.385,1.355,11,7,0.241,9,0.354,1.107
45.44,0.357,1.358,11,7,0.241,9,0.354,1.104
45.57,0.329,1.360,11,7,0.241,9,0.342,1.179
45.70,0.301,1.363,11,7,0.241,9,0.340,1.188
45.82,0.272,1.366,11,7,0.241,9,0.334,1.222
45.95,0.244,1.368,11,7,0.241,9,0.335,1.219
46.08,0.223,1.369,11,7,0.241,9,0.336,1.210
46.21,0.198,1.371,11,6,0.250,9,0.261,1.658
46.34,0.180,1.372,11,6,0.250,9,0.254,1.698
46.46,0.165,1.372,11,6,0.250,9,0.254,1.700
46.59,0.150,1.372,11,6,0.250,9,0.254,1.700
46.72,0.135,1.373,11,6,0.250,9,0.254,1.700
46.85,0.120,1.373,11,6,0.250,9,0.254,1.700
46.98,0.105,1.373,11,6,0.250,9,0.254,1.700
47.10,0.090,1.374,11,6,0.250,9,0.254,1.700
47.23,0.075,1.374,11,6,0.250,9,0.254,1.700
47.36,0.060,1.375,11,6,0.250,9,0.254,1.700
47.49,0.044,1.375,11,6,0.250,9,0.254,1.700
47.62,0.029,1.375,11,6,0.250,9,0.254,1.700
47.74,0.014,1.376,11,6,0.250,9,0.254,1.700
47.87,-0.001,1.376,11,6,0.250,9,0.254,1.700
48.00,-0.016,1.377,11,6,0.250,9,0.254,1.700
48.13,-0.031,1.377,11,6,0.250,9,0.254,1.700
48.26,-0.046,1.377,11,5,0.259,9,0.254,1.700
48.38,-0.061,1.378,11,5,0.259,9,0.254,1.700
48.51,-0.076,1.378,11,5,0.259,9,0.254,1.700
48.64,-0.091,1.379,11,5,0.259,9,0.254,1.700
48.77,-0.106,1.379,11,5,0.259,9,0.254,1.700
48.90,-0.121,1.380,11,5,0.259,9,0.254,1.700
49.02,-0.136,1.380,11,5,0.259,9,0.254,1.700
49.15,-0.151,1.381,11,5,0.259,9,0.254,1.700
49.28,-0.166,1.381,11,5,0.259,9,0.254,1.700
49.41,-0.181,1.381,11,5,0.259,9,0.254,1.700
49.54,-0.197,1.382,11,5,0.259,9,0.254,1.700
49.66,-0.212,1.382,11,5,0.259,9,0.254,1.700
49.79,-0.227,1.383,11,5,0.259,9,0.254,1.700
49.92,-0.242,1.383,11,5,0.259,9,0.254,1.700
50.05,-0.253,1.383,11,5,0.259,9,0.239,1.786
50.18,-0.268,1.382,11,5,0.259,9,0.253,1.708
50.30,-0.284,1.381,11,4,0.269,9,0.254,1.701
50.43,-0.300,1.379,11,4,0.269,9,0.254,1.700
50.56,-0.317,1.377,11,4,0.269,9,0.254,1.700
50.69,-0.335,1.374,11,4,0.269,9,0.254,1.700
50.82,-0.353,1.371,11,4,0.269,9,0.254,1.700
50.94,-0.372,1.367,11,4,0.269,9,0.254,1.700
51.07,-0.391,1.362,11,4,0.269,9,0.254,1.700
51.20,-0.412,1.355,11,4,0.269,9,0.254,1.700
51.33,-0.431,1.347,11,4,0.269,9,0.254,1.700
51.46,-0.450,1.337,11,4,0.269,9,0.254,1.700
51.58,-0.468,1.326,11,4,0.269,9,0.254,1.700
51.71,-0.477,1.316,11,4,0.269,9,0.197,2.036
51.84,-0.489,1.304,11,4,0.269,9,0.247,1.740
51.97,-0.502,1.288,11,4,0.269,9,0.253,1.704
52.10,-0.514,1.271,11,4,0.269,9,0.273,1.589
52.22,-0.528,1.249,11,4,0.269,9,0.348,1.141
52.35,-0.543,1.225,11,3,0.278,9,0.423,0.693
52.48,-0.558,1.201,11,3,0.278,9,0.499,0.245
52.61,-0.572,1.177,11,3,0.278,9,0.540,0.001
52.74,-0.587,1.153,11,3,0.278,9,0.540,0.000
52.86,-0.602,1.129,11,3,0.278,10,0.540,0.000
52.99,-0.617,1.105,11,3,0.278,10,0.540,0.000
53.12,-0.632,1.081,11,3,0.278,10,0.540,0.000
53.25,-0.646,1.057,11,3,0.278,10,0.540,0.000
53.38,-0.661,1.033,10,3,0.287,10,0.483,0.336
53.50,-0.676,1.009,10,3,0.287,10,0.408,0.784
53.63,-0.691,0.985,10,3,0.287,10,0.406,0.799
53.76,-0.705,0.961,10,3,0.287,10,0.405,0.800
53.89,-0.720,0.937,10,3,0.287,10,0.405,0.800
54.02,-0.735,0.913,10,3,0.287,10,0.405,0.800
54.14,-0.750,0.889,10,3,0.287,10,0.405,0.800
54.27,-0.765,0.865,10,3,0.287,10,0.405,0.800
54.40,-0.779,0.841,9,2,0.306,10,0.405,0.800
54.53,-0.794,0.817,9,2,0.306,10,0.405,0.800
54.66,-0.809,0.793,9,2,0.306,10,0.405,0.800
54.78,-0.824,0.769,9,2,0.306,10,0.405,0.800
54.91,-0.838,0.745,9,2,0.306,10,0.424,0.688
55.04,-0.853,0.721,9,2,0.306,10,0.500,0.240
55.17,-0.868,0.697,9,2,0.306,10,0.505,-0.208
55.30,-0.883,0.673,9,2,0.306,10,0.430,-0.656
55.42,-0.898,0.649,8,2,0.315,10,0.354,-1.104
55.55,-0.912,0.626,8,2,0.315,10,0.279,-1.552
55.68,-0.924,0.608,8,2,0.315,10,0.251,-1.715
55.81,-0.937,0.592,8,2,0.315,10,0.254,-1.701
55.94,-0.952,0.577,8,2,0.315,10,0.254,-1.700
56.06,-0.968,0.564,8,2,0.315,10,0.254,-1.700
56.19,-0.984,0.551,8,2,0.315,10,0.254,-1.700
56.32,-1.002,0.540,8,2,0.315,10,0.254,-1.700
56.45,-1.021,0.530,8,1,0.324,10,0.254,-1.700
56.58,-1.040,0.522,8,1,0.324,10,0.254,-1.700
56.70,-1.060,0.516,8,1,0.324,10,0.254,-1.700
56.83,-1.080,0.511,8,1,0.324,10,0.254,-1.700
56.96,-1.102,0.508,8,1,0.324,10,0.254,-1.700
57.09,-1.123,0.506,8,1,0.324,10,0.254,-1.700
57.22,-1.140,0.505,8,1,0.324,10,0.254,-1.700
57.34,-1.155,0.505,8,1,0.324,10,0.254,-1.700
57.47,-1.175,0.504,8,0,0.333,10,0.329,-1.252
57.60,-1.187,0.504,8,0,0.333,10,0.068,-0.804
57.73,-1.190,0.505,8,0,0.333,10,0.071,-0.580
57.86,-1.194,0.506,8,0,0.333,10,0.072,-0.518
57.98,-1.199,0.507,8,0,0.333,10,0.072,-0.518
58.11,-1.204,0.508,8,0,0.333,10,0.076,-0.294
58.24,-1.213,0.509,8,0,0.333,10,0.079,-0.070
58.37,-1.222,0.509,8,0,0.333,10,0.078,0.154
58.50,-1.231,0.510,8,0,0.333,10,0.076,-0.294
58.62,-1.240,0.511,8,0,0.333,10,0.076,-0.294
58.75,-1.246,0.513,8,0,0.333,10,0.069,-0.742
58.88,-1.248,0.515,8,0,0.333,10,0.066,-0.966
59.01,-1.250,0.517,8,0,0.333,10,0.059,-1.414
59.14,-1.253,0.521,8,0,0.333,10,0.052,-1.862
59.26,-1.253,0.527,8,0,0.333,10,0.045,-2.310
59.39,-1.250,0.536,8,0,0.333,10,0.039,-2.758
59.52,-1.245,0.544,8,0,0.333,10,0.042,-2.514
59.65,-1.246,0.551,8,0,0.333,10,0.049,-2.066
59.78,-1.246,0.557,8,0,0.333,10,0.046,-2.290
59.90,-1.245,0.563,8,0,0.333,10,0.052,-1.842
60.03,-1.243,0.569,8,0,0.333,10,0.049,-2.066
60.16,-1.239,0.571,8,0,0.333,10,0.042,-2.514
60.29,-1.231,0.569,8,0,0.333,10,0.117,-2.514
60.42,-1.222,0.574,8,0,0.333,10,0.192,-2.066
60.54,-1.208,0.584,8,0,0.333,10,0.268,-1.618
60.67,-1.186,0.598,8,0,0.333,10,0.343,-1.170
60.80,-1.162,0.612,8,0,0.333,10,0.418,-0.722
60.93,-1.139,0.627,8,0,0.333,10,0.494,-0.274
61.06,-1.115,0.642,8,0,0.333,10,0.540,-0.000
61.18,-1.091,0.657,8,0,0.333,11,0.540,-0.000
61.31,-1.067,0.672,8,0,0.333,11,0.540,-0.000
61.44,-1.043,0.687,8,0,0.333,11,0.540,-0.000
61.57,-1.019,0.702,9,1,0.343,11,0.465,-0.448
61.70,-0.995,0.717,9,1,0.343,11,0.390,-0.892
61.82,-0.971,0.732,9,1,0.343,11,0.389,-0.899
61.95,-0.947,0.747,9,1,0.343,11,0.389,-0.900
62.08,-0.924,0.762,9,1,0.343,11,0.389,-0.900
62.21,-0.900,0.777,9,1,0.343,11,0.389,-0.900
62.34,-0.876,0.791,9,1,0.343,11,0.389,-0.900
62.46,-0.852,0.806,9,1,0.343,11,0.389,-0.900
62.59,-0.828,0.821,9,2,0.343,11,0.389,-0.900
62.72,-0.804,0.836,9,2,0.343,11,0.389,-0.900
62.85,-0.780,0.851,9,2,0.343,11,0.389,-0.900
62.98,-0.756,0.866,9,2,0.343,11,0.389,-0.900
63.10,-0.732,0.881,9,2,0.343,11,0.389,-0.900
63.23,-0.709,0.896,9,2,0.343,11,0.389,-0.900
63.36,-0.685,0.911,9,2,0.343,11,0.389,-0.900
63.49,-0.661,0.926,9,2,0.343,11,0.313,-1.348
63.62,-0.637,0.941,10,3,0.343,11,0.389,-0.900
63.74,-0.613,0.955,10,3,0.343,11,0.464,-0.452
63.87,-0.589,0.970,10,3,0.343,11,0.539,-0.004
64.00,-0.565,0.985,10,3,0.343,11,0.465,0.444
64.13,-0.541,1.000,10,3,0.343,11,0.390,0.892
64.26,-0.517,1.015,10,3,0.343,11,0.314,1.340
64.38,-0.497,1.028,10,3,0.343,11,0.249,1.726
64.51,-0.481,1.041,10,3,0.343,11,0.253,1.702
64.64,-0.465,1.055,10,3,0.343,11,0.254,1.700
64.77,-0.451,1.070,10,3,0.343,11,0.254,1.700
64.90,-0.437,1.086,10,3,0.343,11,0.254,1.700
65.02,-0.426,1.103,10,3,0.343,11,0.254,1.700
65.15,-0.415,1.122,10,3,0.343,11,0.254,1.700
65.28,-0.407,1.141,10,3,0.343,11,0.254,1.700
65.41,-0.399,1.160,10,3,0.343,11,0.254,1.700
65.54,-0.394,1.180,10,3,0.343,11,0.254,1.700
65.66,-0.389,1.204,11,4,0.352,11,0.329,1.252
65.79,-0.386,1.222,11,4,0.352,11,0.068,0.804
65.92,-0.385,1.230,11,4,0.352,11,0.075,0.356
66.05,-0.385,1.238,11,4,0.352,11,0.079,-0.037
66.18,-0.384,1.247,11,4,0.352,11,0.076,-0.261
66.30,-0.383,1.253,11,4,0.352,11,0.073,-0.485
66.43,-0.382,1.257,11,4,0.352,11,0.069,-0.709
66.56,-0.381,1.259,11,4,0.352,11,0.066,-0.933
66.69,-0.379,1.261,11,4,0.352,11,0.059,-1.381
66.82,-0.375,1.265,11,4,0.352,11,0.053,-1.829
66.94,-0.370,1.266,11,4,0.352,11,0.046,-2.277
67.07,-0.362,1.264,11,4,0.352,11,0.039,-2.725
67.20,-0.353,1.258,11,4,0.352,11,0.079,-2.738
67.33,-0.346,1.259,11,4,0.352,11,0.155,-2.290
67.46,-0.332,1.263,11,4,0.352,11,0.230,-1.842
67.58,-0.313,1.269,11,4,0.352,11,0.254,-1.700
67.71,-0.289,1.273,11,4,0.352,11,0.329,-1.252
67.84,-0.262,1.278,11,4,0.352,11,0.405,-0.804
67.97,-0.234,1.282,11,4,0.352,11,0.480,-0.356
68.10,-0.206,1.287,11,4,0.352,11,0.525,0.092
68.22,-0.178,1.292,11,4,0.352,11,0.449,0.540
68.35,-0.151,1.296,11,4,0.352,11,0.374,0.988
68.48,-0.123,1.301,11,4,0.352,11,0.298,1.436
68.61,-0.101,1.306,11,4,0.352,11,0.253,1.702
68.74,-0.081,1.311,11,5,0.352,11,0.254,1.700
68.86,-0.061,1.319,11,5,0.352,11,0.254,1.700
68.99,-0.052,1.324,11,5,0.352,11,0.061,1.252
69.12,-0.049,1.330,11,5,0.352,12,0.068,0.804
69.25,-0.042,1.336,11,5,0.352,12,0.075,0.356
69.38,-0.035,1.342,11,5,0.352,12,0.079,-0.092
69.50,-0.027,1.348,11,5,0.352,12,0.072,-0.540
69.63,-0.020,1.353,11,5,0.352,12,0.065,-0.988
69.76,-0.013,1.356,11,5,0.352,12,0.058,-1.436
69.89,-0.006,1.358,11,5,0.352,12,0.052,-1.884
70.02,0.005,1.359,11,5,0.352,12,0.261,-1.660
70.14,0.026,1.362,11,5,0.352,12,0.336,-1.212
70.27,0.054,1.365,11,5,0.352,12,0.411,-0.764
70.40,0.082,1.368,11,5,0.352,12,0.487,-0.316
70.53,0.110,1.372,11,5,0.352,12,0.518,0.132
70.66,0.137,1.375,11,5,0.352,12,0.074,0.367
70.78,0.150,1.377,11,6,0.352,12,0.078,0.143
70.91,0.160,1.379,11,6,0.352,12,0.075,-0.305
71.04,0.169,1.380,11,6,0.352,12,0.413,-0.753
71.17,0.185,1.381,11,6,0.352,12,0.413,-0.753
71.30,0.211,1.383,11,6,0.352,12,0.489,-0.305
71.42,0.239,1.385,11,6,0.352,12,0.516,0.143
71.55,0.267,1.387,11,6,0.352,12,0.074,0.367
71.68,0.276,1.388,11,6,0.352,12,0.079,-0.081
71.81,0.284,1.389,11,7,0.352,12,0.072,-0.529
71.94,0.293,1.389,11,7,0.352,12,0.413,-0.753
72.06,0.314,1.390,11,7,0.352,12,0.489,-0.305
72.19,0.341,1.392,11,7,0.352,12,0.078,0.143
72.32,0.354,1.393,11,7,0.352,12,0.079,-0.081
72.45,0.361,1.393,11,7,0.352,12,0.072,-0.529
72.58,0.364,1.394,11,7,0.352,12,0.065,-0.977
72.70,0.377,1.394,11,7,0.352,12,0.413,-0.753
72.83,0.405,1.395,11,7,0.352,12,0.489,-0.305
72.96,0.423,1.396,11,7,0.352,12,0.526,-0.081
73.09,0.445,1.396,11,7,0.352,12,0.079,-0.081
73.22,0.457,1.397,11,7,0.352,12,0.489,-0.305
73.34,0.478,1.398,11,7,0.352,12,0.526,-0.081
73.47,0.501,1.398,11,7,0.352,12,0.080,0.023
73.60,0.510,1.399,11,7,0.352,12,0.074,-0.425
73.73,0.513,1.399,11,7,0.352,12,0.407,-0.789
73.86,0.531,1.399,11,8,0.352,12,0.445,-0.565
73.98,0.559,1.400,11,8,0.352,12,0.520,-0.117
74.11,0.587,1.400,11,8,0.352,12,0.484,0.331
74.24,0.615,1.401,11,8,0.352,12,0.409,0.779
74.37,0.633,1.401,11,8,0.352,12,0.072,0.555
74.50,0.640,1.402,11,8,0.352,12,0.078,0.107
74.62,0.649,1.403,11,8,0.352,12,0.075,-0.341
74.75,0.653,1.403,11,8,0.352,12,0.068,-0.789
74.88,0.656,1.403,11,8,0.352,12,0.061,-1.237
75.01,0.676,1.403,11,8,0.352,12,0.407,-0.789
75.14,0.704,1.402,11,8,0.352,12,0.483,-0.341
75.26,0.732,1.402,11,8,0.352,12,0.522,0.107
75.39,0.760,1.401,11,8,0.352,12,0.447,0.555
75.52,0.788,1.400,11,8,0.352,12,0.371,1.003
75.65,0.816,1.400,11,8,0.352,12,0.296,1.451
75.78,0.835,1.399,11,8,0.352,12,0.248,1.736
75.90,0.850,1.399,11,9,0.352,12,0.253,1.703
76.03,0.865,1.399,11,9,0.352,12,0.254,1.700
76.16,0.880,1.399,11,9,0.352,12,0.254,1.700
76.29,0.895,1.399,11,9,0.352,12,0.254,1.700
76.42,0.910,1.399,11,9,0.352,12,0.254,1.700
76.54,0.925,1.399,11,9,0.352,12,0.254,1.700
76.67,0.940,1.399,11,9,0.352,12,0.254,1.700
76.80,0.955,1.399,11,9,0.352,12,0.254,1.700
76.93,0.964,1.399,11,10,0.352,12,0.061,1.252
77.06,0.966,1.401,11,10,0.352,12,0.068,0.804
77.18,0.970,1.404,11,10,0.352,12,0.075,0.356
77.31,0.979,1.406,11,10,0.352,12,0.079,-0.092
77.44,0.989,1.407,11,10,0.352,12,0.072,-0.540
77.57,0.997,1.408,11,10,0.352,12,0.065,-0.988
77.70,1.003,1.408,11,10,0.352,12,0.058,-1.436
77.82,1.009,1.406,11,10,0.352,12,0.052,-1.884
77.95,1.013,1.402,11,10,0.352,12,0.045,-2.332
78.08,1.008,1.394,11,10,0.352,12,0.038,-2.780
78.21,1.004,1.386,11,10,0.352,12,0.037,-2.850
78.34,0.998,1.379,11,10,0.352,12,0.037,-2.850
78.46,0.997,1.373,11,10,0.352,12,0.136,-2.402
78.59,1.000,1.361,11,10,0.352,12,0.211,-1.954
78.72,1.001,1.353,11,10,0.352,12,0.286,-1.506
78.85,1.006,1.354,11,10,0.352,12,0.362,-1.058
78.98,1.012,1.353,11,10,0.352,12,0.437,-0.610
79.10,1.019,1.352,11,10,0.352,12,0.513,-0.162
79.23,1.028,1.349,11,10,0.352,12,0.492,0.286
79.36,1.031,1.349,11,10,0.352,12,0.416,0.734
79.49,1.037,1.345,11,10,0.352,12,0.076,0.286
79.62,1.040,1.343,11,10,0.352,12,0.078,-0.162
79.74,1.040,1.343,11,10,0.352,12,0.071,-0.610
79.87,1.041,1.343,11,10,0.352,12,0.064,-1.058
80.00,1.039,1.343,11,10,0.352,12,0.057,-1.506
80.13,1.034,1.344,11,10,0.352,12,0.051,-1.954
80.26,1.030,1.344,11,10,0.352,12,0.211,-1.954
80.38,1.032,1.342,11,10,0.352,12,0.057,-1.506
80.51,1.031,1.341,11,10,0.352,12,0.057,-1.544
80.64,1.030,1.340,11,10,0.352,12,0.054,-1.706
80.77,1.029,1.339,11,10,0.352,12,0.285,-1.515
80.90,1.031,1.338,11,10,0.352,12,0.058,-1.500
81.02,1.030,1.337,11,10,0.352,12,0.056,-1.600
81.15,1.029,1.336,11,10,0.352,12,0.056,-1.628
81.28,1.028,1.335,11,10,0.352,12,0.287,-1.502
81.41,1.027,1.334,11,10,0.352,12,0.269,-1.612
81.54,1.030,1.334,11,10,0.352,12,0.058,-1.488
81.66,1.029,1.333,11,10,0.352,12,0.055,-1.698
81.79,1.027,1.332,11,10,0.352,12,0.288,-1.496
81.92,1.027,1.331,11,10,0.352,12,0.288,-1.496
82.05,1.029,1.330,11,10,0.352,12,0.057,-1.514
82.18,1.028,1.330,11,10,0.352,12,0.056,-1.614
82.30,1.027,1.329,11,10,0.352,12,0.289,-1.488
82.43,1.026,1.329,11,10,0.352,12,0.289,-1.488
82.56,1.025,1.328,11,10,0.352,12,0.254,-1.698
82.69,1.027,1.328,11,10,0.352,12,0.058,-1.496
82.82,1.026,1.327,11,10,0.352,12,0.055,-1.698
82.94,1.025,1.326,11,10,0.352,12,0.285,-1.514
83.07,1.026,1.326,11,10,0.352,12,0.052,-1.838
83.20,1.024,1.325,11,10,0.352,12,0.207,-1.979
83.33,1.025,1.325,11,10,0.352,12,0.219,-1.908
83.46,1.025,1.325,11,10,0.352,12,0.049,-2.038
83.58,1.023,1.325,11,10,0.352,12,0.196,-2.041
83.71,1.023,1.324,11,10,0.352,12,0.215,-1.929
83.84,1.025,1.325,11,10,0.352,12,0.048,-2.128
83.97,1.025,1.325,11,10,0.352,12,0.050,-1.968
84.10,1.024,1.324,11,10,0.352,12,0.197,-2.038
84.22,1.024,1.324,11,10,0.352,12,0.215,-1.929
84.35,1.024,1.324,11,10,0.352,12,0.049,-2.041
84.48,1.022,1.324,11,10,0.352,12,0.196,-2.041
84.61,1.024,1.324,11,10,0.352,12,0.201,-2.016
84.74,1.024,1.324,11,10,0.352,12,0.216,-1.925
84.86,1.024,1.325,11,10,0.352,12,0.049,-2.041
84.99,1.026,1.325,11,10,0.352,12,0.051,-1.929
85.12,1.023,1.324,11,10,0.352,12,0.209,-1.968
85.25,1.024,1.324,11,10,0.352,12,0.219,-1.907
85.38,1.025,1.325,11,10,0.352,12,0.049,-2.038
85.50,1.023,1.325,11,10,0.352,12,0.196,-2.041
85.63,1.024,1.325,11,10,0.352,12,0.201,-2.016
85.76,1.024,1.325,11,10,0.352,12,0.228,-1.856
85.89,1.025,1.325,11,10,0.352,12,0.050,-2.019
86.02,1.023,1.324,11,10,0.352,12,0.196,-2.041
86.14,1.023,1.324,11,10,0.352,12,0.215,-1.929
86.27,1.025,1.325,11,10,0.352,12,0.048,-2.128
86.40,1.025,1.325,11,10,0.352,12,0.050,-1.968
86.53,1.024,1.325,11,10,0.352,12,0.197,-2.038
86.66,1.024,1.325,11,10,0.352,12,0.215,-1.929
86.78,1.024,1.324,11,10,0.352,12,0.049,-2.041
86.91,1.025,1.325,11,10,0.352,12,0.051,-1.929
87.04,1.024,1.325,11,10,0.352,12,0.197,-2.037
87.17,1.024,1.325,11,10,0.352,12,0.215,-1.929
87.30,1.024,1.324,11,10,0.352,12,0.049,-2.041
87.42,1.023,1.324,11,10,0.352,12,0.196,-2.041
87.55,1.024,1.324,11,10,0.352,12,0.201,-2.016
87.68,1.024,1.325,11,10,0.352,12,0.216,-1.925
87.81,1.025,1.324,11,10,0.352,12,0.049,-2.041
87.94,1.023,1.324,11,10,0.352,12,0.196,-2.041
88.06,1.023,1.323,11,10,0.352,12,0.215,-1.929
88.19,1.024,1.324,11,10,0.352,12,0.220,-1.904
88.32,1.025,1.325,11,10,0.352,12,0.049,-2.037
88.45,1.023,1.325,11,10,0.352,12,0.196,-2.041
88.58,1.024,1.325,11,10,0.352,12,0.049,-2.041
88.70,1.024,1.325,11,10,0.352,12,0.234,-1.817
88.83,1.025,1.325,11,10,0.352,12,0.050,-2.008
88.96,1.024,1.325,11,10,0.352,12,0.197,-2.040
89.09,1.024,1.325,11,10,0.352,12,0.215,-1.929
89.22,1.024,1.325,11,10,0.352,12,0.049,-2.041
89.34,1.025,1.324,11,10,0.352,12,0.051,-1.929
89.47,1.024,1.325,11,10,0.352,12,0.197,-2.037
89.60,1.024,1.324,11,10,0.352,12,0.215,-1.929
89.73,1.025,1.325,11,10,0.352,12,0.049,-2.041
89.86,1.025,1.324,11,10,0.352,12,0.051,-1.929
89.98,1.023,1.324,11,10,0.352,12,0.209,-1.968
90.11,1.024,1.325,11,10,0.352,12,0.219,-1.907
90.24,1.025,1.326,11,10,0.352,12,0.049,-2.038
90.37,1.023,1.325,11,10,0.352,12,0.196,-2.041
90.50,1.024,1.325,11,10,0.352,12,0.201,-2.016
90.62,1.024,1.324,11,10,0.352,12,0.228,-1.856
90.75,1.025,1.325,11,10,0.352,12,0.050,-2.019
90.88,1.023,1.325,11,10,0.352,12,0.196,-2.041
91.01,1.024,1.324,11,10,0.352,12,0.215,-1.929
91.14,1.024,1.324,11,10,0.352,12,0.234,-1.817
91.26,1.023,1.324,11,10,0.352,12,0.190,-2.080
91.39,1.023,1.324,11,10,0.352,12,0.200,-2.019
91.52,1.024,1.324,11,10,0.352,12,0.216,-1.926
91.65,1.024,1.324,11,10,0.352,12,0.049,-2.041
91.78,1.025,1.325,11,10,0.352,12,0.051,-1.929
91.90,1.023,1.324,11,10,0.352,12,0.209,-1.968
92.03,1.024,1.324,11,10,0.352,12,0.219,-1.907
92.16,1.025,1.325,11,10,0.352,12,0.049,-2.038
92.29,1.023,1.324,11,10,0.352,12,0.196,-2.041
92.42,1.024,1.325,11,10,0.352,12,0.201,-2.016
92.54,1.024,1.325,11,10,0.352,12,0.216,-1.925
92.67,1.025,1.324,11,10,0.352,12,0.049,-2.041
92.80,1.023,1.324,11,10,0.352,12,0.196,-2.041
92.93,1.024,1.324,11,10,0.352,12,0.201,-2.016
93.06,1.024,1.325,11,10,0.352,12,0.228,-1.856
93.18,1.025,1.325,11,10,0.352,12,0.050,-2.019
93.31,1.024,1.325,11,10,0.352,12,0.196,-2.041
93.44,1.024,1.325,11,10,0.352,12,0.215,-1.929
93.57,1.025,1.326,11,10,0.352,12,0.220,-1.904
93.70,1.026,1.325,11,10,0.352,12,0.049,-2.037
93.82,1.024,1.325,11,10,0.352,12,0.196,-2.041
93.95,1.024,1.325,11,10,0.352,12,0.215,-1.929
94.08,1.024,1.324,11,10,0.352,12,0.234,-1.817
94.21,1.023,1.325,11,10,0.352,12,0.190,-2.080
94.34,1.024,1.325,11,10,0.352,12,0.200,-2.019
94.46,1.024,1.324,11,10,0.352,12,0.216,-1.926
94.59,1.024,1.324,11,10,0.352,12,0.049,-2.041
94.72,1.023,1.324,11,10,0.352,12,0.196,-2.041
94.85,1.024,1.324,11,10,0.352,12,0.201,-2.016
94.98,1.024,1.325,11,10,0.352,12,0.216,-1.925
95.10,1.025,1.325,11,10,0.352,12,0.049,-2.041
95.23,1.026,1.326,11,10,0.352,12,0.051,-1.929
95.36,1.024,1.325,11,10,0.352,12,0.209,-1.968
95.49,1.024,1.324,11,10,0.352,12,0.048,-2.131
95.62,1.025,1.325,11,10,0.352,12,0.050,-1.969
95.74,1.024,1.325,11,10,0.352,12,0.197,-2.038
95.87,1.024,1.324,11,10,0.352,12,0.215,-1.929
96.00,1.025,1.325,11,10,0.352,12,0.048,-2.128
96.13,1.025,1.325,11,10,0.352,12,0.050,-1.968
96.26,1.024,1.325,11,10,0.352,12,0.197,-2.038
96.38,1.024,1.324,11,10,0.352,12,0.215,-1.929
96.51,1.024,1.325,11,10,0.352,12,0.234,-1.817
96.64,1.023,1.325,11,10,0.352,12,0.190,-2.080
96.77,1.024,1.325,11,10,0.352,12,0.200,-2.019
96.90,1.024,1.325,11,10,0.352,12,0.216,-1.926
97.02,1.025,1.325,11,10,0.352,12,0.049,-2.041
97.15,1.023,1.324,11,10,0.352,12,0.196,-2.041
97.28,1.024,1.325,11,10,0.352,12,0.201,-2.016
97.41,1.024,1.324,11,10,0.352,12,0.216,-1.925
97.54,1.025,1.325,11,10,0.352,12,0.049,-2.041
97.66,1.023,1.324,11,10,0.352,12,0.196,-2.041
97.79,1.023,1.324,11,10,0.352,12,0.215,-1.929
97.92,1.024,1.325,11,10,0.352,12,0.220,-1.904
98.05,1.025,1.325,11,10,0.352,12,0.049,-2.037
98.18,1.023,1.324,11,10,0.352,12,0.196,-2.041
98.30,1.023,1.324,11,10,0.352,12,0.215,-1.929
98.43,1.025,1.325,11,10,0.352,12,0.220,-1.904
98.56,1.023,1.324,11,10,0.352,12,0.189,-2.087
98.69,1.023,1.324,11,10,0.352,12,0.200,-2.020
98.82,1.024,1.325,11,10,0.352,12,0.216,-1.926
98.94,1.025,1.325,11,10,0.352,12,0.048,-2.128
99.07,1.025,1.325,11,10,0.352,12,0.050,-1.968
99.20,1.024,1.325,11,10,0.352,12,0.197,-2.038
99.33,1.024,1.325,11,10,0.352,12,0.215,-1.929
99.46,1.025,1.325,11,10,0.352,12,0.049,-2.041
99.58,1.025,1.325,11,10,0.352,12,0.051,-1.929
99.71,1.023,1.324,11,10,0.352,12,0.209,-1.968
99.84,1.024,1.325,11,10,0.352,12,0.219,-1.907
99.97,1.025,1.325,11,10,0.352,12,0.049,-2.038
100.10,1.023,1.324,11,10,0.352,12,0.196,-2.041
100.22,1.024,1.325,11,10,0.352,12,0.201,-2.016
100.35,1.024,1.325,11,10,0.352,12,0.228,-1.856
100.48,1.025,1.325,11,10,0.352,12,0.050,-2.019
100.61,1.023,1.324,11,10,0.352,12,0.196,-2.041
100.74,1.023,1.324,11,10,0.352,12,0.215,-1.929
100.86,1.025,1.325,11,10,0.352,12,0.048,-2.128
100.99,1.025,1.325,11,10,0.352,12,0.050,-1.968
101.12,1.023,1.324,11,10,0.352,12,0.197,-2.038
101.25,1.023,1.324,11,10,0.352,12,0.215,-1.929
101.38,1.024,1.324,11,10,0.352,12,0.234,-1.817
101.50,1.023,1.324,11,10,0.352,12,0.190,-2.080
101.63,1.023,1.324,11,10,0.352,12,0.200,-2.019
101.76,1.024,1.325,11,10,0.352,12,0.216,-1.926
101.89,1.025,1.325,11,10,0.352,12,0.234,-1.817
102.02,1.023,1.325,11,10,0.352,12,0.190,-2.080
102.14,1.024,1.325,11,10,0.352,12,0.200,-2.019
102.27,1.024,1.325,11,10,0.352,12,0.216,-1.926
102.40,1.025,1.325,11,10,0.352,12,0.049,-2.041
102.53,1.023,1.324,11,10,0.352,12,0.196,-2.041
102.66,1.024,1.325,11,10,0.352,12,0.201,-2.016
102.78,1.025,1.325,11,10,0.352,12,0.048,-2.149
102.91,1.025,1.325,11,10,0.352,12,0.050,-1.975
103.04,1.023,1.324,11,10,0.352,12,0.197,-2.038
103.17,1.024,1.325,11,10,0.352,12,0.215,-1.929
103.30,1.025,1.325,11,10,0.352,12,0.048,-2.128
103.42,1.025,1.325,11,10,0.352,12,0.050,-1.968
103.55,1.024,1.324,11,10,0.352,12,0.197,-2.038
103.68,1.024,1.325,11,10,0.352,12,0.215,-1.929
103.81,1.025,1.326,11,10,0.352,12,0.048,-2.128
103.94,1.025,1.325,11,10,0.352,12,0.050,-1.968
104.06,1.024,1.325,11,10,0.352,12,0.197,-2.038
104.19,1.024,1.324,11,10,0.352,12,0.215,-1.929
104.32,1.024,1.325,11,10,0.352,12,0.049,-2.041
104.45,1.025,1.324,11,10,0.352,12,0.051,-1.929
104.58,1.023,1.324,11,10,0.352,12,0.209,-1.968
104.70,1.024,1.324,11,10,0.352,12,0.219,-1.907
104.83,1.025,1.324,11,10,0.352,12,0.049,-2.038
104.96,1.026,1.325,11,10,0.352,12,0.051,-1.929
105.09,1.023,1.324,11,10,0.352,12,0.209,-1.968
105.22,1.024,1.325,11,10,0.352,12,0.048,-2.131
105.34,1.025,1.324,11,10,0.352,12,0.050,-1.969
105.47,1.023,1.325,11,10,0.352,12,0.197,-2.038
105.60,1.023,1.324,11,10,0.352,12,0.215,-1.929
105.73,1.025,1.325,11,10,0.352,12,0.220,-1.904
105.86,1.025,1.325,11,10,0.352,12,0.049,-2.037
105.98,1.023,1.325,11,10,0.352,12,0.196,-2.041
106.11,1.024,1.324,11,10,0.352,12,0.215,-1.929
106.24,1.025,1.325,11,10,0.352,12,0.048,-2.128
106.37,1.025,1.325,11,10,0.352,12,0.050,-1.968
106.50,1.024,1.325,11,10,0.352,12,0.197,-2.038
106.62,1.024,1.324,11,10,0.352,12,0.215,-1.929
106.75,1.024,1.324,11,10,0.352,12,0.049,-2.041
106.88,1.025,1.324,11,10,0.352,12,0.051,-1.929
107.01,1.023,1.324,11,10,0.352,12,0.209,-1.968
107.14,1.024,1.325,11,10,0.352,12,0.219,-1.907
107.26,1.025,1.324,11,10,0.352,12,0.049,-2.038
107.39,1.023,1.324,11,10,0.352,12,0.196,-2.041
107.52,1.023,1.323,11,10,0.352,12,0.215,-1.929
107.65,1.024,1.324,11,10,0.352,12,0.220,-1.904
107.78,1.025,1.325,11,10,0.352,12,0.049,-2.037
107.90,1.023,1.325,11,10,0.352,12,0.196,-2.041
108.03,1.024,1.325,11,10,0.352,12,0.201,-2.016
108.16,1.024,1.325,11,10,0.352,12,0.228,-1.856
108.29,1.025,1.325,11,10,0.352,12,0.050,-2.019
108.42,1.023,1.325,11,10,0.352,12,0.196,-2.041
108.54,1.024,1.324,11,10,0.352,12,0.215,-1.929
108.67,1.024,1.325,11,10,0.352,12,0.234,-1.817
108.80,1.023,1.325,11,10,0.352,12,0.190,-2.080
108.93,1.024,1.325,11,10,0.352,12,0.200,-2.019
109.06,1.024,1.324,11,10,0.352,12,0.216,-1.926
109.18,1.024,1.324,11,10,0.352,12,0.049,-2.041
109.31,1.025,1.324,11,10,0.352,12,0.051,-1.929
109.44,1.023,1.324,11,10,0.352,12,0.209,-1.968
109.57,1.024,1.324,11,10,0.352,12,0.219,-1.907
109.70,1.025,1.325,11,10,0.352,12,0.049,-2.038
109.82,1.023,1.324,11,10,0.352,12,0.196,-2.041
109.95,1.024,1.325,11,10,0.352,12,0.201,-2.016
110.08,1.024,1.324,11,10,0.352,12,0.228,-1.856
110.21,1.025,1.325,11,10,0.352,12,0.050,-2.019
110.34,1.023,1.325,11,10,0.352,12,0.196,-2.041
110.46,1.024,1.325,11,10,0.352,12,0.201,-2.016
110.59,1.024,1.324,11,10,0.352,12,0.228,-1.856
110.72,1.025,1.325,11,10,0.352,12,0.050,-2.019
110.85,1.023,1.325,11,10,0.352,12,0.196,-2.041
110.98,1.024,1.324,11,10,0.352,12,0.215,-1.929
111.10,1.024,1.324,11,10,0.352,12,0.234,-1.817
111.23,1.025,1.325,11,10,0.352,12,0.050,-2.016
111.36,1.024,1.325,11,10,0.352,12,0.196,-2.041
111.49,1.024,1.324,11,10,0.352,12,0.215,-1.929
111.62,1.024,1.324,11,10,0.352,12,0.049,-2.041
111.74,1.025,1.324,11,10,0.352,12,0.051,-1.929
111.87,1.023,1.324,11,10,0.352,12,0.209,-1.968
112.00,1.024,1.324,11,10,0.352,12,0.219,-1.907
112.13,1.025,1.325,11,10,0.352,12,0.049,-2.038
112.26,1.025,1.324,11,10,0.352,12,0.051,-1.929
112.38,1.023,1.324,11,10,0.352,12,0.209,-1.968
112.51,1.024,1.324,11,10,0.352,12,0.219,-1.907
112.64,1.025,1.325,11,10,0.352,12,0.049,-2.038
112.77,1.023,1.325,11,10,0.352,12,0.196,-2.041
112.90,1.024,1.325,11,10,0.352,12,0.201,-2.016
113.02,1.024,1.325,11,10,0.352,12,0.228,-1.856
113.15,1.025,1.325,11,10,0.352,12,0.050,-2.019
113.28,1.023,1.325,11,10,0.352,12,0.196,-2.041
113.41,1.023,1.324,11,10,0.352,12,0.215,-1.929
113.54,1.024,1.324,11,10,0.352,12,0.234,-1.817
113.66,1.025,1.325,11,10,0.352,12,0.050,-2.016
113.79,1.023,1.324,11,10,0.352,12,0.196,-2.041
113.92,1.024,1.324,11,10,0.352,12,0.215,-1.929
114.05,1.024,1.324,11,10,0.352,12,0.049,-2.041
114.18,1.025,1.324,11,10,0.352,12,0.051,-1.929
114.30,1.024,1.324,11,10,0.352,12,0.197,-2.037
114.43,1.024,1.324,11,10,0.352,12,0.215,-1.929
114.56,1.024,1.325,11,10,0.352,12,0.049,-2.041
114.69,1.025,1.324,11,10,0.352,12,0.051,-1.929
114.82,1.023,1.324,11,10,0.352,12,0.209,-1.968
114.94,1.024,1.325,11,10,0.352,12,0.219,-1.907
115.07,1.025,1.325,11,10,0.352,12,0.049,-2.038
115.20,1.023,1.325,11,10,0.352,12,0.196,-2.041
115.33,1.024,1.324,11,10,0.352,12,0.201,-2.016
115.46,1.024,1.324,11,10,0.352,12,0.228,-1.856
115.58,1.025,1.325,11,10,0.352,12,0.050,-2.019
115.71,1.023,1.325,11,10,0.352,12,0.196,-2.041
115.84,1.023,1.324,11,10,0.352,12,0.215,-1.929
115.97,1.025,1.325,11,10,0.352,12,0.048,-2.128
116.10,1.025,1.325,11,10,0.352,12,0.050,-1.968
116.22,1.023,1.325,11,10,0.352,12,0.197,-2.038
116.35,1.024,1.324,11,10,0.352,12,0.215,-1.929
116.48,1.024,1.324,11,10,0.352,12,0.049,-2.041
116.61,1.025,1.324,11,10,0.352,12,0.051,-1.929
116.74,1.024,1.325,11,10,0.352,12,0.197,-2.037
116.86,1.024,1.324,11,10,0.352,12,0.215,-1.929
116.99,1.024,1.324,11,10,0.352,12,0.049,-2.041
117.12,1.025,1.324,11,10,0.352,12,0.051,-1.929
117.25,1.023,1.324,11,10,0.352,12,0.209,-1.968
117.38,1.024,1.325,11,10,0.352,12,0.219,-1.907
117.50,1.025,1.325,11,10,0.352,12,0.049,-2.038
117.63,1.026,1.325,11,10,0.352,12,0.051,-1.929
117.76,1.023,1.324,11,10,0.352,12,0.209,-1.968
117.89,1.025,1.325,11,10,0.352,12,0.219,-1.907
118.02,1.025,1.325,11,10,0.352,12,0.049,-2.038
118.14,1.023,1.325,11,10,0.352,12,0.196,-2.041
118.27,1.023,1.324,11,10,0.352,12,0.215,-1.929
118.40,1.025,1.325,11,10,0.352,12,0.220,-1.904
118.53,1.023,1.325,11,10,0.352,12,0.189,-2.087
118.66,1.023,1.325,11,10,0.352,12,0.200,-2.020
118.78,1.024,1.324,11,10,0.352,12,0.216,-1.926
118.91,1.024,1.325,11,10,0.352,12,0.234,-1.817
119.04,1.023,1.325,11,10,0.352,12,0.190,-2.080
119.17,1.024,1.325,11,10,0.352,12,0.200,-2.019
119.30,1.024,1.325,11,10,0.352,12,0.216,-1.926
119.42,1.025,1.325,11,10,0.352,12,0.049,-2.041
119.55,1.025,1.325,11,10,0.352,12,0.051,-1.929
119.68,1.023,1.324,11,10,0.352,12,0.209,-1.968
119.81,1.024,1.325,11,10,0.352,12,0.219,-1.907
119.94,1.025,1.325,11,10,0.352,12,0.049,-2.038
120.06,1.023,1.324,11,10,0.352,12,0.196,-2.041
120.19,1.024,1.325,11,10,0.352,12,0.201,-2.016
120.32,1.024,1.325,11,10,0.352,12,0.228,-1.856
120.45,1.025,1.324,11,10,0.352,12,0.050,-2.019
120.58,1.023,1.324,11,10,0.352,12,0.196,-2.041
120.70,1.024,1.325,11,10,0.352,12,0.201,-2.016
120.83,1.024,1.325,11,10,0.352,12,0.228,-1.856
120.96,1.025,1.325,11,10,0.352,12,0.050,-2.019
121.09,1.024,1.325,11,10,0.352,12,0.196,-2.041
121.22,1.024,1.325,11,10,0.352,12,0.215,-1.929
121.34,1.024,1.324,11,10,0.352,12,0.234,-1.817
121.47,1.026,1.325,11,10,0.352,12,0.050,-2.016
121.60,1.024,1.325,11,10,0.352,12,0.196,-2.041
121.73,1.024,1.325,11,10,0.352,12,0.215,-1.929
121.86,1.024,1.324,11,10,0.352,12,0.234,-1.817
121.98,1.023,1.325,11,10,0.352,12,0.190,-2.080
122.11,1.024,1.325,11,10,0.352,12,0.200,-2.019
122.24,1.024,1.325,11,10,0.352,12,0.216,-1.926
122.37,1.025,1.325,11,10,0.352,12,0.049,-2.041
122.50,1.026,1.325,11,10,0.352,12,0.051,-1.929
122.62,1.023,1.324,11,10,0.352,12,0.209,-1.968
122.75,1.024,1.325,11,10,0.352,12,0.219,-1.907
122.88,1.025,1.325,11,10,0.352,12,0.049,-2.038
123.01,1.023,1.324,11,10,0.352,12,0.196,-2.041
123.14,1.023,1.324,11,10,0.352,12,0.215,-1.929
123.26,1.025,1.325,11,10,0.352,12,0.220,-1.904
123.39,1.025,1.325,11,10,0.352,12,0.049,-2.037
123.52,1.023,1.324,11,10,0.352,12,0.196,-2.041
123.65,1.023,1.324,11,10,0.352,12,0.215,-1.929
123.78,1.025,1.325,11,10,0.352,12,0.048,-2.128
123.90,1.025,1.325,11,10,0.352,12,0.050,-1.968
124.03,1.024,1.324,11,10,0.352,12,0.197,-2.038
124.16,1.024,1.325,11,10,0.352,12,0.215,-1.929
124.29,1.024,1.325,11,10,0.352,12,0.234,-1.817
124.42,1.023,1.325,11,10,0.352,12,0.190,-2.080
124.54,1.024,1.325,11,10,0.352,12,0.200,-2.019
124.67,1.024,1.325,11,10,0.352,12,0.216,-1.926
124.80,1.025,1.325,11,10,0.352,12,0.049,-2.041
124.93,1.023,1.324,11,10,0.352,12,0.196,-2.041
125.06,1.024,1.325,11,10,0.352,12,0.201,-2.016
125.18,1.024,1.325,11,10,0.352,12,0.216,-1.925
125.31,1.025,1.325,11,10,0.352,12,0.049,-2.041
125.44,1.023,1.324,11,10,0.352,12,0.196,-2.041
125.57,1.023,1.324,11,10,0.352,12,0.215,-1.929
125.70,1.025,1.325,11,10,0.352,12,0.220,-1.904
125.82,1.025,1.325,11,10,0.352,12,0.049,-2.037
125.95,1.023,1.324,11,10,0.352,12,0.196,-2.041
126.08,1.023,1.324,11,10,0.352,12,0.215,-1.929
126.21,1.024,1.324,11,10,0.352,12,0.234,-1.817
126.34,1.023,1.324,11,10,0.352,12,0.190,-2.080
126.46,1.023,1.324,11,10,0.352,12,0.200,-2.019
126.59,1.024,1.324,11,10,0.352,12,0.216,-1.926
126.72,1.024,1.324,11,10,0.352,12,0.049,-2.041
126.85,1.025,1.324,11,10,0.352,12,0.051,-1.929
126.98,1.024,1.325,11,10,0.352,12,0.197,-2.037
127.10,1.024,1.324,11,10,0.352,12,0.215,-1.929
127.23,1.024,1.324,11,10,0.352,12,0.049,-2.041
127.36,1.022,1.323,11,10,0.352,12,0.196,-2.041
127.49,1.024,1.324,11,10,0.352,12,0.201,-2.016
127.62,1.024,1.325,11,10,0.352,12,0.216,-1.925
127.74,1.025,1.325,11,10,0.352,12,0.049,-2.041
127.87,1.026,1.325,11,10,0.352,12,0.051,-1.929
128.00,1.023,1.324,11,10,0.352,12,0.209,-1.968
128.13,1.025,1.325,11,10,0.352,12,0.219,-1.907
128.26,1.025,1.325,11,10,0.352,12,0.049,-2.038
128.38,1.023,1.325,11,10,0.352,12,0.196,-2.041
128.51,1.023,1.324,11,10,0.352,12,0.215,-1.929
128.64,1.025,1.325,11,10,0.352,12,0.048,-2.128
128.77,1.025,1.325,11,10,0.352,12,0.050,-1.968
128.90,1.023,1.325,11,10,0.352,12,0.197,-2.038
129.02,1.024,1.324,11,10,0.352,12,0.215,-1.929
129.15,1.024,1.324,11,10,0.352,12,0.234,-1.817
129.28,1.023,1.324,11,10,0.352,12,0.190,-2.080
129.41,1.024,1.325,11,10,0.352,12,0.200,-2.019
129.54,1.024,1.325,11,10,0.352,12,0.216,-1.926
129.66,1.025,1.325,11,10,0.352,12,0.049,-2.041
129.79,1.025,1.325,11,10,0.352,12,0.051,-1.929
129.92,1.023,1.325,11,10,0.352,12,0.209,-1.968
130.05,1.024,1.325,11,10,0.352,12,0.219,-1.907
130.18,1.025,1.325,11,10,0.352,12,0.049,-2.038
130.30,1.023,1.324,11,10,0.352,12,0.196,-2.041
130.43,1.023,1.323,11,10,0.352,12,0.215,-1.929
130.56,1.024,1.324,11,10,0.352,12,0.220,-1.904
130.69,1.025,1.325,11,10,0.352,12,0.049,-2.037
130.82,1.023,1.324,11,10,0.352,12,0.196,-2.041
130.94,1.023,1.324,11,10,0.352,12,0.215,-1.929
131.07,1.025,1.325,11,10,0.352,12,0.048,-2.128
131.20,1.025,1.325,11,10,0.352,12,0.050,-1.968
131.33,1.024,1.325,11,10,0.352,12,0.197,-2.038
131.46,1.024,1.324,11,10,0.352,12,0.215,-1.929
131.58,1.025,1.325,11,10,0.352,12,0.048,-2.128
131.71,1.025,1.325,11,10,0.352,12,0.050,-1.968
131.84,1.024,1.325,11,10,0.352,12,0.197,-2.038
131.97,1.024,1.325,11,10,0.352,12,0.215,-1.929
132.10,1.024,1.325,11,10,0.352,12,0.049,-2.041
132.22,1.025,1.325,11,10,0.352,12,0.051,-1.929
132.35,1.024,1.325,11,10,0.352,12,0.197,-2.037
132.48,1.024,1.325,11,10,0.352,12,0.215,-1.929
132.61,1.025,1.325,11,10,0.352,12,0.049,-2.041
132.74,1.025,1.325,11,10,0.352,12,0.051,-1.929
132.86,1.024,1.325,11,10,0.352,12,0.209,-1.968
132.99,1.024,1.324,11,10,0.352,12,0.219,-1.907
133.12,1.025,1.325,11,10,0.352,12,0.049,-2.038
133.25,1.023,1.324,11,10,0.352,12,0.196,-2.041
133.38,1.023,1.324,11,10,0.352,12,0.215,-1.929
133.50,1.024,1.324,11,10,0.352,12,0.234,-1.817
133.63,1.025,1.325,11,10,0.352,12,0.050,-2.016
133.76,1.023,1.324,11,10,0.352,12,0.196,-2.041
133.89,1.023,1.324,11,10,0.352,12,0.215,-1.929
134.02,1.024,1.324,11,10,0.352,12,0.234,-1.817
134.14,1.023,1.324,11,10,0.352,12,0.190,-2.080
134.27,1.023,1.324,11,10,0.352,12,0.200,-2.019
134.40,1.024,1.324,11,10,0.352,12,0.216,-1.926
134.53,1.024,1.324,11,10,0.352,12,0.049,-2.041
134.66,1.025,1.324,11,10,0.352,12,0.051,-1.929
134.78,1.023,1.324,11,10,0.352,12,0.209,-1.968
134.91,1.024,1.324,11,10,0.352,12,0.219,-1.907
135.04,1.025,1.325,11,10,0.352,12,0.049,-2.038
135.17,1.026,1.325,11,10,0.352,12,0.051,-1.929
135.30,1.023,1.324,11,10,0.352,12,0.209,-1.968
135.42,1.024,1.325,11,10,0.352,12,0.219,-1.907
135.55,1.025,1.325,11,10,0.352,12,0.049,-2.038
135.68,1.023,1.324,11,10,0.352,12,0.196,-2.041
135.81,1.025,1.325,11,10,0.352,12,0.201,-2.016
135.94,1.024,1.325,11,10,0.352,12,0.228,-1.856
136.06,1.025,1.325,11,10,0.352,12,0.050,-2.019
136.19,1.023,1.325,11,10,0.352,12,0.196,-2.041
136.32,1.023,1.324,11,10,0.352,12,0.215,-1.929
136.45,1.024,1.324,11,10,0.352,12,0.234,-1.817
136.58,1.023,1.324,11,10,0.352,12,0.190,-2.080
136.70,1.023,1.324,11,10,0.352,12,0.200,-2.019
136.83,1.024,1.324,11,10,0.352,12,0.216,-1.926
136.96,1.024,1.325,11,10,0.352,12,0.234,-1.817
137.09,1.023,1.325,11,10,0.352,12,0.190,-2.080
137.22,1.024,1.325,11,10,0.352,12,0.200,-2.019
137.34,1.024,1.325,11,10,0.352,12,0.216,-1.926
137.47,1.025,1.325,11,10,0.352,12,0.049,-2.041
137.60,1.025,1.325,11,10,0.352,12,0.051,-1.929
137.73,1.023,1.324,11,10,0.352,12,0.209,-1.968
137.86,1.024,1.325,11,10,0.352,12,0.219,-1.907
137.98,1.025,1.324,11,10,0.352,12,0.049,-2.038
138.11,1.023,1.324,11,10,0.352,12,0.196,-2.041
138.24,1.023,1.324,11,10,0.352,12,0.215,-1.929
138.37,1.024,1.324,11,10,0.352,12,0.220,-1.904
138.50,1.025,1.325,11,10,0.352,12,0.049,-2.037
138.62,1.024,1.325,11,10,0.352,12,0.196,-2.041
138.75,1.024,1.324,11,10,0.352,12,0.215,-1.929
138.88,1.025,1.325,11,10,0.352,12,0.048,-2.128
139.01,1.025,1.325,11,10,0.352,12,0.050,-1.968
139.14,1.024,1.325,11,10,0.352,12,0.197,-2.038
139.26,1.024,1.325,11,10,0.352,12,0.215,-1.929
139.39,1.024,1.324,11,10,0.352,12,0.234,-1.817
139.52,1.023,1.325,11,10,0.352,12,0.190,-2.080
139.65,1.024,1.325,11,10,0.352,12,0.200,-2.019
139.78,1.024,1.325,11,10,0.352,12,0.216,-1.926
139.90,1.024,1.324,11,10,0.352,12,0.049,-2.041
140.03,1.025,1.325,11,10,0.352,12,0.051,-1.929
140.16,1.023,1.324,11,10,0.352,12,0.209,-1.968
140.29,1.024,1.325,11,10,0.352,12,0.219,-1.907
140.42,1.025,1.325,11,10,0.352,12,0.049,-2.038
140.54,1.023,1.324,11,10,0.352,12,0.196,-2.041
140.67,1.024,1.325,11,10,0.352,12,0.201,-2.016
140.80,1.024,1.324,11,10,0.352,12,0.228,-1.856
140.93,1.025,1.325,11,10,0.352,12,0.050,-2.019
141.06,1.023,1.325,11,10,0.352,12,0.196,-2.041
141.18,1.024,1.325,11,10,0.352,12,0.215,-1.929
141.31,1.025,1.325,11,10,0.352,12,0.048,-2.128
141.44,1.025,1.325,11,10,0.352,12,0.050,-1.968
141.57,1.024,1.325,11,10,0.352,12,0.197,-2.038
141.70,1.024,1.325,11,10,0.352,12,0.215,-1.929
141.82,1.024,1.324,11,10,0.352,12,0.234,-1.817
141.95,1.023,1.325,11,10,0.352,12,0.190,-2.080
142.08,1.024,1.325,11,10,0.352,12,0.200,-2.019
142.21,1.024,1.325,11,10,0.352,12,0.216,-1.926
142.34,1.024,1.324,11,10,0.352,12,0.049,-2.041
142.46,1.023,1.324,11,10,0.352,12,0.196,-2.041
142.59,1.024,1.324,11,10,0.352,12,0.201,-2.016
142.72,1.024,1.324,11,10,0.352,12,0.216,-1.925
142.85,1.025,1.325,11,10,0.352,12,0.049,-2.041
142.98,1.023,1.324,11,10,0.352,12,0.196,-2.041
143.10,1.024,1.324,11,10,0.352,12,0.201,-2.016
143.23,1.024,1.325,11,10,0.352,12,0.228,-1.856
143.36,1.025,1.325,11,10,0.352,12,0.050,-2.019
143.49,1.023,1.325,11,10,0.352,12,0.196,-2.041
143.62,1.023,1.324,11,10,0.352,12,0.215,-1.929
143.74,1.025,1.325,11,10,0.352,12,0.048,-2.128
143.87,1.025,1.324,11,10,0.352,12,0.050,-1.968
144.00,1.024,1.325,11,10,0.352,12,0.197,-2.038
144.13,1.024,1.324,11,10,0.352,12,0.215,-1.929
144.26,1.025,1.325,11,10,0.352,12,0.048,-2.128
144.38,1.025,1.325,11,10,0.352,12,0.050,-1.968
144.51,1.024,1.325,11,10,0.352,12,0.197,-2.038
144.64,1.024,1.324,11,10,0.352,12,0.215,-1.929
144.77,1.024,1.324,11,10,0.352,12,0.049,-2.041
144.90,1.022,1.323,11,10,0.352,12,0.196,-2.041
145.02,1.023,1.324,11,10,0.352,12,0.215,-1.929
145.15,1.024,1.324,11,10,0.352,12,0.220,-1.904
145.28,1.025,1.325,11,10,0.352,12,0.049,-2.037
145.41,1.023,1.324,11,10,0.352,12,0.196,-2.041
145.54,1.024,1.325,11,10,0.352,12,0.201,-2.016
145.66,1.024,1.324,11,10,0.352,12,0.228,-1.856
145.79,1.025,1.325,11,10,0.352,12,0.050,-2.019
145.92,1.023,1.324,11,10,0.352,12,0.196,-2.041
146.05,1.023,1.324,11,10,0.352,12,0.215,-1.929
146.18,1.024,1.324,11,10,0.352,12,0.234,-1.817
146.30,1.025,1.325,11,10,0.352,12,0.050,-2.016
146.43,1.023,1.325,11,10,0.352,12,0.196,-2.041
146.56,1.023,1.324,11,10,0.352,12,0.215,-1.929
146.69,1.024,1.324,11,10,0.352,12,0.234,-1.817
146.82,1.023,1.324,11,10,0.352,12,0.190,-2.080
146.94,1.023,1.324,11,10,0.352,12,0.200,-2.019
147.07,1.024,1.325,11,10,0.352,12,0.216,-1.926
147.20,1.024,1.325,11,10,0.352,12,0.234,-1.817
147.33,1.023,1.325,11,10,0.352,12,0.190,-2.080
147.46,1.024,1.325,11,10,0.352,12,0.200,-2.019
147.58,1.024,1.325,11,10,0.352,12,0.216,-1.926
147.71,1.025,1.325,11,10,0.352,12,0.049,-2.041
147.84,1.026,1.325,11,10,0.352,12,0.051,-1.929
147.97,1.024,1.325,11,10,0.352,12,0.209,-1.968
148.10,1.024,1.325,11,10,0.352,12,0.219,-1.907
148.22,1.025,1.325,11,10,0.352,12,0.049,-2.038
148.35,1.023,1.324,11,10,0.352,12,0.196,-2.041
148.48,1.023,1.324,11,10,0.352,12,0.215,-1.929
148.61,1.025,1.325,11,10,0.352,12,0.048,-2.128
148.74,1.025,1.325,11,10,0.352,12,0.050,-1.968
148.86,1.023,1.324,11,10,0.352,12,0.197,-2.038
148.99,1.023,1.324,11,10,0.352,12,0.215,-1.929
149.12,1.024,1.324,11,10,0.352,12,0.234,-1.817
149.25,1.023,1.324,11,10,0.352,12,0.190,-2.080
149.38,1.023,1.324,11,10,0.352,12,0.200,-2.019
149.50,1.024,1.324,11,10,0.352,12,0.216,-1.926
149.63,1.024,1.324,11,10,0.352,12,0.049,-2.041
149.76,1.025,1.324,11,10,0.352,12,0.051,-1.929
149.89,1.023,1.324,11,10,0.352,12,0.209,-1.968
150.02,1.024,1.324,11,10,0.352,12,0.219,-1.907
150.14,1.025,1.325,11,10,0.352,12,0.049,-2.038
150.27,1.026,1.325,11,10,0.352,12,0.051,-1.929
150.40,1.023,1.324,11,10,0.352,12,0.209,-1.968
150.53,1.024,1.325,11,10,0.352,12,0.219,-1.907
150.66,1.025,1.325,11,10,0.352,12,0.049,-2.038
150.78,1.023,1.324,11,10,0.352,12,0.196,-2.041
150.91,1.024,1.325,11,10,0.352,12,0.201,-2.016
151.04,1.024,1.325,11,10,0.352,12,0.228,-1.856
151.17,1.025,1.325,11,10,0.352,12,0.050,-2.019
151.30,1.023,1.324,11,10,0.352,12,0.196,-2.041
151.42,1.023,1.324,11,10,0.352,12,0.215,-1.929
151.55,1.024,1.324,11,10,0.352,12,0.234,-1.817
151.68,1.023,1.324,11,10,0.352,12,0.190,-2.080
151.81,1.023,1.324,11,10,0.352,12,0.200,-2.019
151.94,1.024,1.325,11,10,0.352,12,0.216,-1.926
152.06,1.024,1.325,11,10,0.352,12,0.234,-1.817
152.19,1.023,1.324,11,10,0.352,12,0.190,-2.080
152.32,1.024,1.325,11,10,0.352,12,0.200,-2.019
152.45,1.024,1.325,11,10,0.352,12,0.216,-1.926
152.58,1.025,1.325,11,10,0.352,12,0.049,-2.041
152.70,1.023,1.324,11,10,0.352,12,0.196,-2.041
152.83,1.024,1.325,11,10,0.352,12,0.201,-2.016
152.96,1.024,1.325,11,10,0.352,12,0.216,-1.925
153.09,1.025,1.325,11,10,0.352,12,0.049,-2.041
153.22,1.023,1.324,11,10,0.352,12,0.196,-2.041
153.34,1.023,1.324,11,10,0.352,12,0.215,-1.929
153.47,1.024,1.325,11,10,0.352,12,0.220,-1.904
153.60,1.025,1.325,11,10,0.352,12,0.049,-2.037
153.73,1.023,1.324,11,10,0.352,12,0.196,-2.041
153.86,1.023,1.324,11,10,0.352,12,0.215,-1.929
153.98,1.025,1.325,11,10,0.352,12,0.048,-2.128
154.11,1.025,1.325,11,10,0.352,12,0.050,-1.968
154.24,1.023,1.324,11,10,0.352,12,0.197,-2.038
154.37,1.024,1.325,11,10,0.352,12,0.215,-1.929
154.50,1.025,1.325,11,10,0.352,12,0.048,-2.128
154.62,1.025,1.325,11,10,0.352,12,0.050,-1.968
154.75,1.024,1.325,11,10,0.352,12,0.197,-2.038
154.88,1.024,1.325,11,10,0.352,12,0.215,-1.929
155.01,1.025,1.325,11,10,0.352,12,0.049,-2.041
155.14,1.025,1.325,11,10,0.352,12,0.051,-1.929
155.26,1.024,1.325,11,10,0.352,12,0.197,-2.037
155.39,1.024,1.325,11,10,0.352,12,0.215,-1.929
155.52,1.025,1.325,11,10,0.352,12,0.049,-2.041
155.65,1.023,1.324,11,10,0.352,12,0.196,-2.041
155.78,1.024,1.325,11,10,0.352,12,0.201,-2.016
155.90,1.025,1.325,11,10,0.352,12,0.216,-1.925
156.03,1.025,1.325,11,10,0.352,12,0.049,-2.041
156.16,1.023,1.325,11,10,0.352,12,0.196,-2.041
156.29,1.025,1.325,11,10,0.352,12,0.201,-2.016
156.42,1.024,1.325,11,10,0.352,12,0.228,-1.856
156.54,1.025,1.325,11,10,0.352,12,0.050,-2.019
156.67,1.023,1.324,11,10,0.352,12,0.196,-2.041
156.80,1.024,1.324,11,10,0.352,12,0.215,-1.929
156.93,1.024,1.324,11,10,0.352,12,0.234,-1.817
157.06,1.023,1.325,11,10,0.352,12,0.190,-2.080
157.18,1.023,1.324,11,10,0.352,12,0.200,-2.019
157.31,1.024,1.324,11,10,0.352,12,0.216,-1.926
157.44,1.024,1.324,11,10,0.352,12,0.049,-2.041
157.57,1.025,1.325,11,10,0.352,12,0.051,-1.929
157.70,1.023,1.324,11,10,0.352,12,0.209,-1.968
157.82,1.024,1.325,11,10,0.352,12,0.219,-1.907
157.95,1.025,1.325,11,10,0.352,12,0.049,-2.038
158.08,1.026,1.325,11,10,0.352,12,0.051,-1.929
158.21,1.023,1.324,11,10,0.352,12,0.209,-1.968
158.34,1.025,1.325,11,10,0.352,12,0.219,-1.907
158.46,1.025,1.325,11,10,0.352,12,0.049,-2.038
158.59,1.023,1.325,11,10,0.352,12,0.196,-2.041
158.72,1.023,1.324,11,10,0.352,12,0.215,-1.929
158.85,1.025,1.325,11,10,0.352,12,0.048,-2.128
158.98,1.025,1.325,11,10,0.352,12,0.050,-1.968
159.10,1.023,1.325,11,10,0.352,12,0.197,-2.038
159.23,1.024,1.324,11,10,0.352,12,0.215,-1.929
159.36,1.024,1.324,11,10,0.352,12,0.234,-1.817
159.49,1.023,1.324,11,10,0.352,12,0.190,-2.080
159.62,1.023,1.324,11,10,0.352,12,0.200,-2.019
159.74,1.024,1.325,11,10,0.352,12,0.216,-1.926
159.87,1.024,1.325,11,10,0.352,12,0.049,-2.041
160.00,1.025,1.325,11,10,0.352,12,0.051,-1.929
160.13,1.024,1.325,11,10,0.352,12,0.197,-2.037
160.26,1.024,1.325,11,10,0.352,12,0.215,-1.929
160.38,1.025,1.325,11,10,0.352,12,0.049,-2.041
160.51,1.025,1.325,11,10,0.352,12,0.051,-1.929
160.64,1.024,1.325,11,10,0.352,12,0.209,-1.968
160.77,1.024,1.324,11,10,0.352,12,0.219,-1.907
160.90,1.025,1.325,11,10,0.352,12,0.049,-2.038
161.02,1.023,1.325,11,10,0.352,12,0.196,-2.041
161.15,1.024,1.325,11,10,0.352,12,0.201,-2.016
161.28,1.024,1.324,11,10,0.352,12,0.228,-1.856
161.41,1.025,1.325,11,10,0.352,12,0.050,-2.019
161.54,1.024,1.325,11,10,0.352,12,0.196,-2.041
161.66,1.024,1.324,11,10,0.352,12,0.215,-1.929
161.79,1.025,1.325,11,10,0.352,12,0.048,-2.128
161.92,1.025,1.325,11,10,0.352,12,0.050,-1.968
162.05,1.024,1.324,11,10,0.352,12,0.197,-2.038
162.18,1.024,1.324,11,10,0.352,12,0.215,-1.929
162.30,1.024,1.324,11,10,0.352,12,0.049,-2.041
162.43,1.025,1.324,11,10,0.352,12,0.051,-1.929
162.56,1.023,1.324,11,10,0.352,12,0.209,-1.968
162.69,1.024,1.324,11,10,0.352,12,0.219,-1.907
162.82,1.025,1.325,11,10,0.352,12,0.049,-2.038
162.94,1.023,1.324,11,10,0.352,12,0.196,-2.041
163.07,1.024,1.325,11,10,0.352,12,0.201,-2.016
163.20,1.024,1.324,11,10,0.352,12,0.228,-1.856
163.33,1.025,1.325,11,10,0.352,12,0.050,-2.019
163.46,1.023,1.325,11,10,0.352,12,0.196,-2.041
163.58,1.024,1.325,11,10,0.352,12,0.201,-2.016
163.71,1.024,1.324,11,10,0.352,12,0.228,-1.856
163.84,1.025,1.325,11,10,0.352,12,0.050,-2.019
163.97,1.023,1.325,11,10,0.352,12,0.196,-2.041
164.10,1.024,1.324,11,10,0.352,12,0.215,-1.929
164.22,1.025,1.325,11,10,0.352,12,0.048,-2.128
164.35,1.025,1.325,11,10,0.352,12,0.050,-1.968
164.48,1.024,1.324,11,10,0.352,12,0.197,-2.038
164.61,1.024,1.324,11,10,0.352,12,0.215,-1.929
164.74,1.024,1.324,11,10,0.352,12,0.049,-2.041
164.86,1.025,1.324,11,10,0.352,12,0.051,-1.929
164.99,1.024,1.324,11,10,0.352,12,0.197,-2.037
165.12,1.023,1.324,11,10,0.352,12,0.226,-1.863
165.25,1.024,1.324,11,10,0.352,12,0.050,-2.020
165.38,1.026,1.325,11,10,0.352,12,0.051,-1.926
165.50,1.023,1.324,11,10,0.352,12,0.209,-1.968
165.63,1.025,1.325,11,10,0.352,12,0.219,-1.907
165.76,1.025,1.325,11,10,0.352,12,0.049,-2.038
165.89,1.023,1.325,11,10,0.352,12,0.196,-2.041
166.02,1.023,1.324,11,10,0.352,12,0.215,-1.929
166.14,1.025,1.325,11,10,0.352,12,0.220,-1.904
166.27,1.025,1.325,11,10,0.352,12,0.049,-2.037
166.40,1.023,1.325,11,10,0.352,12,0.196,-2.041
166.53,1.023,1.324,11,10,0.352,12,0.215,-1.929
166.66,1.024,1.324,11,10,0.352,12,0.234,-1.817
166.78,1.023,1.324,11,10,0.352,12,0.190,-2.080
166.91,1.023,1.324,11,10,0.352,12,0.200,-2.019
167.04,1.024,1.324,11,10,0.352,12,0.216,-1.926
167.17,1.024,1.325,11,10,0.352,12,0.234,-1.817
167.30,1.023,1.325,11,10,0.352,12,0.190,-2.080
167.42,1.024,1.324,11,10,0.352,12,0.200,-2.019
167.55,1.024,1.325,11,10,0.352,12,0.216,-1.926
167.68,1.025,1.325,11,10,0.352,12,0.049,-2.041
167.81,1.026,1.325,11,10,0.352,12,0.051,-1.929
167.94,1.024,1.325,11,10,0.352,12,0.209,-1.968
168.06,1.024,1.325,11,10,0.352,12,0.219,-1.907
168.19,1.025,1.325,11,10,0.352,12,0.049,-2.038
168.32,1.023,1.324,11,10,0.352,12,0.196,-2.041
168.45,1.023,1.324,11,10,0.352,12,0.215,-1.929
168.58,1.024,1.325,11,10,0.352,12,0.048,-2.128
168.70,1.025,1.325,11,10,0.352,12,0.050,-1.968
168.83,1.023,1.324,11,10,0.352,12,0.197,-2.038
168.96,1.024,1.324,11,10,0.352,12,0.215,-1.929
169.09,1.025,1.325,11,10,0.352,12,0.048,-2.128
169.22,1.025,1.325,11,10,0.352,12,0.050,-1.968
169.34,1.024,1.325,11,10,0.352,12,0.197,-2.038
169.47,1.024,1.324,11,10,0.352,12,0.215,-1.929
169.60,1.024,1.325,11,10,0.352,12,0.234,-1.817
169.73,1.023,1.325,11,10,0.352,12,0.190,-2.080
169.86,1.024,1.325,11,10,0.352,12,0.200,-2.019
169.98,1.024,1.325,11,10,0.352,12,0.216,-1.926
170.11,1.025,1.325,11,10,0.352,12,0.049,-2.041
170.24,1.025,1.325,11,10,0.352,12,0.051,-1.929
170.37,1.023,1.324,11,10,0.352,12,0.209,-1.968
170.50,1.024,1.325,11,10,0.352,12,0.219,-1.907
170.62,1.025,1.324,11,10,0.352,12,0.049,-2.038
170.75,1.023,1.324,11,10,0.352,12,0.196,-2.041
170.88,1.023,1.323,11,10,0.352,12,0.215,-1.929
171.01,1.024,1.324,11,10,0.352,12,0.220,-1.904
171.14,1.025,1.325,11,10,0.352,12,0.049,-2.037
171.26,1.024,1.325,11,10,0.352,12,0.196,-2.041
171.39,1.024,1.324,11,10,0.352,12,0.215,-1.929
171.52,1.025,1.325,11,10,0.352,12,0.048,-2.128
171.65,1.025,1.325,11,10,0.352,12,0.050,-1.968
171.78,1.024,1.325,11,10,0.352,12,0.197,-2.038
171.90,1.024,1.325,11,10,0.352,12,0.215,-1.929
172.03,1.024,1.324,11,10,0.352,12,0.234,-1.817
172.16,1.023,1.325,11,10,0.352,12,0.190,-2.080
172.29,1.024,1.325,11,10,0.352,12,0.200,-2.019
172.42,1.024,1.325,11,10,0.352,12,0.216,-1.926
172.54,1.024,1.324,11,10,0.352,12,0.049,-2.041
172.67,1.023,1.324,11,10,0.352,12,0.196,-2.041
172.80,1.024,1.324,11,10,0.352,12,0.201,-2.016
172.93,1.024,1.324,11,10,0.352,12,0.216,-1.925
173.06,1.025,1.325,11,10,0.352,12,0.049,-2.041
173.18,1.023,1.324,11,10,0.352,12,0.196,-2.041
173.31,1.024,1.324,11,10,0.352,12,0.201,-2.016
173.44,1.024,1.325,11,10,0.352,12,0.228,-1.856
173.57,1.025,1.325,11,10,0.352,12,0.050,-2.019
173.70,1.023,1.325,11,10,0.352,12,0.196,-2.041
173.82,1.024,1.325,11,10,0.352,12,0.201,-2.016
173.95,1.024,1.325,11,10,0.352,12,0.228,-1.856
174.08,1.023,1.324,11,10,0.352,12,0.190,-2.081
174.21,1.024,1.325,11,10,0.352,12,0.200,-2.020
174.34,1.024,1.325,11,10,0.352,12,0.216,-1.926
174.46,1.025,1.326,11,10,0.352,12,0.048,-2.128
174.59,1.026,1.326,11,10,0.352,12,0.050,-1.968
174.72,1.024,1.325,11,10,0.352,12,0.197,-2.038
174.85,1.024,1.324,11,10,0.352,12,0.215,-1.929
174.98,1.024,1.325,11,10,0.352,12,0.049,-2.041
175.10,1.023,1.324,11,10,0.352,12,0.196,-2.041
175.23,1.024,1.325,11,10,0.352,12,0.201,-2.016
175.36,1.024,1.325,11,10,0.352,12,0.216,-1.925
175.49,1.025,1.325,11,10,0.352,12,0.049,-2.041
175.62,1.023,1.324,11,10,0.352,12,0.196,-2.041
175.74,1.024,1.325,11,10,0.352,12,0.201,-2.016
175.87,1.024,1.325,11,10,0.352,12,0.228,-1.856
176.00,1.025,1.324,11,10,0.352,12,0.050,-2.019
176.13,1.023,1.325,11,10,0.352,12,0.196,-2.041
176.26,1.023,1.324,11,10,0.352,12,0.215,-1.929
176.38,1.024,1.325,11,10,0.352,12,0.048,-2.128
176.51,1.025,1.324,11,10,0.352,12,0.050,-1.968
176.64,1.024,1.325,11,10,0.352,12,0.197,-2.038
176.77,1.024,1.324,11,10,0.352,12,0.215,-1.929
176.90,1.024,1.324,11,10,0.352,12,0.234,-1.817
177.02,1.023,1.325,11,10,0.352,12,0.190,-2.080
177.15,1.024,1.325,11,10,0.352,12,0.200,-2.019
177.28,1.024,1.324,11,10,0.352,12,0.216,-1.926
177.41,1.024,1.325,11,10,0.352,12,0.049,-2.041
177.54,1.025,1.324,11,10,0.352,12,0.051,-1.929
177.66,1.023,1.324,11,10,0.352,12,0.209,-1.968
177.79,1.024,1.324,11,10,0.352,12,0.219,-1.907
177.92,1.025,1.324,11,10,0.352,12,0.049,-2.038
178.05,1.026,1.325,11,10,0.352,12,0.051,-1.929
178.18,1.023,1.324,11,10,0.352,12,0.209,-1.968
178.30,1.024,1.325,11,10,0.352,12,0.219,-1.907
178.43,1.025,1.325,11,10,0.352,12,0.049,-2.038
178.56,1.023,1.325,11,10,0.352,12,0.196,-2.041
178.69,1.025,1.325,11,10,0.352,12,0.201,-2.016
178.82,1.024,1.325,11,10,0.352,12,0.228,-1.856
178.94,1.025,1.325,11,10,0.352,12,0.050,-2.019
179.07,1.023,1.325,11,10,0.352,12,0.196,-2.041
179.20,1.024,1.324,11,10,0.352,12,0.215,-1.929
179.33,1.024,1.324,11,10,0.352,12,0.234,-1.817
179.46,1.023,1.324,11,10,0.352,12,0.190,-2.080
179.58,1.023,1.325,11,10,0.352,12,0.200,-2.019
179.71,1.024,1.324,11,10,0.352,12,0.216,-1.926
179.84,1.025,1.325,11,10,0.352,12,0.234,-1.817
179.97,1.023,1.325,11,10,0.352,12,0.190,-2.080
180.10,1.024,1.324,11,10,0.352,12,0.200,-2.019
180.22,1.024,1.325,11,10,0.352,12,0.216,-1.926
180.35,1.025,1.325,11,10,0.352,12,0.049,-2.041
180.48,1.026,1.325,11,10,0.352,12,0.051,-1.929
180.61,1.024,1.325,11,10,0.352,12,0.209,-1.968
180.74,1.024,1.325,11,10,0.352,12,0.219,-1.907
180.86,1.025,1.325,11,10,0.352,12,0.049,-2.038
180.99,1.023,1.324,11,10,0.352,12,0.196,-2.041
181.12,1.023,1.324,11,10,0.352,12,0.215,-1.929
181.25,1.025,1.325,11,10,0.352,12,0.048,-2.128
181.38,1.025,1.325,11,10,0.352,12,0.050,-1.968
181.50,1.023,1.324,11,10,0.352,12,0.197,-2.038
181.63,1.024,1.325,11,10,0.352,12,0.215,-1.929
181.76,1.025,1.325,11,10,0.352,12,0.048,-2.128
181.89,1.025,1.325,11,10,0.352,12,0.050,-1.968
182.02,1.024,1.325,11,10,0.352,12,0.197,-2.038
182.14,1.024,1.325,11,10,0.352,12,0.215,-1.929
182.27,1.024,1.325,11,10,0.352,12,0.049,-2.041
182.40,1.025,1.325,11,10,0.352,12,0.051,-1.929
182.53,1.024,1.325,11,10,0.352,12,0.197,-2.037
182.66,1.024,1.325,11,10,0.352,12,0.215,-1.929
182.78,1.025,1.325,11,10,0.352,12,0.049,-2.041
182.91,1.025,1.325,11,10,0.352,12,0.051,-1.929
183.04,1.024,1.325,11,10,0.352,12,0.209,-1.968
183.17,1.024,1.324,11,10,0.352,12,0.219,-1.907
183.30,1.025,1.325,11,10,0.352,12,0.049,-2.038
183.42,1.023,1.325,11,10,0.352,12,0.196,-2.041
183.55,1.023,1.324,11,10,0.352,12,0.215,-1.929
183.68,1.024,1.325,11,10,0.352,12,0.048,-2.128
183.81,1.025,1.325,11,10,0.352,12,0.050,-1.968
183.94,1.024,1.325,11,10,0.352,12,0.197,-2.038
184.06,1.024,1.324,11,10,0.352,12,0.215,-1.929
184.19,1.025,1.325,11,10,0.352,12,0.048,-2.128
184.32,1.025,1.325,11,10,0.352,12,0.050,-1.968
184.45,1.024,1.325,11,10,0.352,12,0.197,-2.038
184.58,1.024,1.324,11,10,0.352,12,0.215,-1.929
184.70,1.024,1.325,11,10,0.352,12,0.234,-1.817
184.83,1.023,1.325,11,10,0.352,12,0.190,-2.080
184.96,1.024,1.325,11,10,0.352,12,0.200,-2.019
185.09,1.024,1.325,11,10,0.352,12,0.216,-1.926
185.22,1.025,1.324,11,10,0.352,12,0.049,-2.041
185.34,1.025,1.325,11,10,0.352,12,0.051,-1.929
185.47,1.023,1.324,11,10,0.352,12,0.209,-1.968
185.60,1.024,1.325,11,10,0.352,12,0.219,-1.907
185.73,1.025,1.325,11,10,0.352,12,0.049,-2.038
185.86,1.023,1.324,11,10,0.352,12,0.196,-2.041
185.98,1.024,1.325,11,10,0.352,12,0.201,-2.016
186.11,1.024,1.324,11,10,0.352,12,0.228,-1.856
186.24,1.025,1.325,11,10,0.352,12,0.050,-2.019
186.37,1.023,1.324,11,10,0.352,12,0.196,-2.041
186.50,1.023,1.324,11,10,0.352,12,0.215,-1.929
186.62,1.024,1.324,11,10,0.352,12,0.234,-1.817
186.75,1.025,1.325,11,10,0.352,12,0.050,-2.016
186.88,1.024,1.325,11,10,0.352,12,0.196,-2.041
187.01,1.024,1.324,11,10,0.352,12,0.215,-1.929
187.14,1.024,1.324,11,10,0.352,12,0.234,-1.817
187.26,1.023,1.324,11,10,0.352,12,0.190,-2.080
187.39,1.024,1.325,11,10,0.352,12,0.200,-2.019
187.52,1.024,1.325,11,10,0.352,12,0.216,-1.926
187.65,1.025,1.325,11,10,0.352,12,0.049,-2.041
187.78,1.025,1.325,11,10,0.352,12,0.051,-1.929
187.90,1.023,1.324,11,10,0.352,12,0.209,-1.968
188.03,1.024,1.325,11,10,0.352,12,0.219,-1.907
188.16,1.025,1.325,11,10,0.352,12,0.049,-2.038
188.29,1.026,1.325,11,10,0.352,12,0.051,-1.929
188.42,1.024,1.325,11,10,0.352,12,0.209,-1.968
188.54,1.024,1.325,11,10,0.352,12,0.219,-1.907
188.67,1.025,1.325,11,10,0.352,12,0.049,-2.038
188.80,1.023,1.324,11,10,0.352,12,0.196,-2.041
188.93,1.023,1.324,11,10,0.352,12,0.215,-1.929
189.06,1.024,1.324,11,10,0.352,12,0.234,-1.817
189.18,1.025,1.325,11,10,0.352,12,0.050,-2.016
189.31,1.023,1.324,11,10,0.352,12,0.196,-2.041
189.44,1.024,1.325,11,10,0.352,12,0.215,-1.929
189.57,1.024,1.325,11,10,0.352,12,0.234,-1.817
189.70,1.023,1.324,11,10,0.352,12,0.190,-2.080
189.82,1.023,1.324,11,10,0.352,12,0.200,-2.019
189.95,1.024,1.325,11,10,0.352,12,0.216,-1.926
190.08,1.025,1.325,11,10,0.352,12,0.049,-2.041
190.21,1.025,1.325,11,10,0.352,12,0.051,-1.929
190.34,1.024,1.325,11,10,0.352,12,0.197,-2.037
190.46,1.024,1.325,11,10,0.352,12,0.215,-1.929
190.59,1.025,1.325,11,10,0.352,12,0.049,-2.041
190.72,1.023,1.324,11,10,0.352,12,0.196,-2.041
190.85,1.024,1.325,11,10,0.352,12,0.201,-2.016
190.98,1.024,1.325,11,10,0.352,12,0.228,-1.856
191.10,1.025,1.325,11,10,0.352,12,0.050,-2.019
191.23,1.023,1.325,11,10,0.352,12,0.196,-2.041
191.36,1.024,1.325,11,10,0.352,12,0.201,-2.016
191.49,1.024,1.325,11,10,0.352,12,0.228,-1.856
191.62,1.025,1.325,11,10,0.352,12,0.050,-2.019
191.74,1.024,1.325,11,10,0.352,12,0.196,-2.041
191.87,1.024,1.324,11,10,0.352,12,0.215,-1.929
192.00,1.024,1.325,11,10,0.352,12,0.234,-1.817
192.13,1.023,1.325,11,10,0.352,12,0.190,-2.080
192.26,1.024,1.325,11,10,0.352,12,0.200,-2.019
192.38,1.024,1.324,11,10,0.352,12,0.216,-1.926
192.51,1.024,1.324,11,10,0.352,12,0.049,-2.041
192.64,1.025,1.325,11,10,0.352,12,0.051,-1.929
192.77,1.023,1.324,11,10,0.352,12,0.209,-1.968
192.90,1.024,1.325,11,10,0.352,12,0.219,-1.907
193.02,1.025,1.325,11,10,0.352,12,0.049,-2.038
193.15,1.023,1.324,11,10,0.352,12,0.196,-2.041
193.28,1.023,1.324,11,10,0.352,12,0.215,-1.929
193.41,1.024,1.325,11,10,0.352,12,0.220,-1.904
193.54,1.025,1.325,11,10,0.352,12,0.049,-2.037
193.66,1.023,1.324,11,10,0.352,12,0.196,-2.041
193.79,1.023,1.324,11,10,0.352,12,0.215,-1.929
193.92,1.025,1.325,11,10,0.352,12,0.048,-2.128
194.05,1.025,1.325,11,10,0.352,12,0.050,-1.968
194.18,1.024,1.325,11,10,0.352,12,0.197,-2.038
194.30,1.024,1.325,11,10,0.352,12,0.215,-1.929
194.43,1.025,1.325,11,10,0.352,12,0.048,-2.128
194.56,1.025,1.325,11,10,0.352,12,0.050,-1.968
194.69,1.024,1.325,11,10,0.352,12,0.197,-2.038
194.82,1.024,1.325,11,10,0.352,12,0.215,-1.929
194.94,1.024,1.325,11,10,0.352,12,0.234,-1.817
195.07,1.023,1.325,11,10,0.352,12,0.190,-2.080
195.20,1.024,1.325,11,10,0.352,12,0.200,-2.019
195.33,1.024,1.325,11,10,0.352,12,0.216,-1.926
195.46,1.025,1.324,11,10,0.352,12,0.049,-2.041
195.58,1.023,1.324,11,10,0.352,12,0.196,-2.041
195.71,1.024,1.324,11,10,0.352,12,0.201,-2.016
195.84,1.024,1.325,11,10,0.352,12,0.228,-1.856
195.97,1.025,1.324,11,10,0.352,12,0.050,-2.019
196.10,1.023,1.324,11,10,0.352,12,0.196,-2.041
196.22,1.024,1.325,11,10,0.352,12,0.201,-2.016
196.35,1.024,1.324,11,10,0.352,12,0.228,-1.856
196.48,1.025,1.325,11,10,0.352,12,0.050,-2.019
196.61,1.024,1.325,11,10,0.352,12,0.196,-2.041
196.74,1.024,1.325,11,10,0.352,12,0.215,-1.929
196.86,1.024,1.324,11,10,0.352,12,0.234,-1.817
196.99,1.026,1.325,11,10,0.352,12,0.050,-2.016
197.12,1.024,1.325,11,10,0.352,12,0.196,-2.041
197.25,1.024,1.325,11,10,0.352,12,0.215,-1.929
197.38,1.024,1.324,11,10,0.352,12,0.234,-1.817
197.50,1.023,1.325,11,10,0.352,12,0.190,-2.080
197.63,1.024,1.325,11,10,0.352,12,0.200,-2.019
197.76,1.024,1.324,11,10,0.352,12,0.216,-1.926
197.89,1.025,1.325,11,10,0.352,12,0.049,-2.041
198.02,1.026,1.325,11,10,0.352,12,0.051,-1.929
198.14,1.023,1.324,11,10,0.352,12,0.209,-1.968
198.27,1.024,1.325,11,10,0.352,12,0.219,-1.907
198.40,1.025,1.325,11,10,0.352,12,0.049,-2.038
198.53,1.023,1.324,11,10,0.352,12,0.196,-2.041
198.66,1.023,1.324,11,10,0.352,12,0.215,-1.929
198.78,1.025,1.325,11,10,0.352,12,0.220,-1.904
198.91,1.025,1.325,11,10,0.352,12,0.049,-2.037
199.04,1.023,1.324,11,10,0.352,12,0.196,-2.041
199.17,1.023,1.324,11,10,0.352,12,0.215,-1.929
199.30,1.025,1.325,11,10,0.352,12,0.048,-2.128
199.42,1.025,1.325,11,10,0.352,12,0.050,-1.968
199.55,1.023,1.324,11,10,0.352,12,0.197,-2.038
199.68,1.024,1.324,11,10,0.352,12,0.215,-1.929
199.81,1.024,1.324,11,10,0.352,12,0.234,-1.817
199.94,1.023,1.324,11,10,0.352,12,0.190,-2.080
200.06,1.024,1.324,11,10,0.352,12,0.200,-2.019
200.19,1.024,1.325,11,10,0.352,12,0.216,-1.926
200.32,1.025,1.325,11,10,0.352,12,0.049,-2.041
200.45,1.026,1.325,11,10,0.352,12,0.051,-1.929
200.58,1.023,1.324,11,10,0.352,12,0.209,-1.968
200.70,1.024,1.325,11,10,0.352,12,0.219,-1.907
200.83,1.025,1.325,11,10,0.352,12,0.049,-2.038
200.96,1.023,1.324,11,10,0.352,12,0.196,-2.041
201.09,1.024,1.325,11,10,0.352,12,0.201,-2.016
201.22,1.024,1.325,11,10,0.352,12,0.228,-1.856
201.34,1.025,1.325,11,10,0.352,12,0.050,-2.019
201.47,1.023,1.325,11,10,0.352,12,0.196,-2.041
201.60,1.023,1.324,11,10,0.352,12,0.215,-1.929
201.73,1.025,1.325,11,10,0.352,12,0.048,-2.128
201.86,1.025,1.325,11,10,0.352,12,0.050,-1.968
201.98,1.024,1.325,11,10,0.352,12,0.197,-2.038
202.11,1.024,1.324,11,10,0.352,12,0.215,-1.929
202.24,1.024,1.324,11,10,0.352,12,0.049,-2.041
202.37,1.025,1.324,11,10,0.352,12,0.051,-1.929
202.50,1.024,1.325,11,10,0.352,12,0.197,-2.037
202.62,1.024,1.325,11,10,0.352,12,0.215,-1.929
202.75,1.024,1.324,11,10,0.352,12,0.049,-2.041
202.88,1.025,1.325,11,10,0.352,12,0.051,-1.929
203.01,1.023,1.324,11,10,0.352,12,0.209,-1.968
203.14,1.024,1.325,11,10,0.352,12,0.219,-1.907
203.26,1.025,1.325,11,10,0.352,12,0.049,-2.038
203.39,1.023,1.324,11,10,0.352,12,0.196,-2.041
203.52,1.023,1.324,11,10,0.352,12,0.215,-1.929
203.65,1.024,1.325,11,10,0.352,12,0.048,-2.128
203.78,1.025,1.325,11,10,0.352,12,0.050,-1.968
203.90,1.023,1.324,11,10,0.352,12,0.197,-2.038
204.03,1.023,1.324,11,10,0.352,12,0.215,-1.929
204.16,1.024,1.324,11,10,0.352,12,0.234,-1.817
204.29,1.025,1.325,11,10,0.352,12,0.050,-2.016
204.42,1.023,1.325,11,10,0.352,12,0.196,-2.041
204.54,1.024,1.324,11,10,0.352,12,0.215,-1.929
204.67,1.024,1.324,11,10,0.352,12,0.049,-2.041
204.80,1.025,1.324,11,10,0.352,12,0.051,-1.929
204.93,1.024,1.324,11,10,0.352,12,0.197,-2.037
205.06,1.024,1.324,11,10,0.352,12,0.215,-1.929
205.18,1.025,1.325,11,10,0.352,12,0.234,-1.817
205.31,1.023,1.325,11,10,0.352,12,0.190,-2.080
205.44,1.024,1.325,11,10,0.352,12,0.200,-2.019
205.57,1.024,1.325,11,10,0.352,12,0.216,-1.926
205.70,1.025,1.325,11,10,0.352,12,0.049,-2.041
205.82,1.023,1.324,11,10,0.352,12,0.196,-2.041
205.95,1.023,1.324,11,10,0.352,12,0.215,-1.929
206.08,1.024,1.325,11,10,0.352,12,0.220,-1.904
206.21,1.025,1.325,11,10,0.352,12,0.049,-2.037
206.34,1.023,1.324,11,10,0.352,12,0.196,-2.041
206.46,1.023,1.324,11,10,0.352,12,0.215,-1.929
206.59,1.025,1.325,11,10,0.352,12,0.220,-1.904
206.72,1.023,1.324,11,10,0.352,12,0.189,-2.087
206.85,1.023,1.324,11,10,0.352,12,0.200,-2.020
206.98,1.024,1.325,11,10,0.352,12,0.216,-1.926
207.10,1.024,1.325,11,10,0.352,12,0.234,-1.817
207.23,1.023,1.324,11,10,0.352,12,0.190,-2.080
207.36,1.023,1.324,11,10,0.352,12,0.200,-2.019
207.49,1.024,1.325,11,10,0.352,12,0.216,-1.926
207.62,1.024,1.325,11,10,0.352,12,0.234,-1.817
207.74,1.023,1.324,11,10,0.352,12,0.190,-2.080
207.87,1.024,1.325,11,10,0.352,12,0.200,-2.019
208.00,1.024,1.325,11,10,0.352,12,0.216,-1.926
208.13,1.025,1.325,11,10,0.352,12,0.049,-2.041
208.26,1.023,1.324,11,10,0.352,12,0.196,-2.041
208.38,1.024,1.325,11,10,0.352,12,0.201,-2.016
208.51,1.024,1.325,11,10,0.352,12,0.216,-1.925
208.64,1.025,1.325,11,10,0.352,12,0.049,-2.041
208.77,1.023,1.324,11,10,0.352,12,0.196,-2.041
208.90,1.023,1.324,11,10,0.352,12,0.215,-1.929
209.02,1.025,1.325,11,10,0.352,12,0.048,-2.128
209.15,1.025,1.325,11,10,0.352,12,0.050,-1.968
209.28,1.023,1.324,11,10,0.352,12,0.197,-2.038
209.41,1.023,1.324,11,10,0.352,12,0.215,-1.929
209.54,1.024,1.324,11,10,0.352,12,0.234,-1.817
209.66,1.023,1.324,11,10,0.352,12,0.190,-2.080
209.79,1.023,1.324,11,10,0.352,12,0.200,-2.019
209.92,1.024,1.325,11,10,0.352,12,0.216,-1.926
210.05,1.024,1.325,11,10,0.352,12,0.234,-1.817
210.18,1.023,1.324,11,10,0.352,12,0.190,-2.080
210.30,1.024,1.325,11,10,0.352,12,0.200,-2.019
210.43,1.024,1.325,11,10,0.352,12,0.216,-1.926
210.56,1.025,1.325,11,10,0.352,12,0.049,-2.041
210.69,1.026,1.325,11,10,0.352,12,0.051,-1.929
210.82,1.024,1.325,11,10,0.352,12,0.209,-1.968
210.94,1.024,1.325,11,10,0.352,12,0.219,-1.907
211.07,1.025,1.325,11,10,0.352,12,0.049,-2.038
211.20,1.023,1.324,11,10,0.352,12,0.196,-2.041
211.33,1.023,1.324,11,10,0.352,12,0.215,-1.929
211.46,1.024,1.324,11,10,0.352,12,0.220,-1.904
211.58,1.025,1.325,11,10,0.352,12,0.049,-2.037
211.71,1.023,1.324,11,10,0.352,12,0.196,-2.041
211.84,1.023,1.324,11,10,0.352,12,0.215,-1.929
211.97,1.024,1.324,11,10,0.352,12,0.234,-1.817
212.10,1.023,1.324,11,10,0.352,12,0.190,-2.080
212.22,1.023,1.324,11,10,0.352,12,0.200,-2.019
212.35,1.024,1.324,11,10,0.352,12,0.216,-1.926
212.48,1.024,1.324,11,10,0.352,12,0.049,-2.041
212.61,1.025,1.324,11,10,0.352,12,0.051,-1.929
212.74,1.023,1.324,11,10,0.352,12,0.209,-1.968
212.86,1.024,1.324,11,10,0.352,12,0.219,-1.907
212.99,1.025,1.325,11,10,0.352,12,0.049,-2.038
213.12,1.026,1.325,11,10,0.352,12,0.051,-1.929
213.25,1.023,1.324,11,10,0.352,12,0.209,-1.968
213.38,1.024,1.325,11,10,0.352,12,0.219,-1.907
213.50,1.025,1.325,11,10,0.352,12,0.049,-2.038
213.63,1.023,1.324,11,10,0.352,12,0.196,-2.041
213.76,1.024,1.325,11,10,0.352,12,0.201,-2.016
213.89,1.024,1.325,11,10,0.352,12,0.228,-1.856
214.02,1.025,1.325,11,10,0.352,12,0.050,-2.019
214.14,1.023,1.324,11,10,0.352,12,0.196,-2.041
214.27,1.023,1.324,11,10,0.352,12,0.215,-1.929
214.40,1.025,1.325,11,10,0.352,12,0.048,-2.128
214.53,1.025,1.325,11,10,0.352,12,0.050,-1.968
214.66,1.023,1.324,11,10,0.352,12,0.197,-2.038
214.78,1.024,1.324,11,10,0.352,12,0.215,-1.929
214.91,1.024,1.324,11,10,0.352,12,0.234,-1.817
215.04,1.023,1.324,11,10,0.352,12,0.190,-2.080
215.17,1.024,1.324,11,10,0.352,12,0.200,-2.019
215.30,1.024,1.325,11,10,0.352,12,0.216,-1.926
215.42,1.025,1.325,11,10,0.352,12,0.049,-2.041
215.55,1.023,1.324,11,10,0.352,12,0.196,-2.041
215.68,1.024,1.325,11,10,0.352,12,0.201,-2.016
215.81,1.024,1.325,11,10,0.352,12,0.216,-1.925
215.94,1.025,1.325,11,10,0.352,12,0.049,-2.041
216.06,1.023,1.324,11,10,0.352,12,0.196,-2.041
216.19,1.024,1.325,11,10,0.352,12,0.201,-2.016
216.32,1.025,1.325,11,10,0.352,12,0.048,-2.149
216.45,1.025,1.325,11,10,0.352,12,0.050,-1.975
216.58,1.023,1.324,11,10,0.352,12,0.197,-2.038
216.70,1.024,1.325,11,10,0.352,12,0.215,-1.929
216.83,1.025,1.325,11,10,0.352,12,0.048,-2.128
216.96,1.025,1.325,11,10,0.352,12,0.050,-1.968
217.09,1.024,1.325,11,10,0.352,12,0.197,-2.038
217.22,1.024,1.325,11,10,0.352,12,0.215,-1.929
217.34,1.024,1.325,11,10,0.352,12,0.234,-1.817
217.47,1.023,1.325,11,10,0.352,12,0.190,-2.080
217.60,1.024,1.324,11,10,0.352,12,0.200,-2.019
217.73,1.024,1.325,11,10,0.352,12,0.216,-1.926
217.86,1.025,1.325,11,10,0.352,12,0.049,-2.041
217.98,1.025,1.325,11,10,0.352,12,0.051,-1.929
218.11,1.023,1.324,11,10,0.352,12,0.209,-1.968
218.24,1.024,1.325,11,10,0.352,12,0.219,-1.907
218.37,1.025,1.325,11,10,0.352,12,0.049,-2.038
218.50,1.023,1.324,11,10,0.352,12,0.196,-2.041
218.62,1.023,1.324,11,10,0.352,12,0.215,-1.929
218.75,1.024,1.325,11,10,0.352,12,0.220,-1.904
218.88,1.025,1.325,11,10,0.352,12,0.049,-2.037
219.01,1.023,1.324,11,10,0.352,12,0.196,-2.041
219.14,1.023,1.324,11,10,0.352,12,0.215,-1.929
219.26,1.025,1.325,11,10,0.352,12,0.048,-2.128
219.39,1.025,1.325,11,10,0.352,12,0.050,-1.968
219.52,1.023,1.324,11,10,0.352,12,0.197,-2.038
219.65,1.024,1.324,11,10,0.352,12,0.215,-1.929
219.78,1.024,1.324,11,10,0.352,12,0.049,-2.041
219.90,1.025,1.324,11,10,0.352,12,0.051,-1.929
220.03,1.023,1.324,11,10,0.352,12,0.209,-1.968
220.16,1.024,1.324,11,10,0.352,12,0.219,-1.907
220.29,1.025,1.325,11,10,0.352,12,0.235,-1.814
220.42,1.023,1.325,11,10,0.352,12,0.190,-2.080
220.54,1.024,1.325,11,10,0.352,12,0.200,-2.019
220.67,1.024,1.325,11,10,0.352,12,0.216,-1.926
220.80,1.025,1.325,11,10,0.352,12,0.049,-2.041
220.93,1.026,1.325,11,10,0.352,12,0.051,-1.929
221.06,1.024,1.325,11,10,0.352,12,0.209,-1.968
221.18,1.024,1.325,11,10,0.352,12,0.219,-1.907
221.31,1.025,1.326,11,10,0.352,12,0.049,-2.038
221.44,1.023,1.325,11,10,0.352,12,0.196,-2.041
221.57,1.023,1.324,11,10,0.352,12,0.215,-1.929
221.70,1.024,1.325,11,10,0.352,12,0.048,-2.128
221.82,1.025,1.324,11,10,0.352,12,0.050,-1.968
221.95,1.024,1.325,11,10,0.352,12,0.197,-2.038
222.08,1.024,1.324,11,10,0.352,12,0.215,-1.929
222.21,1.024,1.325,11,10,0.352,12,0.234,-1.817
222.34,1.023,1.325,11,10,0.352,12,0.190,-2.080
222.46,1.024,1.325,11,10,0.352,12,0.200,-2.019
222.59,1.024,1.324,11,10,0.352,12,0.216,-1.926
222.72,1.024,1.325,11,10,0.352,12,0.049,-2.041
222.85,1.025,1.324,11,10,0.352,12,0.051,-1.929
222.98,1.024,1.325,11,10,0.352,12,0.197,-2.037
223.10,1.024,1.324,11,10,0.352,12,0.226,-1.863
223.23,1.024,1.324,11,10,0.352,12,0.050,-2.020
223.36,1.023,1.324,11,10,0.352,12,0.196,-2.041
223.49,1.024,1.325,11,10,0.352,12,0.201,-2.016
223.62,1.025,1.325,11,10,0.352,12,0.216,-1.925
223.74,1.025,1.325,11,10,0.352,12,0.049,-2.041
223.87,1.023,1.324,11,10,0.352,12,0.196,-2.041
224.00,1.023,1.324,11,10,0.352,12,0.215,-1.929
224.13,1.025,1.325,11,10,0.352,12,0.220,-1.904
224.26,1.025,1.325,11,10,0.352,12,0.049,-2.037
224.38,1.023,1.324,11,10,0.352,12,0.196,-2.041
224.51,1.023,1.324,11,10,0.352,12,0.215,-1.929
224.64,1.024,1.324,11,10,0.352,12,0.234,-1.817
224.77,1.025,1.325,11,10,0.352,12,0.050,-2.016
224.90,1.023,1.324,11,10,0.352,12,0.208,-1.975
225.02,1.024,1.324,11,10,0.352,12,0.219,-1.908
225.15,1.025,1.325,11,10,0.352,12,0.235,-1.814
225.28,1.023,1.325,11,10,0.352,12,0.190,-2.080
225.41,1.024,1.325,11,10,0.352,12,0.200,-2.019
225.54,1.024,1.325,11,10,0.352,12,0.216,-1.926
225.66,1.025,1.325,11,10,0.352,12,0.049,-2.041
225.79,1.023,1.324,11,10,0.352,12,0.196,-2.041
225.92,1.024,1.325,11,10,0.352,12,0.201,-2.016
226.05,1.024,1.325,11,10,0.352,12,0.216,-1.925
226.18,1.025,1.325,11,10,0.352,12,0.049,-2.041
226.30,1.023,1.324,11,10,0.352,12,0.196,-2.041
226.43,1.023,1.324,11,10,0.352,12,0.215,-1.929
226.56,1.025,1.325,11,10,0.352,12,0.048,-2.128
226.69,1.025,1.325,11,10,0.352,12,0.050,-1.968
226.82,1.023,1.324,11,10,0.352,12,0.197,-2.038
226.94,1.023,1.324,11,10,0.352,12,0.215,-1.929
227.07,1.024,1.324,11,10,0.352,12,0.049,-2.041
227.20,1.025,1.324,11,10,0.352,12,0.051,-1.929
227.33,1.024,1.324,11,10,0.352,12,0.197,-2.037
227.46,1.024,1.324,11,10,0.352,12,0.215,-1.929
227.58,1.025,1.325,11,10,0.352,12,0.234,-1.817
227.71,1.023,1.325,11,10,0.352,12,0.190,-2.080
227.84,1.024,1.325,11,10,0.352,12,0.200,-2.019
227.97,1.024,1.325,11,10,0.352,12,0.216,-1.926
228.10,1.025,1.325,11,10,0.352,12,0.049,-2.041
228.22,1.026,1.325,11,10,0.352,12,0.051,-1.929
228.35,1.024,1.325,11,10,0.352,12,0.209,-1.968
228.48,1.024,1.325,11,10,0.352,12,0.219,-1.907
228.61,1.025,1.325,11,10,0.352,12,0.049,-2.038
228.74,1.023,1.324,11,10,0.352,12,0.196,-2.041
228.86,1.023,1.324,11,10,0.352,12,0.215,-1.929
228.99,1.025,1.325,11,10,0.352,12,0.220,-1.904
229.12,1.025,1.325,11,10,0.352,12,0.049,-2.037
229.25,1.023,1.324,11,10,0.352,12,0.196,-2.041
229.38,1.023,1.324,11,10,0.352,12,0.215,-1.929
229.50,1.024,1.324,11,10,0.352,12,0.234,-1.817
229.63,1.025,1.325,11,10,0.352,12,0.050,-2.016
229.76,1.023,1.324,11,10,0.352,12,0.208,-1.975
229.89,1.023,1.324,11,10,0.352,12,0.219,-1.908
230.02,1.024,1.324,11,10,0.352,12,0.235,-1.814
230.14,1.023,1.324,11,10,0.352,12,0.190,-2.080
230.27,1.024,1.325,11,10,0.352,12,0.200,-2.019
230.40,1.024,1.325,11,10,0.352,12,0.216,-1.926
230.53,1.025,1.325,11,10,0.352,12,0.049,-2.041
230.66,1.025,1.325,11,10,0.352,12,0.051,-1.929
230.78,1.023,1.325,11,10,0.352,12,0.209,-1.968
230.91,1.024,1.325,11,10,0.352,12,0.219,-1.907
231.04,1.025,1.325,11,10,0.352,12,0.049,-2.038
231.17,1.023,1.324,11,10,0.352,12,0.196,-2.041
231.30,1.024,1.325,11,10,0.352,12,0.201,-2.016
231.42,1.024,1.325,11,10,0.352,12,0.228,-1.856
231.55,1.025,1.325,11,10,0.352,12,0.050,-2.019
231.68,1.023,1.325,11,10,0.352,12,0.196,-2.041
231.81,1.024,1.324,11,10,0.352,12,0.215,-1.929
231.94,1.025,1.325,11,10,0.352,12,0.048,-2.128
232.06,1.025,1.325,11,10,0.352,12,0.050,-1.968
232.19,1.024,1.325,11,10,0.352,12,0.197,-2.038
232.32,1.024,1.324,11,10,0.352,12,0.215,-1.929
232.45,1.024,1.324,11,10,0.352,12,0.049,-2.041
232.58,1.025,1.324,11,10,0.352,12,0.051,-1.929
232.70,1.023,1.324,11,10,0.352,12,0.209,-1.968
232.83,1.024,1.324,11,10,0.352,12,0.219,-1.907
232.96,1.024,1.325,11,10,0.352,12,0.049,-2.038
233.09,1.025,1.324,11,10,0.352,12,0.051,-1.929
233.22,1.023,1.324,11,10,0.352,12,0.209,-1.968
233.34,1.024,1.324,11,10,0.352,12,0.219,-1.907
233.47,1.025,1.325,11,10,0.352,12,0.049,-2.038
233.60,1.026,1.325,11,10,0.352,12,0.051,-1.929
233.73,1.024,1.325,11,10,0.352,12,0.209,-1.968
233.86,1.025,1.325,11,10,0.352,12,0.219,-1.907
233.98,1.025,1.325,11,10,0.352,12,0.049,-2.038
234.11,1.023,1.325,11,10,0.352,12,0.196,-2.041
234.24,1.023,1.324,11,10,0.352,12,0.215,-1.929
234.37,1.025,1.325,11,10,0.352,12,0.048,-2.128
234.50,1.025,1.325,11,10,0.352,12,0.050,-1.968
234.62,1.024,1.325,11,10,0.352,12,0.197,-2.038
234.75,1.024,1.324,11,10,0.352,12,0.215,-1.929
234.88,1.024,1.324,11,10,0.352,12,0.234,-1.817
235.01,1.023,1.324,11,10,0.352,12,0.190,-2.080
235.14,1.024,1.325,11,10,0.352,12,0.200,-2.019
235.26,1.024,1.325,11,10,0.352,12,0.216,-1.926
235.39,1.025,1.325,11,10,0.352,12,0.049,-2.041
235.52,1.025,1.325,11,10,0.352,12,0.051,-1.929
235.65,1.023,1.325,11,10,0.352,12,0.209,-1.968
235.78,1.024,1.325,11,10,0.352,12,0.219,-1.907
235.90,1.025,1.325,11,10,0.352,12,0.049,-2.038
236.03,1.023,1.324,11,10,0.352,12,0.196,-2.041
236.16,1.024,1.325,11,10,0.352,12,0.201,-2.016
236.29,1.024,1.325,11,10,0.352,12,0.228,-1.856
236.42,1.025,1.325,11,10,0.352,12,0.050,-2.019
236.54,1.024,1.325,11,10,0.352,12,0.196,-2.041
236.67,1.023,1.324,11,10,0.352,12,0.215,-1.929
236.80,1.025,1.325,11,10,0.352,12,0.048,-2.128
236.93,1.025,1.324,11,10,0.352,12,0.050,-1.968
237.06,1.024,1.325,11,10,0.352,12,0.197,-2.038
237.18,1.024,1.324,11,10,0.352,12,0.215,-1.929
237.31,1.024,1.325,11,10,0.352,12,0.049,-2.041
237.44,1.025,1.324,11,10,0.352,12,0.051,-1.929
237.57,1.024,1.325,11,10,0.352,12,0.197,-2.037
237.70,1.024,1.324,11,10,0.352,12,0.215,-1.929
237.82,1.024,1.324,11,10,0.352,12,0.049,-2.041
237.95,1.025,1.324,11,10,0.352,12,0.051,-1.929
238.08,1.023,1.324,11,10,0.352,12,0.209,-1.968
238.21,1.024,1.325,11,10,0.352,12,0.219,-1.907
238.34,1.025,1.325,11,10,0.352,12,0.049,-2.038
238.46,1.023,1.325,11,10,0.352,12,0.196,-2.041
238.59,1.024,1.324,11,10,0.352,12,0.201,-2.016
238.72,1.024,1.324,11,10,0.352,12,0.228,-1.856
238.85,1.025,1.325,11,10,0.352,12,0.050,-2.019
238.98,1.023,1.325,11,10,0.352,12,0.196,-2.041
239.10,1.023,1.324,11,10,0.352,12,0.215,-1.929
239.23,1.025,1.325,11,10,0.352,12,0.048,-2.128
239.36,1.025,1.325,11,10,0.352,12,0.050,-1.968
239.49,1.024,1.325,11,10,0.352,12,0.197,-2.038
239.62,1.024,1.324,11,10,0.352,12,0.215,-1.929
239.74,1.024,1.324,11,10,0.352,12,0.049,-2.041
239.87,1.025,1.324,11,10,0.352,12,0.051,-1.929
240.00,1.024,1.325,11,10,0.352,12,0.197,-2.037
240.13,1.024,1.324,11,10,0.352,12,0.215,-1.929
240.26,1.024,1.324,11,10,0.352,12,0.049,-2.041
240.38,1.025,1.324,11,10,0.352,12,0.051,-1.929
240.51,1.023,1.324,11,10,0.352,12,0.209,-1.968
240.64,1.024,1.325,11,10,0.352,12,0.219,-1.907
240.77,1.025,1.325,11,10,0.352,12,0.049,-2.038
240.90,1.026,1.325,11,10,0.352,12,0.051,-1.929
241.02,1.023,1.324,11,10,0.352,12,0.209,-1.968
241.15,1.025,1.325,11,10,0.352,12,0.219,-1.907
241.28,1.025,1.325,11,10,0.352,12,0.049,-2.038
241.41,1.023,1.325,11,10,0.352,12,0.196,-2.041
241.54,1.025,1.325,11,10,0.352,12,0.201,-2.016
241.66,1.024,1.325,11,10,0.352,12,0.228,-1.856
241.79,1.025,1.325,11,10,0.352,12,0.050,-2.019
241.92,1.023,1.324,11,10,0.352,12,0.196,-2.041
242.05,1.023,1.324,11,10,0.352,12,0.215,-1.929
242.18,1.024,1.324,11,10,0.352,12,0.234,-1.817
242.30,1.023,1.324,11,10,0.352,12,0.190,-2.080
242.43,1.023,1.324,11,10,0.352,12,0.200,-2.019
242.56,1.024,1.325,11,10,0.352,12,0.216,-1.926
242.69,1.025,1.325,11,10,0.352,12,0.234,-1.817
242.82,1.023,1.325,11,10,0.352,12,0.190,-2.080
242.94,1.024,1.325,11,10,0.352,12,0.200,-2.019
243.07,1.024,1.325,11,10,0.352,12,0.216,-1.926
243.20,1.025,1.325,11,10,0.352,12,0.049,-2.041
243.33,1.023,1.324,11,10,0.352,12,0.196,-2.041
243.46,1.024,1.325,11,10,0.352,12,0.201,-2.016
243.58,1.025,1.325,11,10,0.352,12,0.216,-1.925
243.71,1.025,1.325,11,10,0.352,12,0.049,-2.041
243.84,1.023,1.324,11,10,0.352,12,0.196,-2.041
243.97,1.024,1.325,11,10,0.352,12,0.201,-2.016
244.10,1.024,1.325,11,10,0.352,12,0.228,-1.856
244.22,1.025,1.325,11,10,0.352,12,0.050,-2.019
244.35,1.023,1.324,11,10,0.352,12,0.196,-2.041
244.48,1.023,1.324,11,10,0.352,12,0.215,-1.929
244.61,1.024,1.324,11,10,0.352,12,0.234,-1.817
244.74,1.023,1.324,11,10,0.352,12,0.190,-2.080
244.86,1.023,1.324,11,10,0.352,12,0.200,-2.019
244.99,1.024,1.325,11,10,0.352,12,0.216,-1.926
245.12,1.024,1.325,11,10,0.352,12,0.234,-1.817
245.25,1.023,1.324,11,10,0.352,12,0.190,-2.080
245.38,1.024,1.325,11,10,0.352,12,0.200,-2.019
245.50,1.024,1.325,11,10,0.352,12,0.216,-1.926
245.63,1.025,1.325,11,10,0.352,12,0.049,-2.041
245.76,1.026,1.325,11,10,0.352,12,0.051,-1.929
245.89,1.024,1.325,11,10,0.352,12,0.209,-1.968
246.02,1.024,1.325,11,10,0.352,12,0.219,-1.907
246.14,1.025,1.325,11,10,0.352,12,0.049,-2.038
246.27,1.023,1.324,11,10,0.352,12,0.196,-2.041
246.40,1.023,1.324,11,10,0.352,12,0.215,-1.929
246.53,1.025,1.325,11,10,0.352,12,0.048,-2.128
246.66,1.025,1.325,11,10,0.352,12,0.050,-1.968
246.78,1.023,1.324,11,10,0.352,12,0.197,-2.038
246.91,1.023,1.324,11,10,0.352,12,0.215,-1.929
247.04,1.024,1.324,11,10,0.352,12,0.049,-2.041
247.17,1.025,1.324,11,10,0.352,12,0.051,-1.929
247.30,1.023,1.324,11,10,0.352,12,0.197,-2.037
247.42,1.024,1.324,11,10,0.352,12,0.215,-1.929
247.55,1.024,1.325,11,10,0.352,12,0.234,-1.817
247.68,1.023,1.325,11,10,0.352,12,0.190,-2.080
247.81,1.024,1.325,11,10,0.352,12,0.200,-2.019
247.94,1.024,1.325,11,10,0.352,12,0.216,-1.926
248.06,1.025,1.325,11,10,0.352,12,0.049,-2.041
248.19,1.025,1.325,11,10,0.352,12,0.051,-1.929
248.32,1.023,1.325,11,10,0.352,12,0.209,-1.968
248.45,1.024,1.325,11,10,0.352,12,0.219,-1.907
248.58,1.025,1.325,11,10,0.352,12,0.049,-2.038
248.70,1.023,1.324,11,10,0.352,12,0.196,-2.041
248.83,1.023,1.324,11,10,0.352,12,0.215,-1.929
248.96,1.024,1.325,11,10,0.352,12,0.220,-1.904
249.09,1.025,1.325,11,10,0.352,12,0.049,-2.037
249.22,1.023,1.324,11,10,0.352,12,0.196,-2.041
249.34,1.023,1.324,11,10,0.352,12,0.215,-1.929
249.47,1.024,1.324,11,10,0.352,12,0.234,-1.817
249.60,1.025,1.325,11,10,0.352,12,0.050,-2.016
249.73,1.023,1.324,11,10,0.352,12,0.208,-1.975
249.86,1.023,1.324,11,10,0.352,12,0.219,-1.908
249.98,1.024,1.325,11,10,0.352,12,0.235,-1.814
250.11,1.023,1.325,11,10,0.352,12,0.190,-2.080
250.24,1.024,1.324,11,10,0.352,12,0.200,-2.019
250.37,1.024,1.325,11,10,0.352,12,0.216,-1.926
250.50,1.025,1.325,11,10,0.352,12,0.049,-2.041
250.62,1.026,1.325,11,10,0.352,12,0.051,-1.929
250.75,1.023,1.324,11,10,0.352,12,0.209,-1.968
250.88,1.024,1.325,11,10,0.352,12,0.219,-1.907
251.01,1.025,1.325,11,10,0.352,12,0.049,-2.038
251.14,1.023,1.324,11,10,0.352,12,0.196,-2.041
251.26,1.023,1.324,11,10,0.352,12,0.215,-1.929
251.39,1.025,1.325,11,10,0.352,12,0.220,-1.904
251.52,1.025,1.325,11,10,0.352,12,0.049,-2.037
251.65,1.023,1.324,11,10,0.352,12,0.196,-2.041
251.78,1.023,1.324,11,10,0.352,12,0.215,-1.929
251.90,1.025,1.325,11,10,0.352,12,0.048,-2.128
252.03,1.025,1.325,11,10,0.352,12,0.050,-1.968
252.16,1.023,1.324,11,10,0.352,12,0.197,-2.038
252.29,1.024,1.324,11,10,0.352,12,0.215,-1.929
252.42,1.024,1.324,11,10,0.352,12,0.049,-2.041
252.54,1.025,1.324,11,10,0.352,12,0.051,-1.929
252.67,1.024,1.325,11,10,0.352,12,0.197,-2.037
252.80,1.024,1.324,11,10,0.352,12,0.215,-1.929
252.93,1.024,1.324,11,10,0.352,12,0.049,-2.041
253.06,1.025,1.324,11,10,0.352,12,0.051,-1.929
253.18,1.023,1.324,11,10,0.352,12,0.209,-1.968
253.31,1.024,1.325,11,10,0.352,12,0.219,-1.907
253.44,1.025,1.325,11,10,0.352,12,0.049,-2.038
253.57,1.026,1.325,11,10,0.352,12,0.051,-1.929
253.70,1.023,1.324,11,10,0.352,12,0.209,-1.968
253.82,1.025,1.325,11,10,0.352,12,0.219,-1.907
253.95,1.025,1.325,11,10,0.352,12,0.049,-2.038
254.08,1.023,1.325,11,10,0.352,12,0.196,-2.041
254.21,1.023,1.324,11,10,0.352,12,0.215,-1.929
254.34,1.025,1.325,11,10,0.352,12,0.048,-2.128
254.46,1.025,1.325,11,10,0.352,12,0.050,-1.968
254.59,1.023,1.325,11,10,0.352,12,0.197,-2.038
254.72,1.024,1.324,11,10,0.352,12,0.215,-1.929
254.85,1.024,1.324,11,10,0.352,12,0.234,-1.817
254.98,1.023,1.324,11,10,0.352,12,0.190,-2.080
255.10,1.024,1.325,11,10,0.352,12,0.200,-2.019
255.23,1.024,1.325,11,10,0.352,12,0.216,-1.926
255.36,1.025,1.325,11,10,0.352,12,0.049,-2.041
255.49,1.025,1.325,11,10,0.352,12,0.051,-1.929
255.62,1.023,1.324,11,10,0.352,12,0.209,-1.968
255.74,1.024,1.325,11,10,0.352,12,0.219,-1.907
255.87,1.025,1.325,11,10,0.352,12,0.049,-2.038
256.00,1.023,1.324,11,10,0.352,12,0.196,-2.041
256.13,1.023,1.324,11,10,0.352,12,0.215,-1.929
256.26,1.024,1.325,11,10,0.352,12,0.220,-1.904
256.38,1.025,1.325,11,10,0.352,12,0.049,-2.037
256.51,1.023,1.324,11,10,0.352,12,0.196,-2.041
256.64,1.023,1.324,11,10,0.352,12,0.215,-1.929
256.77,1.024,1.324,11,10,0.352,12,0.234,-1.817
256.90,1.025,1.325,11,10,0.352,12,0.050,-2.016
257.02,1.023,1.324,11,10,0.352,12,0.196,-2.041
257.15,1.023,1.324,11,10,0.352,12,0.215,-1.929
257.28,1.024,1.324,11,10,0.352,12,0.234,-1.817
257.41,1.023,1.324,11,10,0.352,12,0.190,-2.080
257.54,1.023,1.324,11,10,0.352,12,0.200,-2.019
257.66,1.024,1.325,11,10,0.352,12,0.216,-1.926
257.79,1.024,1.325,11,10,0.352,12,0.049,-2.041
257.92,1.025,1.325,11,10,0.352,12,0.051,-1.929
258.05,1.023,1.324,11,10,0.352,12,0.209,-1.968
258.18,1.024,1.325,11,10,0.352,12,0.219,-1.907
258.30,1.025,1.325,11,10,0.352,12,0.049,-2.038
258.43,1.026,1.325,11,10,0.352,12,0.051,-1.929
258.56,1.024,1.325,11,10,0.352,12,0.209,-1.968
258.69,1.024,1.325,11,10,0.352,12,0.219,-1.907
258.82,1.025,1.325,11,10,0.352,12,0.049,-2.038
258.94,1.023,1.324,11,10,0.352,12,0.196,-2.041
259.07,1.024,1.325,11,10,0.352,12,0.201,-2.016
259.20,1.024,1.325,11,10,0.352,12,0.228,-1.856
259.33,1.025,1.325,11,10,0.352,12,0.050,-2.019
259.46,1.024,1.325,11,10,0.352,12,0.196,-2.041
259.58,1.024,1.324,11,10,0.352,12,0.215,-1.929
259.71,1.025,1.325,11,10,0.352,12,0.048,-2.128
259.84,1.025,1.325,11,10,0.352,12,0.050,-1.968
259.97,1.024,1.325,11,10,0.352,12,0.197,-2.038
260.10,1.024,1.325,11,10,0.352,12,0.215,-1.929
260.22,1.024,1.324,11,10,0.352,12,0.049,-2.041
260.35,1.025,1.325,11,10,0.352,12,0.051,-1.929
260.48,1.024,1.325,11,10,0.352,12,0.197,-2.037
260.61,1.024,1.325,11,10,0.352,12,0.215,-1.929
260.74,1.025,1.325,11,10,0.352,12,0.049,-2.041
260.86,1.025,1.325,11,10,0.352,12,0.051,-1.929
260.99,1.023,1.325,11,10,0.352,12,0.209,-1.968
261.12,1.024,1.324,11,10,0.352,12,0.219,-1.907
261.25,1.025,1.325,11,10,0.352,12,0.049,-2.038
261.38,1.023,1.324,11,10,0.352,12,0.196,-2.041
261.50,1.024,1.324,11,10,0.352,12,0.201,-2.016
261.63,1.024,1.325,11,10,0.352,12,0.228,-1.856
261.76,1.025,1.325,11,10,0.352,12,0.050,-2.019
261.89,1.024,1.325,11,10,0.352,12,0.196,-2.041
262.02,1.024,1.325,11,10,0.352,12,0.215,-1.929
262.14,1.025,1.325,11,10,0.352,12,0.048,-2.128
262.27,1.025,1.325,11,10,0.352,12,0.050,-1.968
262.40,1.024,1.325,11,10,0.352,12,0.197,-2.038
262.53,1.024,1.325,11,10,0.352,12,0.215,-1.929
262.66,1.024,1.325,11,10,0.352,12,0.234,-1.817
262.78,1.023,1.325,11,10,0.352,12,0.190,-2.080
262.91,1.024,1.325,11,10,0.352,12,0.200,-2.019
263.04,1.024,1.325,11,10,0.352,12,0.216,-1.926
263.17,1.025,1.324,11,10,0.352,12,0.049,-2.041
263.30,1.025,1.325,11,10,0.352,12,0.051,-1.929
263.42,1.023,1.325,11,10,0.352,12,0.209,-1.968
263.55,1.024,1.325,11,10,0.352,12,0.219,-1.907
263.68,1.025,1.325,11,10,0.352,12,0.049,-2.038
263.81,1.023,1.324,11,10,0.352,12,0.196,-2.041
263.94,1.023,1.324,11,10,0.352,12,0.215,-1.929
264.06,1.024,1.325,11,10,0.352,12,0.220,-1.904
264.19,1.025,1.325,11,10,0.352,12,0.049,-2.037
264.32,1.023,1.324,11,10,0.352,12,0.196,-2.041
264.45,1.023,1.324,11,10,0.352,12,0.215,-1.929
264.58,1.024,1.324,11,10,0.352,12,0.234,-1.817
264.70,1.023,1.324,11,10,0.352,12,0.190,-2.080
264.83,1.023,1.324,11,10,0.352,12,0.200,-2.019
264.96,1.024,1.325,11,10,0.352,12,0.216,-1.926
265.09,1.025,1.325,11,10,0.352,12,0.048,-2.128
265.22,1.025,1.325,11,10,0.352,12,0.050,-1.968
265.34,1.024,1.325,11,10,0.352,12,0.197,-2.038
265.47,1.024,1.325,11,10,0.352,12,0.215,-1.929
265.60,1.025,1.325,11,10,0.352,12,0.049,-2.041
265.73,1.025,1.325,11,10,0.352,12,0.051,-1.929
265.86,1.024,1.325,11,10,0.352,12,0.197,-2.037
265.98,1.024,1.325,11,10,0.352,12,0.215,-1.929
266.11,1.025,1.325,11,10,0.352,12,0.049,-2.041
266.24,1.023,1.324,11,10,0.352,12,0.196,-2.041
266.37,1.024,1.325,11,10,0.352,12,0.201,-2.016
266.50,1.024,1.325,11,10,0.352,12,0.228,-1.856
266.62,1.025,1.325,11,10,0.352,12,0.050,-2.019
266.75,1.024,1.325,11,10,0.352,12,0.196,-2.041
266.88,1.024,1.325,11,10,0.352,12,0.201,-2.016
267.01,1.024,1.325,11,10,0.352,12,0.228,-1.856
267.14,1.025,1.325,11,10,0.352,12,0.050,-2.019
267.26,1.024,1.325,11,10,0.352,12,0.196,-2.041
267.39,1.024,1.325,11,10,0.352,12,0.215,-1.929
267.52,1.024,1.325,11,10,0.352,12,0.234,-1.817
267.65,1.023,1.324,11,10,0.352,12,0.190,-2.080
267.78,1.024,1.325,11,10,0.352,12,0.200,-2.019
267.90,1.024,1.325,11,10,0.352,12,0.216,-1.926
268.03,1.025,1.325,11,10,0.352,12,0.234,-1.817
268.16,1.023,1.325,11,10,0.352,12,0.190,-2.080
268.29,1.024,1.325,11,10,0.352,12,0.200,-2.019
268.42,1.024,1.324,11,10,0.352,12,0.216,-1.926
268.54,1.025,1.325,11,10,0.352,12,0.049,-2.041
268.67,1.023,1.324,11,10,0.352,12,0.196,-2.041
268.80,1.024,1.325,11,10,0.352,12,0.201,-2.016
268.93,1.024,1.324,11,10,0.352,12,0.228,-1.856
269.06,1.025,1.325,11,10,0.352,12,0.050,-2.019
269.18,1.023,1.324,11,10,0.352,12,0.196,-2.041
269.31,1.023,1.324,11,10,0.352,12,0.215,-1.929
269.44,1.025,1.325,11,10,0.352,12,0.048,-2.128
269.57,1.025,1.325,11,10,0.352,12,0.050,-1.968
269.70,1.024,1.325,11,10,0.352,12,0.197,-2.038
269.82,1.024,1.324,11,10,0.352,12,0.215,-1.929
269.95,1.024,1.325,11,10,0.352,12,0.234,-1.817
270.08,1.023,1.324,11,10,0.352,12,0.190,-2.080
270.21,1.024,1.325,11,10,0.352,12,0.200,-2.019
270.34,1.024,1.325,11,10,0.352,12,0.216,-1.926
270.46,1.025,1.325,11,10,0.352,12,0.049,-2.041
270.59,1.025,1.325,11,10,0.352,12,0.051,-1.929
270.72,1.024,1.325,11,10,0.352,12,0.197,-2.037
270.85,1.024,1.324,11,10,0.352,12,0.215,-1.929
270.98,1.025,1.325,11,10,0.352,12,0.049,-2.041
271.10,1.023,1.324,11,10,0.352,12,0.196,-2.041
271.23,1.024,1.325,11,10,0.352,12,0.201,-2.016
271.36,1.024,1.324,11,10,0.352,12,0.228,-1.856
271.49,1.025,1.325,11,10,0.352,12,0.050,-2.019
271.62,1.023,1.324,11,10,0.352,12,0.196,-2.041
271.74,1.023,1.324,11,10,0.352,12,0.215,-1.929
271.87,1.025,1.325,11,10,0.352,12,0.048,-2.128
272.00,1.025,1.325,11,10,0.352,12,0.050,-1.968
272.13,1.023,1.324,11,10,0.352,12,0.197,-2.038
272.26,1.023,1.324,11,10,0.352,12,0.215,-1.929
272.38,1.025,1.325,11,10,0.352,12,0.048,-2.128
272.51,1.025,1.325,11,10,0.352,12,0.050,-1.968
272.64,1.024,1.325,11,10,0.352,12,0.197,-2.038
272.77,1.024,1.325,11,10,0.352,12,0.215,-1.929
272.90,1.024,1.325,11,10,0.352,12,0.234,-1.817
273.02,1.023,1.324,11,10,0.352,12,0.190,-2.080
273.15,1.024,1.325,11,10,0.352,12,0.200,-2.019
273.28,1.024,1.325,11,10,0.352,12,0.216,-1.926
273.41,1.025,1.325,11,10,0.352,12,0.049,-2.041
273.54,1.023,1.324,11,10,0.352,12,0.196,-2.041
273.66,1.024,1.325,11,10,0.352,12,0.201,-2.016
273.79,1.024,1.325,11,10,0.352,12,0.216,-1.925
273.92,1.025,1.325,11,10,0.352,12,0.049,-2.041
274.05,1.023,1.324,11,10,0.352,12,0.196,-2.041
274.18,1.023,1.324,11,10,0.352,12,0.215,-1.929
274.30,1.025,1.325,11,10,0.352,12,0.220,-1.904
274.43,1.025,1.325,11,10,0.352,12,0.049,-2.037
274.56,1.023,1.324,11,10,0.352,12,0.196,-2.041
274.69,1.023,1.324,11,10,0.352,12,0.215,-1.929
274.82,1.024,1.324,11,10,0.352,12,0.234,-1.817
274.94,1.025,1.325,11,10,0.352,12,0.050,-2.016
275.07,1.023,1.324,11,10,0.352,12,0.208,-1.975
275.20,1.024,1.324,11,10,0.352,12,0.219,-1.908
275.33,1.024,1.325,11,10,0.352,12,0.235,-1.814
275.46,1.023,1.325,11,10,0.352,12,0.190,-2.080
275.58,1.024,1.325,11,10,0.352,12,0.200,-2.019
275.71,1.024,1.325,11,10,0.352,12,0.216,-1.926
275.84,1.025,1.325,11,10,0.352,12,0.049,-2.041
275.97,1.026,1.325,11,10,0.352,12,0.051,-1.929
276.10,1.024,1.325,11,10,0.352,12,0.209,-1.968
276.22,1.024,1.325,11,10,0.352,12,0.219,-1.907
276.35,1.025,1.325,11,10,0.352,12,0.049,-2.038
276.48,1.023,1.324,11,10,0.352,12,0.196,-2.041
276.61,1.024,1.325,11,10,0.352,12,0.201,-2.016
276.74,1.024,1.325,11,10,0.352,12,0.228,-1.856
276.86,1.025,1.325,11,10,0.352,12,0.050,-2.019
276.99,1.023,1.324,11,10,0.352,12,0.196,-2.041
277.12,1.023,1.324,11,10,0.352,12,0.215,-1.929
277.25,1.025,1.325,11,10,0.352,12,0.048,-2.128
277.38,1.025,1.325,11,10,0.352,12,0.050,-1.968
277.50,1.024,1.325,11,10,0.352,12,0.197,-2.038
277.63,1.024,1.324,11,10,0.352,12,0.215,-1.929
277.76,1.024,1.324,11,10,0.352,12,0.049,-2.041
277.89,1.025,1.324,11,10,0.352,12,0.051,-1.929
278.02,1.023,1.324,11,10,0.352,12,0.209,-1.968
278.14,1.024,1.324,11,10,0.352,12,0.219,-1.907
278.27,1.025,1.325,11,10,0.352,12,0.049,-2.038
278.40,1.023,1.324,11,10,0.352,12,0.196,-2.041
278.53,1.024,1.325,11,10,0.352,12,0.201,-2.016
278.66,1.024,1.324,11,10,0.352,12,0.228,-1.856
278.78,1.025,1.325,11,10,0.352,12,0.050,-2.019
278.91,1.026,1.326,11,10,0.352,12,0.051,-1.926
279.04,1.023,1.324,11,10,0.352,12,0.216,-1.926
279.17,1.025,1.325,11,10,0.352,12,0.048,-2.120
279.30,1.025,1.325,11,10,0.352,12,0.051,-1.966
279.42,1.024,1.325,11,10,0.352,12,0.197,-2.038
279.55,1.024,1.324,11,10,0.352,12,0.215,-1.929
279.68,1.024,1.325,11,10,0.352,12,0.234,-1.817
279.81,1.023,1.325,11,10,0.352,12,0.190,-2.080
279.94,1.024,1.325,11,10,0.352,12,0.200,-2.019
280.06,1.024,1.325,11,10,0.352,12,0.216,-1.926
280.19,1.025,1.325,11,10,0.352,12,0.049,-2.041
280.32,1.025,1.325,11,10,0.352,12,0.051,-1.929
280.45,1.023,1.325,11,10,0.352,12,0.209,-1.968
280.58,1.024,1.324,11,10,0.352,12,0.219,-1.907
280.70,1.025,1.325,11,10,0.352,12,0.049,-2.038
280.83,1.023,1.324,11,10,0.352,12,0.196,-2.041
280.96,1.024,1.324,11,10,0.352,12,0.201,-2.016
281.09,1.025,1.325,11,10,0.352,12,0.048,-2.149
281.22,1.025,1.325,11,10,0.352,12,0.050,-1.975
281.34,1.024,1.325,11,10,0.352,12,0.197,-2.038
281.47,1.024,1.324,11,10,0.352,12,0.215,-1.929
281.60,1.025,1.325,11,10,0.352,12,0.048,-2.128
281.73,1.025,1.325,11,10,0.352,12,0.050,-1.968
281.86,1.024,1.325,11,10,0.352,12,0.197,-2.038
281.98,1.024,1.324,11,10,0.352,12,0.215,-1.929
282.11,1.024,1.325,11,10,0.352,12,0.049,-2.041
282.24,1.025,1.324,11,10,0.352,12,0.051,-1.929
282.37,1.024,1.325,11,10,0.352,12,0.197,-2.037
282.50,1.024,1.324,11,10,0.352,12,0.215,-1.929
282.62,1.025,1.325,11,10,0.352,12,0.049,-2.041
282.75,1.025,1.324,11,10,0.352,12,0.051,-1.929
282.88,1.023,1.324,11,10,0.352,12,0.209,-1.968
283.01,1.024,1.324,11,10,0.352,12,0.219,-1.907
283.14,1.025,1.325,11,10,0.352,12,0.049,-2.038
283.26,1.023,1.325,11,10,0.352,12,0.196,-2.041
283.39,1.024,1.325,11,10,0.352,12,0.201,-2.016
283.52,1.024,1.325,11,10,0.352,12,0.228,-1.856
283.65,1.023,1.324,11,10,0.352,12,0.190,-2.081
283.78,1.023,1.324,11,10,0.352,12,0.200,-2.020
283.90,1.023,1.324,11,10,0.352,12,0.216,-1.926
284.03,1.024,1.325,11,10,0.352,12,0.234,-1.817
284.16,1.023,1.324,11,10,0.352,12,0.190,-2.080
284.29,1.023,1.324,11,10,0.352,12,0.200,-2.019
284.42,1.024,1.325,11,10,0.352,12,0.216,-1.926
284.54,1.024,1.325,11,10,0.352,12,0.234,-1.817
284.67,1.023,1.324,11,10,0.352,12,0.190,-2.080
284.80,1.024,1.325,11,10,0.352,12,0.200,-2.019
284.93,1.024,1.325,11,10,0.352,12,0.216,-1.926
285.06,1.025,1.325,11,10,0.352,12,0.049,-2.041
285.18,1.025,1.325,11,10,0.352,12,0.051,-1.929
285.31,1.023,1.325,11,10,0.352,12,0.209,-1.968
285.44,1.024,1.324,11,10,0.352,12,0.219,-1.907
285.57,1.025,1.325,11,10,0.352,12,0.049,-2.038
285.70,1.023,1.324,11,10,0.352,12,0.196,-2.041
285.82,1.023,1.324,11,10,0.352,12,0.215,-1.929
285.95,1.024,1.325,11,10,0.352,12,0.220,-1.904
286.08,1.025,1.325,11,10,0.352,12,0.049,-2.037
286.21,1.023,1.324,11,10,0.352,12,0.196,-2.041
286.34,1.023,1.324,11,10,0.352,12,0.215,-1.929
286.46,1.025,1.325,11,10,0.352,12,0.048,-2.128
286.59,1.025,1.325,11,10,0.352,12,0.050,-1.968
286.72,1.024,1.325,11,10,0.352,12,0.197,-2.038
286.85,1.024,1.325,11,10,0.352,12,0.215,-1.929
286.98,1.023,1.325,11,10,0.352,12,0.178,-2.153
287.10,1.025,1.325,11,10,0.352,12,0.051,-1.929
287.23,1.024,1.325,11,10,0.352,12,0.197,-2.036
287.36,1.024,1.325,11,10,0.352,12,0.215,-1.928
287.49,1.025,1.325,11,10,0.352,12,0.049,-2.041
287.62,1.023,1.324,11,10,0.352,12,0.196,-2.041
287.74,1.024,1.325,11,10,0.352,12,0.201,-2.016
287.87,1.024,1.325,11,10,0.352,12,0.228,-1.856
288.00,1.025,1.325,11,10,0.352,12,0.050,-2.019
288.13,1.023,1.324,11,10,0.352,12,0.196,-2.041
288.26,1.023,1.324,11,10,0.352,12,0.215,-1.929
288.38,1.025,1.325,11,10,0.352,12,0.048,-2.128
288.51,1.025,1.325,11,10,0.352,12,0.050,-1.968
288.64,1.024,1.325,11,10,0.352,12,0.197,-2.038
288.77,1.024,1.325,11,10,0.352,12,0.215,-1.929
288.90,1.025,1.325,11,10,0.352,12,0.048,-2.128
289.02,1.025,1.325,11,10,0.352,12,0.050,-1.968
289.15,1.024,1.325,11,10,0.352,12,0.197,-2.038
289.28,1.024,1.325,11,10,0.352,12,0.215,-1.929
289.41,1.024,1.324,11,10,0.352,12,0.049,-2.041
289.54,1.025,1.325,11,10,0.352,12,0.051,-1.929
289.66,1.024,1.325,11,10,0.352,12,0.197,-2.037
289.79,1.024,1.325,11,10,0.352,12,0.215,-1.929
289.92,1.025,1.325,11,10,0.352,12,0.049,-2.041
290.05,1.026,1.325,11,10,0.352,12,0.051,-1.929
290.18,1.024,1.324,11,10,0.352,12,0.209,-1.968
290.30,1.024,1.325,11,10,0.352,12,0.048,-2.131
290.43,1.025,1.325,11,10,0.352,12,0.050,-1.969
290.56,1.023,1.325,11,10,0.352,12,0.197,-2.038
290.69,1.024,1.325,11,10,0.352,12,0.201,-2.016
290.82,1.024,1.325,11,10,0.352,12,0.228,-1.856
290.94,1.025,1.325,11,10,0.352,12,0.050,-2.019
291.07,1.024,1.325,11,10,0.352,12,0.196,-2.041
291.20,1.024,1.324,11,10,0.352,12,0.215,-1.929
291.33,1.024,1.325,11,10,0.352,12,0.234,-1.817
291.46,1.026,1.326,11,10,0.352,12,0.050,-2.016
291.58,1.024,1.325,11,10,0.352,12,0.196,-2.041
291.71,1.024,1.324,11,10,0.352,12,0.215,-1.929
291.84,1.024,1.325,11,10,0.352,12,0.049,-2.041
291.97,1.025,1.324,11,10,0.352,12,0.051,-1.929
292.10,1.023,1.324,11,10,0.352,12,0.209,-1.968
292.22,1.024,1.324,11,10,0.352,12,0.219,-1.907
292.35,1.025,1.324,11,10,0.352,12,0.049,-2.038
292.48,1.023,1.324,11,10,0.352,12,0.196,-2.041
292.61,1.024,1.324,11,10,0.352,12,0.201,-2.016
292.74,1.024,1.324,11,10,0.352,12,0.216,-1.925
292.86,1.025,1.325,11,10,0.352,12,0.049,-2.041
292.99,1.023,1.324,11,10,0.352,12,0.196,-2.041
293.12,1.024,1.325,11,10,0.352,12,0.201,-2.016
293.25,1.024,1.325,11,10,0.352,12,0.228,-1.856
293.38,1.025,1.325,11,10,0.352,12,0.050,-2.019
293.50,1.024,1.325,11,10,0.352,12,0.196,-2.041
293.63,1.024,1.324,11,10,0.352,12,0.215,-1.929
293.76,1.025,1.325,11,10,0.352,12,0.048,-2.128
293.89,1.025,1.324,11,10,0.352,12,0.050,-1.968
294.02,1.024,1.325,11,10,0.352,12,0.197,-2.038
294.14,1.024,1.324,11,10,0.352,12,0.215,-1.929
294.27,1.024,1.325,11,10,0.352,12,0.049,-2.041
294.40,1.025,1.324,11,10,0.352,12,0.051,-1.929
294.53,1.024,1.325,11,10,0.352,12,0.197,-2.037
294.66,1.024,1.324,11,10,0.352,12,0.215,-1.929
294.78,1.025,1.325,11,10,0.352,12,0.049,-2.041
294.91,1.023,1.324,11,10,0.352,12,0.196,-2.041
295.04,1.024,1.324,11,10,0.352,12,0.201,-2.016
295.17,1.024,1.324,11,10,0.352,12,0.228,-1.856
295.30,1.025,1.325,11,10,0.352,12,0.050,-2.019
295.42,1.023,1.325,11,10,0.352,12,0.196,-2.041
295.55,1.024,1.325,11,10,0.352,12,0.201,-2.016
295.68,1.024,1.324,11,10,0.352,12,0.228,-1.856
295.81,1.025,1.325,11,10,0.352,12,0.050,-2.019
295.94,1.023,1.325,11,10,0.352,12,0.196,-2.041
296.06,1.023,1.324,11,10,0.352,12,0.215,-1.929
296.19,1.024,1.324,11,10,0.352,12,0.234,-1.817
296.32,1.025,1.325,11,10,0.352,12,0.050,-2.016
296.45,1.024,1.325,11,10,0.352,12,0.196,-2.041
296.58,1.024,1.324,11,10,0.352,12,0.215,-1.929
296.70,1.024,1.324,11,10,0.352,12,0.049,-2.041
296.83,1.025,1.324,11,10,0.352,12,0.051,-1.929
296.96,1.024,1.325,11,10,0.352,12,0.197,-2.037
297.09,1.024,1.324,11,10,0.352,12,0.215,-1.929
297.22,1.024,1.324,11,10,0.352,12,0.049,-2.041
297.34,1.022,1.323,11,10,0.352,12,0.196,-2.041
297.47,1.024,1.324,11,10,0.352,12,0.201,-2.016
297.60,1.024,1.325,11,10,0.352,12,0.216,-1.925
297.73,1.025,1.325,11,10,0.352,12,0.049,-2.041
297.86,1.023,1.324,11,10,0.352,12,0.196,-2.041
297.98,1.024,1.325,11,10,0.352,12,0.201,-2.016
298.11,1.024,1.324,11,10,0.352,12,0.228,-1.856
298.24,1.025,1.325,11,10,0.352,12,0.050,-2.019
298.37,1.023,1.325,11,10,0.352,12,0.196,-2.041
298.50,1.024,1.325,11,10,0.352,12,0.201,-2.016
298.62,1.024,1.324,11,10,0.352,12,0.228,-1.856
298.75,1.025,1.325,11,10,0.352,12,0.050,-2.019
298.88,1.024,1.325,11,10,0.352,12,0.196,-2.041
299.01,1.024,1.325,11,10,0.352,12,0.215,-1.929
299.14,1.024,1.324,11,10,0.352,12,0.234,-1.817
299.26,1.023,1.325,11,10,0.352,12,0.190,-2.080
299.39,1.024,1.325,11,10,0.352,12,0.200,-2.019
299.52,1.024,1.324,11,10,0.352,12,0.216,-1.926
299.65,1.024,1.324,11,10,0.352,12,0.049,-2.041
299.78,1.022,1.324,11,10,0.352,12,0.196,-2.041
299.90,1.024,1.324,11,10,0.352,12,0.201,-2.016
