time,x,y,row,col,coverage,collision_count,v,w
0.13,-1.322,-1.349,0,0,0.009,1,0.465,0.448
0.26,-1.294,-1.348,0,0,0.009,1,0.405,0.802
0.38,-1.265,-1.346,0,0,0.009,1,0.405,0.800
0.51,-1.237,-1.345,0,0,0.009,1,0.405,0.800
0.64,-1.209,-1.344,0,0,0.009,1,0.405,0.800
0.77,-1.181,-1.343,0,0,0.009,1,0.405,0.800
0.90,-1.153,-1.341,0,0,0.009,1,0.405,0.800
1.02,-1.125,-1.340,0,0,0.009,1,0.405,0.800
1.15,-1.097,-1.339,0,1,0.019,1,0.405,0.800
1.28,-1.068,-1.338,0,1,0.019,1,0.405,0.800
1.41,-1.040,-1.336,0,1,0.019,1,0.405,0.800
1.54,-1.012,-1.335,0,1,0.019,1,0.405,0.800
1.66,-0.984,-1.334,0,1,0.019,1,0.405,0.800
1.79,-0.956,-1.333,0,1,0.019,1,0.405,0.800
1.92,-0.928,-1.331,0,1,0.019,1,0.405,0.800
2.05,-0.900,-1.330,0,1,0.019,1,0.405,0.800
2.18,-0.872,-1.329,0,2,0.028,1,0.405,0.800
2.30,-0.843,-1.328,0,2,0.028,1,0.405,0.800
2.43,-0.815,-1.326,0,2,0.028,1,0.405,0.800
2.56,-0.787,-1.325,0,2,0.028,1,0.405,0.800
2.69,-0.759,-1.324,0,2,0.028,1,0.405,0.800
2.82,-0.731,-1.322,0,2,0.028,1,0.405,0.800
2.94,-0.703,-1.321,0,2,0.028,1,0.405,0.800
3.07,-0.675,-1.320,0,2,0.028,1,0.405,0.800
3.20,-0.646,-1.318,0,3,0.037,1,0.481,0.352
3.33,-0.618,-1.317,0,3,0.037,1,0.524,-0.096
3.46,-0.590,-1.316,0,3,0.037,1,0.448,-0.544
3.58,-0.562,-1.314,0,3,0.037,1,0.373,-0.992
3.71,-0.534,-1.313,0,3,0.037,1,0.298,-1.440
3.84,-0.513,-1.312,0,3,0.037,1,0.254,-1.700
3.97,-0.498,-1.312,0,3,0.037,1,0.254,-1.700
4.10,-0.483,-1.312,0,3,0.037,1,0.254,-1.700
4.22,-0.468,-1.312,0,3,0.037,1,0.254,-1.700
4.35,-0.453,-1.312,0,3,0.037,1,0.254,-1.700
4.48,-0.437,-1.311,0,3,0.037,1,0.254,-1.700
4.61,-0.422,-1.311,0,3,0.037,1,0.254,-1.700
4.74,-0.407,-1.311,0,3,0.037,1,0.254,-1.700
4.86,-0.392,-1.311,0,3,0.037,1,0.254,-1.700
4.99,-0.377,-1.310,0,3,0.037,1,0.254,-1.700
5.12,-0.362,-1.310,0,3,0.037,1,0.254,-1.700
5.25,-0.347,-1.310,0,4,0.046,1,0.254,-1.700
5.38,-0.332,-1.310,0,4,0.046,1,0.254,-1.700
5.50,-0.317,-1.309,0,4,0.046,1,0.254,-1.700
5.63,-0.302,-1.309,0,4,0.046,1,0.254,-1.700
5.76,-0.287,-1.309,0,4,0.046,1,0.254,-1.700
5.89,-0.272,-1.308,0,4,0.046,1,0.254,-1.700
6.02,-0.257,-1.308,0,4,0.046,1,0.254,-1.700
6.14,-0.243,-1.308,0,4,0.046,1,0.058,-1.476
6.27,-0.239,-1.309,0,4,0.046,1,0.065,-1.028
6.40,-0.236,-1.312,0,4,0.046,1,0.071,-0.580
6.53,-0.229,-1.314,0,4,0.046,1,0.078,-0.132
6.66,-0.220,-1.316,0,4,0.046,1,0.075,0.316
6.78,-0.211,-1.317,0,4,0.046,1,0.069,0.764
6.91,-0.203,-1.318,0,4,0.046,1,0.062,1.212
7.04,-0.197,-1.317,0,4,0.046,1,0.055,1.660
7.17,-0.191,-1.314,0,4,0.046,1,0.048,2.108
7.30,-0.190,-1.309,0,5,0.056,1,0.042,2.556
7.42,-0.187,-1.301,0,5,0.056,1,0.185,2.108
7.55,-0.176,-1.288,0,5,0.056,1,0.261,1.660
7.68,-0.159,-1.270,0,5,0.056,1,0.336,1.212
7.81,-0.141,-1.248,0,5,0.056,1,0.411,0.764
7.94,-0.123,-1.227,0,5,0.056,1,0.487,0.316
8.06,-0.108,-1.208,0,5,0.056,1,0.540,0.000
8.19,-0.105,-1.198,0,5,0.056,2,0.502,0.224
8.32,-0.103,-1.185,0,5,0.056,2,0.529,0.065
8.45,-0.097,-1.175,0,5,0.056,2,0.539,0.006
8.58,-0.088,-1.168,0,5,0.056,2,0.540,0.001
8.70,-0.077,-1.163,0,5,0.056,2,0.078,0.112
8.83,-0.075,-1.161,0,5,0.056,2,0.072,0.560
8.96,-0.075,-1.161,0,5,0.056,2,0.065,1.008
9.09,-0.077,-1.159,0,5,0.056,2,0.295,1.456
9.22,-0.076,-1.155,0,5,0.056,2,0.333,1.232
9.34,-0.077,-1.148,0,5,0.056,2,0.408,0.784
9.47,-0.080,-1.142,0,5,0.056,2,0.483,0.336
9.60,-0.083,-1.134,0,5,0.056,2,0.540,0.001
9.73,-0.085,-1.128,0,5,0.056,2,0.540,0.000
9.86,-0.085,-1.121,0,5,0.056,2,0.540,0.000
9.98,-0.084,-1.114,0,5,0.056,2,0.502,0.224
10.11,-0.082,-1.108,0,5,0.056,2,0.441,0.591
10.24,-0.079,-1.103,0,5,0.056,2,0.450,0.536
10.37,-0.076,-1.099,1,5,0.065,2,0.525,0.088
10.50,-0.075,-1.096,1,5,0.065,2,0.540,0.002
10.62,-0.074,-1.093,1,5,0.065,2,0.540,0.000
10.75,-0.073,-1.090,1,5,0.065,2,0.540,0.000
10.88,-0.072,-1.088,1,5,0.065,2,0.540,0.000
11.01,-0.072,-1.085,1,5,0.065,2,0.540,0.000
11.14,-0.072,-1.083,1,5,0.065,2,0.540,0.000
11.26,-0.071,-1.082,1,5,0.065,2,0.540,0.000
11.39,-0.071,-1.080,1,5,0.065,2,0.540,0.000
11.52,-0.071,-1.078,1,5,0.065,2,0.540,0.000
11.65,-0.071,-1.077,1,5,0.065,2,0.540,0.000
11.78,-0.071,-1.075,1,5,0.065,2,0.540,0.000
11.90,-0.071,-1.074,1,5,0.065,2,0.540,0.000
12.03,-0.070,-1.072,1,5,0.065,2,0.540,0.000
12.16,-0.070,-1.070,1,5,0.065,2,0.540,0.000
12.29,-0.070,-1.068,1,5,0.065,2,0.540,0.000
12.42,-0.070,-1.066,1,5,0.065,2,0.540,0.000
12.54,-0.069,-1.064,1,5,0.065,2,0.540,0.000
12.67,-0.069,-1.061,1,5,0.065,2,0.540,0.000
12.80,-0.069,-1.058,1,5,0.065,2,0.540,0.000
12.93,-0.068,-1.055,1,5,0.065,2,0.540,0.000
13.06,-0.067,-1.052,1,5,0.065,2,0.540,0.000
13.18,-0.066,-1.049,1,5,0.065,2,0.540,0.000
13.31,-0.065,-1.046,1,5,0.065,2,0.540,0.000
13.44,-0.064,-1.043,1,5,0.065,2,0.540,0.000
13.57,-0.062,-1.040,1,5,0.065,2,0.540,0.000
13.70,-0.061,-1.037,1,5,0.065,2,0.540,0.000
13.82,-0.060,-1.034,1,5,0.065,2,0.521,0.112
13.95,-0.059,-1.031,1,5,0.065,2,0.446,0.560
14.08,-0.058,-1.028,1,5,0.065,2,0.406,0.796
14.21,-0.057,-1.025,1,5,0.065,2,0.405,0.800
14.34,-0.056,-1.022,1,5,0.065,2,0.405,0.800
14.46,-0.055,-1.019,1,5,0.065,2,0.405,0.800
14.59,-0.054,-1.016,1,5,0.065,2,0.405,0.800
14.72,-0.053,-1.013,1,5,0.065,2,0.405,0.800
14.85,-0.047,-1.010,1,5,0.065,2,0.405,0.800
14.98,-0.045,-1.004,1,5,0.065,2,0.405,0.800
15.10,-0.044,-0.998,1,5,0.065,2,0.405,0.800
15.23,-0.042,-0.991,1,5,0.065,2,0.405,0.800
15.36,-0.041,-0.983,1,5,0.065,2,0.405,0.800
15.49,-0.041,-0.975,1,5,0.065,2,0.405,0.800
15.62,-0.041,-0.966,1,5,0.065,2,0.405,0.800
15.74,-0.028,-0.954,1,5,0.065,3,0.443,0.576
15.87,-0.006,-0.942,1,5,0.065,3,0.411,0.764
16.00,0.018,-0.928,1,5,0.065,3,0.425,0.682
16.13,0.043,-0.914,1,5,0.065,3,0.416,0.734
16.26,0.067,-0.900,1,5,0.065,3,0.446,0.556
16.38,0.092,-0.886,1,5,0.065,3,0.484,0.332
16.51,0.116,-0.872,2,6,0.083,3,0.484,0.332
16.64,0.141,-0.858,2,6,0.083,3,0.528,0.070
16.77,0.165,-0.844,2,6,0.083,3,0.528,0.070
16.90,0.190,-0.830,2,6,0.083,3,0.476,-0.378
17.02,0.214,-0.816,2,6,0.083,3,0.074,-0.378
17.15,0.222,-0.812,2,6,0.083,3,0.068,-0.826
17.28,0.230,-0.810,2,6,0.083,3,0.061,-1.274
17.41,0.237,-0.808,2,6,0.083,3,0.054,-1.722
17.54,0.244,-0.808,2,7,0.083,3,0.047,-2.170
17.66,0.249,-0.811,2,7,0.083,3,0.175,-2.170
17.79,0.261,-0.817,2,7,0.083,4,0.250,-1.722
17.92,0.270,-0.827,2,7,0.083,5,0.326,-1.274
18.05,0.295,-0.839,2,7,0.083,5,0.401,-0.826
18.18,0.321,-0.851,2,7,0.083,5,0.476,-0.378
18.30,0.346,-0.864,2,7,0.083,5,0.540,-0.000
18.43,0.371,-0.876,2,7,0.083,5,0.540,-0.000
18.56,0.397,-0.888,2,7,0.083,5,0.540,-0.000
18.69,0.422,-0.900,2,7,0.083,5,0.465,-0.448
18.82,0.447,-0.913,2,7,0.083,5,0.406,-0.793
18.94,0.473,-0.925,2,7,0.083,5,0.443,-0.574
19.07,0.498,-0.937,2,7,0.083,5,0.519,-0.126
19.20,0.523,-0.950,2,7,0.083,5,0.486,0.322
19.33,0.549,-0.962,2,7,0.083,5,0.410,0.770
19.46,0.574,-0.974,2,7,0.083,5,0.405,0.800
19.58,0.600,-0.986,1,8,0.102,5,0.330,1.248
19.71,0.623,-0.997,1,8,0.102,5,0.255,1.692
19.84,0.642,-1.005,1,8,0.102,5,0.254,1.699
19.97,0.662,-1.011,1,8,0.102,5,0.254,1.700
20.10,0.683,-1.016,1,8,0.102,5,0.254,1.700
20.22,0.704,-1.019,1,8,0.102,5,0.254,1.700
20.35,0.725,-1.020,1,8,0.102,5,0.053,1.812
20.48,0.732,-1.019,1,8,0.102,5,0.197,2.036
20.61,0.745,-1.015,1,9,0.111,5,0.249,1.727
20.74,0.763,-1.010,1,9,0.111,5,0.253,1.702
20.86,0.783,-1.004,1,9,0.111,5,0.254,1.700
20.99,0.803,-0.996,1,9,0.111,5,0.254,1.700
21.12,0.822,-0.987,1,9,0.111,5,0.254,1.700
21.25,0.840,-0.977,1,9,0.111,5,0.254,1.700
21.38,0.857,-0.965,1,9,0.111,5,0.254,1.700
21.50,0.874,-0.951,1,9,0.111,5,0.254,1.700
21.63,0.889,-0.937,1,9,0.111,5,0.254,1.700
21.76,0.902,-0.921,1,9,0.111,6,0.254,1.700
21.89,0.915,-0.904,1,9,0.111,6,0.254,1.700
22.02,0.926,-0.887,1,9,0.111,6,0.273,1.588
22.14,0.939,-0.864,1,9,0.111,6,0.348,1.140
22.27,0.952,-0.840,1,9,0.111,6,0.310,1.364
22.40,0.964,-0.817,1,9,0.111,6,0.276,1.567
22.53,0.975,-0.793,1,9,0.111,6,0.318,1.321
22.66,0.987,-0.768,2,10,0.130,6,0.393,0.873
22.78,0.999,-0.743,2,10,0.130,6,0.468,0.425
22.91,1.011,-0.717,2,10,0.130,6,0.468,0.425
23.04,1.023,-0.692,2,10,0.130,6,0.409,0.776
23.17,1.035,-0.666,2,10,0.130,6,0.406,0.798
23.30,1.047,-0.641,2,10,0.130,6,0.405,0.800
23.42,1.060,-0.615,2,10,0.130,6,0.405,0.800
23.55,1.072,-0.590,2,10,0.130,6,0.405,0.800
23.68,1.084,-0.564,3,10,0.139,6,0.405,0.800
23.81,1.096,-0.539,3,10,0.139,6,0.405,0.800
23.94,1.108,-0.513,3,10,0.139,6,0.405,0.800
24.06,1.120,-0.488,3,10,0.139,6,0.405,0.800
24.19,1.132,-0.463,3,10,0.139,6,0.405,0.800
24.32,1.144,-0.437,3,10,0.139,6,0.405,0.800
24.45,1.156,-0.412,3,10,0.139,6,0.405,0.800
24.58,1.168,-0.386,3,10,0.139,6,0.405,0.800
24.70,1.180,-0.361,4,11,0.157,6,0.330,1.248
24.83,1.191,-0.337,4,11,0.157,6,0.255,1.692
24.96,1.199,-0.318,4,11,0.157,6,0.254,1.699
25.09,1.205,-0.298,4,11,0.157,6,0.254,1.700
25.22,1.209,-0.277,4,11,0.157,6,0.254,1.700
25.34,1.212,-0.256,4,11,0.157,6,0.254,1.700
25.47,1.213,-0.235,4,11,0.157,6,0.310,1.364
25.60,1.215,-0.208,4,11,0.157,6,0.348,1.140
25.73,1.217,-0.181,5,11,0.167,6,0.273,1.588
25.86,1.218,-0.157,5,11,0.167,6,0.316,1.330
25.98,1.220,-0.131,5,11,0.167,6,0.316,1.330
26.11,1.221,-0.105,5,11,0.167,6,0.354,1.106
26.24,1.223,-0.076,5,11,0.167,6,0.334,1.225
26.37,1.224,-0.051,5,11,0.167,6,0.296,1.449
26.50,1.225,-0.026,5,11,0.167,6,0.298,1.440
26.62,1.226,-0.002,5,11,0.167,6,0.335,1.216
26.75,1.227,0.025,6,11,0.176,6,0.336,1.211
26.88,1.229,0.052,6,11,0.176,6,0.298,1.435
27.01,1.230,0.076,6,11,0.176,6,0.298,1.435
27.14,1.231,0.101,6,11,0.176,6,0.309,1.370
27.26,1.232,0.126,6,11,0.176,6,0.273,1.587
27.39,1.233,0.149,6,11,0.176,6,0.327,1.264
27.52,1.234,0.173,6,11,0.176,6,0.289,1.488
27.65,1.235,0.198,6,11,0.176,6,0.298,1.437
27.78,1.236,0.222,6,11,0.176,6,0.267,1.621
27.90,1.237,0.245,6,11,0.176,6,0.317,1.326
28.03,1.237,0.269,6,11,0.176,6,0.317,1.326
28.16,1.238,0.296,6,11,0.176,6,0.317,1.323
28.29,1.239,0.320,6,11,0.176,6,0.317,1.323
28.42,1.240,0.346,6,11,0.176,6,0.280,1.547
28.54,1.240,0.371,6,11,0.176,6,0.328,1.262
28.67,1.241,0.395,6,11,0.176,6,0.290,1.486
28.80,1.242,0.414,7,11,0.185,6,0.284,1.520
28.93,1.242,0.435,7,11,0.185,6,0.293,1.466
29.06,1.243,0.454,7,11,0.185,6,0.257,1.679
29.18,1.243,0.469,7,11,0.185,6,0.254,1.698
29.31,1.243,0.484,7,11,0.185,6,0.254,1.700
29.44,1.244,0.500,7,11,0.185,6,0.254,1.700
29.57,1.244,0.518,7,11,0.185,6,0.264,1.640
29.70,1.245,0.534,7,11,0.185,6,0.255,1.695
29.82,1.246,0.554,8,11,0.194,6,0.330,1.247
29.95,1.247,0.582,8,11,0.194,6,0.404,0.807
30.08,1.248,0.610,8,11,0.194,6,0.405,0.801
30.21,1.249,0.638,8,11,0.194,6,0.405,0.800
30.34,1.250,0.666,8,11,0.194,6,0.405,0.800
30.46,1.251,0.694,8,11,0.194,6,0.405,0.800
30.59,1.253,0.722,8,11,0.194,6,0.405,0.800
30.72,1.254,0.750,8,11,0.194,6,0.405,0.800
30.85,1.255,0.779,9,11,0.204,6,0.330,1.248
30.98,1.256,0.803,9,11,0.204,6,0.255,1.692
31.10,1.256,0.820,9,11,0.204,6,0.254,1.699
31.23,1.257,0.835,9,11,0.204,6,0.254,1.700
31.36,1.257,0.850,9,11,0.204,6,0.254,1.700
31.49,1.257,0.865,9,11,0.204,6,0.254,1.700
31.62,1.257,0.877,9,11,0.204,6,0.049,2.036
31.74,1.255,0.884,9,11,0.204,6,0.053,1.812
31.87,1.249,0.895,9,11,0.204,6,0.310,1.364
32.00,1.240,0.915,9,11,0.204,6,0.348,1.140
32.13,1.229,0.940,9,11,0.204,6,0.273,1.588
32.26,1.219,0.959,9,11,0.204,6,0.254,1.697
32.38,1.208,0.977,9,11,0.204,6,0.254,1.700
32.51,1.196,0.993,9,11,0.204,6,0.254,1.700
32.64,1.182,1.009,9,11,0.204,6,0.254,1.700
32.77,1.167,1.024,9,11,0.204,7,0.254,1.700
32.90,1.154,1.030,10,11,0.213,7,0.329,1.252
33.02,1.136,1.032,10,11,0.213,7,0.405,0.804
33.15,1.116,1.032,10,11,0.213,7,0.407,0.789
33.28,1.097,1.034,10,11,0.213,7,0.483,0.341
33.41,1.077,1.039,10,11,0.213,7,0.522,-0.107
33.54,1.064,1.044,10,11,0.213,7,0.522,-0.107
33.66,1.048,1.044,10,11,0.213,7,0.483,0.341
33.79,1.033,1.049,10,11,0.213,7,0.407,0.789
33.92,1.020,1.059,10,10,0.222,7,0.403,0.814
34.05,1.008,1.068,10,10,0.222,7,0.401,0.824
34.18,0.998,1.077,10,10,0.222,7,0.393,0.872
34.30,0.988,1.086,10,10,0.222,7,0.387,0.907
34.43,0.977,1.091,10,10,0.222,7,0.386,0.912
34.56,0.965,1.105,10,10,0.222,7,0.376,0.973
34.69,0.953,1.118,10,10,0.222,7,0.371,1.007
34.82,0.941,1.131,10,10,0.222,7,0.363,1.053
34.94,0.930,1.148,11,10,0.231,7,0.349,1.137
35.07,0.918,1.173,11,10,0.231,7,0.338,1.202
35.20,0.908,1.193,11,10,0.231,7,0.057,1.547
35.33,0.900,1.200,11,10,0.231,7,0.256,1.686
35.46,0.890,1.209,11,10,0.231,7,0.256,1.686
35.58,0.875,1.222,11,10,0.231,7,0.294,1.462
35.71,0.858,1.235,11,10,0.231,7,0.058,1.462
35.84,0.839,1.247,11,10,0.231,7,0.061,1.297
35.97,0.822,1.256,11,9,0.241,7,0.300,1.427
36.10,0.802,1.266,11,9,0.241,7,0.319,1.310
36.22,0.781,1.276,11,9,0.241,7,0.057,1.526
36.35,0.761,1.284,11,9,0.241,7,0.059,1.381
36.48,0.744,1.290,11,9,0.241,7,0.302,1.414
36.61,0.719,1.299,11,9,0.241,7,0.331,1.242
36.74,0.698,1.306,11,9,0.241,7,0.335,1.217
36.86,0.677,1.312,11,9,0.241,7,0.342,1.177
36.99,0.656,1.318,11,8,0.250,7,0.266,1.625
37.12,0.635,1.323,11,8,0.250,8,0.252,1.713
37.25,0.615,1.326,11,8,0.250,8,0.254,1.701
37.38,0.594,1.327,11,8,0.250,8,0.254,1.700
37.50,0.578,1.328,11,8,0.250,8,0.254,1.700
37.63,0.563,1.328,11,8,0.250,8,0.254,1.700
37.76,0.548,1.329,11,8,0.250,8,0.254,1.700
37.89,0.533,1.329,11,8,0.250,8,0.254,1.700
38.02,0.518,1.330,11,8,0.250,8,0.254,1.700
38.14,0.503,1.330,11,8,0.250,8,0.254,1.700
38.27,0.488,1.331,11,8,0.250,8,0.254,1.700
38.40,0.473,1.331,11,8,0.250,8,0.254,1.700
38.53,0.458,1.332,11,8,0.250,8,0.254,1.700
38.66,0.443,1.333,11,8,0.250,8,0.254,1.700
38.78,0.427,1.333,11,8,0.250,8,0.254,1.700
38.91,0.412,1.334,11,8,0.250,8,0.254,1.700
39.04,0.393,1.335,11,7,0.259,8,0.329,1.252
39.17,0.365,1.336,11,7,0.259,8,0.404,0.808
39.30,0.337,1.337,11,7,0.259,8,0.402,0.821
39.42,0.309,1.339,11,7,0.259,8,0.400,0.831
39.55,0.280,1.340,11,7,0.259,8,0.392,0.880
39.68,0.252,1.342,11,7,0.259,8,0.388,0.904
39.81,0.224,1.343,11,7,0.259,8,0.398,0.845
39.94,0.196,1.344,11,7,0.259,8,0.390,0.893
40.06,0.168,1.346,11,6,0.269,8,0.314,1.341
40.19,0.145,1.347,11,6,0.269,8,0.255,1.694
40.32,0.129,1.347,11,6,0.269,8,0.254,1.699
40.45,0.114,1.348,11,6,0.269,8,0.254,1.700
40.58,0.099,1.348,11,6,0.269,8,0.254,1.700
40.70,0.084,1.348,11,6,0.269,8,0.254,1.700
40.83,0.069,1.349,11,6,0.269,8,0.254,1.700
40.96,0.054,1.349,11,6,0.269,8,0.254,1.700
41.09,0.039,1.349,11,6,0.269,8,0.254,1.700
41.22,0.024,1.350,11,6,0.269,8,0.254,1.700
41.34,0.009,1.350,11,6,0.269,8,0.254,1.700
41.47,-0.006,1.350,11,6,0.269,8,0.254,1.700
41.60,-0.021,1.351,11,6,0.269,8,0.254,1.700
41.73,-0.037,1.351,11,6,0.269,8,0.254,1.700
41.86,-0.052,1.351,11,6,0.269,8,0.254,1.700
41.98,-0.067,1.352,11,6,0.269,8,0.254,1.700
42.11,-0.082,1.352,11,5,0.278,8,0.254,1.700
42.24,-0.097,1.352,11,5,0.278,8,0.254,1.700
42.37,-0.112,1.353,11,5,0.278,8,0.254,1.700
42.50,-0.127,1.353,11,5,0.278,8,0.254,1.700
42.62,-0.142,1.354,11,5,0.278,8,0.254,1.700
42.75,-0.157,1.354,11,5,0.278,8,0.254,1.700
42.88,-0.172,1.354,11,5,0.278,8,0.254,1.700
43.01,-0.187,1.355,11,5,0.278,8,0.254,1.700
43.14,-0.202,1.355,11,5,0.278,8,0.254,1.700
43.26,-0.217,1.356,11,5,0.278,8,0.254,1.700
43.39,-0.232,1.356,11,5,0.278,8,0.254,1.700
43.52,-0.247,1.356,11,5,0.278,8,0.254,1.700
43.65,-0.262,1.357,11,5,0.278,8,0.254,1.700
43.78,-0.278,1.357,11,5,0.278,8,0.254,1.700
43.90,-0.293,1.358,11,5,0.278,8,0.254,1.700
44.03,-0.308,1.358,11,5,0.278,8,0.254,1.700
44.16,-0.323,1.358,11,4,0.287,8,0.254,1.700
44.29,-0.338,1.359,11,4,0.287,8,0.254,1.700
44.42,-0.353,1.359,11,4,0.287,8,0.254,1.700
44.54,-0.368,1.360,11,4,0.287,8,0.254,1.700
44.67,-0.383,1.360,11,4,0.287,8,0.254,1.700
44.80,-0.398,1.361,11,4,0.287,8,0.254,1.700
44.93,-0.413,1.361,11,4,0.287,8,0.254,1.700
45.06,-0.428,1.361,11,4,0.287,8,0.254,1.700
45.18,-0.443,1.362,11,4,0.287,8,0.254,1.700
45.31,-0.458,1.362,11,4,0.287,8,0.254,1.700
45.44,-0.473,1.363,11,4,0.287,8,0.254,1.700
45.57,-0.488,1.363,11,4,0.287,8,0.254,1.700
45.70,-0.503,1.364,11,4,0.287,8,0.254,1.700
45.82,-0.519,1.364,11,4,0.287,8,0.254,1.700
45.95,-0.534,1.365,11,4,0.287,8,0.254,1.700
46.08,-0.549,1.365,11,4,0.287,8,0.254,1.700
46.21,-0.569,1.366,11,3,0.296,8,0.329,1.252
46.34,-0.592,1.367,11,3,0.296,8,0.061,1.252
46.46,-0.598,1.366,11,3,0.296,8,0.055,1.700
46.59,-0.603,1.362,11,3,0.296,8,0.048,2.148
46.72,-0.603,1.356,11,3,0.296,8,0.048,2.148
46.85,-0.602,1.347,11,3,0.296,8,0.055,1.700
46.98,-0.602,1.341,11,3,0.296,8,0.048,2.148
47.10,-0.601,1.336,11,3,0.296,8,0.141,2.372
47.23,-0.605,1.323,11,3,0.296,8,0.216,1.924
47.36,-0.609,1.304,11,3,0.296,8,0.292,1.476
47.49,-0.613,1.277,11,3,0.296,8,0.367,1.028
47.62,-0.617,1.249,11,3,0.296,8,0.442,0.580
47.74,-0.621,1.221,11,3,0.296,8,0.518,0.132
47.87,-0.625,1.194,11,3,0.296,8,0.540,0.000
48.00,-0.630,1.166,11,3,0.296,8,0.540,0.000
48.13,-0.634,1.138,11,3,0.296,8,0.540,0.000
48.26,-0.638,1.110,11,3,0.296,8,0.540,0.000
48.38,-0.642,1.082,11,3,0.296,8,0.540,0.000
48.51,-0.647,1.054,11,3,0.296,8,0.465,0.448
48.64,-0.651,1.026,11,3,0.296,8,0.406,0.793
48.77,-0.655,0.999,11,3,0.296,8,0.405,0.799
48.90,-0.659,0.971,11,3,0.296,8,0.443,0.576
49.02,-0.664,0.943,11,3,0.296,8,0.518,0.128
49.15,-0.668,0.915,11,3,0.296,8,0.486,-0.320
49.28,-0.672,0.887,10,3,0.306,8,0.411,-0.768
49.41,-0.677,0.859,10,3,0.306,8,0.405,-0.800
49.54,-0.681,0.832,10,3,0.306,8,0.405,-0.800
49.66,-0.685,0.804,10,3,0.306,8,0.405,-0.800
49.79,-0.689,0.776,10,3,0.306,8,0.405,-0.800
49.92,-0.694,0.748,10,3,0.306,8,0.396,-0.853
50.05,-0.698,0.720,10,3,0.306,8,0.381,-0.945
50.18,-0.702,0.692,10,3,0.306,8,0.366,-1.032
50.30,-0.707,0.664,9,2,0.324,8,0.350,-1.127
50.43,-0.711,0.637,9,2,0.324,8,0.336,-1.213
50.56,-0.714,0.619,9,2,0.324,9,0.056,-1.583
50.69,-0.718,0.616,9,2,0.324,9,0.050,-2.031
50.82,-0.725,0.616,9,2,0.324,9,0.043,-2.479
50.94,-0.734,0.612,9,2,0.324,9,0.198,-2.031
51.07,-0.747,0.600,9,2,0.324,9,0.273,-1.583
51.20,-0.767,0.583,9,2,0.324,9,0.060,-1.359
51.33,-0.783,0.572,8,2,0.333,9,0.253,-1.705
51.46,-0.800,0.561,8,2,0.333,9,0.254,-1.700
51.58,-0.819,0.551,8,2,0.333,9,0.254,-1.700
51.71,-0.838,0.542,8,2,0.333,9,0.254,-1.700
51.84,-0.858,0.536,8,2,0.333,9,0.254,-1.700
51.97,-0.878,0.530,8,2,0.333,9,0.254,-1.700
52.10,-0.899,0.527,8,2,0.333,9,0.254,-1.700
52.22,-0.921,0.525,8,2,0.333,9,0.254,-1.700
52.35,-0.939,0.524,8,1,0.343,9,0.254,-1.700
52.48,-0.954,0.524,8,1,0.343,10,0.254,-1.700
52.61,-0.969,0.523,8,1,0.343,10,0.254,-1.700
52.74,-0.984,0.523,8,1,0.343,10,0.254,-1.700
52.86,-0.999,0.522,8,1,0.343,10,0.254,-1.700
52.99,-1.014,0.522,8,1,0.343,10,0.254,-1.700
53.12,-1.029,0.521,8,1,0.343,10,0.254,-1.700
53.25,-1.044,0.521,8,1,0.343,10,0.254,-1.700
53.38,-1.059,0.521,8,1,0.343,10,0.254,-1.700
53.50,-1.074,0.520,8,1,0.343,10,0.254,-1.700
53.63,-1.089,0.520,8,1,0.343,10,0.254,-1.700
53.76,-1.104,0.519,8,1,0.343,10,0.254,-1.700
53.89,-1.120,0.519,8,1,0.343,10,0.254,-1.700
54.02,-1.135,0.518,8,1,0.343,10,0.254,-1.700
54.14,-1.150,0.518,8,1,0.343,10,0.254,-1.700
54.27,-1.165,0.517,8,1,0.343,10,0.254,-1.700
54.40,-1.185,0.516,8,0,0.352,10,0.061,-1.252
54.53,-1.190,0.517,8,0,0.352,10,0.065,-1.028
54.66,-1.192,0.518,8,0,0.352,10,0.061,-1.239
54.78,-1.195,0.520,8,0,0.352,10,0.061,-1.239
54.91,-1.197,0.524,8,0,0.352,10,0.068,-0.791
55.04,-1.203,0.527,8,0,0.352,10,0.075,-0.343
55.17,-1.212,0.530,8,0,0.352,10,0.078,0.105
55.30,-1.221,0.533,8,0,0.352,10,0.075,0.329
55.42,-1.230,0.536,8,0,0.352,10,0.078,0.105
55.55,-1.239,0.538,8,0,0.352,10,0.075,-0.343
55.68,-1.246,0.541,8,0,0.352,10,0.068,-0.791
55.81,-1.249,0.546,8,0,0.352,10,0.061,-1.239
55.94,-1.250,0.551,8,0,0.352,10,0.058,-1.463
56.06,-1.251,0.558,8,0,0.352,10,0.065,-1.015
56.19,-1.256,0.563,8,0,0.352,10,0.071,-0.567
56.32,-1.264,0.569,8,0,0.352,10,0.078,-0.119
56.45,-1.271,0.575,8,0,0.352,10,0.075,0.329
56.58,-1.279,0.580,8,0,0.352,10,0.068,0.777
56.70,-1.286,0.584,8,0,0.352,10,0.072,0.553
56.83,-1.294,0.588,8,0,0.352,10,0.078,0.105
56.96,-1.303,0.593,8,0,0.352,10,0.075,-0.343
57.09,-1.311,0.597,8,0,0.352,10,0.068,-0.791
57.22,-1.317,0.603,8,0,0.352,10,0.061,-1.239
57.34,-1.320,0.609,8,0,0.352,10,0.055,-1.687
57.47,-1.323,0.616,8,0,0.352,11,0.048,-2.135
57.60,-1.323,0.620,8,0,0.352,11,0.041,-2.583
57.73,-1.322,0.625,8,0,0.352,11,0.040,-2.677
57.86,-1.321,0.627,8,0,0.352,11,0.039,-2.712
57.98,-1.318,0.630,8,0,0.352,11,0.046,-2.264
58.11,-1.311,0.628,8,0,0.352,11,0.047,-2.190
58.24,-1.302,0.625,8,0,0.352,11,0.040,-2.638
58.37,-1.296,0.622,8,0,0.352,11,0.100,-2.614
58.50,-1.287,0.624,8,0,0.352,11,0.175,-2.166
58.62,-1.272,0.626,8,0,0.352,11,0.251,-1.718
58.75,-1.251,0.628,8,0,0.352,11,0.326,-1.270
58.88,-1.223,0.631,8,0,0.352,11,0.402,-0.822
59.01,-1.195,0.633,8,0,0.352,11,0.477,-0.374
59.14,-1.167,0.636,8,0,0.352,11,0.540,-0.000
59.26,-1.139,0.639,8,0,0.352,11,0.540,-0.000
59.39,-1.111,0.641,8,0,0.352,11,0.540,-0.000
59.52,-1.083,0.644,8,1,0.352,11,0.540,-0.000
59.65,-1.055,0.647,8,1,0.352,11,0.540,-0.000
59.78,-1.027,0.649,8,1,0.352,11,0.540,-0.000
59.90,-0.999,0.652,8,1,0.352,11,0.540,-0.000
60.03,-0.971,0.655,8,1,0.352,11,0.540,-0.000
60.16,-0.943,0.657,8,1,0.352,11,0.540,-0.000
60.29,-0.915,0.660,8,1,0.352,11,0.540,-0.000
60.42,-0.886,0.663,8,1,0.352,11,0.540,-0.000
60.54,-0.858,0.666,8,2,0.352,11,0.540,-0.000
60.67,-0.830,0.668,8,2,0.352,11,0.521,0.112
60.80,-0.802,0.671,8,2,0.352,11,0.446,0.560
60.93,-0.774,0.674,8,2,0.352,11,0.935,0.682
61.06,-0.746,0.676,8,2,0.352,11,0.900,0.772
61.18,-0.718,0.679,8,2,0.352,11,0.372,0.997
61.31,-0.690,0.682,8,2,0.352,11,0.372,0.997
61.44,-0.662,0.684,8,2,0.352,11,0.353,1.113
61.57,-0.634,0.687,9,3,0.352,11,0.401,0.829
61.70,-0.606,0.690,9,3,0.352,11,0.405,0.803
61.82,-0.578,0.693,9,3,0.352,11,0.404,0.809
61.95,-0.550,0.695,9,3,0.352,11,0.456,0.499
62.08,-0.522,0.698,9,3,0.352,11,0.531,0.051
62.21,-0.494,0.701,9,3,0.352,11,0.473,-0.397
62.34,-0.466,0.703,9,3,0.352,11,0.398,-0.845
62.46,-0.438,0.706,9,3,0.352,11,0.322,-1.293
62.59,-0.425,0.707,9,4,0.361,11,0.247,-1.741
62.72,-0.413,0.706,9,4,0.361,11,0.285,-1.517
62.85,-0.414,0.705,9,4,0.361,12,0.275,-1.574
62.98,-0.415,0.705,9,4,0.361,12,0.275,-1.574
63.10,-0.415,0.704,9,4,0.361,12,0.059,-1.406
63.23,-0.415,0.704,9,4,0.361,12,0.303,-1.406
63.36,-0.415,0.703,9,4,0.361,12,0.315,-1.335
63.49,-0.415,0.702,9,4,0.361,12,0.310,-1.369
63.62,-0.415,0.701,9,4,0.361,12,0.314,-1.344
63.74,-0.415,0.700,9,4,0.361,12,0.317,-1.326
63.87,-0.414,0.699,9,4,0.361,12,0.317,-1.323
64.00,-0.414,0.698,9,4,0.361,12,0.317,-1.323
64.13,-0.414,0.697,9,4,0.361,12,0.317,-1.324
64.26,-0.414,0.695,9,4,0.361,12,0.321,-1.300
64.38,-0.414,0.694,9,4,0.361,12,0.321,-1.303
64.51,-0.414,0.692,9,4,0.361,12,0.324,-1.283
64.64,-0.414,0.691,9,4,0.361,12,0.327,-1.264
64.77,-0.414,0.689,9,4,0.361,12,0.326,-1.274
64.90,-0.413,0.687,9,4,0.361,12,0.329,-1.256
65.02,-0.413,0.686,9,4,0.361,12,0.326,-1.268
65.15,-0.413,0.684,9,4,0.361,12,0.323,-1.288
65.28,-0.413,0.681,9,4,0.361,12,0.333,-1.227
65.41,-0.413,0.679,9,4,0.361,12,0.325,-1.280
65.54,-0.412,0.677,9,4,0.361,12,0.335,-1.220
65.66,-0.412,0.674,9,4,0.361,12,0.335,-1.219
65.79,-0.411,0.672,9,4,0.361,12,0.341,-1.180
65.92,-0.411,0.669,9,4,0.361,12,0.349,-1.132
66.05,-0.409,0.666,9,4,0.361,12,0.350,-1.129
66.18,-0.407,0.660,9,4,0.361,12,0.368,-1.022
66.30,-0.403,0.654,9,4,0.361,13,0.397,-0.852
66.43,-0.398,0.647,9,4,0.361,13,0.405,-0.805
66.56,-0.390,0.640,9,4,0.361,13,0.405,-0.800
66.69,-0.383,0.632,8,4,0.370,13,0.481,-0.352
66.82,-0.376,0.624,8,4,0.370,13,0.524,0.096
66.94,-0.369,0.617,8,4,0.370,13,0.448,0.544
67.07,-0.361,0.609,8,4,0.370,13,0.373,0.992
67.20,-0.349,0.599,8,4,0.370,13,0.298,1.440
67.33,-0.334,0.588,8,4,0.370,13,0.254,1.700
67.46,-0.322,0.578,8,4,0.370,13,0.254,1.700
67.58,-0.311,0.572,8,4,0.370,13,0.254,1.700
67.71,-0.291,0.564,8,4,0.370,13,0.254,1.700
67.84,-0.271,0.559,8,4,0.370,13,0.254,1.700
67.97,-0.250,0.555,8,4,0.370,13,0.254,1.700
68.10,-0.229,0.553,8,4,0.370,13,0.254,1.700
68.22,-0.210,0.552,8,4,0.370,13,0.254,1.700
68.35,-0.195,0.552,8,4,0.370,13,0.254,1.700
68.48,-0.180,0.551,8,4,0.370,13,0.254,1.700
68.61,-0.165,0.551,8,4,0.370,13,0.254,1.700
68.74,-0.150,0.550,8,5,0.380,13,0.254,1.700
68.86,-0.135,0.550,8,5,0.380,13,0.254,1.700
68.99,-0.120,0.549,8,5,0.380,13,0.254,1.700
69.12,-0.105,0.549,8,5,0.380,13,0.254,1.700
69.25,-0.090,0.548,8,5,0.380,13,0.254,1.700
69.38,-0.075,0.547,8,5,0.380,13,0.254,1.700
69.50,-0.060,0.547,8,5,0.380,13,0.254,1.700
69.63,-0.045,0.546,8,5,0.380,13,0.254,1.700
69.76,-0.030,0.545,8,5,0.380,13,0.254,1.700
69.89,-0.015,0.544,8,5,0.380,13,0.254,1.700
70.02,-0.000,0.544,8,5,0.380,13,0.254,1.700
70.14,0.015,0.543,8,5,0.380,13,0.254,1.700
70.27,0.030,0.542,8,5,0.380,13,0.254,1.700
70.40,0.045,0.542,8,5,0.380,13,0.254,1.700
70.53,0.060,0.541,8,5,0.380,13,0.254,1.700
70.66,0.075,0.540,8,5,0.380,13,0.254,1.700
70.78,0.095,0.539,8,6,0.389,13,0.329,1.252
70.91,0.122,0.538,8,6,0.389,13,0.404,0.808
71.04,0.151,0.536,8,6,0.389,13,0.405,0.801
71.17,0.179,0.535,8,6,0.389,13,0.405,0.800
71.30,0.207,0.533,8,6,0.389,13,0.425,0.680
71.42,0.235,0.531,8,6,0.389,13,0.407,0.789
71.55,0.263,0.530,8,6,0.389,13,0.406,0.799
71.68,0.291,0.528,8,6,0.389,13,0.405,0.800
71.81,0.319,0.526,8,7,0.398,13,0.405,0.800
71.94,0.347,0.525,8,7,0.398,13,0.405,0.800
72.06,0.375,0.523,8,7,0.398,13,0.405,0.800
72.19,0.404,0.521,8,7,0.398,13,0.405,0.800
72.32,0.432,0.520,8,7,0.398,13,0.405,0.800
72.45,0.460,0.518,8,7,0.398,13,0.405,0.800
72.58,0.488,0.516,8,7,0.398,13,0.405,0.800
72.70,0.516,0.515,8,7,0.398,13,0.462,0.464
72.83,0.544,0.513,8,8,0.407,13,0.537,0.016
72.96,0.572,0.511,8,8,0.407,13,0.467,-0.432
73.09,0.600,0.510,8,8,0.407,13,0.392,-0.880
73.22,0.629,0.508,8,8,0.407,13,0.389,-0.900
73.34,0.657,0.506,8,8,0.407,13,0.389,-0.900
73.47,0.685,0.504,8,8,0.407,13,0.389,-0.900
73.60,0.713,0.503,8,8,0.407,13,0.389,-0.900
73.73,0.741,0.501,8,8,0.407,13,0.389,-0.900
73.86,0.769,0.499,8,9,0.417,13,0.313,-1.348
73.98,0.792,0.498,8,9,0.417,13,0.255,-1.693
74.11,0.809,0.495,8,9,0.417,13,0.254,-1.699
74.24,0.827,0.492,8,9,0.417,13,0.254,-1.700
74.37,0.846,0.488,8,9,0.417,13,0.254,-1.700
74.50,0.865,0.483,8,9,0.417,13,0.254,-1.700
74.62,0.885,0.477,8,9,0.417,13,0.254,-1.700
74.75,0.905,0.469,8,9,0.417,13,0.254,-1.700
74.88,0.927,0.459,8,10,0.426,13,0.329,-1.252
75.01,0.952,0.447,8,10,0.426,13,0.405,-0.804
75.14,0.978,0.435,8,10,0.426,13,0.480,-0.356
75.26,1.003,0.424,8,10,0.426,13,0.442,-0.580
75.39,1.029,0.412,8,10,0.426,13,0.405,-0.802
75.52,1.054,0.400,8,10,0.426,13,0.405,-0.800
75.65,1.080,0.388,8,10,0.426,13,0.391,-0.883
75.78,1.105,0.376,8,10,0.426,13,0.379,-0.958
75.90,1.131,0.364,7,10,0.435,13,0.364,-1.044
76.03,1.156,0.352,7,10,0.435,13,0.350,-1.130
76.16,1.182,0.340,7,10,0.435,13,0.336,-1.213
76.29,1.207,0.328,7,10,0.435,13,0.320,-1.309
76.42,1.228,0.318,7,10,0.435,13,0.056,-1.604
76.54,1.234,0.310,7,10,0.435,13,0.050,-2.017
76.67,1.242,0.300,7,10,0.435,13,0.238,-1.793
76.80,1.257,0.283,7,10,0.435,13,0.314,-1.345
76.93,1.266,0.270,7,11,0.435,13,0.053,-1.793
77.06,1.274,0.256,7,11,0.435,13,0.243,-1.764
77.18,1.282,0.238,7,11,0.435,13,0.253,-1.706
77.31,1.289,0.218,7,11,0.435,13,0.254,-1.701
77.44,1.295,0.198,7,11,0.435,13,0.254,-1.700
77.57,1.299,0.177,7,11,0.435,13,0.254,-1.700
77.70,1.301,0.156,7,11,0.435,13,0.254,-1.700
77.82,1.302,0.137,7,11,0.435,13,0.254,-1.700
77.95,1.302,0.121,6,11,0.435,13,0.254,-1.700
78.08,1.303,0.106,6,11,0.435,13,0.254,-1.700
78.21,1.303,0.091,6,11,0.435,13,0.254,-1.700
78.34,1.304,0.076,6,11,0.435,13,0.254,-1.700
78.46,1.304,0.061,6,11,0.435,13,0.254,-1.700
78.59,1.304,0.046,6,11,0.435,13,0.254,-1.700
78.72,1.305,0.031,6,11,0.435,14,0.254,-1.700
78.85,1.305,0.016,6,11,0.435,14,0.254,-1.700
78.98,1.306,-0.004,6,11,0.435,14,0.329,-1.252
79.10,1.307,-0.032,6,11,0.435,14,0.405,-0.804
79.23,1.308,-0.060,6,11,0.435,14,0.480,-0.356
79.36,1.310,-0.088,6,11,0.435,14,0.525,0.092
79.49,1.311,-0.116,6,11,0.435,14,0.449,0.540
79.62,1.312,-0.144,6,11,0.435,14,0.374,0.988
79.74,1.313,-0.172,6,11,0.435,14,0.298,1.436
79.87,1.314,-0.192,6,11,0.435,14,0.254,1.700
80.00,1.316,-0.209,5,11,0.435,14,0.254,1.700
80.13,1.319,-0.226,5,11,0.435,14,0.254,1.700
80.26,1.322,-0.244,5,11,0.435,14,0.254,1.700
80.38,1.326,-0.263,5,11,0.435,14,0.254,1.700
80.51,1.330,-0.282,5,11,0.435,14,0.254,1.700
80.64,1.336,-0.299,5,11,0.435,14,0.058,1.476
80.77,1.340,-0.303,5,11,0.435,14,0.065,1.028
80.90,1.345,-0.307,5,11,0.435,14,0.071,0.580
81.02,1.350,-0.315,4,11,0.435,14,0.078,0.132
81.15,1.356,-0.323,4,11,0.435,14,0.075,-0.316
81.28,1.360,-0.331,4,11,0.435,14,0.069,-0.764
81.41,1.363,-0.338,4,11,0.435,14,0.062,-1.212
81.54,1.365,-0.346,4,11,0.435,14,0.055,-1.660
81.66,1.367,-0.358,4,11,0.435,14,0.298,-1.436
81.79,1.370,-0.384,4,11,0.435,14,0.374,-0.988
81.92,1.373,-0.406,4,11,0.435,14,0.069,-0.764
82.05,1.375,-0.427,4,11,0.435,14,0.487,-0.316
82.18,1.378,-0.449,4,11,0.435,14,0.079,-0.092
82.30,1.379,-0.462,4,11,0.435,14,0.072,-0.540
82.43,1.381,-0.478,4,11,0.435,14,0.487,-0.316
82.56,1.383,-0.501,4,11,0.435,14,0.079,-0.092
82.69,1.384,-0.513,4,11,0.435,14,0.487,-0.312
82.82,1.385,-0.530,4,11,0.435,14,0.072,-0.536
82.94,1.387,-0.551,4,11,0.435,14,0.525,-0.088
83.07,1.388,-0.574,3,11,0.435,14,0.078,0.136
83.20,1.389,-0.583,3,11,0.435,14,0.075,-0.312
83.33,1.390,-0.594,3,11,0.435,14,0.450,-0.536
83.46,1.391,-0.614,3,11,0.435,14,0.487,-0.312
83.58,1.393,-0.636,3,11,0.435,14,0.079,-0.088
83.71,1.393,-0.648,3,11,0.435,14,0.072,-0.536
83.84,1.394,-0.665,3,11,0.435,14,0.487,-0.312
83.97,1.395,-0.686,3,11,0.435,14,0.525,-0.088
84.10,1.396,-0.713,2,11,0.444,14,0.076,0.244
84.22,1.396,-0.723,2,11,0.444,14,0.506,-0.204
84.35,1.397,-0.739,2,11,0.444,14,0.074,-0.428
84.48,1.398,-0.756,2,11,0.444,14,0.501,-0.233
84.61,1.398,-0.777,2,11,0.444,14,0.539,-0.009
84.74,1.399,-0.805,2,11,0.444,14,0.466,0.439
84.86,1.399,-0.833,2,11,0.444,14,0.391,0.887
84.99,1.400,-0.845,2,11,0.444,14,0.073,0.439
85.12,1.400,-0.853,2,11,0.444,14,0.080,-0.009
85.25,1.401,-0.861,2,11,0.444,14,0.073,-0.457
85.38,1.401,-0.864,2,11,0.444,14,0.066,-0.905
85.50,1.401,-0.868,2,11,0.444,14,0.060,-1.353
85.63,1.400,-0.875,2,11,0.444,14,0.053,-1.801
85.76,1.396,-0.879,2,11,0.444,14,0.046,-2.249
85.89,1.390,-0.878,2,11,0.444,14,0.040,-2.697
86.02,1.381,-0.873,2,11,0.444,14,0.043,-2.473
86.14,1.375,-0.872,2,11,0.444,14,0.050,-2.025
86.27,1.369,-0.872,2,11,0.444,14,0.043,-2.473
86.40,1.363,-0.871,2,11,0.444,14,0.161,-2.249
86.53,1.355,-0.871,2,11,0.444,14,0.237,-1.801
86.66,1.337,-0.871,2,11,0.444,14,0.312,-1.353
86.78,1.309,-0.871,2,11,0.444,14,0.388,-0.905
86.91,1.281,-0.870,2,11,0.444,14,0.463,-0.457
87.04,1.253,-0.870,2,11,0.444,14,0.539,-0.009
87.17,1.225,-0.869,2,11,0.444,14,0.466,0.439
87.30,1.197,-0.869,2,11,0.444,14,0.391,0.887
87.42,1.169,-0.868,2,11,0.444,14,0.315,1.335
87.55,1.147,-0.868,2,11,0.444,14,0.254,1.700
87.68,1.131,-0.868,2,11,0.444,14,0.254,1.700
87.81,1.116,-0.868,2,11,0.444,14,0.254,1.700
87.94,1.101,-0.867,2,11,0.444,14,0.254,1.700
88.06,1.086,-0.867,2,11,0.444,14,0.254,1.700
88.19,1.071,-0.867,2,10,0.444,14,0.254,1.700
88.32,1.056,-0.867,2,10,0.444,14,0.254,1.700
88.45,1.042,-0.867,2,10,0.444,14,0.254,1.700
88.58,1.027,-0.866,2,10,0.444,14,0.254,1.700
88.70,1.012,-0.866,2,10,0.444,14,0.254,1.700
88.83,0.997,-0.866,2,10,0.444,14,0.254,1.700
88.96,0.982,-0.865,2,10,0.444,14,0.254,1.700
89.09,0.966,-0.865,2,10,0.444,14,0.254,1.700
89.22,0.951,-0.865,2,10,0.444,14,0.254,1.700
89.34,0.936,-0.864,2,10,0.444,14,0.254,1.700
89.47,0.921,-0.864,2,10,0.444,14,0.254,1.700
89.60,0.906,-0.864,2,10,0.444,14,0.254,1.700
89.73,0.891,-0.863,2,10,0.444,14,0.254,1.700
89.86,0.876,-0.863,2,10,0.444,14,0.254,1.700
89.98,0.861,-0.863,2,10,0.444,14,0.254,1.700
90.11,0.848,-0.863,2,10,0.444,14,0.216,1.924
90.24,0.837,-0.864,2,9,0.454,14,0.246,1.745
90.37,0.817,-0.866,2,9,0.454,14,0.322,1.297
90.50,0.789,-0.869,2,9,0.454,14,0.388,0.904
90.62,0.761,-0.872,2,9,0.454,14,0.388,0.900
90.75,0.733,-0.875,2,9,0.454,14,0.388,0.900
90.88,0.705,-0.878,2,9,0.454,15,0.388,0.900
91.01,0.677,-0.882,2,9,0.454,15,0.388,0.900
91.14,0.649,-0.885,2,9,0.454,15,0.388,0.900
91.26,0.631,-0.890,2,8,0.454,15,0.388,0.900
91.39,0.607,-0.895,2,8,0.454,15,0.388,0.900
91.52,0.583,-0.902,2,8,0.454,15,0.544,1.348
91.65,0.557,-0.908,2,8,0.454,15,0.308,1.376
91.78,0.530,-0.914,2,8,0.454,15,0.384,0.930
91.90,0.502,-0.921,2,8,0.454,15,0.388,0.903
92.03,0.475,-0.927,2,8,0.454,15,0.388,0.900
92.16,0.447,-0.934,2,8,0.454,15,0.388,0.900
92.29,0.420,-0.941,1,7,0.454,15,0.388,0.900
92.42,0.393,-0.947,1,7,0.454,15,0.332,1.236
92.54,0.367,-0.954,1,7,0.454,15,0.294,1.460
92.67,0.341,-0.961,1,7,0.454,15,0.370,1.012
92.80,0.314,-0.969,1,7,0.454,15,0.388,0.904
92.93,0.287,-0.976,1,7,0.454,15,0.388,0.900
93.06,0.260,-0.984,1,7,0.454,15,0.388,0.900
93.18,0.237,-0.989,1,7,0.454,15,0.388,0.900
93.31,0.236,-0.987,1,7,0.454,15,0.445,0.564
93.44,0.234,-0.993,1,7,0.454,15,0.384,0.927
93.57,0.235,-1.001,1,7,0.454,15,0.309,1.375
93.70,0.236,-1.011,1,7,0.454,15,0.056,1.581
93.82,0.234,-1.017,1,7,0.454,15,0.063,1.133
93.95,0.230,-1.024,1,7,0.454,15,0.070,0.685
94.08,0.225,-1.032,1,7,0.454,15,0.076,0.237
94.21,0.222,-1.032,1,7,0.454,15,0.077,-0.211
94.34,0.220,-1.031,1,6,0.454,15,0.070,-0.659
94.46,0.220,-1.031,1,6,0.454,15,0.063,-1.107
94.59,0.218,-1.028,1,6,0.454,15,0.057,-1.555
94.72,0.214,-1.023,1,6,0.454,15,0.050,-2.003
94.85,0.210,-1.016,1,6,0.454,15,0.043,-2.451
94.98,0.205,-1.006,1,6,0.454,15,0.090,-2.675
95.10,0.203,-1.000,1,6,0.454,15,0.165,-2.227
95.23,0.202,-1.002,1,6,0.454,15,0.240,-1.779
95.36,0.197,-1.008,1,6,0.454,15,0.060,-1.331
95.49,0.195,-1.007,1,6,0.454,15,0.058,-1.495
95.62,0.193,-1.006,1,6,0.454,15,0.057,-1.538
95.74,0.191,-1.007,1,6,0.454,15,0.060,-1.341
95.87,0.190,-1.006,1,6,0.454,15,0.057,-1.565
96.00,0.188,-1.004,1,6,0.454,15,0.288,-1.495
96.13,0.186,-1.006,1,6,0.454,15,0.059,-1.427
96.26,0.186,-1.005,1,6,0.454,15,0.300,-1.427
96.38,0.184,-1.005,1,6,0.454,15,0.058,-1.498
96.51,0.183,-1.004,1,6,0.454,15,0.363,-1.050
96.64,0.183,-1.005,1,6,0.454,15,0.061,-1.240
96.77,0.182,-1.005,1,6,0.454,15,0.058,-1.464
96.90,0.181,-1.004,1,6,0.454,15,0.369,-1.016
97.02,0.181,-1.004,1,6,0.454,15,0.068,-0.819
97.15,0.181,-1.003,1,6,0.454,15,0.402,-0.819
97.28,0.181,-1.003,1,6,0.454,15,0.064,-1.043
97.41,0.181,-1.003,1,6,0.454,15,0.065,-0.978
97.54,0.180,-1.003,1,6,0.454,15,0.065,-0.978
97.66,0.180,-1.003,1,6,0.454,15,0.066,-0.909
97.79,0.180,-1.003,1,6,0.454,15,0.387,-0.909
97.92,0.180,-1.003,1,6,0.454,15,0.066,-0.957
98.05,0.180,-1.003,1,6,0.454,15,0.066,-0.957
98.18,0.179,-1.003,1,6,0.454,15,0.417,-0.733
98.30,0.180,-1.003,1,6,0.454,15,0.065,-1.009
98.43,0.179,-1.003,1,6,0.454,15,0.408,-0.785
98.56,0.179,-1.003,1,6,0.454,15,0.064,-1.082
98.69,0.179,-1.003,1,6,0.454,15,0.396,-0.858
98.82,0.179,-1.003,1,6,0.454,15,0.396,-0.858
98.94,0.179,-1.003,1,6,0.454,15,0.064,-1.057
99.07,0.179,-1.003,1,6,0.454,15,0.069,-0.708
99.20,0.179,-1.003,1,6,0.454,15,0.383,-0.932
99.33,0.179,-1.003,1,6,0.454,15,0.067,-0.899
99.46,0.178,-1.003,1,6,0.454,15,0.389,-0.899
99.58,0.178,-1.002,1,6,0.454,15,0.389,-0.899
99.71,0.178,-1.002,1,6,0.454,15,0.389,-0.899
99.84,0.179,-1.003,1,6,0.454,15,0.068,-0.779
99.97,0.178,-1.002,1,6,0.454,15,0.371,-1.003
100.10,0.178,-1.003,1,6,0.454,15,0.067,-0.858
100.22,0.178,-1.002,1,6,0.454,15,0.396,-0.858
100.35,0.178,-1.003,1,6,0.454,15,0.066,-0.956
100.48,0.178,-1.003,1,6,0.454,15,0.417,-0.732
100.61,0.178,-1.003,1,6,0.454,15,0.064,-1.068
100.74,0.178,-1.003,1,6,0.454,15,0.069,-0.732
100.86,0.177,-1.002,1,6,0.454,15,0.379,-0.956
100.99,0.178,-1.003,1,6,0.454,15,0.067,-0.844
101.12,0.177,-1.002,1,6,0.454,15,0.398,-0.844
101.25,0.177,-1.003,1,6,0.454,15,0.066,-0.956
101.38,0.177,-1.002,1,6,0.454,15,0.417,-0.732
101.50,0.177,-1.002,1,6,0.454,15,0.064,-1.068
101.63,0.177,-1.002,1,6,0.454,15,0.069,-0.732
101.76,0.177,-1.002,1,6,0.454,15,0.066,-0.956
101.89,0.177,-1.002,1,6,0.454,15,0.066,-0.956
102.02,0.177,-1.002,1,6,0.454,15,0.417,-0.732
102.14,0.177,-1.003,1,6,0.454,15,0.068,-0.771
102.27,0.177,-1.002,1,6,0.454,15,0.373,-0.995
102.40,0.177,-1.002,1,6,0.454,15,0.071,-0.571
102.53,0.177,-1.003,1,6,0.454,15,0.065,-1.019
102.66,0.177,-1.002,1,6,0.454,15,0.406,-0.795
102.78,0.177,-1.002,1,6,0.454,15,0.065,-1.019
102.91,0.177,-1.002,1,6,0.454,15,0.070,-0.682
103.04,0.177,-1.002,1,6,0.454,15,0.388,-0.906
103.17,0.177,-1.003,1,6,0.454,15,0.067,-0.843
103.30,0.176,-1.002,1,6,0.454,15,0.398,-0.843
103.42,0.177,-1.002,1,6,0.454,15,0.070,-0.671
103.55,0.177,-1.002,1,6,0.454,15,0.063,-1.119
103.68,0.176,-1.002,1,6,0.454,15,0.427,-0.671
103.81,0.176,-1.002,1,6,0.454,15,0.070,-0.694
103.94,0.176,-1.002,1,6,0.454,15,0.385,-0.918
104.06,0.176,-1.002,1,6,0.454,15,0.423,-0.694
104.19,0.176,-1.002,1,6,0.454,15,0.065,-0.993
104.32,0.176,-1.002,1,6,0.454,15,0.410,-0.769
104.45,0.176,-1.002,1,6,0.454,15,0.065,-0.993
104.58,0.176,-1.002,1,6,0.454,15,0.070,-0.682
104.70,0.176,-1.002,1,6,0.454,15,0.388,-0.906
104.83,0.176,-1.002,1,6,0.454,15,0.425,-0.682
104.96,0.176,-1.002,1,6,0.454,15,0.388,-0.906
105.09,0.176,-1.002,1,6,0.454,15,0.068,-0.819
105.22,0.176,-1.002,1,6,0.454,15,0.402,-0.819
105.34,0.176,-1.002,1,6,0.454,15,0.070,-0.671
105.47,0.176,-1.002,1,6,0.454,15,0.389,-0.895
105.60,0.176,-1.002,1,6,0.454,15,0.389,-0.895
105.73,0.176,-1.002,1,6,0.454,15,0.068,-0.786
105.86,0.176,-1.002,1,6,0.454,15,0.408,-0.786
105.98,0.176,-1.002,1,6,0.454,15,0.066,-0.955
106.11,0.176,-1.002,1,6,0.454,15,0.417,-0.731
106.24,0.176,-1.002,1,6,0.454,15,0.071,-0.576
106.37,0.176,-1.002,1,6,0.454,15,0.065,-1.024
106.50,0.176,-1.002,1,6,0.454,15,0.405,-0.800
106.62,0.176,-1.002,1,6,0.454,15,0.065,-1.024
106.75,0.176,-1.002,1,6,0.454,15,0.443,-0.576
106.88,0.176,-1.002,1,6,0.454,15,0.067,-0.881
107.01,0.176,-1.002,1,6,0.454,15,0.067,-0.881
107.14,0.176,-1.002,1,6,0.454,15,0.429,-0.657
107.26,0.176,-1.002,1,6,0.454,15,0.065,-1.010
107.39,0.176,-1.002,1,6,0.454,15,0.445,-0.562
107.52,0.176,-1.002,1,6,0.454,15,0.067,-0.894
107.65,0.176,-1.002,1,6,0.454,15,0.067,-0.894
107.78,0.176,-1.002,1,6,0.454,15,0.427,-0.670
107.90,0.176,-1.002,1,6,0.454,15,0.069,-0.751
108.03,0.176,-1.002,1,6,0.454,15,0.376,-0.975
108.16,0.176,-1.002,1,6,0.454,15,0.451,-0.527
108.29,0.176,-1.002,1,6,0.454,15,0.070,-0.639
108.42,0.176,-1.002,1,6,0.454,15,0.064,-1.087
108.54,0.175,-1.002,1,6,0.454,15,0.432,-0.639
108.67,0.176,-1.002,1,6,0.454,15,0.070,-0.696
108.80,0.175,-1.002,1,6,0.454,15,0.385,-0.920
108.93,0.175,-1.002,1,6,0.454,15,0.071,-0.570
109.06,0.175,-1.002,1,6,0.454,15,0.065,-1.018
109.18,0.175,-1.002,1,6,0.454,15,0.444,-0.570
109.31,0.175,-1.002,1,6,0.454,15,0.066,-0.902
109.44,0.175,-1.002,1,6,0.454,15,0.426,-0.678
109.57,0.175,-1.002,1,6,0.454,15,0.068,-0.790
109.70,0.175,-1.002,1,6,0.454,15,0.407,-0.790
109.82,0.175,-1.002,1,6,0.454,15,0.070,-0.678
109.95,0.175,-1.002,1,6,0.454,15,0.388,-0.902
110.08,0.175,-1.002,1,6,0.454,15,0.072,-0.566
110.21,0.175,-1.002,1,6,0.454,15,0.065,-1.014
110.34,0.175,-1.002,1,6,0.454,15,0.445,-0.566
110.46,0.175,-1.002,1,6,0.454,15,0.066,-0.902
110.59,0.175,-1.002,1,6,0.454,15,0.426,-0.678
110.72,0.175,-1.002,1,6,0.454,15,0.071,-0.580
110.85,0.175,-1.002,1,6,0.454,15,0.065,-1.028
110.98,0.175,-1.002,1,6,0.454,15,0.442,-0.580
111.10,0.175,-1.002,1,6,0.454,15,0.070,-0.694
111.23,0.175,-1.002,1,6,0.454,15,0.385,-0.918
111.36,0.175,-1.002,1,6,0.454,15,0.461,-0.470
111.49,0.175,-1.002,1,6,0.454,15,0.070,-0.639
111.62,0.175,-1.002,1,6,0.454,15,0.064,-1.087
111.74,0.175,-1.002,1,6,0.454,15,0.432,-0.639
111.87,0.175,-1.002,1,6,0.454,15,0.508,-0.191
112.00,0.175,-1.002,1,6,0.454,15,0.074,-0.415
112.13,0.175,-1.002,1,6,0.454,15,0.067,-0.863
112.26,0.175,-1.002,1,6,0.454,15,0.395,-0.863
112.38,0.175,-1.002,1,6,0.454,15,0.470,-0.415
112.51,0.175,-1.002,1,6,0.454,15,0.071,-0.605
112.64,0.175,-1.002,1,6,0.454,15,0.064,-1.053
112.77,0.175,-1.002,1,6,0.454,15,0.438,-0.605
112.90,0.175,-1.002,1,6,0.454,15,0.072,-0.528
113.02,0.175,-1.002,1,6,0.454,15,0.065,-0.976
113.15,0.175,-1.002,1,6,0.454,15,0.451,-0.528
113.28,0.175,-1.002,1,6,0.454,15,0.066,-0.906
113.41,0.175,-1.002,1,6,0.454,15,0.425,-0.682
113.54,0.175,-1.002,1,6,0.454,15,0.074,-0.414
113.66,0.175,-1.002,1,6,0.454,15,0.067,-0.862
113.79,0.175,-1.002,1,6,0.454,15,0.433,-0.638
113.92,0.175,-1.002,1,6,0.454,15,0.071,-0.582
114.05,0.175,-1.002,1,6,0.454,15,0.065,-1.030
114.18,0.174,-1.002,1,6,0.454,15,0.442,-0.582
114.30,0.175,-1.002,1,6,0.454,15,0.517,-0.134
114.43,0.174,-1.002,1,6,0.454,15,0.071,-0.582
114.56,0.174,-1.002,1,6,0.454,15,0.065,-1.030
114.69,0.174,-1.002,1,6,0.454,15,0.442,-0.582
114.82,0.174,-1.002,1,6,0.454,15,0.517,-0.134
114.94,0.174,-1.002,1,6,0.454,15,0.071,-0.582
115.07,0.174,-1.002,1,6,0.454,15,0.065,-1.030
115.20,0.174,-1.002,1,6,0.454,15,0.442,-0.582
115.33,0.174,-1.002,1,6,0.454,15,0.072,-0.519
115.46,0.174,-1.002,1,6,0.454,15,0.066,-0.967
115.58,0.174,-1.002,1,6,0.454,15,0.453,-0.519
115.71,0.174,-1.002,1,6,0.454,15,0.070,-0.694
115.84,0.174,-1.002,1,6,0.454,15,0.423,-0.694
115.97,0.174,-1.002,1,6,0.454,15,0.066,-0.918
116.10,0.174,-1.002,1,6,0.454,15,0.461,-0.470
116.22,0.174,-1.002,1,6,0.454,15,0.067,-0.880
116.35,0.174,-1.001,1,6,0.454,15,0.430,-0.656
116.48,0.174,-1.002,1,6,0.454,15,0.505,-0.208
116.61,0.174,-1.002,1,6,0.454,15,0.077,-0.208
116.74,0.174,-1.002,1,6,0.454,15,0.070,-0.656
116.86,0.174,-1.001,1,6,0.454,15,0.392,-0.880
116.99,0.174,-1.002,1,6,0.454,15,0.467,-0.432
117.12,0.174,-1.002,1,6,0.454,15,0.077,-0.208
117.25,0.174,-1.002,1,6,0.454,15,0.070,-0.656
117.38,0.174,-1.001,1,6,0.454,15,0.392,-0.880
117.50,0.174,-1.001,1,6,0.454,15,0.467,-0.432
117.63,0.174,-1.002,1,6,0.454,15,0.070,-0.635
117.76,0.174,-1.001,1,6,0.454,15,0.395,-0.859
117.89,0.174,-1.001,1,6,0.454,15,0.471,-0.411
118.02,0.174,-1.002,1,6,0.454,15,0.074,-0.411
118.14,0.174,-1.002,1,6,0.454,15,0.067,-0.859
118.27,0.174,-1.001,1,6,0.454,15,0.433,-0.635
118.40,0.174,-1.001,1,6,0.454,15,0.508,-0.187
118.53,0.174,-1.002,1,6,0.454,15,0.074,-0.411
118.66,0.174,-1.002,1,6,0.454,15,0.067,-0.859
118.78,0.174,-1.001,1,6,0.454,15,0.433,-0.635
118.91,0.174,-1.001,1,6,0.454,15,0.508,-0.187
119.04,0.174,-1.002,1,6,0.454,15,0.079,0.037
119.17,0.174,-1.002,1,6,0.454,15,0.074,-0.411
119.30,0.174,-1.002,1,6,0.454,15,0.067,-0.859
119.42,0.174,-1.001,1,6,0.454,15,0.433,-0.635
119.55,0.174,-1.001,1,6,0.454,15,0.508,-0.187
119.68,0.174,-1.001,1,6,0.454,15,0.496,0.261
119.81,0.174,-1.002,1,6,0.454,15,0.077,-0.187
119.94,0.174,-1.002,1,6,0.454,15,0.070,-0.635
120.06,0.174,-1.001,1,6,0.454,15,0.395,-0.859
120.19,0.174,-1.001,1,6,0.454,15,0.471,-0.411
120.32,0.174,-1.001,1,6,0.454,15,0.534,0.037
120.45,0.174,-1.001,1,6,0.454,15,0.458,0.485
120.58,0.173,-1.002,1,6,0.454,15,0.079,0.037
120.70,0.173,-1.002,1,6,0.454,15,0.074,-0.411
120.83,0.173,-1.002,1,6,0.454,15,0.067,-0.859
120.96,0.173,-1.001,1,6,0.454,15,0.433,-0.635
121.09,0.173,-1.001,1,6,0.454,15,0.508,-0.187
121.22,0.173,-1.001,1,6,0.454,15,0.496,0.261
121.34,0.173,-1.001,1,6,0.454,15,0.073,0.485
121.47,0.173,-1.001,1,6,0.454,15,0.079,0.037
121.60,0.173,-1.001,1,6,0.454,15,0.074,-0.411
121.73,0.173,-1.002,1,6,0.454,15,0.067,-0.859
121.86,0.173,-1.001,1,6,0.454,15,0.433,-0.635
121.98,0.173,-1.001,1,6,0.454,15,0.508,-0.187
122.11,0.173,-1.001,1,6,0.454,15,0.496,0.261
122.24,0.173,-1.001,1,6,0.454,15,0.077,-0.187
122.37,0.173,-1.001,1,6,0.454,15,0.070,-0.635
122.50,0.173,-1.001,1,6,0.454,15,0.395,-0.859
122.62,0.173,-1.001,1,6,0.454,15,0.471,-0.411
122.75,0.173,-1.001,1,6,0.454,15,0.534,0.037
122.88,0.173,-1.001,1,6,0.454,15,0.077,-0.187
123.01,0.173,-1.001,1,6,0.454,15,0.070,-0.635
123.14,0.173,-1.001,1,6,0.454,15,0.395,-0.859
123.26,0.173,-1.001,1,6,0.454,15,0.471,-0.411
123.39,0.173,-1.001,1,6,0.454,15,0.534,0.037
123.52,0.173,-1.001,1,6,0.454,15,0.458,0.485
123.65,0.173,-1.001,1,6,0.454,15,0.073,0.485
123.78,0.173,-1.001,1,6,0.454,15,0.079,0.037
123.90,0.173,-1.001,1,6,0.454,15,0.074,-0.411
124.03,0.173,-1.001,1,6,0.454,15,0.067,-0.859
124.16,0.173,-1.001,1,6,0.454,15,0.433,-0.635
124.29,0.173,-1.001,1,6,0.454,15,0.508,-0.187
124.42,0.173,-1.001,1,6,0.454,15,0.496,0.261
124.54,0.173,-1.001,1,6,0.454,15,0.421,0.709
124.67,0.173,-1.001,1,6,0.454,15,0.345,1.157
124.80,0.173,-1.003,1,6,0.454,15,0.066,0.933
124.93,0.172,-1.003,1,6,0.454,15,0.073,0.485
125.06,0.172,-1.003,1,6,0.454,15,0.079,0.037
125.18,0.172,-1.003,1,6,0.454,15,0.074,-0.411
125.31,0.172,-1.003,1,6,0.454,15,0.067,-0.859
125.44,0.171,-1.002,1,6,0.454,15,0.060,-1.307
125.57,0.169,-0.998,1,6,0.454,15,0.282,-1.531
125.70,0.168,-0.999,1,6,0.454,15,0.358,-1.083
125.82,0.168,-0.999,1,6,0.454,15,0.433,-0.635
125.95,0.168,-0.999,1,6,0.454,15,0.508,-0.187
126.08,0.168,-0.999,1,6,0.454,15,0.496,0.261
126.21,0.168,-0.999,1,6,0.454,15,0.421,0.709
126.34,0.168,-0.999,1,6,0.454,15,0.345,1.157
126.46,0.168,-0.999,1,6,0.454,15,0.270,1.605
126.59,0.168,-0.999,1,6,0.454,15,0.254,1.700
126.72,0.168,-0.999,1,6,0.454,15,0.254,1.700
126.85,0.168,-0.999,1,6,0.454,15,0.254,1.700
126.98,0.168,-0.999,1,6,0.454,15,0.254,1.700
127.10,0.168,-0.999,1,6,0.454,15,0.254,1.700
127.23,0.168,-0.999,1,6,0.454,15,0.254,1.700
127.36,0.168,-0.999,1,6,0.454,15,0.254,1.700
127.49,0.168,-0.999,1,6,0.454,15,0.254,1.700
127.62,0.168,-0.999,1,6,0.454,15,0.254,1.700
127.74,0.168,-0.999,1,6,0.454,15,0.254,1.700
127.87,0.168,-0.999,1,6,0.454,15,0.254,1.700
128.00,0.168,-0.999,1,6,0.454,15,0.254,1.700
128.13,0.168,-0.999,1,6,0.454,15,0.254,1.700
128.26,0.168,-0.999,1,6,0.454,15,0.254,1.700
128.38,0.168,-0.999,1,6,0.454,15,0.254,1.700
128.51,0.168,-0.999,1,6,0.454,15,0.254,1.700
128.64,0.168,-0.999,1,6,0.454,15,0.254,1.700
128.77,0.168,-0.999,1,6,0.454,15,0.254,1.700
128.90,0.168,-0.999,1,6,0.454,15,0.254,1.700
129.02,0.168,-0.999,1,6,0.454,15,0.254,1.700
129.15,0.168,-0.999,1,6,0.454,15,0.254,1.700
129.28,0.168,-0.999,1,6,0.454,15,0.254,1.700
129.41,0.168,-0.999,1,6,0.454,15,0.254,1.700
129.54,0.168,-0.999,1,6,0.454,15,0.254,1.700
129.66,0.168,-0.999,1,6,0.454,15,0.254,1.700
129.79,0.168,-0.999,1,6,0.454,15,0.254,1.700
129.92,0.168,-0.999,1,6,0.454,15,0.254,1.700
130.05,0.168,-0.999,1,6,0.454,15,0.254,1.700
130.18,0.168,-0.999,1,6,0.454,15,0.254,1.700
130.30,0.168,-0.999,1,6,0.454,15,0.254,1.700
130.43,0.168,-0.999,1,6,0.454,15,0.254,1.700
130.56,0.168,-0.999,1,6,0.454,15,0.254,1.700
130.69,0.168,-0.999,1,6,0.454,15,0.254,1.700
130.82,0.168,-0.999,1,6,0.454,15,0.254,1.700
130.94,0.168,-0.999,1,6,0.454,15,0.254,1.700
131.07,0.168,-0.999,1,6,0.454,15,0.254,1.700
131.20,0.168,-0.999,1,6,0.454,15,0.254,1.700
131.33,0.168,-0.999,1,6,0.454,15,0.254,1.700
131.46,0.168,-0.999,1,6,0.454,15,0.254,1.700
131.58,0.168,-0.999,1,6,0.454,15,0.254,1.700
131.71,0.168,-0.999,1,6,0.454,15,0.254,1.700
131.84,0.168,-0.999,1,6,0.454,15,0.254,1.700
131.97,0.168,-0.999,1,6,0.454,15,0.254,1.700
132.10,0.168,-0.999,1,6,0.454,15,0.254,1.700
132.22,0.168,-0.999,1,6,0.454,15,0.254,1.700
132.35,0.168,-0.999,1,6,0.454,15,0.254,1.700
132.48,0.168,-0.999,1,6,0.454,15,0.254,1.700
132.61,0.168,-0.999,1,6,0.454,15,0.254,1.700
132.74,0.168,-0.999,1,6,0.454,15,0.254,1.700
132.86,0.168,-0.999,1,6,0.454,15,0.254,1.700
132.99,0.168,-0.999,1,6,0.454,15,0.254,1.700
133.12,0.168,-0.999,1,6,0.454,15,0.254,1.700
133.25,0.168,-0.999,1,6,0.454,15,0.254,1.700
133.38,0.168,-0.999,1,6,0.454,15,0.254,1.700
133.50,0.168,-0.999,1,6,0.454,15,0.254,1.700
133.63,0.168,-0.999,1,6,0.454,15,0.254,1.700
133.76,0.168,-0.999,1,6,0.454,15,0.254,1.700
133.89,0.168,-0.999,1,6,0.454,15,0.254,1.700
134.02,0.168,-0.999,1,6,0.454,15,0.254,1.700
134.14,0.168,-0.999,1,6,0.454,15,0.254,1.700
134.27,0.168,-0.999,1,6,0.454,15,0.254,1.700
134.40,0.168,-0.999,1,6,0.454,15,0.254,1.700
134.53,0.168,-0.999,1,6,0.454,15,0.254,1.700
134.66,0.168,-0.999,1,6,0.454,15,0.254,1.700
134.78,0.168,-0.999,1,6,0.454,15,0.254,1.700
134.91,0.168,-0.999,1,6,0.454,15,0.254,1.700
135.04,0.168,-0.999,1,6,0.454,15,0.254,1.700
135.17,0.168,-0.999,1,6,0.454,15,0.254,1.700
135.30,0.168,-0.999,1,6,0.454,15,0.254,1.700
135.42,0.168,-0.999,1,6,0.454,15,0.254,1.700
135.55,0.168,-0.999,1,6,0.454,15,0.254,1.700
135.68,0.168,-0.999,1,6,0.454,15,0.254,1.700
135.81,0.168,-0.999,1,6,0.454,15,0.254,1.700
135.94,0.168,-0.999,1,6,0.454,15,0.254,1.700
136.06,0.168,-0.999,1,6,0.454,15,0.254,1.700
136.19,0.168,-0.999,1,6,0.454,15,0.254,1.700
136.32,0.168,-0.999,1,6,0.454,15,0.254,1.700
136.45,0.168,-0.999,1,6,0.454,15,0.254,1.700
136.58,0.168,-0.999,1,6,0.454,15,0.254,1.700
136.70,0.168,-0.999,1,6,0.454,15,0.254,1.700
136.83,0.168,-0.999,1,6,0.454,15,0.254,1.700
136.96,0.168,-0.999,1,6,0.454,15,0.254,1.700
137.09,0.168,-0.999,1,6,0.454,15,0.254,1.700
137.22,0.168,-0.999,1,6,0.454,15,0.254,1.700
137.34,0.168,-0.999,1,6,0.454,15,0.254,1.700
137.47,0.168,-0.999,1,6,0.454,15,0.254,1.700
137.60,0.168,-0.999,1,6,0.454,15,0.254,1.700
137.73,0.168,-0.999,1,6,0.454,15,0.254,1.700
137.86,0.168,-0.999,1,6,0.454,15,0.254,1.700
137.98,0.168,-0.999,1,6,0.454,15,0.254,1.700
138.11,0.168,-0.999,1,6,0.454,15,0.254,1.700
138.24,0.168,-0.999,1,6,0.454,15,0.254,1.700
138.37,0.168,-0.999,1,6,0.454,15,0.254,1.700
138.50,0.168,-0.999,1,6,0.454,15,0.254,1.700
138.62,0.168,-0.999,1,6,0.454,15,0.254,1.700
138.75,0.168,-0.999,1,6,0.454,15,0.254,1.700
138.88,0.168,-0.999,1,6,0.454,15,0.254,1.700
139.01,0.168,-0.999,1,6,0.454,15,0.254,1.700
139.14,0.168,-0.999,1,6,0.454,15,0.254,1.700
139.26,0.168,-0.999,1,6,0.454,15,0.254,1.700
139.39,0.168,-0.999,1,6,0.454,15,0.254,1.700
139.52,0.168,-0.999,1,6,0.454,15,0.254,1.700
139.65,0.168,-0.999,1,6,0.454,15,0.254,1.700
139.78,0.168,-0.999,1,6,0.454,15,0.254,1.700
139.90,0.168,-0.999,1,6,0.454,15,0.254,1.700
140.03,0.168,-0.999,1,6,0.454,15,0.254,1.700
140.16,0.168,-0.999,1,6,0.454,15,0.254,1.700
140.29,0.168,-0.999,1,6,0.454,15,0.254,1.700
140.42,0.168,-0.999,1,6,0.454,15,0.254,1.700
140.54,0.168,-0.999,1,6,0.454,15,0.254,1.700
140.67,0.168,-0.999,1,6,0.454,15,0.254,1.700
140.80,0.168,-0.999,1,6,0.454,15,0.254,1.700
140.93,0.168,-0.999,1,6,0.454,15,0.254,1.700
141.06,0.168,-0.999,1,6,0.454,15,0.254,1.700
141.18,0.168,-0.999,1,6,0.454,15,0.254,1.700
141.31,0.168,-0.999,1,6,0.454,15,0.254,1.700
141.44,0.168,-0.999,1,6,0.454,15,0.254,1.700
141.57,0.168,-0.999,1,6,0.454,15,0.254,1.700
141.70,0.168,-0.999,1,6,0.454,15,0.254,1.700
141.82,0.168,-0.999,1,6,0.454,15,0.254,1.700
141.95,0.168,-0.999,1,6,0.454,15,0.254,1.700
142.08,0.168,-0.999,1,6,0.454,15,0.254,1.700
142.21,0.168,-0.999,1,6,0.454,15,0.254,1.700
142.34,0.168,-0.999,1,6,0.454,15,0.254,1.700
142.46,0.168,-0.999,1,6,0.454,15,0.254,1.700
142.59,0.168,-0.999,1,6,0.454,15,0.254,1.700
142.72,0.168,-0.999,1,6,0.454,15,0.254,1.700
142.85,0.168,-0.999,1,6,0.454,15,0.254,1.700
142.98,0.168,-0.999,1,6,0.454,15,0.254,1.700
143.10,0.168,-0.999,1,6,0.454,15,0.254,1.700
143.23,0.168,-0.999,1,6,0.454,15,0.254,1.700
143.36,0.168,-0.999,1,6,0.454,15,0.254,1.700
143.49,0.168,-0.999,1,6,0.454,15,0.254,1.700
143.62,0.168,-0.999,1,6,0.454,15,0.254,1.700
143.74,0.168,-0.999,1,6,0.454,15,0.254,1.700
143.87,0.168,-0.999,1,6,0.454,15,0.254,1.700
144.00,0.168,-0.999,1,6,0.454,15,0.254,1.700
144.13,0.168,-0.999,1,6,0.454,15,0.254,1.700
144.26,0.168,-0.999,1,6,0.454,15,0.254,1.700
144.38,0.168,-0.999,1,6,0.454,15,0.254,1.700
144.51,0.168,-0.999,1,6,0.454,15,0.254,1.700
144.64,0.168,-0.999,1,6,0.454,15,0.254,1.700
144.77,0.168,-0.999,1,6,0.454,15,0.254,1.700
144.90,0.168,-0.999,1,6,0.454,15,0.254,1.700
145.02,0.168,-0.999,1,6,0.454,15,0.254,1.700
145.15,0.168,-0.999,1,6,0.454,15,0.254,1.700
145.28,0.168,-0.999,1,6,0.454,15,0.254,1.700
145.41,0.168,-0.999,1,6,0.454,15,0.254,1.700
145.54,0.168,-0.999,1,6,0.454,15,0.254,1.700
145.66,0.168,-0.999,1,6,0.454,15,0.254,1.700
145.79,0.168,-0.999,1,6,0.454,15,0.254,1.700
145.92,0.168,-0.999,1,6,0.454,15,0.254,1.700
146.05,0.168,-0.999,1,6,0.454,15,0.254,1.700
146.18,0.168,-0.999,1,6,0.454,15,0.254,1.700
146.30,0.168,-0.999,1,6,0.454,15,0.254,1.700
146.43,0.168,-0.999,1,6,0.454,15,0.254,1.700
146.56,0.168,-0.999,1,6,0.454,15,0.254,1.700
146.69,0.168,-0.999,1,6,0.454,15,0.254,1.700
146.82,0.168,-0.999,1,6,0.454,15,0.254,1.700
146.94,0.168,-0.999,1,6,0.454,15,0.254,1.700
147.07,0.168,-0.999,1,6,0.454,15,0.254,1.700
147.20,0.168,-0.999,1,6,0.454,15,0.254,1.700
147.33,0.168,-0.999,1,6,0.454,15,0.254,1.700
147.46,0.168,-0.999,1,6,0.454,15,0.254,1.700
147.58,0.168,-0.999,1,6,0.454,15,0.254,1.700
147.71,0.168,-0.999,1,6,0.454,15,0.254,1.700
147.84,0.168,-0.999,1,6,0.454,15,0.254,1.700
147.97,0.168,-0.999,1,6,0.454,15,0.254,1.700
148.10,0.168,-0.999,1,6,0.454,15,0.254,1.700
148.22,0.168,-0.999,1,6,0.454,15,0.254,1.700
148.35,0.168,-0.999,1,6,0.454,15,0.254,1.700
148.48,0.168,-0.999,1,6,0.454,15,0.254,1.700
148.61,0.168,-0.999,1,6,0.454,15,0.254,1.700
148.74,0.168,-0.999,1,6,0.454,15,0.254,1.700
148.86,0.168,-0.999,1,6,0.454,15,0.254,1.700
148.99,0.168,-0.999,1,6,0.454,15,0.254,1.700
149.12,0.168,-0.999,1,6,0.454,15,0.254,1.700
149.25,0.168,-0.999,1,6,0.454,15,0.254,1.700
149.38,0.168,-0.999,1,6,0.454,15,0.254,1.700
149.50,0.168,-0.999,1,6,0.454,15,0.254,1.700
149.63,0.168,-0.999,1,6,0.454,15,0.254,1.700
149.76,0.168,-0.999,1,6,0.454,15,0.254,1.700
149.89,0.168,-0.999,1,6,0.454,15,0.254,1.700
150.02,0.168,-0.999,1,6,0.454,15,0.254,1.700
150.14,0.168,-0.999,1,6,0.454,15,0.254,1.700
150.27,0.168,-0.999,1,6,0.454,15,0.254,1.700
150.40,0.168,-0.999,1,6,0.454,15,0.254,1.700
150.53,0.168,-0.999,1,6,0.454,15,0.254,1.700
150.66,0.168,-0.999,1,6,0.454,15,0.254,1.700
150.78,0.168,-0.999,1,6,0.454,15,0.254,1.700
150.91,0.168,-0.999,1,6,0.454,15,0.254,1.700
151.04,0.168,-0.999,1,6,0.454,15,0.254,1.700
151.17,0.168,-0.999,1,6,0.454,15,0.254,1.700
151.30,0.168,-0.999,1,6,0.454,15,0.254,1.700
151.42,0.168,-0.999,1,6,0.454,15,0.254,1.700
151.55,0.168,-0.999,1,6,0.454,15,0.254,1.700
151.68,0.168,-0.999,1,6,0.454,15,0.254,1.700
151.81,0.168,-0.999,1,6,0.454,15,0.254,1.700
151.94,0.168,-0.999,1,6,0.454,15,0.254,1.700
152.06,0.168,-0.999,1,6,0.454,15,0.254,1.700
152.19,0.168,-0.999,1,6,0.454,15,0.254,1.700
152.32,0.168,-0.999,1,6,0.454,15,0.254,1.700
152.45,0.168,-0.999,1,6,0.454,15,0.254,1.700
152.58,0.168,-0.999,1,6,0.454,15,0.254,1.700
152.70,0.168,-0.999,1,6,0.454,15,0.254,1.700
152.83,0.168,-0.999,1,6,0.454,15,0.254,1.700
152.96,0.168,-0.999,1,6,0.454,15,0.254,1.700
153.09,0.168,-0.999,1,6,0.454,15,0.254,1.700
153.22,0.168,-0.999,1,6,0.454,15,0.254,1.700
153.34,0.168,-0.999,1,6,0.454,15,0.254,1.700
153.47,0.168,-0.999,1,6,0.454,15,0.254,1.700
153.60,0.168,-0.999,1,6,0.454,15,0.254,1.700
153.73,0.168,-0.999,1,6,0.454,15,0.254,1.700
153.86,0.168,-0.999,1,6,0.454,15,0.254,1.700
153.98,0.168,-0.999,1,6,0.454,15,0.254,1.700
154.11,0.168,-0.999,1,6,0.454,15,0.254,1.700
154.24,0.168,-0.999,1,6,0.454,15,0.254,1.700
154.37,0.168,-0.999,1,6,0.454,15,0.254,1.700
154.50,0.168,-0.999,1,6,0.454,15,0.254,1.700
154.62,0.168,-0.999,1,6,0.454,15,0.254,1.700
154.75,0.168,-0.999,1,6,0.454,15,0.254,1.700
154.88,0.168,-0.999,1,6,0.454,15,0.254,1.700
155.01,0.168,-0.999,1,6,0.454,15,0.254,1.700
155.14,0.168,-0.999,1,6,0.454,15,0.254,1.700
155.26,0.168,-0.999,1,6,0.454,15,0.254,1.700
155.39,0.168,-0.999,1,6,0.454,15,0.254,1.700
155.52,0.168,-0.999,1,6,0.454,15,0.254,1.700
155.65,0.168,-0.999,1,6,0.454,15,0.254,1.700
155.78,0.168,-0.999,1,6,0.454,15,0.254,1.700
155.90,0.168,-0.999,1,6,0.454,15,0.254,1.700
156.03,0.168,-0.999,1,6,0.454,15,0.254,1.700
156.16,0.168,-0.999,1,6,0.454,15,0.254,1.700
156.29,0.168,-0.999,1,6,0.454,15,0.254,1.700
156.42,0.168,-0.999,1,6,0.454,15,0.254,1.700
156.54,0.168,-0.999,1,6,0.454,15,0.254,1.700
156.67,0.168,-0.999,1,6,0.454,15,0.254,1.700
156.80,0.168,-0.999,1,6,0.454,15,0.254,1.700
156.93,0.168,-0.999,1,6,0.454,15,0.254,1.700
157.06,0.168,-0.999,1,6,0.454,15,0.254,1.700
157.18,0.168,-0.999,1,6,0.454,15,0.254,1.700
157.31,0.168,-0.999,1,6,0.454,15,0.254,1.700
157.44,0.168,-0.999,1,6,0.454,15,0.254,1.700
157.57,0.168,-0.999,1,6,0.454,15,0.254,1.700
157.70,0.168,-0.999,1,6,0.454,15,0.254,1.700
157.82,0.168,-0.999,1,6,0.454,15,0.254,1.700
157.95,0.168,-0.999,1,6,0.454,15,0.254,1.700
158.08,0.168,-0.999,1,6,0.454,15,0.254,1.700
158.21,0.168,-0.999,1,6,0.454,15,0.254,1.700
158.34,0.168,-0.999,1,6,0.454,15,0.254,1.700
158.46,0.168,-0.999,1,6,0.454,15,0.254,1.700
158.59,0.168,-0.999,1,6,0.454,15,0.254,1.700
158.72,0.168,-0.999,1,6,0.454,15,0.254,1.700
158.85,0.168,-0.999,1,6,0.454,15,0.254,1.700
158.98,0.168,-0.999,1,6,0.454,15,0.254,1.700
159.10,0.168,-0.999,1,6,0.454,15,0.254,1.700
159.23,0.168,-0.999,1,6,0.454,15,0.254,1.700
159.36,0.168,-0.999,1,6,0.454,15,0.254,1.700
159.49,0.168,-0.999,1,6,0.454,15,0.254,1.700
159.62,0.168,-0.999,1,6,0.454,15,0.254,1.700
159.74,0.168,-0.999,1,6,0.454,15,0.254,1.700
159.87,0.168,-0.999,1,6,0.454,15,0.254,1.700
160.00,0.168,-0.999,1,6,0.454,15,0.254,1.700
160.13,0.168,-0.999,1,6,0.454,15,0.254,1.700
160.26,0.168,-0.999,1,6,0.454,15,0.254,1.700
160.38,0.168,-0.999,1,6,0.454,15,0.254,1.700
160.51,0.168,-0.999,1,6,0.454,15,0.254,1.700
160.64,0.168,-0.999,1,6,0.454,15,0.254,1.700
160.77,0.168,-0.999,1,6,0.454,15,0.254,1.700
160.90,0.168,-0.999,1,6,0.454,15,0.254,1.700
161.02,0.168,-0.999,1,6,0.454,15,0.254,1.700
161.15,0.168,-0.999,1,6,0.454,15,0.254,1.700
161.28,0.168,-0.999,1,6,0.454,15,0.254,1.700
161.41,0.168,-0.999,1,6,0.454,15,0.254,1.700
161.54,0.168,-0.999,1,6,0.454,15,0.254,1.700
161.66,0.168,-0.999,1,6,0.454,15,0.254,1.700
161.79,0.168,-0.999,1,6,0.454,15,0.254,1.700
161.92,0.168,-0.999,1,6,0.454,15,0.254,1.700
162.05,0.168,-0.999,1,6,0.454,15,0.254,1.700
162.18,0.168,-0.999,1,6,0.454,15,0.254,1.700
162.30,0.168,-0.999,1,6,0.454,15,0.254,1.700
162.43,0.168,-0.999,1,6,0.454,15,0.254,1.700
162.56,0.168,-0.999,1,6,0.454,15,0.254,1.700
162.69,0.168,-0.999,1,6,0.454,15,0.254,1.700
162.82,0.168,-0.999,1,6,0.454,15,0.254,1.700
162.94,0.168,-0.999,1,6,0.454,15,0.254,1.700
163.07,0.168,-0.999,1,6,0.454,15,0.254,1.700
163.20,0.168,-0.999,1,6,0.454,15,0.254,1.700
163.33,0.168,-0.999,1,6,0.454,15,0.254,1.700
163.46,0.168,-0.999,1,6,0.454,15,0.254,1.700
163.58,0.168,-0.999,1,6,0.454,15,0.254,1.700
163.71,0.168,-0.999,1,6,0.454,15,0.254,1.700
163.84,0.168,-0.999,1,6,0.454,15,0.254,1.700
163.97,0.168,-0.999,1,6,0.454,15,0.254,1.700
164.10,0.168,-0.999,1,6,0.454,15,0.254,1.700
164.22,0.168,-0.999,1,6,0.454,15,0.254,1.700
164.35,0.168,-0.999,1,6,0.454,15,0.254,1.700
164.48,0.168,-0.999,1,6,0.454,15,0.254,1.700
164.61,0.168,-0.999,1,6,0.454,15,0.254,1.700
164.74,0.168,-0.999,1,6,0.454,15,0.254,1.700
164.86,0.168,-0.999,1,6,0.454,15,0.254,1.700
164.99,0.168,-0.999,1,6,0.454,15,0.254,1.700
165.12,0.168,-0.999,1,6,0.454,15,0.254,1.700
165.25,0.168,-0.999,1,6,0.454,15,0.254,1.700
165.38,0.168,-0.999,1,6,0.454,15,0.254,1.700
165.50,0.168,-0.999,1,6,0.454,15,0.254,1.700
165.63,0.168,-0.999,1,6,0.454,15,0.254,1.700
165.76,0.168,-0.999,1,6,0.454,15,0.254,1.700
165.89,0.168,-0.999,1,6,0.454,15,0.254,1.700
166.02,0.168,-0.999,1,6,0.454,15,0.254,1.700
166.14,0.168,-0.999,1,6,0.454,15,0.254,1.700
166.27,0.168,-0.999,1,6,0.454,15,0.254,1.700
166.40,0.168,-0.999,1,6,0.454,15,0.254,1.700
166.53,0.168,-0.999,1,6,0.454,15,0.254,1.700
166.66,0.168,-0.999,1,6,0.454,15,0.254,1.700
166.78,0.168,-0.999,1,6,0.454,15,0.254,1.700
166.91,0.168,-0.999,1,6,0.454,15,0.254,1.700
167.04,0.168,-0.999,1,6,0.454,15,0.254,1.700
167.17,0.168,-0.999,1,6,0.454,15,0.254,1.700
167.30,0.168,-0.999,1,6,0.454,15,0.254,1.700
167.42,0.168,-0.999,1,6,0.454,15,0.254,1.700
167.55,0.168,-0.999,1,6,0.454,15,0.254,1.700
167.68,0.168,-0.999,1,6,0.454,15,0.254,1.700
167.81,0.168,-0.999,1,6,0.454,15,0.254,1.700
167.94,0.168,-0.999,1,6,0.454,15,0.254,1.700
168.06,0.168,-0.999,1,6,0.454,15,0.254,1.700
168.19,0.168,-0.999,1,6,0.454,15,0.254,1.700
168.32,0.168,-0.999,1,6,0.454,15,0.254,1.700
168.45,0.168,-0.999,1,6,0.454,15,0.254,1.700
168.58,0.168,-0.999,1,6,0.454,15,0.254,1.700
168.70,0.168,-0.999,1,6,0.454,15,0.254,1.700
168.83,0.168,-0.999,1,6,0.454,15,0.254,1.700
168.96,0.168,-0.999,1,6,0.454,15,0.254,1.700
169.09,0.168,-0.999,1,6,0.454,15,0.254,1.700
169.22,0.168,-0.999,1,6,0.454,15,0.254,1.700
169.34,0.168,-0.999,1,6,0.454,15,0.254,1.700
169.47,0.168,-0.999,1,6,0.454,15,0.254,1.700
169.60,0.168,-0.999,1,6,0.454,15,0.254,1.700
169.73,0.168,-0.999,1,6,0.454,15,0.254,1.700
169.86,0.168,-0.999,1,6,0.454,15,0.254,1.700
169.98,0.168,-0.999,1,6,0.454,15,0.254,1.700
170.11,0.168,-0.999,1,6,0.454,15,0.254,1.700
170.24,0.168,-0.999,1,6,0.454,15,0.254,1.700
170.37,0.168,-0.999,1,6,0.454,15,0.254,1.700
170.50,0.168,-0.999,1,6,0.454,15,0.254,1.700
170.62,0.168,-0.999,1,6,0.454,15,0.254,1.700
170.75,0.168,-0.999,1,6,0.454,15,0.254,1.700
170.88,0.168,-0.999,1,6,0.454,15,0.254,1.700
171.01,0.168,-0.999,1,6,0.454,15,0.254,1.700
171.14,0.168,-0.999,1,6,0.454,15,0.254,1.700
171.26,0.168,-0.999,1,6,0.454,15,0.254,1.700
171.39,0.168,-0.999,1,6,0.454,15,0.254,1.700
171.52,0.168,-0.999,1,6,0.454,15,0.254,1.700
171.65,0.168,-0.999,1,6,0.454,15,0.254,1.700
171.78,0.168,-0.999,1,6,0.454,15,0.254,1.700
171.90,0.168,-0.999,1,6,0.454,15,0.254,1.700
172.03,0.168,-0.999,1,6,0.454,15,0.254,1.700
172.16,0.168,-0.999,1,6,0.454,15,0.254,1.700
172.29,0.168,-0.999,1,6,0.454,15,0.254,1.700
172.42,0.168,-0.999,1,6,0.454,15,0.254,1.700
172.54,0.168,-0.999,1,6,0.454,15,0.254,1.700
172.67,0.168,-0.999,1,6,0.454,15,0.254,1.700
172.80,0.168,-0.999,1,6,0.454,15,0.254,1.700
172.93,0.168,-0.999,1,6,0.454,15,0.254,1.700
173.06,0.168,-1.000,1,6,0.454,15,0.254,1.700
173.18,0.168,-1.000,1,6,0.454,15,0.254,1.700
173.31,0.168,-1.000,1,6,0.454,15,0.254,1.700
173.44,0.168,-1.000,1,6,0.454,15,0.254,1.700
173.57,0.168,-1.000,1,6,0.454,15,0.254,1.700
173.70,0.168,-1.000,1,6,0.454,15,0.254,1.700
173.82,0.168,-1.000,1,6,0.454,15,0.254,1.700
173.95,0.168,-1.000,1,6,0.454,15,0.254,1.700
174.08,0.168,-1.000,1,6,0.454,15,0.254,1.700
174.21,0.168,-1.000,1,6,0.454,15,0.254,1.700
174.34,0.168,-1.000,1,6,0.454,15,0.254,1.700
174.46,0.168,-1.000,1,6,0.454,15,0.254,1.700
174.59,0.168,-1.000,1,6,0.454,15,0.254,1.700
174.72,0.168,-1.000,1,6,0.454,15,0.254,1.700
174.85,0.168,-1.000,1,6,0.454,15,0.254,1.700
174.98,0.168,-1.000,1,6,0.454,15,0.254,1.700
175.10,0.168,-1.000,1,6,0.454,15,0.254,1.700
175.23,0.168,-1.000,1,6,0.454,15,0.254,1.700
175.36,0.168,-1.000,1,6,0.454,15,0.254,1.700
175.49,0.168,-1.000,1,6,0.454,15,0.254,1.700
175.62,0.168,-1.000,1,6,0.454,15,0.254,1.700
175.74,0.168,-1.000,1,6,0.454,15,0.254,1.700
175.87,0.168,-1.000,1,6,0.454,15,0.254,1.700
176.00,0.168,-1.000,1,6,0.454,15,0.254,1.700
176.13,0.168,-1.000,1,6,0.454,15,0.254,1.700
176.26,0.168,-1.000,1,6,0.454,15,0.254,1.700
176.38,0.168,-1.000,1,6,0.454,15,0.254,1.700
176.51,0.168,-1.000,1,6,0.454,15,0.254,1.700
176.64,0.168,-1.000,1,6,0.454,15,0.254,1.700
176.77,0.168,-1.000,1,6,0.454,15,0.254,1.700
176.90,0.168,-1.000,1,6,0.454,15,0.254,1.700
177.02,0.168,-1.000,1,6,0.454,15,0.254,1.700
177.15,0.168,-1.000,1,6,0.454,15,0.254,1.700
177.28,0.168,-1.000,1,6,0.454,15,0.254,1.700
177.41,0.168,-1.000,1,6,0.454,15,0.254,1.700
177.54,0.168,-1.000,1,6,0.454,15,0.254,1.700
177.66,0.168,-1.000,1,6,0.454,15,0.254,1.700
177.79,0.168,-1.000,1,6,0.454,15,0.254,1.700
177.92,0.168,-1.000,1,6,0.454,15,0.254,1.700
178.05,0.168,-1.000,1,6,0.454,15,0.254,1.700
178.18,0.168,-1.000,1,6,0.454,15,0.254,1.700
178.30,0.168,-1.000,1,6,0.454,15,0.254,1.700
178.43,0.168,-1.000,1,6,0.454,15,0.254,1.700
178.56,0.168,-1.000,1,6,0.454,15,0.254,1.700
178.69,0.168,-1.000,1,6,0.454,15,0.254,1.700
178.82,0.168,-1.000,1,6,0.454,15,0.254,1.700
178.94,0.168,-1.000,1,6,0.454,15,0.254,1.700
179.07,0.168,-1.000,1,6,0.454,15,0.254,1.700
179.20,0.168,-1.000,1,6,0.454,15,0.254,1.700
179.33,0.168,-1.000,1,6,0.454,15,0.254,1.700
179.46,0.168,-1.000,1,6,0.454,15,0.254,1.700
179.58,0.168,-1.000,1,6,0.454,15,0.254,1.700
179.71,0.168,-1.000,1,6,0.454,15,0.254,1.700
179.84,0.168,-1.000,1,6,0.454,15,0.254,1.700
179.97,0.168,-1.000,1,6,0.454,15,0.254,1.700
180.10,0.168,-1.000,1,6,0.454,15,0.254,1.700
180.22,0.168,-1.000,1,6,0.454,15,0.254,1.700
180.35,0.168,-1.000,1,6,0.454,15,0.254,1.700
180.48,0.168,-1.000,1,6,0.454,15,0.254,1.700
180.61,0.168,-1.000,1,6,0.454,15,0.254,1.700
180.74,0.168,-1.000,1,6,0.454,15,0.254,1.700
180.86,0.168,-1.000,1,6,0.454,15,0.254,1.700
180.99,0.168,-1.000,1,6,0.454,15,0.254,1.700
181.12,0.168,-1.000,1,6,0.454,15,0.254,1.700
181.25,0.168,-1.000,1,6,0.454,15,0.254,1.700
181.38,0.168,-1.000,1,6,0.454,15,0.254,1.700
181.50,0.168,-1.000,1,6,0.454,15,0.254,1.700
181.63,0.168,-1.000,1,6,0.454,15,0.254,1.700
181.76,0.168,-1.000,1,6,0.454,15,0.254,1.700
181.89,0.168,-1.000,1,6,0.454,15,0.254,1.700
182.02,0.168,-1.000,1,6,0.454,15,0.254,1.700
182.14,0.168,-1.000,1,6,0.454,15,0.254,1.700
182.27,0.168,-1.000,1,6,0.454,15,0.254,1.700
182.40,0.168,-1.000,1,6,0.454,15,0.254,1.700
182.53,0.168,-1.000,1,6,0.454,15,0.254,1.700
182.66,0.168,-1.000,1,6,0.454,15,0.254,1.700
182.78,0.168,-1.000,1,6,0.454,15,0.254,1.700
182.91,0.168,-1.000,1,6,0.454,15,0.254,1.700
183.04,0.168,-1.000,1,6,0.454,15,0.254,1.700
183.17,0.168,-1.000,1,6,0.454,15,0.254,1.700
183.30,0.168,-1.000,1,6,0.454,15,0.254,1.700
183.42,0.168,-1.000,1,6,0.454,15,0.254,1.700
183.55,0.168,-1.000,1,6,0.454,15,0.254,1.700
183.68,0.168,-1.000,1,6,0.454,15,0.254,1.700
183.81,0.168,-1.000,1,6,0.454,15,0.254,1.700
183.94,0.168,-1.000,1,6,0.454,15,0.254,1.700
184.06,0.168,-1.000,1,6,0.454,15,0.254,1.700
184.19,0.168,-1.000,1,6,0.454,15,0.254,1.700
184.32,0.168,-1.000,1,6,0.454,15,0.254,1.700
184.45,0.168,-1.000,1,6,0.454,15,0.254,1.700
184.58,0.168,-1.000,1,6,0.454,15,0.254,1.700
184.70,0.168,-1.000,1,6,0.454,15,0.254,1.700
184.83,0.168,-1.000,1,6,0.454,15,0.254,1.700
184.96,0.168,-1.000,1,6,0.454,15,0.254,1.700
185.09,0.168,-1.000,1,6,0.454,15,0.254,1.700
185.22,0.168,-1.000,1,6,0.454,15,0.254,1.700
185.34,0.168,-1.000,1,6,0.454,15,0.254,1.700
185.47,0.168,-1.000,1,6,0.454,15,0.254,1.700
185.60,0.168,-1.000,1,6,0.454,15,0.254,1.700
185.73,0.168,-1.000,1,6,0.454,15,0.254,1.700
185.86,0.168,-1.000,1,6,0.454,15,0.254,1.700
185.98,0.168,-1.000,1,6,0.454,15,0.254,1.700
186.11,0.168,-1.000,1,6,0.454,15,0.254,1.700
186.24,0.168,-1.000,1,6,0.454,15,0.254,1.700
186.37,0.168,-1.000,1,6,0.454,15,0.254,1.700
186.50,0.168,-1.000,1,6,0.454,15,0.254,1.700
186.62,0.168,-1.000,1,6,0.454,15,0.254,1.700
186.75,0.168,-1.000,1,6,0.454,15,0.254,1.700
186.88,0.168,-1.000,1,6,0.454,15,0.254,1.700
187.01,0.168,-1.000,1,6,0.454,15,0.254,1.700
187.14,0.168,-1.000,1,6,0.454,15,0.254,1.700
187.26,0.168,-1.000,1,6,0.454,15,0.254,1.700
187.39,0.168,-1.000,1,6,0.454,15,0.254,1.700
187.52,0.168,-1.000,1,6,0.454,15,0.254,1.700
187.65,0.168,-1.000,1,6,0.454,15,0.254,1.700
187.78,0.168,-1.000,1,6,0.454,15,0.254,1.700
187.90,0.168,-1.000,1,6,0.454,15,0.254,1.700
188.03,0.168,-1.000,1,6,0.454,15,0.254,1.700
188.16,0.168,-1.000,1,6,0.454,15,0.254,1.700
188.29,0.168,-1.000,1,6,0.454,15,0.254,1.700
188.42,0.168,-1.000,1,6,0.454,15,0.254,1.700
188.54,0.168,-1.000,1,6,0.454,15,0.254,1.700
188.67,0.168,-1.000,1,6,0.454,15,0.254,1.700
188.80,0.168,-1.000,1,6,0.454,15,0.254,1.700
188.93,0.168,-1.000,1,6,0.454,15,0.254,1.700
189.06,0.168,-1.000,1,6,0.454,15,0.254,1.700
189.18,0.168,-1.000,1,6,0.454,15,0.254,1.700
189.31,0.168,-1.000,1,6,0.454,15,0.254,1.700
189.44,0.168,-1.000,1,6,0.454,15,0.254,1.700
189.57,0.168,-1.000,1,6,0.454,15,0.254,1.700
189.70,0.168,-1.000,1,6,0.454,15,0.254,1.700
189.82,0.168,-1.000,1,6,0.454,15,0.254,1.700
189.95,0.168,-1.000,1,6,0.454,15,0.254,1.700
190.08,0.168,-1.000,1,6,0.454,15,0.254,1.700
190.21,0.168,-1.000,1,6,0.454,15,0.254,1.700
190.34,0.168,-1.000,1,6,0.454,15,0.254,1.700
190.46,0.168,-1.000,1,6,0.454,15,0.254,1.700
190.59,0.168,-1.000,1,6,0.454,15,0.254,1.700
190.72,0.168,-1.000,1,6,0.454,15,0.254,1.700
190.85,0.168,-1.000,1,6,0.454,15,0.254,1.700
190.98,0.168,-1.000,1,6,0.454,15,0.254,1.700
191.10,0.168,-1.000,1,6,0.454,15,0.254,1.700
191.23,0.168,-1.000,1,6,0.454,15,0.254,1.700
191.36,0.168,-1.000,1,6,0.454,15,0.254,1.700
191.49,0.168,-1.000,1,6,0.454,15,0.254,1.700
191.62,0.168,-1.000,1,6,0.454,15,0.254,1.700
191.74,0.168,-1.000,1,6,0.454,15,0.254,1.700
191.87,0.168,-1.000,1,6,0.454,15,0.254,1.700
192.00,0.168,-1.000,1,6,0.454,15,0.254,1.700
192.13,0.168,-1.000,1,6,0.454,15,0.254,1.700
192.26,0.168,-1.000,1,6,0.454,15,0.254,1.700
192.38,0.168,-1.000,1,6,0.454,15,0.254,1.700
192.51,0.168,-1.000,1,6,0.454,15,0.254,1.700
192.64,0.168,-1.000,1,6,0.454,15,0.254,1.700
192.77,0.168,-1.000,1,6,0.454,15,0.254,1.700
192.90,0.168,-1.000,1,6,0.454,15,0.254,1.700
193.02,0.168,-1.000,1,6,0.454,15,0.254,1.700
193.15,0.168,-1.000,1,6,0.454,15,0.254,1.700
193.28,0.168,-1.000,1,6,0.454,15,0.254,1.700
193.41,0.168,-1.000,1,6,0.454,15,0.254,1.700
193.54,0.168,-1.000,1,6,0.454,15,0.254,1.700
193.66,0.168,-1.000,1,6,0.454,15,0.254,1.700
193.79,0.168,-1.000,1,6,0.454,15,0.254,1.700
193.92,0.168,-1.000,1,6,0.454,15,0.254,1.700
194.05,0.168,-1.000,1,6,0.454,15,0.254,1.700
194.18,0.168,-1.000,1,6,0.454,15,0.254,1.700
194.30,0.168,-1.000,1,6,0.454,15,0.254,1.700
194.43,0.168,-1.000,1,6,0.454,15,0.254,1.700
194.56,0.168,-1.000,1,6,0.454,15,0.254,1.700
194.69,0.168,-1.000,1,6,0.454,15,0.254,1.700
194.82,0.168,-1.000,1,6,0.454,15,0.254,1.700
194.94,0.168,-1.000,1,6,0.454,15,0.254,1.700
195.07,0.168,-1.000,1,6,0.454,15,0.254,1.700
195.20,0.168,-1.000,1,6,0.454,15,0.254,1.700
195.33,0.168,-1.000,1,6,0.454,15,0.254,1.700
195.46,0.168,-1.000,1,6,0.454,15,0.254,1.700
195.58,0.168,-1.000,1,6,0.454,15,0.254,1.700
195.71,0.168,-1.000,1,6,0.454,15,0.254,1.700
195.84,0.168,-1.000,1,6,0.454,15,0.254,1.700
195.97,0.168,-1.000,1,6,0.454,15,0.254,1.700
196.10,0.168,-1.000,1,6,0.454,15,0.254,1.700
196.22,0.168,-1.000,1,6,0.454,15,0.254,1.700
196.35,0.168,-1.000,1,6,0.454,15,0.254,1.700
196.48,0.168,-1.000,1,6,0.454,15,0.254,1.700
196.61,0.168,-1.000,1,6,0.454,15,0.254,1.700
196.74,0.168,-1.000,1,6,0.454,15,0.254,1.700
196.86,0.168,-1.000,1,6,0.454,15,0.254,1.700
196.99,0.168,-1.000,1,6,0.454,15,0.254,1.700
197.12,0.168,-1.000,1,6,0.454,15,0.254,1.700
197.25,0.168,-1.000,1,6,0.454,15,0.254,1.700
197.38,0.168,-1.000,1,6,0.454,15,0.254,1.700
197.50,0.168,-1.000,1,6,0.454,15,0.254,1.700
197.63,0.168,-1.000,1,6,0.454,15,0.254,1.700
197.76,0.168,-1.000,1,6,0.454,15,0.254,1.700
197.89,0.168,-1.000,1,6,0.454,15,0.254,1.700
198.02,0.168,-1.000,1,6,0.454,15,0.254,1.700
198.14,0.168,-1.000,1,6,0.454,15,0.254,1.700
198.27,0.168,-1.000,1,6,0.454,15,0.254,1.700
198.40,0.168,-1.000,1,6,0.454,15,0.254,1.700
198.53,0.168,-1.000,1,6,0.454,15,0.254,1.700
198.66,0.168,-1.000,1,6,0.454,15,0.254,1.700
198.78,0.168,-1.000,1,6,0.454,15,0.254,1.700
198.91,0.168,-1.000,1,6,0.454,15,0.254,1.700
199.04,0.168,-1.000,1,6,0.454,15,0.254,1.700
199.17,0.168,-1.000,1,6,0.454,15,0.254,1.700
199.30,0.168,-1.000,1,6,0.454,15,0.254,1.700
199.42,0.168,-1.000,1,6,0.454,15,0.254,1.700
199.55,0.168,-1.000,1,6,0.454,15,0.254,1.700
199.68,0.168,-1.000,1,6,0.454,15,0.254,1.700
199.81,0.168,-1.000,1,6,0.454,15,0.254,1.700
199.94,0.168,-1.000,1,6,0.454,15,0.254,1.700
200.06,0.168,-1.000,1,6,0.454,15,0.254,1.700
200.19,0.168,-1.000,1,6,0.454,15,0.254,1.700
200.32,0.168,-1.000,1,6,0.454,15,0.254,1.700
200.45,0.168,-1.000,1,6,0.454,15,0.254,1.700
200.58,0.168,-1.000,1,6,0.454,15,0.254,1.700
200.70,0.168,-1.000,1,6,0.454,15,0.254,1.700
200.83,0.168,-1.000,1,6,0.454,15,0.254,1.700
200.96,0.168,-1.000,1,6,0.454,15,0.254,1.700
201.09,0.168,-1.000,1,6,0.454,15,0.254,1.700
201.22,0.168,-1.000,1,6,0.454,15,0.254,1.700
201.34,0.168,-1.000,1,6,0.454,15,0.254,1.700
201.47,0.168,-1.000,1,6,0.454,15,0.254,1.700
201.60,0.168,-1.000,1,6,0.454,15,0.254,1.700
201.73,0.168,-1.000,1,6,0.454,15,0.254,1.700
201.86,0.168,-1.000,1,6,0.454,15,0.254,1.700
201.98,0.168,-1.000,1,6,0.454,15,0.254,1.700
202.11,0.168,-1.000,1,6,0.454,15,0.254,1.700
202.24,0.168,-1.000,1,6,0.454,15,0.254,1.700
202.37,0.168,-1.000,1,6,0.454,15,0.254,1.700
202.50,0.168,-1.000,1,6,0.454,15,0.254,1.700
202.62,0.168,-1.000,1,6,0.454,15,0.254,1.700
202.75,0.168,-1.000,1,6,0.454,15,0.254,1.700
202.88,0.168,-1.000,1,6,0.454,15,0.254,1.700
203.01,0.168,-1.000,1,6,0.454,15,0.254,1.700
203.14,0.168,-1.000,1,6,0.454,15,0.254,1.700
203.26,0.168,-1.000,1,6,0.454,15,0.254,1.700
203.39,0.168,-1.000,1,6,0.454,15,0.254,1.700
203.52,0.168,-1.000,1,6,0.454,15,0.254,1.700
203.65,0.168,-1.000,1,6,0.454,15,0.254,1.700
203.78,0.168,-1.000,1,6,0.454,15,0.254,1.700
203.90,0.168,-1.000,1,6,0.454,15,0.254,1.700
204.03,0.168,-1.000,1,6,0.454,15,0.254,1.700
204.16,0.168,-1.000,1,6,0.454,15,0.254,1.700
204.29,0.168,-1.000,1,6,0.454,15,0.254,1.700
204.42,0.167,-1.000,1,6,0.454,15,0.254,1.700
204.54,0.167,-1.000,1,6,0.454,15,0.254,1.700
204.67,0.167,-1.000,1,6,0.454,15,0.254,1.700
204.80,0.167,-1.000,1,6,0.454,15,0.254,1.700
204.93,0.167,-1.000,1,6,0.454,15,0.254,1.700
205.06,0.167,-1.000,1,6,0.454,15,0.254,1.700
205.18,0.167,-1.000,1,6,0.454,15,0.254,1.700
205.31,0.167,-1.000,1,6,0.454,15,0.254,1.700
205.44,0.167,-1.000,1,6,0.454,15,0.254,1.700
205.57,0.167,-1.000,1,6,0.454,15,0.254,1.700
205.70,0.167,-1.000,1,6,0.454,15,0.254,1.700
205.82,0.167,-1.000,1,6,0.454,15,0.254,1.700
205.95,0.167,-1.000,1,6,0.454,15,0.254,1.700
206.08,0.167,-1.000,1,6,0.454,15,0.254,1.700
206.21,0.167,-1.000,1,6,0.454,15,0.254,1.700
206.34,0.167,-1.000,1,6,0.454,15,0.254,1.700
206.46,0.167,-1.000,1,6,0.454,15,0.254,1.700
206.59,0.167,-1.000,1,6,0.454,15,0.254,1.700
206.72,0.167,-1.000,1,6,0.454,15,0.254,1.700
206.85,0.167,-1.000,1,6,0.454,15,0.254,1.700
206.98,0.167,-1.000,1,6,0.454,15,0.254,1.700
207.10,0.167,-1.000,1,6,0.454,15,0.254,1.700
207.23,0.167,-1.000,1,6,0.454,15,0.254,1.700
207.36,0.167,-1.000,1,6,0.454,15,0.254,1.700
207.49,0.167,-1.000,1,6,0.454,15,0.254,1.700
207.62,0.167,-1.000,1,6,0.454,15,0.254,1.700
207.74,0.167,-1.000,1,6,0.454,15,0.254,1.700
207.87,0.167,-1.000,1,6,0.454,15,0.254,1.700
208.00,0.167,-1.000,1,6,0.454,15,0.254,1.700
208.13,0.167,-1.000,1,6,0.454,15,0.254,1.700
208.26,0.167,-1.000,1,6,0.454,15,0.254,1.700
208.38,0.167,-1.000,1,6,0.454,15,0.254,1.700
208.51,0.167,-1.000,1,6,0.454,15,0.254,1.700
208.64,0.167,-1.000,1,6,0.454,15,0.254,1.700
208.77,0.167,-1.000,1,6,0.454,15,0.254,1.700
208.90,0.167,-1.000,1,6,0.454,15,0.254,1.700
209.02,0.167,-1.000,1,6,0.454,15,0.254,1.700
209.15,0.167,-1.000,1,6,0.454,15,0.254,1.700
209.28,0.167,-1.000,1,6,0.454,15,0.254,1.700
209.41,0.167,-1.000,1,6,0.454,15,0.254,1.700
209.54,0.167,-1.000,1,6,0.454,15,0.254,1.700
209.66,0.167,-1.000,1,6,0.454,15,0.254,1.700
209.79,0.167,-1.000,1,6,0.454,15,0.254,1.700
209.92,0.167,-1.000,1,6,0.454,15,0.254,1.700
210.05,0.167,-1.000,1,6,0.454,15,0.254,1.700
210.18,0.167,-1.000,1,6,0.454,15,0.254,1.700
210.30,0.167,-1.000,1,6,0.454,15,0.254,1.700
210.43,0.167,-1.000,1,6,0.454,15,0.254,1.700
210.56,0.167,-1.000,1,6,0.454,15,0.254,1.700
210.69,0.167,-1.000,1,6,0.454,15,0.254,1.700
210.82,0.167,-1.000,1,6,0.454,15,0.254,1.700
210.94,0.167,-1.000,1,6,0.454,15,0.254,1.700
211.07,0.167,-1.000,1,6,0.454,15,0.254,1.700
211.20,0.167,-1.000,1,6,0.454,15,0.254,1.700
211.33,0.167,-1.000,1,6,0.454,15,0.254,1.700
211.46,0.167,-1.000,1,6,0.454,15,0.254,1.700
211.58,0.167,-1.000,1,6,0.454,15,0.254,1.700
211.71,0.167,-1.000,1,6,0.454,15,0.254,1.700
211.84,0.167,-1.000,1,6,0.454,15,0.254,1.700
211.97,0.167,-1.000,1,6,0.454,15,0.254,1.700
212.10,0.167,-1.000,1,6,0.454,15,0.254,1.700
212.22,0.167,-1.000,1,6,0.454,15,0.254,1.700
212.35,0.167,-1.000,1,6,0.454,15,0.254,1.700
212.48,0.167,-1.000,1,6,0.454,15,0.254,1.700
212.61,0.167,-1.000,1,6,0.454,15,0.254,1.700
212.74,0.167,-1.000,1,6,0.454,15,0.254,1.700
212.86,0.167,-1.000,1,6,0.454,15,0.254,1.700
212.99,0.167,-1.000,1,6,0.454,15,0.254,1.700
213.12,0.167,-1.000,1,6,0.454,15,0.254,1.700
213.25,0.167,-1.000,1,6,0.454,15,0.254,1.700
213.38,0.167,-1.000,1,6,0.454,15,0.254,1.700
213.50,0.167,-1.000,1,6,0.454,15,0.254,1.700
213.63,0.167,-1.000,1,6,0.454,15,0.254,1.700
213.76,0.167,-1.000,1,6,0.454,15,0.254,1.700
213.89,0.167,-1.000,1,6,0.454,15,0.254,1.700
214.02,0.167,-1.000,1,6,0.454,15,0.254,1.700
214.14,0.167,-1.000,1,6,0.454,15,0.254,1.700
214.27,0.167,-1.000,1,6,0.454,15,0.254,1.700
214.40,0.167,-1.000,1,6,0.454,15,0.254,1.700
214.53,0.167,-1.000,1,6,0.454,15,0.254,1.700
214.66,0.167,-1.000,1,6,0.454,15,0.254,1.700
214.78,0.167,-1.000,1,6,0.454,15,0.254,1.700
214.91,0.167,-1.000,1,6,0.454,15,0.254,1.700
215.04,0.167,-1.000,1,6,0.454,15,0.254,1.700
215.17,0.167,-1.000,1,6,0.454,15,0.254,1.700
215.30,0.167,-1.000,1,6,0.454,15,0.254,1.700
215.42,0.167,-1.000,1,6,0.454,15,0.254,1.700
215.55,0.167,-1.000,1,6,0.454,15,0.254,1.700
215.68,0.167,-1.000,1,6,0.454,15,0.254,1.700
215.81,0.167,-1.000,1,6,0.454,15,0.254,1.700
215.94,0.167,-1.000,1,6,0.454,15,0.254,1.700
216.06,0.167,-1.000,1,6,0.454,15,0.254,1.700
216.19,0.167,-1.000,1,6,0.454,15,0.254,1.700
216.32,0.167,-1.000,1,6,0.454,15,0.254,1.700
216.45,0.167,-1.000,1,6,0.454,15,0.254,1.700
216.58,0.167,-1.000,1,6,0.454,15,0.254,1.700
216.70,0.167,-1.000,1,6,0.454,15,0.254,1.700
216.83,0.167,-1.000,1,6,0.454,15,0.254,1.700
216.96,0.167,-1.000,1,6,0.454,15,0.254,1.700
217.09,0.167,-1.000,1,6,0.454,15,0.254,1.700
217.22,0.167,-1.000,1,6,0.454,15,0.254,1.700
217.34,0.167,-1.000,1,6,0.454,15,0.254,1.700
217.47,0.167,-1.000,1,6,0.454,15,0.254,1.700
217.60,0.167,-1.000,1,6,0.454,15,0.254,1.700
217.73,0.167,-1.000,1,6,0.454,15,0.254,1.700
217.86,0.167,-1.000,1,6,0.454,15,0.254,1.700
217.98,0.167,-1.000,1,6,0.454,15,0.254,1.700
218.11,0.167,-1.000,1,6,0.454,15,0.254,1.700
218.24,0.167,-1.000,1,6,0.454,15,0.254,1.700
218.37,0.167,-1.000,1,6,0.454,15,0.254,1.700
218.50,0.167,-1.000,1,6,0.454,15,0.254,1.700
218.62,0.167,-1.000,1,6,0.454,15,0.254,1.700
218.75,0.167,-1.000,1,6,0.454,15,0.254,1.700
218.88,0.167,-1.000,1,6,0.454,15,0.254,1.700
219.01,0.167,-1.000,1,6,0.454,15,0.254,1.700
219.14,0.167,-1.000,1,6,0.454,15,0.254,1.700
219.26,0.167,-1.000,1,6,0.454,15,0.254,1.700
219.39,0.167,-1.000,1,6,0.454,15,0.254,1.700
219.52,0.167,-1.000,1,6,0.454,15,0.254,1.700
219.65,0.167,-1.000,1,6,0.454,15,0.254,1.700
219.78,0.167,-1.000,1,6,0.454,15,0.254,1.700
219.90,0.167,-1.000,1,6,0.454,15,0.254,1.700
220.03,0.167,-1.000,1,6,0.454,15,0.254,1.700
220.16,0.167,-1.000,1,6,0.454,15,0.254,1.700
220.29,0.167,-1.000,1,6,0.454,15,0.254,1.700
220.42,0.167,-1.000,1,6,0.454,15,0.254,1.700
220.54,0.167,-1.000,1,6,0.454,15,0.254,1.700
220.67,0.167,-1.000,1,6,0.454,15,0.254,1.700
220.80,0.167,-1.000,1,6,0.454,15,0.254,1.700
220.93,0.167,-1.000,1,6,0.454,15,0.254,1.700
221.06,0.167,-1.000,1,6,0.454,15,0.254,1.700
221.18,0.167,-1.000,1,6,0.454,15,0.254,1.700
221.31,0.167,-1.000,1,6,0.454,15,0.254,1.700
221.44,0.167,-1.000,1,6,0.454,15,0.254,1.700
221.57,0.167,-1.000,1,6,0.454,15,0.254,1.700
221.70,0.167,-1.000,1,6,0.454,15,0.254,1.700
221.82,0.167,-1.000,1,6,0.454,15,0.254,1.700
221.95,0.167,-1.000,1,6,0.454,15,0.254,1.700
222.08,0.167,-1.000,1,6,0.454,15,0.254,1.700
222.21,0.167,-1.000,1,6,0.454,15,0.254,1.700
222.34,0.167,-1.000,1,6,0.454,15,0.254,1.700
222.46,0.167,-1.000,1,6,0.454,15,0.254,1.700
222.59,0.167,-1.000,1,6,0.454,15,0.254,1.700
222.72,0.167,-1.000,1,6,0.454,15,0.254,1.700
222.85,0.167,-1.000,1,6,0.454,15,0.254,1.700
222.98,0.167,-1.000,1,6,0.454,15,0.254,1.700
223.10,0.167,-1.000,1,6,0.454,15,0.254,1.700
223.23,0.167,-1.000,1,6,0.454,15,0.254,1.700
223.36,0.167,-1.000,1,6,0.454,15,0.254,1.700
223.49,0.167,-1.000,1,6,0.454,15,0.254,1.700
223.62,0.167,-1.000,1,6,0.454,15,0.254,1.700
223.74,0.167,-1.000,1,6,0.454,15,0.254,1.700
223.87,0.167,-1.000,1,6,0.454,15,0.254,1.700
224.00,0.167,-1.000,1,6,0.454,15,0.254,1.700
224.13,0.167,-1.000,1,6,0.454,15,0.254,1.700
224.26,0.167,-1.000,1,6,0.454,15,0.254,1.700
224.38,0.167,-1.000,1,6,0.454,15,0.254,1.700
224.51,0.167,-1.000,1,6,0.454,15,0.254,1.700
224.64,0.167,-1.000,1,6,0.454,15,0.254,1.700
224.77,0.167,-1.000,1,6,0.454,15,0.254,1.700
224.90,0.167,-1.000,1,6,0.454,15,0.254,1.700
225.02,0.167,-1.000,1,6,0.454,15,0.254,1.700
225.15,0.167,-1.000,1,6,0.454,15,0.254,1.700
225.28,0.167,-1.000,1,6,0.454,15,0.254,1.700
225.41,0.167,-1.000,1,6,0.454,15,0.254,1.700
225.54,0.167,-1.000,1,6,0.454,15,0.254,1.700
225.66,0.167,-1.000,1,6,0.454,15,0.254,1.700
225.79,0.167,-1.000,1,6,0.454,15,0.254,1.700
225.92,0.167,-1.000,1,6,0.454,15,0.254,1.700
226.05,0.167,-1.000,1,6,0.454,15,0.254,1.700
226.18,0.167,-1.000,1,6,0.454,15,0.254,1.700
226.30,0.167,-1.000,1,6,0.454,15,0.254,1.700
226.43,0.167,-1.000,1,6,0.454,15,0.254,1.700
226.56,0.167,-1.000,1,6,0.454,15,0.254,1.700
226.69,0.167,-1.000,1,6,0.454,15,0.254,1.700
226.82,0.167,-1.000,1,6,0.454,15,0.254,1.700
226.94,0.167,-1.000,1,6,0.454,15,0.254,1.700
227.07,0.167,-1.000,1,6,0.454,15,0.254,1.700
227.20,0.167,-1.000,1,6,0.454,15,0.254,1.700
227.33,0.167,-1.000,1,6,0.454,15,0.254,1.700
227.46,0.167,-1.000,1,6,0.454,15,0.254,1.700
227.58,0.167,-1.000,1,6,0.454,15,0.254,1.700
227.71,0.167,-1.000,1,6,0.454,15,0.254,1.700
227.84,0.167,-1.000,1,6,0.454,15,0.254,1.700
227.97,0.167,-1.000,1,6,0.454,15,0.254,1.700
228.10,0.167,-1.000,1,6,0.454,15,0.254,1.700
228.22,0.167,-1.000,1,6,0.454,15,0.254,1.700
228.35,0.167,-1.000,1,6,0.454,15,0.254,1.700
228.48,0.167,-1.000,1,6,0.454,15,0.254,1.700
228.61,0.167,-1.000,1,6,0.454,15,0.056,1.588
228.74,0.167,-1.003,1,6,0.454,15,0.063,1.140
228.86,0.168,-1.003,1,6,0.454,15,0.070,0.692
228.99,0.166,-1.003,1,6,0.454,15,0.076,0.244
229.12,0.165,-1.002,1,6,0.454,15,0.077,-0.204
229.25,0.164,-1.002,1,6,0.454,15,0.070,-0.652
229.38,0.164,-1.002,1,6,0.454,15,0.064,-1.100
229.50,0.162,-1.000,1,6,0.454,15,0.057,-1.548
229.63,0.160,-0.996,1,6,0.454,15,0.279,-1.548
229.76,0.159,-0.996,1,6,0.454,15,0.355,-1.100
229.89,0.159,-0.996,1,6,0.454,15,0.430,-0.652
230.02,0.159,-0.996,1,6,0.454,15,0.506,-0.204
230.14,0.159,-0.996,1,6,0.454,15,0.499,0.244
230.27,0.159,-0.996,1,6,0.454,15,0.424,0.692
230.40,0.159,-0.996,1,6,0.454,15,0.348,1.140
230.53,0.159,-0.996,1,6,0.454,15,0.273,1.588
230.66,0.159,-0.996,1,6,0.454,15,0.253,1.703
230.78,0.159,-0.996,1,6,0.454,15,0.254,1.700
230.91,0.159,-0.996,1,6,0.454,15,0.254,1.700
231.04,0.159,-0.996,1,6,0.454,15,0.254,1.700
231.17,0.159,-0.996,1,6,0.454,15,0.254,1.700
231.30,0.159,-0.996,1,6,0.454,15,0.254,1.700
231.42,0.159,-0.996,1,6,0.454,15,0.254,1.700
231.55,0.159,-0.996,1,6,0.454,15,0.254,1.700
231.68,0.159,-0.996,1,6,0.454,15,0.254,1.700
231.81,0.159,-0.996,1,6,0.454,15,0.254,1.700
231.94,0.159,-0.996,1,6,0.454,15,0.254,1.700
232.06,0.159,-0.996,1,6,0.454,15,0.254,1.700
232.19,0.159,-0.996,1,6,0.454,15,0.254,1.700
232.32,0.159,-0.996,1,6,0.454,15,0.254,1.700
232.45,0.159,-0.996,1,6,0.454,15,0.254,1.700
232.58,0.159,-0.996,1,6,0.454,15,0.254,1.700
232.70,0.158,-0.996,1,6,0.454,15,0.254,1.700
232.83,0.158,-0.996,1,6,0.454,15,0.254,1.700
232.96,0.158,-0.996,1,6,0.454,15,0.254,1.700
233.09,0.158,-0.996,1,6,0.454,15,0.254,1.700
233.22,0.158,-0.996,1,6,0.454,15,0.254,1.700
233.34,0.158,-0.996,1,6,0.454,15,0.254,1.700
233.47,0.158,-0.996,1,6,0.454,15,0.254,1.700
233.60,0.158,-0.996,1,6,0.454,15,0.254,1.700
233.73,0.158,-0.996,1,6,0.454,15,0.254,1.700
233.86,0.158,-0.996,1,6,0.454,15,0.254,1.700
233.98,0.158,-0.996,1,6,0.454,15,0.254,1.700
234.11,0.158,-0.996,1,6,0.454,15,0.254,1.700
234.24,0.158,-0.996,1,6,0.454,15,0.254,1.700
234.37,0.158,-0.996,1,6,0.454,15,0.254,1.700
234.50,0.158,-0.996,1,6,0.454,15,0.254,1.700
234.62,0.158,-0.996,1,6,0.454,15,0.254,1.700
234.75,0.158,-0.996,1,6,0.454,15,0.254,1.700
234.88,0.158,-0.996,1,6,0.454,15,0.254,1.700
235.01,0.158,-0.996,1,6,0.454,15,0.254,1.700
235.14,0.158,-0.996,1,6,0.454,15,0.254,1.700
235.26,0.158,-0.996,1,6,0.454,15,0.254,1.700
235.39,0.158,-0.996,1,6,0.454,15,0.254,1.700
235.52,0.158,-0.996,1,6,0.454,15,0.254,1.700
235.65,0.158,-0.996,1,6,0.454,15,0.254,1.700
235.78,0.158,-0.996,1,6,0.454,15,0.254,1.700
235.90,0.158,-0.996,1,6,0.454,15,0.254,1.700
236.03,0.158,-0.996,1,6,0.454,15,0.254,1.700
236.16,0.158,-0.996,1,6,0.454,15,0.254,1.700
236.29,0.158,-0.996,1,6,0.454,15,0.254,1.700
236.42,0.158,-0.996,1,6,0.454,15,0.254,1.700
236.54,0.158,-0.996,1,6,0.454,15,0.254,1.700
236.67,0.158,-0.996,1,6,0.454,15,0.254,1.700
236.80,0.158,-0.996,1,6,0.454,15,0.254,1.700
236.93,0.158,-0.996,1,6,0.454,15,0.254,1.700
237.06,0.158,-0.996,1,6,0.454,15,0.254,1.700
237.18,0.158,-0.996,1,6,0.454,15,0.254,1.700
237.31,0.158,-0.996,1,6,0.454,15,0.254,1.700
237.44,0.158,-0.996,1,6,0.454,15,0.254,1.700
237.57,0.158,-0.996,1,6,0.454,15,0.254,1.700
237.70,0.158,-0.996,1,6,0.454,15,0.254,1.700
237.82,0.158,-0.996,1,6,0.454,15,0.254,1.700
237.95,0.158,-0.996,1,6,0.454,15,0.254,1.700
238.08,0.158,-0.996,1,6,0.454,15,0.254,1.700
238.21,0.158,-0.996,1,6,0.454,15,0.254,1.700
238.34,0.158,-0.996,1,6,0.454,15,0.254,1.700
238.46,0.158,-0.996,1,6,0.454,15,0.254,1.700
238.59,0.158,-0.996,1,6,0.454,15,0.254,1.700
238.72,0.158,-0.996,1,6,0.454,15,0.254,1.700
238.85,0.158,-0.996,1,6,0.454,15,0.254,1.700
238.98,0.158,-0.996,1,6,0.454,15,0.254,1.700
239.10,0.158,-0.996,1,6,0.454,15,0.254,1.700
239.23,0.158,-0.996,1,6,0.454,15,0.254,1.700
239.36,0.158,-0.996,1,6,0.454,15,0.254,1.700
239.49,0.158,-0.996,1,6,0.454,15,0.254,1.700
239.62,0.158,-0.996,1,6,0.454,15,0.254,1.700
239.74,0.158,-0.996,1,6,0.454,15,0.254,1.700
239.87,0.158,-0.996,1,6,0.454,15,0.254,1.700
240.00,0.158,-0.996,1,6,0.454,15,0.254,1.700
240.13,0.158,-0.996,1,6,0.454,15,0.254,1.700
240.26,0.158,-0.996,1,6,0.454,15,0.254,1.700
240.38,0.158,-0.996,1,6,0.454,15,0.254,1.700
240.51,0.158,-0.996,1,6,0.454,15,0.254,1.700
240.64,0.158,-0.996,1,6,0.454,15,0.254,1.700
240.77,0.158,-0.996,1,6,0.454,15,0.254,1.700
240.90,0.158,-0.996,1,6,0.454,15,0.254,1.700
241.02,0.158,-0.996,1,6,0.454,15,0.254,1.700
241.15,0.158,-0.996,1,6,0.454,15,0.254,1.700
241.28,0.158,-0.996,1,6,0.454,15,0.254,1.700
241.41,0.158,-0.996,1,6,0.454,15,0.254,1.700
241.54,0.158,-0.996,1,6,0.454,15,0.254,1.700
241.66,0.158,-0.996,1,6,0.454,15,0.254,1.700
241.79,0.158,-0.996,1,6,0.454,15,0.254,1.700
241.92,0.158,-0.996,1,6,0.454,15,0.254,1.700
242.05,0.158,-0.996,1,6,0.454,15,0.254,1.700
242.18,0.158,-0.996,1,6,0.454,15,0.254,1.700
242.30,0.158,-0.996,1,6,0.454,15,0.254,1.700
242.43,0.158,-0.996,1,6,0.454,15,0.254,1.700
242.56,0.158,-0.996,1,6,0.454,15,0.254,1.700
242.69,0.158,-0.996,1,6,0.454,15,0.254,1.700
242.82,0.158,-0.996,1,6,0.454,15,0.254,1.700
242.94,0.158,-0.996,1,6,0.454,15,0.254,1.700
243.07,0.158,-0.996,1,6,0.454,15,0.254,1.700
243.20,0.158,-0.996,1,6,0.454,15,0.254,1.700
243.33,0.158,-0.996,1,6,0.454,15,0.254,1.700
243.46,0.158,-0.996,1,6,0.454,15,0.254,1.700
243.58,0.158,-0.996,1,6,0.454,15,0.254,1.700
243.71,0.158,-0.996,1,6,0.454,15,0.254,1.700
243.84,0.158,-0.996,1,6,0.454,15,0.254,1.700
243.97,0.158,-0.996,1,6,0.454,15,0.254,1.700
244.10,0.158,-0.996,1,6,0.454,15,0.254,1.700
244.22,0.158,-0.996,1,6,0.454,15,0.254,1.700
244.35,0.158,-0.996,1,6,0.454,15,0.254,1.700
244.48,0.158,-0.996,1,6,0.454,15,0.254,1.700
244.61,0.158,-0.996,1,6,0.454,15,0.254,1.700
244.74,0.158,-0.996,1,6,0.454,15,0.254,1.700
244.86,0.158,-0.996,1,6,0.454,15,0.254,1.700
244.99,0.158,-0.996,1,6,0.454,15,0.254,1.700
245.12,0.158,-0.996,1,6,0.454,15,0.254,1.700
245.25,0.158,-0.996,1,6,0.454,15,0.254,1.700
245.38,0.158,-0.996,1,6,0.454,15,0.254,1.700
245.50,0.158,-0.996,1,6,0.454,15,0.254,1.700
245.63,0.158,-0.996,1,6,0.454,15,0.254,1.700
245.76,0.158,-0.996,1,6,0.454,15,0.254,1.700
245.89,0.158,-0.996,1,6,0.454,15,0.254,1.700
246.02,0.158,-0.996,1,6,0.454,15,0.254,1.700
246.14,0.158,-0.996,1,6,0.454,15,0.254,1.700
246.27,0.158,-0.996,1,6,0.454,15,0.254,1.700
246.40,0.158,-0.996,1,6,0.454,15,0.254,1.700
246.53,0.158,-0.996,1,6,0.454,15,0.254,1.700
246.66,0.158,-0.996,1,6,0.454,15,0.254,1.700
246.78,0.158,-0.996,1,6,0.454,15,0.254,1.700
246.91,0.158,-0.996,1,6,0.454,15,0.254,1.700
247.04,0.158,-0.996,1,6,0.454,15,0.254,1.700
247.17,0.158,-0.996,1,6,0.454,15,0.254,1.700
247.30,0.158,-0.997,1,6,0.454,15,0.254,1.700
247.42,0.158,-0.997,1,6,0.454,15,0.254,1.700
247.55,0.158,-0.997,1,6,0.454,15,0.254,1.700
247.68,0.158,-0.997,1,6,0.454,15,0.254,1.700
247.81,0.158,-0.997,1,6,0.454,15,0.254,1.700
247.94,0.158,-0.997,1,6,0.454,15,0.254,1.700
248.06,0.158,-0.997,1,6,0.454,15,0.254,1.700
248.19,0.158,-0.997,1,6,0.454,15,0.254,1.700
248.32,0.158,-0.997,1,6,0.454,15,0.254,1.700
248.45,0.158,-0.997,1,6,0.454,15,0.254,1.700
248.58,0.158,-0.997,1,6,0.454,15,0.254,1.700
248.70,0.158,-0.997,1,6,0.454,15,0.254,1.700
248.83,0.158,-0.997,1,6,0.454,15,0.254,1.700
248.96,0.158,-0.997,1,6,0.454,15,0.254,1.700
249.09,0.158,-0.997,1,6,0.454,15,0.254,1.700
249.22,0.158,-0.997,1,6,0.454,15,0.254,1.700
249.34,0.158,-0.997,1,6,0.454,15,0.254,1.700
249.47,0.158,-0.997,1,6,0.454,15,0.254,1.700
249.60,0.158,-0.997,1,6,0.454,15,0.254,1.700
249.73,0.158,-0.997,1,6,0.454,15,0.254,1.700
249.86,0.158,-0.997,1,6,0.454,15,0.254,1.700
249.98,0.158,-0.997,1,6,0.454,15,0.254,1.700
250.11,0.158,-0.997,1,6,0.454,15,0.254,1.700
250.24,0.158,-0.997,1,6,0.454,15,0.254,1.700
250.37,0.158,-0.997,1,6,0.454,15,0.254,1.700
250.50,0.158,-0.997,1,6,0.454,15,0.254,1.700
250.62,0.158,-0.997,1,6,0.454,15,0.254,1.700
250.75,0.158,-0.997,1,6,0.454,15,0.254,1.700
250.88,0.158,-0.997,1,6,0.454,15,0.254,1.700
251.01,0.158,-0.997,1,6,0.454,15,0.254,1.700
251.14,0.158,-0.997,1,6,0.454,15,0.254,1.700
251.26,0.158,-0.997,1,6,0.454,15,0.254,1.700
251.39,0.158,-0.997,1,6,0.454,15,0.254,1.700
251.52,0.158,-0.997,1,6,0.454,15,0.254,1.700
251.65,0.158,-0.997,1,6,0.454,15,0.254,1.700
251.78,0.158,-0.997,1,6,0.454,15,0.254,1.700
251.90,0.158,-0.997,1,6,0.454,15,0.254,1.700
252.03,0.158,-0.997,1,6,0.454,15,0.254,1.700
252.16,0.158,-0.997,1,6,0.454,15,0.254,1.700
252.29,0.158,-0.997,1,6,0.454,15,0.254,1.700
252.42,0.158,-0.997,1,6,0.454,15,0.254,1.700
252.54,0.158,-0.997,1,6,0.454,15,0.254,1.700
252.67,0.158,-0.997,1,6,0.454,15,0.254,1.700
252.80,0.158,-0.997,1,6,0.454,15,0.254,1.700
252.93,0.158,-0.997,1,6,0.454,15,0.254,1.700
253.06,0.158,-0.997,1,6,0.454,15,0.254,1.700
253.18,0.158,-0.997,1,6,0.454,15,0.254,1.700
253.31,0.158,-0.997,1,6,0.454,15,0.254,1.700
253.44,0.158,-0.997,1,6,0.454,15,0.254,1.700
253.57,0.158,-0.997,1,6,0.454,15,0.254,1.700
253.70,0.158,-0.997,1,6,0.454,15,0.254,1.700
253.82,0.158,-0.997,1,6,0.454,15,0.254,1.700
253.95,0.158,-0.997,1,6,0.454,15,0.254,1.700
254.08,0.158,-0.997,1,6,0.454,15,0.254,1.700
254.21,0.158,-0.997,1,6,0.454,15,0.254,1.700
254.34,0.158,-0.997,1,6,0.454,15,0.254,1.700
254.46,0.158,-0.997,1,6,0.454,15,0.254,1.700
254.59,0.158,-0.997,1,6,0.454,15,0.254,1.700
254.72,0.158,-0.997,1,6,0.454,15,0.254,1.700
254.85,0.158,-0.997,1,6,0.454,15,0.254,1.700
254.98,0.158,-0.997,1,6,0.454,15,0.254,1.700
255.10,0.158,-0.997,1,6,0.454,15,0.254,1.700
255.23,0.158,-0.997,1,6,0.454,15,0.254,1.700
255.36,0.158,-0.997,1,6,0.454,15,0.254,1.700
255.49,0.158,-0.997,1,6,0.454,15,0.254,1.700
255.62,0.158,-0.997,1,6,0.454,15,0.254,1.700
255.74,0.158,-0.997,1,6,0.454,15,0.254,1.700
255.87,0.158,-0.997,1,6,0.454,15,0.254,1.700
256.00,0.158,-0.997,1,6,0.454,15,0.254,1.700
256.13,0.158,-0.997,1,6,0.454,15,0.254,1.700
256.26,0.158,-0.997,1,6,0.454,15,0.254,1.700
256.38,0.158,-0.997,1,6,0.454,15,0.254,1.700
256.51,0.158,-0.997,1,6,0.454,15,0.254,1.700
256.64,0.158,-0.997,1,6,0.454,15,0.254,1.700
256.77,0.158,-0.997,1,6,0.454,15,0.254,1.700
256.90,0.158,-0.997,1,6,0.454,15,0.254,1.700
257.02,0.158,-0.997,1,6,0.454,15,0.254,1.700
257.15,0.158,-0.997,1,6,0.454,15,0.254,1.700
257.28,0.158,-0.997,1,6,0.454,15,0.254,1.700
257.41,0.158,-0.997,1,6,0.454,15,0.254,1.700
257.54,0.158,-0.997,1,6,0.454,15,0.254,1.700
257.66,0.158,-0.997,1,6,0.454,15,0.254,1.700
257.79,0.158,-0.997,1,6,0.454,15,0.254,1.700
257.92,0.158,-0.997,1,6,0.454,15,0.254,1.700
258.05,0.158,-0.997,1,6,0.454,15,0.254,1.700
258.18,0.158,-0.997,1,6,0.454,15,0.254,1.700
258.30,0.158,-0.997,1,6,0.454,15,0.254,1.700
258.43,0.158,-0.997,1,6,0.454,15,0.254,1.700
258.56,0.158,-0.997,1,6,0.454,15,0.254,1.700
258.69,0.158,-0.997,1,6,0.454,15,0.254,1.700
258.82,0.158,-0.997,1,6,0.454,15,0.254,1.700
258.94,0.158,-0.997,1,6,0.454,15,0.254,1.700
259.07,0.158,-0.997,1,6,0.454,15,0.254,1.700
259.20,0.158,-0.997,1,6,0.454,15,0.254,1.700
259.33,0.158,-0.997,1,6,0.454,15,0.254,1.700
259.46,0.158,-0.997,1,6,0.454,15,0.254,1.700
259.58,0.158,-0.997,1,6,0.454,15,0.254,1.700
259.71,0.158,-0.997,1,6,0.454,15,0.254,1.700
259.84,0.158,-0.997,1,6,0.454,15,0.254,1.700
259.97,0.158,-0.997,1,6,0.454,15,0.254,1.700
260.10,0.158,-0.997,1,6,0.454,15,0.254,1.700
260.22,0.158,-0.997,1,6,0.454,15,0.254,1.700
260.35,0.158,-0.997,1,6,0.454,15,0.254,1.700
260.48,0.158,-0.997,1,6,0.454,15,0.254,1.700
260.61,0.158,-0.997,1,6,0.454,15,0.254,1.700
260.74,0.158,-0.997,1,6,0.454,15,0.254,1.700
260.86,0.158,-0.997,1,6,0.454,15,0.254,1.700
260.99,0.158,-0.997,1,6,0.454,15,0.254,1.700
261.12,0.158,-0.997,1,6,0.454,15,0.254,1.700
261.25,0.158,-0.997,1,6,0.454,15,0.254,1.700
261.38,0.158,-0.997,1,6,0.454,15,0.254,1.700
261.50,0.158,-0.997,1,6,0.454,15,0.254,1.700
261.63,0.158,-0.997,1,6,0.454,15,0.254,1.700
261.76,0.158,-0.997,1,6,0.454,15,0.254,1.700
261.89,0.158,-0.997,1,6,0.454,15,0.254,1.700
262.02,0.158,-0.997,1,6,0.454,15,0.254,1.700
262.14,0.158,-0.997,1,6,0.454,15,0.254,1.700
262.27,0.158,-0.997,1,6,0.454,15,0.254,1.700
262.40,0.158,-0.997,1,6,0.454,15,0.254,1.700
262.53,0.158,-0.997,1,6,0.454,15,0.254,1.700
262.66,0.158,-0.997,1,6,0.454,15,0.254,1.700
262.78,0.158,-0.997,1,6,0.454,15,0.254,1.700
262.91,0.158,-0.997,1,6,0.454,15,0.254,1.700
263.04,0.158,-0.997,1,6,0.454,15,0.254,1.700
263.17,0.158,-0.997,1,6,0.454,15,0.254,1.700
263.30,0.158,-0.997,1,6,0.454,15,0.254,1.700
263.42,0.158,-0.997,1,6,0.454,15,0.254,1.700
263.55,0.158,-0.997,1,6,0.454,15,0.254,1.700
263.68,0.158,-0.997,1,6,0.454,15,0.254,1.700
263.81,0.158,-0.997,1,6,0.454,15,0.254,1.700
263.94,0.158,-0.997,1,6,0.454,15,0.254,1.700
264.06,0.158,-0.997,1,6,0.454,15,0.254,1.700
264.19,0.158,-0.997,1,6,0.454,15,0.254,1.700
264.32,0.158,-0.997,1,6,0.454,15,0.254,1.700
264.45,0.158,-0.997,1,6,0.454,15,0.254,1.700
264.58,0.158,-0.997,1,6,0.454,15,0.254,1.700
264.70,0.158,-0.997,1,6,0.454,15,0.254,1.700
264.83,0.158,-0.997,1,6,0.454,15,0.254,1.700
264.96,0.158,-0.997,1,6,0.454,15,0.254,1.700
265.09,0.158,-0.997,1,6,0.454,15,0.254,1.700
265.22,0.158,-0.997,1,6,0.454,15,0.254,1.700
265.34,0.158,-0.997,1,6,0.454,15,0.254,1.700
265.47,0.158,-0.997,1,6,0.454,15,0.254,1.700
265.60,0.158,-0.997,1,6,0.454,15,0.254,1.700
265.73,0.158,-0.997,1,6,0.454,15,0.254,1.700
265.86,0.158,-0.997,1,6,0.454,15,0.254,1.700
265.98,0.158,-0.997,1,6,0.454,15,0.254,1.700
266.11,0.158,-0.997,1,6,0.454,15,0.254,1.700
266.24,0.158,-0.997,1,6,0.454,15,0.254,1.700
266.37,0.158,-0.997,1,6,0.454,15,0.254,1.700
266.50,0.158,-0.997,1,6,0.454,15,0.254,1.700
266.62,0.158,-0.997,1,6,0.454,15,0.254,1.700
266.75,0.158,-0.997,1,6,0.454,15,0.254,1.700
266.88,0.158,-0.997,1,6,0.454,15,0.254,1.700
267.01,0.158,-0.997,1,6,0.454,15,0.254,1.700
267.14,0.158,-0.997,1,6,0.454,15,0.254,1.700
267.26,0.158,-0.997,1,6,0.454,15,0.254,1.700
267.39,0.158,-0.997,1,6,0.454,15,0.254,1.700
267.52,0.158,-0.997,1,6,0.454,15,0.254,1.700
267.65,0.158,-0.997,1,6,0.454,15,0.254,1.700
267.78,0.158,-0.997,1,6,0.454,15,0.254,1.700
267.90,0.158,-0.997,1,6,0.454,15,0.254,1.700
268.03,0.158,-0.997,1,6,0.454,15,0.254,1.700
268.16,0.158,-0.997,1,6,0.454,15,0.254,1.700
268.29,0.158,-0.997,1,6,0.454,15,0.254,1.700
268.42,0.158,-0.997,1,6,0.454,15,0.254,1.700
268.54,0.158,-0.997,1,6,0.454,15,0.254,1.700
268.67,0.158,-0.997,1,6,0.454,15,0.254,1.700
268.80,0.158,-0.997,1,6,0.454,15,0.254,1.700
268.93,0.158,-0.997,1,6,0.454,15,0.254,1.700
269.06,0.158,-0.997,1,6,0.454,15,0.254,1.700
269.18,0.158,-0.997,1,6,0.454,15,0.254,1.700
269.31,0.158,-0.997,1,6,0.454,15,0.254,1.700
269.44,0.158,-0.997,1,6,0.454,15,0.254,1.700
269.57,0.158,-0.997,1,6,0.454,15,0.254,1.700
269.70,0.158,-0.997,1,6,0.454,15,0.254,1.700
269.82,0.158,-0.997,1,6,0.454,15,0.254,1.700
269.95,0.158,-0.997,1,6,0.454,15,0.254,1.700
270.08,0.158,-0.997,1,6,0.454,15,0.254,1.700
270.21,0.158,-0.997,1,6,0.454,15,0.254,1.700
270.34,0.158,-0.997,1,6,0.454,15,0.254,1.700
270.46,0.158,-0.997,1,6,0.454,15,0.254,1.700
270.59,0.158,-0.997,1,6,0.454,15,0.254,1.700
270.72,0.158,-0.997,1,6,0.454,15,0.254,1.700
270.85,0.158,-0.997,1,6,0.454,15,0.254,1.700
270.98,0.158,-0.997,1,6,0.454,15,0.254,1.700
271.10,0.158,-0.997,1,6,0.454,15,0.254,1.700
271.23,0.158,-0.997,1,6,0.454,15,0.254,1.700
271.36,0.158,-0.997,1,6,0.454,15,0.254,1.700
271.49,0.158,-0.997,1,6,0.454,15,0.254,1.700
271.62,0.158,-0.997,1,6,0.454,15,0.254,1.700
271.74,0.158,-0.997,1,6,0.454,15,0.254,1.700
271.87,0.158,-0.997,1,6,0.454,15,0.254,1.700
272.00,0.158,-0.997,1,6,0.454,15,0.254,1.700
272.13,0.158,-0.997,1,6,0.454,15,0.254,1.700
272.26,0.158,-0.997,1,6,0.454,15,0.254,1.700
272.38,0.158,-0.997,1,6,0.454,15,0.254,1.700
272.51,0.158,-0.997,1,6,0.454,15,0.254,1.700
272.64,0.158,-0.997,1,6,0.454,15,0.254,1.700
272.77,0.158,-0.997,1,6,0.454,15,0.254,1.700
272.90,0.158,-0.997,1,6,0.454,15,0.254,1.700
273.02,0.158,-0.997,1,6,0.454,15,0.254,1.700
273.15,0.158,-0.997,1,6,0.454,15,0.254,1.700
273.28,0.158,-0.997,1,6,0.454,15,0.254,1.700
273.41,0.158,-0.997,1,6,0.454,15,0.254,1.700
273.54,0.158,-0.997,1,6,0.454,15,0.254,1.700
273.66,0.158,-0.997,1,6,0.454,15,0.254,1.700
273.79,0.158,-0.997,1,6,0.454,15,0.254,1.700
273.92,0.158,-0.997,1,6,0.454,15,0.254,1.700
274.05,0.158,-0.997,1,6,0.454,15,0.254,1.700
274.18,0.158,-0.997,1,6,0.454,15,0.254,1.700
274.30,0.158,-0.997,1,6,0.454,15,0.254,1.700
274.43,0.158,-0.997,1,6,0.454,15,0.254,1.700
274.56,0.158,-0.997,1,6,0.454,15,0.254,1.700
274.69,0.158,-0.997,1,6,0.454,15,0.254,1.700
274.82,0.158,-0.997,1,6,0.454,15,0.254,1.700
274.94,0.158,-0.997,1,6,0.454,15,0.254,1.700
275.07,0.158,-0.997,1,6,0.454,15,0.254,1.700
275.20,0.158,-0.997,1,6,0.454,15,0.254,1.700
275.33,0.158,-0.997,1,6,0.454,15,0.254,1.700
275.46,0.158,-0.997,1,6,0.454,15,0.254,1.700
275.58,0.158,-0.997,1,6,0.454,15,0.254,1.700
275.71,0.158,-0.997,1,6,0.454,15,0.254,1.700
275.84,0.158,-0.997,1,6,0.454,15,0.254,1.700
275.97,0.158,-0.997,1,6,0.454,15,0.254,1.700
276.10,0.158,-0.997,1,6,0.454,15,0.254,1.700
276.22,0.158,-0.997,1,6,0.454,15,0.254,1.700
276.35,0.158,-0.997,1,6,0.454,15,0.254,1.700
276.48,0.158,-0.997,1,6,0.454,15,0.254,1.700
276.61,0.158,-0.997,1,6,0.454,15,0.254,1.700
276.74,0.158,-0.997,1,6,0.454,15,0.254,1.700
276.86,0.158,-0.997,1,6,0.454,15,0.254,1.700
276.99,0.158,-0.997,1,6,0.454,15,0.254,1.700
277.12,0.158,-0.997,1,6,0.454,15,0.254,1.700
277.25,0.158,-0.997,1,6,0.454,15,0.254,1.700
277.38,0.158,-0.997,1,6,0.454,15,0.254,1.700
277.50,0.158,-0.997,1,6,0.454,15,0.254,1.700
277.63,0.158,-0.997,1,6,0.454,15,0.254,1.700
277.76,0.158,-0.997,1,6,0.454,15,0.254,1.700
277.89,0.158,-0.997,1,6,0.454,15,0.254,1.700
278.02,0.158,-0.997,1,6,0.454,15,0.254,1.700
278.14,0.158,-0.997,1,6,0.454,15,0.254,1.700
278.27,0.158,-0.997,1,6,0.454,15,0.254,1.700
278.40,0.158,-0.997,1,6,0.454,15,0.254,1.700
278.53,0.158,-0.997,1,6,0.454,15,0.254,1.700
278.66,0.158,-0.997,1,6,0.454,15,0.254,1.700
278.78,0.158,-0.997,1,6,0.454,15,0.254,1.700
278.91,0.158,-0.997,1,6,0.454,15,0.254,1.700
279.04,0.158,-0.997,1,6,0.454,15,0.254,1.700
279.17,0.158,-0.997,1,6,0.454,15,0.254,1.700
279.30,0.158,-0.997,1,6,0.454,15,0.254,1.700
279.42,0.158,-0.997,1,6,0.454,15,0.254,1.700
279.55,0.158,-0.997,1,6,0.454,15,0.254,1.700
279.68,0.158,-0.997,1,6,0.454,15,0.254,1.700
279.81,0.158,-0.997,1,6,0.454,15,0.254,1.700
279.94,0.158,-0.997,1,6,0.454,15,0.254,1.700
280.06,0.158,-0.997,1,6,0.454,15,0.254,1.700
280.19,0.158,-0.997,1,6,0.454,15,0.254,1.700
280.32,0.158,-0.997,1,6,0.454,15,0.254,1.700
280.45,0.158,-0.997,1,6,0.454,15,0.254,1.700
280.58,0.158,-0.997,1,6,0.454,15,0.254,1.700
280.70,0.158,-0.997,1,6,0.454,15,0.254,1.700
280.83,0.158,-0.997,1,6,0.454,15,0.254,1.700
280.96,0.158,-0.997,1,6,0.454,15,0.254,1.700
281.09,0.158,-0.997,1,6,0.454,15,0.254,1.700
281.22,0.158,-0.997,1,6,0.454,15,0.254,1.700
281.34,0.158,-0.997,1,6,0.454,15,0.254,1.700
281.47,0.158,-0.997,1,6,0.454,15,0.254,1.700
281.60,0.158,-0.997,1,6,0.454,15,0.254,1.700
281.73,0.158,-0.997,1,6,0.454,15,0.254,1.700
281.86,0.158,-0.997,1,6,0.454,15,0.254,1.700
281.98,0.158,-0.997,1,6,0.454,15,0.254,1.700
282.11,0.158,-0.997,1,6,0.454,15,0.254,1.700
282.24,0.158,-0.997,1,6,0.454,15,0.254,1.700
282.37,0.158,-0.997,1,6,0.454,15,0.254,1.700
282.50,0.158,-0.997,1,6,0.454,15,0.254,1.700
282.62,0.158,-0.997,1,6,0.454,15,0.254,1.700
282.75,0.158,-0.997,1,6,0.454,15,0.254,1.700
282.88,0.158,-0.997,1,6,0.454,15,0.254,1.700
283.01,0.158,-0.997,1,6,0.454,15,0.254,1.700
283.14,0.158,-0.997,1,6,0.454,15,0.254,1.700
283.26,0.158,-0.997,1,6,0.454,15,0.254,1.700
283.39,0.158,-0.997,1,6,0.454,15,0.254,1.700
283.52,0.158,-0.997,1,6,0.454,15,0.254,1.700
283.65,0.158,-0.997,1,6,0.454,15,0.254,1.700
283.78,0.158,-0.997,1,6,0.454,15,0.254,1.700
283.90,0.158,-0.997,1,6,0.454,15,0.254,1.700
284.03,0.158,-0.997,1,6,0.454,15,0.254,1.700
284.16,0.158,-0.997,1,6,0.454,15,0.254,1.700
284.29,0.158,-0.997,1,6,0.454,15,0.254,1.700
284.42,0.158,-0.997,1,6,0.454,15,0.254,1.700
284.54,0.158,-0.997,1,6,0.454,15,0.254,1.700
284.67,0.158,-0.997,1,6,0.454,15,0.254,1.700
284.80,0.158,-0.997,1,6,0.454,15,0.254,1.700
284.93,0.158,-0.997,1,6,0.454,15,0.254,1.700
285.06,0.158,-0.997,1,6,0.454,15,0.254,1.700
285.18,0.158,-0.997,1,6,0.454,15,0.254,1.700
285.31,0.158,-0.997,1,6,0.454,15,0.254,1.700
285.44,0.158,-0.997,1,6,0.454,15,0.254,1.700
285.57,0.158,-0.997,1,6,0.454,15,0.254,1.700
285.70,0.158,-0.997,1,6,0.454,15,0.254,1.700
285.82,0.158,-0.997,1,6,0.454,15,0.254,1.700
285.95,0.158,-0.997,1,6,0.454,15,0.254,1.700
286.08,0.158,-0.997,1,6,0.454,15,0.254,1.700
286.21,0.158,-0.997,1,6,0.454,15,0.254,1.700
286.34,0.158,-0.997,1,6,0.454,15,0.254,1.700
286.46,0.158,-0.997,1,6,0.454,15,0.254,1.700
286.59,0.158,-0.997,1,6,0.454,15,0.254,1.700
286.72,0.158,-0.997,1,6,0.454,15,0.254,1.700
286.85,0.158,-0.997,1,6,0.454,15,0.254,1.700
286.98,0.158,-0.997,1,6,0.454,15,0.254,1.700
287.10,0.158,-0.997,1,6,0.454,15,0.254,1.700
287.23,0.158,-0.997,1,6,0.454,15,0.254,1.700
287.36,0.158,-0.997,1,6,0.454,15,0.254,1.700
287.49,0.158,-0.997,1,6,0.454,15,0.254,1.700
287.62,0.158,-0.997,1,6,0.454,15,0.254,1.700
287.74,0.158,-0.997,1,6,0.454,15,0.254,1.700
287.87,0.158,-0.997,1,6,0.454,15,0.254,1.700
288.00,0.158,-0.997,1,6,0.454,15,0.254,1.700
288.13,0.158,-0.997,1,6,0.454,15,0.254,1.700
288.26,0.158,-0.997,1,6,0.454,15,0.254,1.700
288.38,0.158,-0.997,1,6,0.454,15,0.254,1.700
288.51,0.158,-0.997,1,6,0.454,15,0.254,1.700
288.64,0.158,-0.997,1,6,0.454,15,0.254,1.700
288.77,0.158,-0.997,1,6,0.454,15,0.254,1.700
288.90,0.158,-0.997,1,6,0.454,15,0.254,1.700
289.02,0.158,-0.997,1,6,0.454,15,0.254,1.700
289.15,0.158,-0.997,1,6,0.454,15,0.254,1.700
289.28,0.158,-0.997,1,6,0.454,15,0.254,1.700
289.41,0.158,-0.997,1,6,0.454,15,0.254,1.700
289.54,0.158,-0.997,1,6,0.454,15,0.254,1.700
289.66,0.158,-0.997,1,6,0.454,15,0.254,1.700
289.79,0.158,-0.997,1,6,0.454,15,0.254,1.700
289.92,0.158,-0.997,1,6,0.454,15,0.254,1.700
290.05,0.158,-0.997,1,6,0.454,15,0.254,1.700
290.18,0.158,-0.997,1,6,0.454,15,0.254,1.700
290.30,0.158,-0.997,1,6,0.454,15,0.254,1.700
290.43,0.158,-0.997,1,6,0.454,15,0.254,1.700
290.56,0.158,-0.997,1,6,0.454,15,0.254,1.700
290.69,0.158,-0.997,1,6,0.454,15,0.254,1.700
290.82,0.158,-0.997,1,6,0.454,15,0.254,1.700
290.94,0.158,-0.997,1,6,0.454,15,0.254,1.700
291.07,0.158,-0.997,1,6,0.454,15,0.254,1.700
291.20,0.158,-0.997,1,6,0.454,15,0.254,1.700
291.33,0.158,-0.997,1,6,0.454,15,0.254,1.700
291.46,0.158,-0.997,1,6,0.454,15,0.254,1.700
291.58,0.158,-0.997,1,6,0.454,15,0.254,1.700
291.71,0.158,-0.997,1,6,0.454,15,0.254,1.700
291.84,0.158,-0.997,1,6,0.454,15,0.254,1.700
291.97,0.158,-0.997,1,6,0.454,15,0.254,1.700
292.10,0.158,-0.997,1,6,0.454,15,0.254,1.700
292.22,0.158,-0.997,1,6,0.454,15,0.254,1.700
292.35,0.158,-0.997,1,6,0.454,15,0.254,1.700
292.48,0.158,-0.997,1,6,0.454,15,0.254,1.700
292.61,0.158,-0.997,1,6,0.454,15,0.254,1.700
292.74,0.158,-0.997,1,6,0.454,15,0.254,1.700
292.86,0.158,-0.997,1,6,0.454,15,0.254,1.700
292.99,0.158,-0.997,1,6,0.454,15,0.254,1.700
293.12,0.158,-0.997,1,6,0.454,15,0.254,1.700
293.25,0.158,-0.997,1,6,0.454,15,0.254,1.700
293.38,0.158,-0.997,1,6,0.454,15,0.254,1.700
293.50,0.158,-0.997,1,6,0.454,15,0.254,1.700
293.63,0.158,-0.997,1,6,0.454,15,0.254,1.700
293.76,0.158,-0.997,1,6,0.454,15,0.254,1.700
293.89,0.158,-0.997,1,6,0.454,15,0.254,1.700
294.02,0.158,-0.997,1,6,0.454,15,0.254,1.700
294.14,0.158,-0.997,1,6,0.454,15,0.254,1.700
294.27,0.158,-0.997,1,6,0.454,15,0.254,1.700
294.40,0.158,-0.997,1,6,0.454,15,0.254,1.700
294.53,0.158,-0.997,1,6,0.454,15,0.254,1.700
294.66,0.158,-0.997,1,6,0.454,15,0.254,1.700
294.78,0.158,-0.997,1,6,0.454,15,0.254,1.700
294.91,0.158,-0.997,1,6,0.454,15,0.254,1.700
295.04,0.158,-0.997,1,6,0.454,15,0.254,1.700
295.17,0.158,-0.997,1,6,0.454,15,0.254,1.700
295.30,0.158,-0.997,1,6,0.454,15,0.254,1.700
295.42,0.158,-0.997,1,6,0.454,15,0.254,1.700
295.55,0.158,-0.997,1,6,0.454,15,0.254,1.700
295.68,0.158,-0.997,1,6,0.454,15,0.254,1.700
295.81,0.158,-0.997,1,6,0.454,15,0.254,1.700
295.94,0.158,-0.997,1,6,0.454,15,0.254,1.700
296.06,0.158,-0.997,1,6,0.454,15,0.254,1.700
296.19,0.158,-0.997,1,6,0.454,15,0.254,1.700
296.32,0.158,-0.997,1,6,0.454,15,0.254,1.700
296.45,0.158,-0.997,1,6,0.454,15,0.254,1.700
296.58,0.158,-0.997,1,6,0.454,15,0.254,1.700
296.70,0.158,-0.997,1,6,0.454,15,0.254,1.700
296.83,0.158,-0.997,1,6,0.454,15,0.254,1.700
296.96,0.158,-0.997,1,6,0.454,15,0.254,1.700
297.09,0.158,-0.997,1,6,0.454,15,0.254,1.700
297.22,0.158,-0.997,1,6,0.454,15,0.254,1.700
297.34,0.158,-0.997,1,6,0.454,15,0.254,1.700
297.47,0.158,-0.997,1,6,0.454,15,0.254,1.700
297.60,0.158,-0.997,1,6,0.454,15,0.254,1.700
297.73,0.158,-0.997,1,6,0.454,15,0.254,1.700
297.86,0.158,-0.997,1,6,0.454,15,0.254,1.700
297.98,0.158,-0.997,1,6,0.454,15,0.254,1.700
298.11,0.158,-0.997,1,6,0.454,15,0.254,1.700
298.24,0.158,-0.997,1,6,0.454,15,0.254,1.700
298.37,0.158,-0.997,1,6,0.454,15,0.254,1.700
298.50,0.158,-0.997,1,6,0.454,15,0.254,1.700
298.62,0.158,-0.997,1,6,0.454,15,0.254,1.700
298.75,0.158,-0.997,1,6,0.454,15,0.254,1.700
298.88,0.158,-0.997,1,6,0.454,15,0.254,1.700
299.01,0.158,-0.997,1,6,0.454,15,0.254,1.700
299.14,0.158,-0.997,1,6,0.454,15,0.254,1.700
299.26,0.158,-0.997,1,6,0.454,15,0.254,1.700
299.39,0.158,-0.997,1,6,0.454,15,0.254,1.700
299.52,0.158,-0.997,1,6,0.454,15,0.254,1.700
299.65,0.158,-0.997,1,6,0.454,15,0.254,1.700
299.78,0.158,-0.997,1,6,0.454,15,0.254,1.700
299.90,0.158,-0.997,1,6,0.454,15,0.254,1.700
