time,x,y,row,col,coverage,collision_count,v,w
0.13,-1.326,-1.349,0,0,0.009,1,0.465,0.448
0.26,-1.298,-1.347,0,0,0.009,1,0.405,0.800
0.38,-1.270,-1.346,0,0,0.009,1,0.405,0.800
0.51,-1.242,-1.344,0,0,0.009,1,0.405,0.800
0.64,-1.214,-1.343,0,0,0.009,1,0.405,0.800
0.77,-1.186,-1.342,0,0,0.009,1,0.405,0.800
0.90,-1.157,-1.340,0,0,0.009,1,0.405,0.800
1.02,-1.129,-1.339,0,0,0.009,1,0.405,0.800
1.15,-1.101,-1.337,0,1,0.019,1,0.405,0.800
1.28,-1.073,-1.336,0,1,0.019,1,0.405,0.800
1.41,-1.045,-1.335,0,1,0.019,1,0.405,0.800
1.54,-1.017,-1.333,0,1,0.019,1,0.405,0.800
1.66,-0.989,-1.332,0,1,0.019,1,0.405,0.800
1.79,-0.961,-1.330,0,1,0.019,1,0.405,0.800
1.92,-0.932,-1.329,0,1,0.019,1,0.405,0.800
2.05,-0.904,-1.327,0,1,0.019,1,0.405,0.800
2.18,-0.876,-1.326,0,2,0.028,1,0.405,0.800
2.30,-0.848,-1.324,0,2,0.028,1,0.405,0.800
2.43,-0.820,-1.323,0,2,0.028,1,0.405,0.800
2.56,-0.792,-1.322,0,2,0.028,1,0.405,0.800
2.69,-0.764,-1.320,0,2,0.028,1,0.405,0.800
2.82,-0.736,-1.319,0,2,0.028,1,0.405,0.800
2.94,-0.707,-1.317,0,2,0.028,1,0.405,0.800
3.07,-0.679,-1.316,0,2,0.028,1,0.405,0.800
3.20,-0.651,-1.314,0,3,0.037,1,0.481,0.352
3.33,-0.623,-1.313,0,3,0.037,1,0.524,-0.096
3.46,-0.595,-1.311,0,3,0.037,1,0.448,-0.544
3.58,-0.567,-1.310,0,3,0.037,1,0.373,-0.992
3.71,-0.539,-1.308,0,3,0.037,1,0.298,-1.440
3.84,-0.518,-1.307,0,3,0.037,1,0.254,-1.700
3.97,-0.502,-1.307,0,3,0.037,1,0.254,-1.700
4.10,-0.487,-1.307,0,3,0.037,1,0.254,-1.700
4.22,-0.472,-1.307,0,3,0.037,1,0.254,-1.700
4.35,-0.457,-1.306,0,3,0.037,1,0.254,-1.700
4.48,-0.442,-1.306,0,3,0.037,1,0.254,-1.700
4.61,-0.427,-1.306,0,3,0.037,1,0.254,-1.700
4.74,-0.412,-1.306,0,3,0.037,1,0.254,-1.700
4.86,-0.397,-1.305,0,3,0.037,1,0.254,-1.700
4.99,-0.382,-1.305,0,3,0.037,1,0.254,-1.700
5.12,-0.367,-1.305,0,3,0.037,1,0.254,-1.700
5.25,-0.351,-1.304,0,4,0.046,1,0.254,-1.700
5.38,-0.336,-1.304,0,4,0.046,1,0.254,-1.700
5.50,-0.321,-1.304,0,4,0.046,1,0.254,-1.700
5.63,-0.306,-1.304,0,4,0.046,1,0.254,-1.700
5.76,-0.291,-1.303,0,4,0.046,1,0.254,-1.700
5.89,-0.276,-1.303,0,4,0.046,1,0.254,-1.700
6.02,-0.261,-1.303,0,4,0.046,1,0.254,-1.700
6.14,-0.246,-1.302,0,4,0.046,1,0.254,-1.700
6.27,-0.231,-1.302,0,4,0.046,1,0.254,-1.700
6.40,-0.216,-1.302,0,4,0.046,1,0.254,-1.700
6.53,-0.201,-1.301,0,4,0.046,1,0.254,-1.700
6.66,-0.186,-1.301,0,4,0.046,1,0.254,-1.700
6.78,-0.172,-1.301,0,4,0.046,1,0.058,-1.476
6.91,-0.168,-1.302,0,4,0.046,1,0.065,-1.028
7.04,-0.165,-1.305,0,4,0.046,1,0.071,-0.580
7.17,-0.159,-1.307,0,4,0.046,1,0.078,-0.132
7.30,-0.149,-1.309,0,5,0.056,1,0.075,0.316
7.42,-0.140,-1.310,0,5,0.056,1,0.069,0.764
7.55,-0.133,-1.310,0,5,0.056,1,0.062,1.212
7.68,-0.126,-1.310,0,5,0.056,1,0.055,1.660
7.81,-0.121,-1.307,0,5,0.056,1,0.048,2.108
7.94,-0.120,-1.301,0,5,0.056,1,0.042,2.556
8.06,-0.120,-1.293,0,5,0.056,1,0.147,2.332
8.19,-0.112,-1.283,0,5,0.056,1,0.223,1.884
8.32,-0.100,-1.266,0,5,0.056,1,0.298,1.436
8.45,-0.085,-1.244,0,5,0.056,1,0.374,0.988
8.58,-0.069,-1.221,0,5,0.056,1,0.449,0.540
8.70,-0.053,-1.197,0,5,0.056,1,0.525,0.092
8.83,-0.036,-1.174,0,5,0.056,1,0.521,0.112
8.96,-0.020,-1.151,0,5,0.056,1,0.446,0.560
9.09,-0.004,-1.128,0,5,0.056,1,0.406,0.796
9.22,0.012,-1.105,0,5,0.056,2,0.405,0.800
9.34,0.028,-1.082,1,6,0.074,2,0.405,0.800
9.47,0.044,-1.058,1,6,0.074,2,0.405,0.800
9.60,0.060,-1.035,1,6,0.074,2,0.405,0.800
9.73,0.076,-1.012,1,6,0.074,2,0.405,0.800
9.86,0.092,-0.989,1,6,0.074,2,0.405,0.800
9.98,0.108,-0.966,1,6,0.074,2,0.405,0.800
10.11,0.124,-0.943,1,6,0.074,2,0.405,0.800
10.24,0.140,-0.919,1,6,0.074,2,0.401,0.828
10.37,0.156,-0.896,1,6,0.074,2,0.382,0.937
10.50,0.172,-0.873,1,6,0.074,2,0.369,1.014
10.62,0.188,-0.850,1,6,0.074,2,0.352,1.119
10.75,0.204,-0.827,1,6,0.074,2,0.335,1.215
10.88,0.213,-0.811,1,6,0.074,2,0.056,1.576
11.01,0.221,-0.794,1,6,0.074,2,0.312,1.352
11.14,0.233,-0.769,1,6,0.074,2,0.388,0.904
11.26,0.245,-0.743,1,6,0.074,2,0.405,0.801
11.39,0.246,-0.738,2,7,0.083,3,0.368,1.024
11.52,0.251,-0.738,2,7,0.083,3,0.353,1.114
11.65,0.252,-0.738,2,7,0.083,3,0.277,1.562
11.78,0.253,-0.739,2,7,0.083,3,0.056,1.600
11.90,0.254,-0.739,2,7,0.083,3,0.055,1.660
12.03,0.253,-0.739,2,7,0.083,4,0.055,1.665
12.16,0.254,-0.740,2,7,0.083,4,0.055,1.665
12.29,0.252,-0.740,2,7,0.083,4,0.249,1.730
12.42,0.253,-0.740,2,7,0.083,4,0.249,1.730
12.54,0.254,-0.741,2,7,0.083,5,0.286,1.506
12.67,0.254,-0.741,2,7,0.083,6,0.286,1.506
12.80,0.254,-0.741,2,7,0.083,6,0.262,1.650
12.93,0.255,-0.743,2,7,0.083,6,0.052,1.874
13.06,0.255,-0.743,2,7,0.083,6,0.259,1.671
13.18,0.255,-0.743,2,7,0.083,6,0.259,1.671
13.31,0.256,-0.743,2,7,0.083,6,0.296,1.447
13.44,0.255,-0.745,2,7,0.083,6,0.242,1.773
13.57,0.256,-0.745,2,7,0.083,6,0.279,1.549
13.70,0.256,-0.745,2,7,0.083,6,0.279,1.549
13.82,0.259,-0.746,2,7,0.083,6,0.057,1.549
13.95,0.256,-0.746,2,7,0.083,6,0.230,1.842
14.08,0.257,-0.747,2,7,0.083,6,0.268,1.618
14.21,0.257,-0.746,2,7,0.083,6,0.264,1.642
14.34,0.258,-0.746,2,7,0.083,6,0.260,1.663
14.46,0.258,-0.748,2,7,0.083,6,0.052,1.887
14.59,0.260,-0.749,2,7,0.083,6,0.055,1.671
14.72,0.259,-0.749,2,7,0.083,6,0.296,1.447
14.85,0.259,-0.751,2,7,0.083,6,0.052,1.895
14.98,0.261,-0.751,2,7,0.083,6,0.054,1.725
15.10,0.261,-0.752,2,7,0.083,6,0.054,1.725
15.23,0.262,-0.752,2,7,0.083,6,0.053,1.770
15.36,0.260,-0.754,2,7,0.083,6,0.242,1.770
15.49,0.265,-0.754,2,7,0.083,6,0.057,1.546
15.62,0.262,-0.756,2,7,0.083,6,0.232,1.829
15.74,0.263,-0.756,2,7,0.083,6,0.053,1.829
15.87,0.265,-0.756,2,7,0.083,6,0.056,1.605
16.00,0.264,-0.756,2,7,0.083,6,0.056,1.629
16.13,0.265,-0.757,2,7,0.083,6,0.055,1.662
16.26,0.264,-0.760,2,7,0.083,7,0.222,1.886
16.38,0.264,-0.760,2,7,0.083,7,0.298,1.438
16.51,0.269,-0.759,2,7,0.083,7,0.062,1.214
16.64,0.269,-0.760,2,7,0.083,7,0.055,1.662
16.77,0.270,-0.761,2,7,0.083,7,0.054,1.743
16.90,0.269,-0.761,2,7,0.083,7,0.247,1.743
17.02,0.271,-0.762,2,7,0.083,7,0.054,1.743
17.15,0.270,-0.762,2,7,0.083,7,0.247,1.743
17.28,0.273,-0.762,2,7,0.083,7,0.054,1.743
17.41,0.271,-0.763,2,7,0.083,7,0.247,1.743
17.54,0.272,-0.764,2,7,0.083,7,0.247,1.743
17.66,0.272,-0.764,2,7,0.083,7,0.247,1.743
17.79,0.273,-0.764,2,7,0.083,7,0.247,1.743
17.92,0.276,-0.765,2,7,0.083,7,0.054,1.743
18.05,0.274,-0.765,2,7,0.083,7,0.247,1.743
18.18,0.275,-0.766,2,7,0.083,7,0.247,1.743
18.30,0.276,-0.767,2,7,0.083,7,0.247,1.743
18.43,0.279,-0.767,2,7,0.083,7,0.054,1.743
18.56,0.280,-0.768,2,7,0.083,7,0.054,1.743
18.69,0.282,-0.769,2,7,0.083,7,0.054,1.743
18.82,0.283,-0.770,2,7,0.083,7,0.054,1.743
18.94,0.284,-0.770,2,7,0.083,7,0.054,1.743
19.07,0.286,-0.772,2,7,0.083,7,0.284,1.519
19.20,0.288,-0.773,2,7,0.083,7,0.284,1.519
19.33,0.290,-0.774,2,7,0.083,7,0.283,1.525
19.46,0.292,-0.775,2,7,0.083,7,0.283,1.527
19.58,0.296,-0.776,2,7,0.083,7,0.057,1.527
19.71,0.298,-0.777,2,7,0.083,7,0.056,1.609
19.84,0.300,-0.778,2,7,0.083,7,0.055,1.637
19.97,0.303,-0.779,2,7,0.083,7,0.302,1.415
20.10,0.305,-0.780,2,7,0.083,7,0.055,1.652
20.22,0.305,-0.780,2,7,0.083,7,0.053,1.803
20.35,0.306,-0.780,2,7,0.083,7,0.053,1.803
20.48,0.304,-0.781,2,7,0.083,7,0.236,1.803
20.61,0.305,-0.781,2,7,0.083,7,0.236,1.803
20.74,0.306,-0.781,2,7,0.083,7,0.053,1.803
20.86,0.306,-0.781,2,7,0.083,7,0.053,1.803
20.99,0.305,-0.782,2,7,0.083,7,0.236,1.803
21.12,0.305,-0.782,2,7,0.083,7,0.236,1.803
21.25,0.307,-0.781,2,7,0.083,7,0.053,1.803
21.38,0.305,-0.782,2,7,0.083,7,0.236,1.803
21.50,0.306,-0.782,2,7,0.083,7,0.236,1.803
21.63,0.307,-0.781,2,7,0.083,7,0.053,1.803
21.76,0.306,-0.782,2,7,0.083,7,0.236,1.803
21.89,0.306,-0.782,2,7,0.083,7,0.236,1.803
22.02,0.308,-0.782,2,7,0.083,7,0.053,1.803
22.14,0.306,-0.783,2,7,0.083,7,0.236,1.803
22.27,0.306,-0.783,2,7,0.083,7,0.236,1.803
22.40,0.308,-0.782,2,7,0.083,7,0.053,1.803
22.53,0.307,-0.783,2,7,0.083,7,0.236,1.803
22.66,0.307,-0.783,2,7,0.083,7,0.236,1.803
22.78,0.308,-0.782,2,7,0.083,7,0.053,1.803
22.91,0.307,-0.783,2,7,0.083,7,0.236,1.803
23.04,0.307,-0.783,2,7,0.083,7,0.236,1.803
23.17,0.309,-0.783,2,7,0.083,7,0.053,1.803
23.30,0.307,-0.784,2,7,0.083,7,0.236,1.803
23.42,0.308,-0.784,2,7,0.083,7,0.236,1.803
23.55,0.309,-0.783,2,7,0.083,7,0.053,1.803
23.68,0.308,-0.784,2,7,0.083,7,0.236,1.803
23.81,0.308,-0.784,2,7,0.083,7,0.236,1.803
23.94,0.310,-0.783,2,7,0.083,7,0.053,1.803
24.06,0.308,-0.784,2,7,0.083,7,0.236,1.803
24.19,0.308,-0.784,2,7,0.083,7,0.236,1.803
24.32,0.310,-0.784,2,7,0.083,7,0.053,1.803
24.45,0.309,-0.785,2,7,0.083,7,0.236,1.803
24.58,0.309,-0.785,2,7,0.083,7,0.236,1.803
24.70,0.310,-0.784,2,7,0.083,7,0.053,1.803
24.83,0.309,-0.785,2,7,0.083,7,0.236,1.803
24.96,0.309,-0.785,2,7,0.083,7,0.236,1.803
25.09,0.311,-0.784,2,7,0.083,7,0.053,1.803
25.22,0.309,-0.785,2,7,0.083,7,0.236,1.803
25.34,0.310,-0.785,2,7,0.083,7,0.236,1.803
25.47,0.311,-0.784,2,7,0.083,7,0.053,1.803
25.60,0.310,-0.786,2,7,0.083,7,0.236,1.803
25.73,0.310,-0.785,2,7,0.083,7,0.236,1.803
25.86,0.311,-0.785,2,7,0.083,7,0.053,1.803
25.98,0.310,-0.786,2,7,0.083,7,0.236,1.803
26.11,0.311,-0.785,2,7,0.083,7,0.053,1.803
26.24,0.310,-0.786,2,7,0.083,7,0.236,1.803
26.37,0.310,-0.786,2,7,0.083,7,0.236,1.803
26.50,0.310,-0.786,2,7,0.083,7,0.236,1.803
26.62,0.311,-0.786,2,7,0.083,7,0.236,1.803
26.75,0.312,-0.785,2,7,0.083,7,0.053,1.803
26.88,0.311,-0.786,2,7,0.083,7,0.236,1.803
27.01,0.312,-0.785,2,7,0.083,7,0.053,1.803
27.14,0.311,-0.786,2,7,0.083,7,0.236,1.803
27.26,0.312,-0.785,2,7,0.083,7,0.053,1.803
27.39,0.311,-0.786,2,7,0.083,7,0.236,1.803
27.52,0.312,-0.786,2,7,0.083,7,0.053,1.803
27.65,0.311,-0.786,2,7,0.083,7,0.236,1.803
27.78,0.311,-0.787,2,7,0.083,7,0.236,1.803
27.90,0.311,-0.787,2,7,0.083,7,0.236,1.803
28.03,0.311,-0.787,2,7,0.083,7,0.236,1.803
28.16,0.311,-0.787,2,7,0.083,7,0.236,1.803
28.29,0.311,-0.787,2,7,0.083,7,0.236,1.803
28.42,0.313,-0.786,2,7,0.083,7,0.053,1.803
28.54,0.311,-0.787,2,7,0.083,7,0.236,1.803
28.67,0.311,-0.787,2,7,0.083,7,0.236,1.803
28.80,0.311,-0.787,2,7,0.083,7,0.236,1.803
28.93,0.311,-0.787,2,7,0.083,7,0.236,1.803
29.06,0.313,-0.786,2,7,0.083,7,0.053,1.803
29.18,0.312,-0.787,2,7,0.083,7,0.236,1.803
29.31,0.311,-0.787,2,7,0.083,7,0.236,1.803
29.44,0.313,-0.786,2,7,0.083,7,0.053,1.803
29.57,0.312,-0.787,2,7,0.083,7,0.236,1.803
29.70,0.311,-0.787,2,7,0.083,7,0.236,1.803
29.82,0.312,-0.787,2,7,0.083,7,0.236,1.803
29.95,0.312,-0.787,2,7,0.083,7,0.236,1.803
30.08,0.312,-0.787,2,7,0.083,7,0.236,1.803
30.21,0.312,-0.787,2,7,0.083,7,0.236,1.803
30.34,0.312,-0.787,2,7,0.083,7,0.236,1.803
30.46,0.312,-0.787,2,7,0.083,7,0.236,1.803
30.59,0.312,-0.787,2,7,0.083,7,0.236,1.803
30.72,0.312,-0.787,2,7,0.083,7,0.236,1.803
30.85,0.313,-0.786,2,7,0.083,7,0.053,1.803
30.98,0.312,-0.787,2,7,0.083,7,0.236,1.803
31.10,0.312,-0.787,2,7,0.083,7,0.236,1.803
31.23,0.313,-0.786,2,7,0.083,7,0.053,1.803
31.36,0.312,-0.787,2,7,0.083,7,0.236,1.803
31.49,0.312,-0.787,2,7,0.083,7,0.236,1.803
31.62,0.313,-0.786,2,7,0.083,7,0.053,1.803
31.74,0.312,-0.787,2,7,0.083,7,0.236,1.803
31.87,0.312,-0.787,2,7,0.083,7,0.236,1.803
32.00,0.313,-0.786,2,7,0.083,7,0.053,1.803
32.13,0.312,-0.787,2,7,0.083,7,0.236,1.803
32.26,0.312,-0.787,2,7,0.083,7,0.236,1.803
32.38,0.313,-0.786,2,7,0.083,7,0.053,1.803
32.51,0.312,-0.787,2,7,0.083,7,0.236,1.803
32.64,0.312,-0.787,2,7,0.083,7,0.236,1.803
32.77,0.313,-0.786,2,7,0.083,7,0.053,1.803
32.90,0.312,-0.787,2,7,0.083,7,0.236,1.803
33.02,0.312,-0.787,2,7,0.083,7,0.236,1.803
33.15,0.313,-0.786,2,7,0.083,7,0.053,1.803
33.28,0.312,-0.787,2,7,0.083,7,0.236,1.803
33.41,0.312,-0.787,2,7,0.083,7,0.236,1.803
33.54,0.313,-0.786,2,7,0.083,7,0.053,1.803
33.66,0.312,-0.787,2,7,0.083,7,0.236,1.803
33.79,0.312,-0.787,2,7,0.083,7,0.236,1.803
33.92,0.313,-0.786,2,7,0.083,7,0.053,1.803
34.05,0.312,-0.787,2,7,0.083,7,0.236,1.803
34.18,0.312,-0.787,2,7,0.083,7,0.236,1.803
34.30,0.313,-0.786,2,7,0.083,7,0.053,1.803
34.43,0.312,-0.787,2,7,0.083,7,0.236,1.803
34.56,0.312,-0.787,2,7,0.083,7,0.236,1.803
34.69,0.313,-0.786,2,7,0.083,7,0.053,1.803
34.82,0.312,-0.787,2,7,0.083,7,0.236,1.803
34.94,0.312,-0.787,2,7,0.083,7,0.236,1.803
35.07,0.313,-0.786,2,7,0.083,7,0.053,1.803
35.20,0.312,-0.787,2,7,0.083,7,0.236,1.803
35.33,0.312,-0.787,2,7,0.083,7,0.236,1.803
35.46,0.313,-0.786,2,7,0.083,7,0.053,1.803
35.58,0.312,-0.787,2,7,0.083,7,0.236,1.803
35.71,0.312,-0.787,2,7,0.083,7,0.236,1.803
35.84,0.313,-0.786,2,7,0.083,7,0.053,1.803
35.97,0.312,-0.787,2,7,0.083,7,0.236,1.803
36.10,0.312,-0.787,2,7,0.083,7,0.236,1.803
36.22,0.313,-0.786,2,7,0.083,7,0.053,1.803
36.35,0.312,-0.787,2,7,0.083,7,0.236,1.803
36.48,0.312,-0.787,2,7,0.083,7,0.236,1.803
36.61,0.313,-0.787,2,7,0.083,7,0.053,1.803
36.74,0.312,-0.787,2,7,0.083,7,0.236,1.803
36.86,0.312,-0.787,2,7,0.083,7,0.236,1.803
36.99,0.312,-0.787,2,7,0.083,7,0.236,1.803
37.12,0.312,-0.787,2,7,0.083,7,0.236,1.803
37.25,0.312,-0.787,2,7,0.083,7,0.236,1.803
37.38,0.312,-0.787,2,7,0.083,7,0.236,1.803
37.50,0.312,-0.787,2,7,0.083,7,0.236,1.803
37.63,0.312,-0.787,2,7,0.083,7,0.236,1.803
37.76,0.312,-0.787,2,7,0.083,7,0.236,1.803
37.89,0.312,-0.787,2,7,0.083,7,0.236,1.803
38.02,0.312,-0.787,2,7,0.083,7,0.236,1.803
38.14,0.312,-0.787,2,7,0.083,7,0.236,1.803
38.27,0.312,-0.787,2,7,0.083,7,0.236,1.803
38.40,0.312,-0.787,2,7,0.083,7,0.236,1.803
38.53,0.312,-0.788,2,7,0.083,7,0.236,1.803
38.66,0.312,-0.787,2,7,0.083,7,0.236,1.803
38.78,0.312,-0.787,2,7,0.083,7,0.236,1.803
38.91,0.312,-0.788,2,7,0.083,7,0.236,1.803
39.04,0.314,-0.787,2,7,0.083,7,0.053,1.803
39.17,0.312,-0.787,2,7,0.083,7,0.236,1.803
39.30,0.312,-0.788,2,7,0.083,7,0.236,1.803
39.42,0.314,-0.787,2,7,0.083,7,0.053,1.803
39.55,0.312,-0.787,2,7,0.083,7,0.236,1.803
39.68,0.312,-0.788,2,7,0.083,7,0.236,1.803
39.81,0.314,-0.787,2,7,0.083,7,0.053,1.803
39.94,0.312,-0.787,2,7,0.083,7,0.236,1.803
40.06,0.312,-0.788,2,7,0.083,7,0.236,1.803
40.19,0.314,-0.787,2,7,0.083,7,0.053,1.803
40.32,0.312,-0.787,2,7,0.083,7,0.236,1.803
40.45,0.312,-0.788,2,7,0.083,7,0.236,1.803
40.58,0.312,-0.788,2,7,0.083,7,0.236,1.803
40.70,0.312,-0.788,2,7,0.083,7,0.236,1.803
40.83,0.312,-0.788,2,7,0.083,7,0.236,1.803
40.96,0.312,-0.788,2,7,0.083,7,0.236,1.803
41.09,0.312,-0.788,2,7,0.083,7,0.236,1.803
41.22,0.312,-0.788,2,7,0.083,7,0.236,1.803
41.34,0.312,-0.788,2,7,0.083,7,0.236,1.803
41.47,0.312,-0.788,2,7,0.083,7,0.236,1.803
41.60,0.312,-0.788,2,7,0.083,7,0.236,1.803
41.73,0.312,-0.788,2,7,0.083,7,0.236,1.803
41.86,0.314,-0.787,2,7,0.083,7,0.053,1.803
41.98,0.312,-0.788,2,7,0.083,7,0.236,1.803
42.11,0.312,-0.788,2,7,0.083,7,0.236,1.803
42.24,0.314,-0.787,2,7,0.083,7,0.053,1.803
42.37,0.312,-0.788,2,7,0.083,7,0.236,1.803
42.50,0.312,-0.788,2,7,0.083,7,0.236,1.803
42.62,0.314,-0.787,2,7,0.083,7,0.053,1.803
42.75,0.312,-0.788,2,7,0.083,7,0.236,1.803
42.88,0.312,-0.788,2,7,0.083,7,0.236,1.803
43.01,0.314,-0.787,2,7,0.083,7,0.053,1.803
43.14,0.312,-0.788,2,7,0.083,7,0.236,1.803
43.26,0.312,-0.788,2,7,0.083,7,0.236,1.803
43.39,0.312,-0.788,2,7,0.083,7,0.236,1.803
43.52,0.313,-0.788,2,7,0.083,7,0.236,1.803
43.65,0.312,-0.788,2,7,0.083,7,0.236,1.803
43.78,0.312,-0.788,2,7,0.083,7,0.236,1.803
43.90,0.313,-0.788,2,7,0.083,7,0.236,1.803
44.03,0.312,-0.788,2,7,0.083,7,0.236,1.803
44.16,0.312,-0.788,2,7,0.083,7,0.236,1.803
44.29,0.313,-0.788,2,7,0.083,7,0.236,1.803
44.42,0.312,-0.788,2,7,0.083,7,0.236,1.803
44.54,0.312,-0.788,2,7,0.083,7,0.236,1.803
44.67,0.314,-0.787,2,7,0.083,7,0.053,1.803
44.80,0.313,-0.788,2,7,0.083,7,0.236,1.803
44.93,0.312,-0.788,2,7,0.083,7,0.236,1.803
45.06,0.314,-0.787,2,7,0.083,7,0.053,1.803
45.18,0.313,-0.788,2,7,0.083,7,0.236,1.803
45.31,0.312,-0.788,2,7,0.083,7,0.236,1.803
45.44,0.314,-0.787,2,7,0.083,7,0.053,1.803
45.57,0.313,-0.788,2,7,0.083,7,0.236,1.803
45.70,0.312,-0.788,2,7,0.083,7,0.236,1.803
45.82,0.312,-0.788,2,7,0.083,7,0.236,1.803
45.95,0.313,-0.788,2,7,0.083,7,0.236,1.803
46.08,0.313,-0.788,2,7,0.083,7,0.236,1.803
46.21,0.312,-0.788,2,7,0.083,7,0.236,1.803
46.34,0.313,-0.788,2,7,0.083,7,0.236,1.803
46.46,0.313,-0.788,2,7,0.083,7,0.236,1.803
46.59,0.312,-0.788,2,7,0.083,7,0.236,1.803
46.72,0.313,-0.788,2,7,0.083,7,0.236,1.803
46.85,0.313,-0.788,2,7,0.083,7,0.236,1.803
46.98,0.313,-0.788,2,7,0.083,7,0.236,1.803
47.10,0.313,-0.788,2,7,0.083,7,0.236,1.803
47.23,0.313,-0.788,2,7,0.083,7,0.236,1.803
47.36,0.313,-0.788,2,7,0.083,7,0.236,1.803
47.49,0.314,-0.787,2,7,0.083,7,0.053,1.803
47.62,0.313,-0.788,2,7,0.083,7,0.236,1.803
47.74,0.313,-0.788,2,7,0.083,7,0.236,1.803
47.87,0.314,-0.787,2,7,0.083,7,0.053,1.803
48.00,0.313,-0.788,2,7,0.083,7,0.236,1.803
48.13,0.313,-0.788,2,7,0.083,7,0.236,1.803
48.26,0.314,-0.787,2,7,0.083,7,0.053,1.803
48.38,0.313,-0.788,2,7,0.083,7,0.236,1.803
48.51,0.313,-0.788,2,7,0.083,7,0.236,1.803
48.64,0.313,-0.788,2,7,0.083,7,0.236,1.803
48.77,0.313,-0.788,2,7,0.083,7,0.236,1.803
48.90,0.313,-0.788,2,7,0.083,7,0.236,1.803
49.02,0.313,-0.788,2,7,0.083,7,0.236,1.803
49.15,0.313,-0.788,2,7,0.083,7,0.236,1.803
49.28,0.313,-0.788,2,7,0.083,7,0.236,1.803
49.41,0.313,-0.788,2,7,0.083,7,0.236,1.803
49.54,0.313,-0.788,2,7,0.083,7,0.236,1.803
49.66,0.313,-0.788,2,7,0.083,7,0.236,1.803
49.79,0.313,-0.788,2,7,0.083,7,0.236,1.803
49.92,0.314,-0.787,2,7,0.083,7,0.053,1.803
50.05,0.313,-0.788,2,7,0.083,7,0.236,1.803
50.18,0.313,-0.788,2,7,0.083,7,0.236,1.803
50.30,0.314,-0.787,2,7,0.083,7,0.053,1.803
50.43,0.313,-0.788,2,7,0.083,7,0.236,1.803
50.56,0.313,-0.788,2,7,0.083,7,0.236,1.803
50.69,0.314,-0.787,2,7,0.083,7,0.053,1.803
50.82,0.313,-0.788,2,7,0.083,7,0.236,1.803
50.94,0.313,-0.788,2,7,0.083,7,0.236,1.803
51.07,0.314,-0.787,2,7,0.083,7,0.053,1.803
51.20,0.313,-0.788,2,7,0.083,7,0.236,1.803
51.33,0.313,-0.788,2,7,0.083,7,0.236,1.803
51.46,0.313,-0.788,2,7,0.083,7,0.236,1.803
51.58,0.313,-0.788,2,7,0.083,7,0.236,1.803
51.71,0.313,-0.788,2,7,0.083,7,0.236,1.803
51.84,0.313,-0.788,2,7,0.083,7,0.236,1.803
51.97,0.313,-0.788,2,7,0.083,7,0.236,1.803
52.10,0.313,-0.788,2,7,0.083,7,0.236,1.803
52.22,0.313,-0.788,2,7,0.083,7,0.236,1.803
52.35,0.313,-0.788,2,7,0.083,7,0.236,1.803
52.48,0.313,-0.788,2,7,0.083,7,0.236,1.803
52.61,0.313,-0.788,2,7,0.083,7,0.236,1.803
52.74,0.314,-0.787,2,7,0.083,7,0.053,1.803
52.86,0.313,-0.788,2,7,0.083,7,0.236,1.803
52.99,0.313,-0.788,2,7,0.083,7,0.236,1.803
53.12,0.314,-0.787,2,7,0.083,7,0.053,1.803
53.25,0.313,-0.788,2,7,0.083,7,0.236,1.803
53.38,0.313,-0.788,2,7,0.083,7,0.236,1.803
53.50,0.314,-0.787,2,7,0.083,7,0.053,1.803
53.63,0.313,-0.788,2,7,0.083,7,0.236,1.803
53.76,0.313,-0.788,2,7,0.083,7,0.236,1.803
53.89,0.314,-0.787,2,7,0.083,7,0.053,1.803
54.02,0.313,-0.788,2,7,0.083,7,0.236,1.803
54.14,0.313,-0.788,2,7,0.083,7,0.236,1.803
54.27,0.313,-0.788,2,7,0.083,7,0.236,1.803
54.40,0.313,-0.788,2,7,0.083,7,0.236,1.803
54.53,0.313,-0.788,2,7,0.083,7,0.236,1.803
54.66,0.313,-0.788,2,7,0.083,7,0.236,1.803
54.78,0.313,-0.788,2,7,0.083,7,0.236,1.803
54.91,0.313,-0.788,2,7,0.083,7,0.236,1.803
55.04,0.313,-0.788,2,7,0.083,7,0.236,1.803
55.17,0.313,-0.788,2,7,0.083,7,0.236,1.803
55.30,0.313,-0.788,2,7,0.083,7,0.236,1.803
55.42,0.313,-0.788,2,7,0.083,7,0.236,1.803
55.55,0.313,-0.788,2,7,0.083,7,0.236,1.803
55.68,0.313,-0.788,2,7,0.083,7,0.236,1.803
55.81,0.313,-0.788,2,7,0.083,7,0.236,1.803
55.94,0.314,-0.787,2,7,0.083,7,0.053,1.803
56.06,0.313,-0.788,2,7,0.083,7,0.236,1.803
56.19,0.313,-0.788,2,7,0.083,7,0.236,1.803
56.32,0.314,-0.787,2,7,0.083,7,0.053,1.803
56.45,0.313,-0.788,2,7,0.083,7,0.236,1.803
56.58,0.313,-0.788,2,7,0.083,7,0.236,1.803
56.70,0.314,-0.787,2,7,0.083,7,0.053,1.803
56.83,0.313,-0.788,2,7,0.083,7,0.236,1.803
56.96,0.313,-0.788,2,7,0.083,7,0.236,1.803
57.09,0.313,-0.788,2,7,0.083,7,0.236,1.803
57.22,0.313,-0.788,2,7,0.083,7,0.236,1.803
57.34,0.313,-0.788,2,7,0.083,7,0.236,1.803
57.47,0.313,-0.788,2,7,0.083,7,0.236,1.803
57.60,0.313,-0.788,2,7,0.083,7,0.236,1.803
57.73,0.313,-0.788,2,7,0.083,7,0.236,1.803
57.86,0.313,-0.788,2,7,0.083,7,0.236,1.803
57.98,0.313,-0.788,2,7,0.083,7,0.236,1.803
58.11,0.313,-0.788,2,7,0.083,7,0.236,1.803
58.24,0.313,-0.788,2,7,0.083,7,0.236,1.803
58.37,0.313,-0.788,2,7,0.083,7,0.236,1.803
58.50,0.313,-0.788,2,7,0.083,7,0.236,1.803
58.62,0.313,-0.788,2,7,0.083,7,0.236,1.803
58.75,0.314,-0.787,2,7,0.083,7,0.053,1.803
58.88,0.313,-0.788,2,7,0.083,7,0.236,1.803
59.01,0.313,-0.788,2,7,0.083,7,0.236,1.803
59.14,0.314,-0.787,2,7,0.083,7,0.053,1.803
59.26,0.313,-0.788,2,7,0.083,7,0.236,1.803
59.39,0.313,-0.788,2,7,0.083,7,0.236,1.803
59.52,0.314,-0.787,2,7,0.083,7,0.053,1.803
59.65,0.313,-0.788,2,7,0.083,7,0.236,1.803
59.78,0.313,-0.788,2,7,0.083,7,0.236,1.803
59.90,0.314,-0.787,2,7,0.083,7,0.053,1.803
60.03,0.313,-0.788,2,7,0.083,7,0.236,1.803
60.16,0.313,-0.788,2,7,0.083,7,0.236,1.803
60.29,0.313,-0.788,2,7,0.083,7,0.236,1.803
60.42,0.313,-0.788,2,7,0.083,7,0.236,1.803
60.54,0.313,-0.788,2,7,0.083,7,0.236,1.803
60.67,0.313,-0.788,2,7,0.083,7,0.236,1.803
60.80,0.313,-0.788,2,7,0.083,7,0.236,1.803
60.93,0.313,-0.788,2,7,0.083,7,0.236,1.803
61.06,0.313,-0.788,2,7,0.083,7,0.236,1.803
61.18,0.313,-0.788,2,7,0.083,7,0.236,1.803
61.31,0.313,-0.788,2,7,0.083,7,0.236,1.803
61.44,0.313,-0.788,2,7,0.083,7,0.236,1.803
61.57,0.313,-0.788,2,7,0.083,7,0.236,1.803
61.70,0.313,-0.788,2,7,0.083,7,0.236,1.803
61.82,0.313,-0.788,2,7,0.083,7,0.236,1.803
61.95,0.314,-0.787,2,7,0.083,7,0.053,1.803
62.08,0.313,-0.788,2,7,0.083,7,0.236,1.803
62.21,0.313,-0.788,2,7,0.083,7,0.236,1.803
62.34,0.314,-0.787,2,7,0.083,7,0.053,1.803
62.46,0.313,-0.788,2,7,0.083,7,0.236,1.803
62.59,0.313,-0.788,2,7,0.083,7,0.236,1.803
62.72,0.314,-0.787,2,7,0.083,7,0.053,1.803
62.85,0.313,-0.788,2,7,0.083,7,0.236,1.803
62.98,0.313,-0.788,2,7,0.083,7,0.236,1.803
63.10,0.314,-0.787,2,7,0.083,7,0.053,1.803
63.23,0.313,-0.788,2,7,0.083,7,0.236,1.803
63.36,0.313,-0.788,2,7,0.083,7,0.236,1.803
63.49,0.313,-0.788,2,7,0.083,7,0.236,1.803
63.62,0.313,-0.788,2,7,0.083,7,0.236,1.803
63.74,0.313,-0.788,2,7,0.083,7,0.236,1.803
63.87,0.313,-0.788,2,7,0.083,7,0.236,1.803
64.00,0.313,-0.788,2,7,0.083,7,0.236,1.803
64.13,0.313,-0.788,2,7,0.083,7,0.236,1.803
64.26,0.313,-0.788,2,7,0.083,7,0.236,1.803
64.38,0.313,-0.788,2,7,0.083,7,0.236,1.803
64.51,0.313,-0.788,2,7,0.083,7,0.236,1.803
64.64,0.313,-0.788,2,7,0.083,7,0.236,1.803
64.77,0.313,-0.788,2,7,0.083,7,0.236,1.803
64.90,0.313,-0.788,2,7,0.083,7,0.236,1.803
65.02,0.313,-0.788,2,7,0.083,7,0.236,1.803
65.15,0.314,-0.787,2,7,0.083,7,0.053,1.803
65.28,0.313,-0.788,2,7,0.083,7,0.236,1.803
65.41,0.313,-0.788,2,7,0.083,7,0.236,1.803
65.54,0.314,-0.787,2,7,0.083,7,0.053,1.803
65.66,0.313,-0.788,2,7,0.083,7,0.236,1.803
65.79,0.313,-0.788,2,7,0.083,7,0.236,1.803
65.92,0.314,-0.787,2,7,0.083,7,0.053,1.803
66.05,0.313,-0.788,2,7,0.083,7,0.236,1.803
66.18,0.313,-0.788,2,7,0.083,7,0.236,1.803
66.30,0.314,-0.787,2,7,0.083,7,0.053,1.803
66.43,0.313,-0.788,2,7,0.083,7,0.236,1.803
66.56,0.313,-0.788,2,7,0.083,7,0.236,1.803
66.69,0.313,-0.788,2,7,0.083,7,0.236,1.803
66.82,0.313,-0.788,2,7,0.083,7,0.236,1.803
66.94,0.313,-0.788,2,7,0.083,7,0.236,1.803
67.07,0.313,-0.788,2,7,0.083,7,0.236,1.803
67.20,0.313,-0.788,2,7,0.083,7,0.236,1.803
67.33,0.313,-0.788,2,7,0.083,7,0.236,1.803
67.46,0.313,-0.788,2,7,0.083,7,0.236,1.803
67.58,0.313,-0.788,2,7,0.083,7,0.236,1.803
67.71,0.313,-0.788,2,7,0.083,7,0.236,1.803
67.84,0.313,-0.788,2,7,0.083,7,0.236,1.803
67.97,0.313,-0.788,2,7,0.083,7,0.236,1.803
68.10,0.313,-0.788,2,7,0.083,7,0.236,1.803
68.22,0.313,-0.788,2,7,0.083,7,0.236,1.803
68.35,0.313,-0.788,2,7,0.083,7,0.236,1.803
68.48,0.313,-0.788,2,7,0.083,7,0.236,1.803
68.61,0.313,-0.788,2,7,0.083,7,0.236,1.803
68.74,0.315,-0.788,2,7,0.083,7,0.053,1.803
68.86,0.313,-0.788,2,7,0.083,7,0.236,1.803
68.99,0.313,-0.788,2,7,0.083,7,0.236,1.803
69.12,0.315,-0.788,2,7,0.083,7,0.053,1.803
69.25,0.313,-0.788,2,7,0.083,7,0.236,1.803
69.38,0.313,-0.788,2,7,0.083,7,0.236,1.803
69.50,0.315,-0.788,2,7,0.083,7,0.053,1.803
69.63,0.313,-0.788,2,7,0.083,7,0.236,1.803
69.76,0.313,-0.788,2,7,0.083,7,0.236,1.803
69.89,0.315,-0.788,2,7,0.083,7,0.053,1.803
70.02,0.313,-0.788,2,7,0.083,7,0.236,1.803
70.14,0.313,-0.788,2,7,0.083,7,0.236,1.803
70.27,0.313,-0.788,2,7,0.083,7,0.236,1.803
70.40,0.313,-0.788,2,7,0.083,7,0.236,1.803
70.53,0.313,-0.788,2,7,0.083,7,0.236,1.803
70.66,0.313,-0.788,2,7,0.083,7,0.236,1.803
70.78,0.313,-0.788,2,7,0.083,7,0.236,1.803
70.91,0.313,-0.788,2,7,0.083,7,0.236,1.803
71.04,0.313,-0.788,2,7,0.083,7,0.236,1.803
71.17,0.313,-0.788,2,7,0.083,7,0.236,1.803
71.30,0.313,-0.788,2,7,0.083,7,0.236,1.803
71.42,0.313,-0.788,2,7,0.083,7,0.236,1.803
71.55,0.314,-0.788,2,7,0.083,7,0.236,1.803
71.68,0.313,-0.788,2,7,0.083,7,0.236,1.803
71.81,0.313,-0.788,2,7,0.083,7,0.236,1.803
71.94,0.314,-0.788,2,7,0.083,7,0.236,1.803
72.06,0.313,-0.788,2,7,0.083,7,0.236,1.803
72.19,0.313,-0.788,2,7,0.083,7,0.236,1.803
72.32,0.315,-0.788,2,7,0.083,7,0.053,1.803
72.45,0.313,-0.788,2,7,0.083,7,0.236,1.803
72.58,0.313,-0.789,2,7,0.083,7,0.236,1.803
72.70,0.315,-0.788,2,7,0.083,7,0.053,1.803
72.83,0.314,-0.788,2,7,0.083,7,0.236,1.803
72.96,0.313,-0.789,2,7,0.083,7,0.236,1.803
73.09,0.315,-0.788,2,7,0.083,7,0.053,1.803
73.22,0.314,-0.788,2,7,0.083,7,0.236,1.803
73.34,0.313,-0.789,2,7,0.083,7,0.236,1.803
73.47,0.315,-0.788,2,7,0.083,7,0.053,1.803
73.60,0.314,-0.788,2,7,0.083,7,0.236,1.803
73.73,0.313,-0.789,2,7,0.083,7,0.236,1.803
73.86,0.313,-0.789,2,7,0.083,7,0.236,1.803
73.98,0.314,-0.788,2,7,0.083,7,0.236,1.803
74.11,0.313,-0.789,2,7,0.083,7,0.236,1.803
74.24,0.313,-0.789,2,7,0.083,7,0.236,1.803
74.37,0.314,-0.788,2,7,0.083,7,0.236,1.803
74.50,0.314,-0.789,2,7,0.083,7,0.236,1.803
74.62,0.313,-0.789,2,7,0.083,7,0.236,1.803
74.75,0.314,-0.788,2,7,0.083,7,0.236,1.803
74.88,0.314,-0.789,2,7,0.083,7,0.236,1.803
75.01,0.313,-0.789,2,7,0.083,7,0.236,1.803
75.14,0.314,-0.788,2,7,0.083,7,0.236,1.803
75.26,0.314,-0.789,2,7,0.083,7,0.236,1.803
75.39,0.313,-0.789,2,7,0.083,7,0.236,1.803
75.52,0.314,-0.789,2,7,0.083,7,0.236,1.803
75.65,0.314,-0.789,2,7,0.083,7,0.236,1.803
75.78,0.314,-0.789,2,7,0.083,7,0.236,1.803
75.90,0.315,-0.788,2,7,0.083,7,0.053,1.803
76.03,0.314,-0.789,2,7,0.083,7,0.236,1.803
76.16,0.314,-0.789,2,7,0.083,7,0.236,1.803
76.29,0.315,-0.788,2,7,0.083,7,0.053,1.803
76.42,0.314,-0.789,2,7,0.083,7,0.236,1.803
76.54,0.314,-0.789,2,7,0.083,7,0.236,1.803
76.67,0.315,-0.788,2,7,0.083,7,0.053,1.803
76.80,0.314,-0.789,2,7,0.083,7,0.236,1.803
76.93,0.314,-0.789,2,7,0.083,7,0.236,1.803
77.06,0.315,-0.788,2,7,0.083,7,0.053,1.803
77.18,0.314,-0.789,2,7,0.083,7,0.236,1.803
77.31,0.314,-0.789,2,7,0.083,7,0.236,1.803
77.44,0.315,-0.788,2,7,0.083,7,0.053,1.803
77.57,0.314,-0.789,2,7,0.083,7,0.236,1.803
77.70,0.314,-0.789,2,7,0.083,7,0.236,1.803
77.82,0.314,-0.789,2,7,0.083,7,0.236,1.803
77.95,0.314,-0.789,2,7,0.083,7,0.236,1.803
78.08,0.314,-0.789,2,7,0.083,7,0.236,1.803
78.21,0.314,-0.789,2,7,0.083,7,0.236,1.803
78.34,0.314,-0.789,2,7,0.083,7,0.236,1.803
78.46,0.314,-0.789,2,7,0.083,7,0.236,1.803
78.59,0.314,-0.789,2,7,0.083,7,0.236,1.803
78.72,0.314,-0.789,2,7,0.083,7,0.236,1.803
78.85,0.314,-0.789,2,7,0.083,7,0.236,1.803
78.98,0.314,-0.789,2,7,0.083,7,0.236,1.803
79.10,0.314,-0.789,2,7,0.083,7,0.236,1.803
79.23,0.314,-0.789,2,7,0.083,7,0.236,1.803
79.36,0.314,-0.789,2,7,0.083,7,0.236,1.803
79.49,0.314,-0.789,2,7,0.083,7,0.236,1.803
79.62,0.314,-0.789,2,7,0.083,7,0.236,1.803
79.74,0.314,-0.789,2,7,0.083,7,0.236,1.803
79.87,0.315,-0.788,2,7,0.083,7,0.053,1.803
80.00,0.314,-0.789,2,7,0.083,7,0.236,1.803
80.13,0.314,-0.789,2,7,0.083,8,0.236,1.803
80.26,0.315,-0.788,2,7,0.083,9,0.053,1.803
80.38,0.314,-0.789,2,7,0.083,9,0.236,1.803
80.51,0.314,-0.789,2,7,0.083,9,0.236,1.803
80.64,0.315,-0.788,2,7,0.083,9,0.053,1.803
80.77,0.314,-0.789,2,7,0.083,9,0.236,1.803
80.90,0.314,-0.789,2,7,0.083,9,0.236,1.803
81.02,0.315,-0.788,2,7,0.083,9,0.053,1.803
81.15,0.314,-0.789,2,7,0.083,9,0.236,1.803
81.28,0.314,-0.789,2,7,0.083,9,0.236,1.803
81.41,0.315,-0.788,2,7,0.083,9,0.053,1.803
81.54,0.314,-0.789,2,7,0.083,9,0.236,1.803
81.66,0.314,-0.789,2,7,0.083,9,0.236,1.803
81.79,0.315,-0.788,2,7,0.083,9,0.053,1.803
81.92,0.314,-0.789,2,7,0.083,9,0.236,1.803
82.05,0.314,-0.789,2,7,0.083,9,0.236,1.803
82.18,0.315,-0.788,2,7,0.083,9,0.053,1.803
82.30,0.314,-0.789,2,7,0.083,9,0.236,1.803
82.43,0.314,-0.789,2,7,0.083,10,0.236,1.803
82.56,0.314,-0.789,2,7,0.083,10,0.236,1.803
82.69,0.314,-0.789,2,7,0.083,10,0.236,1.803
82.82,0.314,-0.789,2,7,0.083,10,0.236,1.803
82.94,0.314,-0.789,2,7,0.083,10,0.236,1.803
83.07,0.314,-0.789,2,7,0.083,10,0.236,1.803
83.20,0.314,-0.789,2,7,0.083,10,0.236,1.803
83.33,0.314,-0.789,2,7,0.083,10,0.236,1.803
83.46,0.314,-0.789,2,7,0.083,10,0.236,1.803
83.58,0.314,-0.789,2,7,0.083,10,0.236,1.803
83.71,0.314,-0.789,2,7,0.083,10,0.236,1.803
83.84,0.314,-0.789,2,7,0.083,10,0.236,1.803
83.97,0.314,-0.789,2,7,0.083,10,0.236,1.803
84.10,0.314,-0.789,2,7,0.083,10,0.236,1.803
84.22,0.314,-0.789,2,7,0.083,10,0.236,1.803
84.35,0.314,-0.789,2,7,0.083,10,0.236,1.803
84.48,0.314,-0.789,2,7,0.083,10,0.236,1.803
84.61,0.314,-0.789,2,7,0.083,10,0.236,1.803
84.74,0.314,-0.789,2,7,0.083,10,0.236,1.803
84.86,0.314,-0.789,2,7,0.083,10,0.236,1.803
84.99,0.315,-0.788,2,7,0.083,10,0.053,1.803
85.12,0.314,-0.789,2,7,0.083,10,0.236,1.803
85.25,0.314,-0.789,2,7,0.083,10,0.236,1.803
85.38,0.315,-0.788,2,7,0.083,11,0.053,1.803
85.50,0.314,-0.789,2,7,0.083,11,0.236,1.803
85.63,0.314,-0.789,2,7,0.083,11,0.236,1.803
85.76,0.315,-0.788,2,7,0.083,11,0.053,1.803
85.89,0.314,-0.789,2,7,0.083,11,0.236,1.803
86.02,0.314,-0.789,2,7,0.083,11,0.236,1.803
86.14,0.315,-0.788,2,7,0.083,11,0.053,1.803
86.27,0.314,-0.789,2,7,0.083,11,0.236,1.803
86.40,0.314,-0.789,2,7,0.083,11,0.236,1.803
86.53,0.315,-0.788,2,7,0.083,11,0.053,1.803
86.66,0.314,-0.789,2,7,0.083,11,0.236,1.803
86.78,0.314,-0.789,2,7,0.083,11,0.236,1.803
86.91,0.314,-0.789,2,7,0.083,11,0.236,1.803
87.04,0.314,-0.789,2,7,0.083,11,0.236,1.803
87.17,0.314,-0.789,2,7,0.083,11,0.236,1.803
87.30,0.314,-0.789,2,7,0.083,11,0.236,1.803
87.42,0.314,-0.789,2,7,0.083,11,0.236,1.803
87.55,0.314,-0.789,2,7,0.083,11,0.236,1.803
87.68,0.314,-0.789,2,7,0.083,11,0.236,1.803
87.81,0.314,-0.789,2,7,0.083,11,0.236,1.803
87.94,0.314,-0.789,2,7,0.083,11,0.236,1.803
88.06,0.314,-0.789,2,7,0.083,11,0.236,1.803
88.19,0.314,-0.789,2,7,0.083,11,0.236,1.803
88.32,0.314,-0.789,2,7,0.083,11,0.236,1.803
88.45,0.314,-0.789,2,7,0.083,11,0.236,1.803
88.58,0.314,-0.789,2,7,0.083,11,0.236,1.803
88.70,0.314,-0.789,2,7,0.083,11,0.236,1.803
88.83,0.314,-0.789,2,7,0.083,11,0.236,1.803
88.96,0.314,-0.789,2,7,0.083,11,0.236,1.803
89.09,0.314,-0.789,2,7,0.083,11,0.236,1.803
89.22,0.314,-0.789,2,7,0.083,11,0.236,1.803
89.34,0.315,-0.788,2,7,0.083,11,0.053,1.803
89.47,0.314,-0.789,2,7,0.083,11,0.236,1.803
89.60,0.314,-0.789,2,7,0.083,11,0.236,1.803
89.73,0.315,-0.788,2,7,0.083,11,0.053,1.803
89.86,0.314,-0.789,2,7,0.083,11,0.236,1.803
89.98,0.314,-0.789,2,7,0.083,11,0.236,1.803
90.11,0.315,-0.788,2,7,0.083,11,0.053,1.803
90.24,0.314,-0.789,2,7,0.083,11,0.236,1.803
90.37,0.314,-0.789,2,7,0.083,11,0.236,1.803
90.50,0.315,-0.788,2,7,0.083,11,0.053,1.803
90.62,0.314,-0.789,2,7,0.083,11,0.236,1.803
90.75,0.314,-0.789,2,7,0.083,11,0.236,1.803
90.88,0.315,-0.788,2,7,0.083,11,0.053,1.803
91.01,0.314,-0.789,2,7,0.083,11,0.236,1.803
91.14,0.314,-0.789,2,7,0.083,11,0.236,1.803
91.26,0.315,-0.788,2,7,0.083,11,0.053,1.803
91.39,0.314,-0.789,2,7,0.083,11,0.236,1.803
91.52,0.314,-0.789,2,7,0.083,11,0.236,1.803
91.65,0.314,-0.789,2,7,0.083,11,0.236,1.803
91.78,0.314,-0.789,2,7,0.083,11,0.236,1.803
91.90,0.314,-0.789,2,7,0.083,11,0.236,1.803
92.03,0.314,-0.789,2,7,0.083,11,0.236,1.803
92.16,0.314,-0.789,2,7,0.083,11,0.236,1.803
92.29,0.314,-0.789,2,7,0.083,11,0.236,1.803
92.42,0.314,-0.789,2,7,0.083,11,0.236,1.803
92.54,0.314,-0.789,2,7,0.083,11,0.236,1.803
92.67,0.314,-0.789,2,7,0.083,11,0.236,1.803
92.80,0.314,-0.789,2,7,0.083,11,0.236,1.803
92.93,0.314,-0.789,2,7,0.083,11,0.236,1.803
93.06,0.314,-0.789,2,7,0.083,11,0.236,1.803
93.18,0.314,-0.789,2,7,0.083,11,0.236,1.803
93.31,0.314,-0.789,2,7,0.083,11,0.236,1.803
93.44,0.314,-0.789,2,7,0.083,11,0.236,1.803
93.57,0.314,-0.789,2,7,0.083,11,0.236,1.803
93.70,0.314,-0.789,2,7,0.083,11,0.236,1.803
93.82,0.314,-0.789,2,7,0.083,11,0.236,1.803
93.95,0.314,-0.789,2,7,0.083,11,0.236,1.803
94.08,0.315,-0.788,2,7,0.083,11,0.053,1.803
94.21,0.314,-0.789,2,7,0.083,11,0.236,1.803
94.34,0.314,-0.789,2,7,0.083,11,0.236,1.803
94.46,0.315,-0.788,2,7,0.083,11,0.053,1.803
94.59,0.314,-0.789,2,7,0.083,11,0.236,1.803
94.72,0.314,-0.789,2,7,0.083,11,0.236,1.803
94.85,0.315,-0.788,2,7,0.083,11,0.053,1.803
94.98,0.314,-0.789,2,7,0.083,11,0.236,1.803
95.10,0.314,-0.789,2,7,0.083,11,0.236,1.803
95.23,0.315,-0.788,2,7,0.083,11,0.053,1.803
95.36,0.314,-0.789,2,7,0.083,11,0.236,1.803
95.49,0.314,-0.789,2,7,0.083,11,0.236,1.803
95.62,0.315,-0.788,2,7,0.083,11,0.053,1.803
95.74,0.314,-0.789,2,7,0.083,11,0.236,1.803
95.87,0.314,-0.789,2,7,0.083,11,0.236,1.803
96.00,0.315,-0.788,2,7,0.083,11,0.053,1.803
96.13,0.314,-0.789,2,7,0.083,11,0.236,1.803
96.26,0.314,-0.789,2,7,0.083,11,0.236,1.803
96.38,0.314,-0.789,2,7,0.083,11,0.236,1.803
96.51,0.314,-0.789,2,7,0.083,11,0.236,1.803
96.64,0.314,-0.789,2,7,0.083,11,0.236,1.803
96.77,0.314,-0.789,2,7,0.083,11,0.236,1.803
96.90,0.314,-0.789,2,7,0.083,11,0.236,1.803
97.02,0.314,-0.789,2,7,0.083,11,0.236,1.803
97.15,0.314,-0.789,2,7,0.083,11,0.236,1.803
97.28,0.314,-0.789,2,7,0.083,11,0.236,1.803
97.41,0.314,-0.789,2,7,0.083,11,0.236,1.803
97.54,0.314,-0.789,2,7,0.083,11,0.236,1.803
97.66,0.314,-0.789,2,7,0.083,11,0.236,1.803
97.79,0.314,-0.789,2,7,0.083,11,0.236,1.803
97.92,0.314,-0.789,2,7,0.083,11,0.236,1.803
98.05,0.314,-0.789,2,7,0.083,11,0.236,1.803
98.18,0.314,-0.789,2,7,0.083,11,0.236,1.803
98.30,0.314,-0.789,2,7,0.083,11,0.236,1.803
98.43,0.314,-0.789,2,7,0.083,11,0.236,1.803
98.56,0.314,-0.789,2,7,0.083,11,0.236,1.803
98.69,0.314,-0.789,2,7,0.083,11,0.236,1.803
98.82,0.314,-0.789,2,7,0.083,11,0.236,1.803
98.94,0.314,-0.789,2,7,0.083,11,0.236,1.803
99.07,0.314,-0.789,2,7,0.083,11,0.236,1.803
99.20,0.316,-0.788,2,7,0.083,11,0.053,1.803
99.33,0.314,-0.789,2,7,0.083,11,0.236,1.803
99.46,0.314,-0.789,2,7,0.083,11,0.236,1.803
99.58,0.316,-0.788,2,7,0.083,11,0.053,1.803
99.71,0.314,-0.789,2,7,0.083,11,0.236,1.803
99.84,0.314,-0.789,2,7,0.083,11,0.236,1.803
99.97,0.316,-0.788,2,7,0.083,11,0.053,1.803
100.10,0.314,-0.789,2,7,0.083,11,0.236,1.803
100.22,0.314,-0.789,2,7,0.083,11,0.236,1.803
100.35,0.316,-0.788,2,7,0.083,11,0.053,1.803
100.48,0.314,-0.789,2,7,0.083,11,0.236,1.803
100.61,0.314,-0.789,2,7,0.083,11,0.236,1.803
100.74,0.316,-0.788,2,7,0.083,11,0.053,1.803
100.86,0.314,-0.789,2,7,0.083,11,0.236,1.803
100.99,0.314,-0.789,2,7,0.083,11,0.236,1.803
101.12,0.316,-0.788,2,7,0.083,11,0.053,1.803
101.25,0.314,-0.789,2,7,0.083,11,0.236,1.803
101.38,0.314,-0.789,2,7,0.083,11,0.236,1.803
101.50,0.316,-0.788,2,7,0.083,11,0.053,1.803
101.63,0.314,-0.789,2,7,0.083,11,0.236,1.803
101.76,0.314,-0.789,2,7,0.083,11,0.236,1.803
101.89,0.314,-0.789,2,7,0.083,11,0.236,1.803
102.02,0.315,-0.789,2,7,0.083,11,0.236,1.803
102.14,0.314,-0.789,2,7,0.083,11,0.236,1.803
102.27,0.314,-0.789,2,7,0.083,11,0.236,1.803
102.40,0.315,-0.789,2,7,0.083,11,0.236,1.803
102.53,0.314,-0.789,2,7,0.083,11,0.236,1.803
102.66,0.314,-0.789,2,7,0.083,11,0.236,1.803
102.78,0.315,-0.789,2,7,0.083,11,0.236,1.803
102.91,0.314,-0.789,2,7,0.083,11,0.236,1.803
103.04,0.314,-0.789,2,7,0.083,11,0.236,1.803
103.17,0.315,-0.789,2,7,0.083,11,0.236,1.803
103.30,0.314,-0.789,2,7,0.083,11,0.236,1.803
103.42,0.314,-0.789,2,7,0.083,11,0.236,1.803
103.55,0.315,-0.789,2,7,0.083,11,0.236,1.803
103.68,0.315,-0.789,2,7,0.083,11,0.236,1.803
103.81,0.314,-0.789,2,7,0.083,11,0.236,1.803
103.94,0.315,-0.789,2,7,0.083,11,0.236,1.803
104.06,0.315,-0.789,2,7,0.083,11,0.236,1.803
104.19,0.314,-0.789,2,7,0.083,11,0.236,1.803
104.32,0.315,-0.789,2,7,0.083,11,0.236,1.803
104.45,0.315,-0.789,2,7,0.083,11,0.236,1.803
104.58,0.314,-0.789,2,7,0.083,11,0.236,1.803
104.70,0.316,-0.789,2,7,0.083,11,0.053,1.803
104.83,0.315,-0.789,2,7,0.083,11,0.236,1.803
104.96,0.314,-0.789,2,7,0.083,11,0.236,1.803
105.09,0.316,-0.789,2,7,0.083,11,0.053,1.803
105.22,0.315,-0.789,2,7,0.083,11,0.236,1.803
105.34,0.315,-0.789,2,7,0.083,11,0.236,1.803
105.47,0.316,-0.789,2,7,0.083,11,0.053,1.803
105.60,0.315,-0.789,2,7,0.083,11,0.236,1.803
105.73,0.315,-0.789,2,7,0.083,11,0.236,1.803
105.86,0.316,-0.789,2,7,0.083,11,0.053,1.803
105.98,0.315,-0.789,2,7,0.083,11,0.236,1.803
106.11,0.315,-0.789,2,7,0.083,11,0.236,1.803
106.24,0.316,-0.789,2,7,0.083,11,0.053,1.803
106.37,0.315,-0.789,2,7,0.083,11,0.236,1.803
106.50,0.315,-0.789,2,7,0.083,11,0.236,1.803
106.62,0.316,-0.789,2,7,0.083,11,0.053,1.803
106.75,0.315,-0.789,2,7,0.083,11,0.236,1.803
106.88,0.315,-0.789,2,7,0.083,11,0.236,1.803
107.01,0.316,-0.789,2,7,0.083,11,0.053,1.803
107.14,0.315,-0.789,2,7,0.083,11,0.236,1.803
107.26,0.315,-0.789,2,7,0.083,11,0.236,1.803
107.39,0.316,-0.789,2,7,0.083,11,0.053,1.803
107.52,0.315,-0.789,2,7,0.083,11,0.236,1.803
107.65,0.315,-0.789,2,7,0.083,11,0.236,1.803
107.78,0.315,-0.789,2,7,0.083,11,0.236,1.803
107.90,0.315,-0.789,2,7,0.083,11,0.236,1.803
108.03,0.315,-0.789,2,7,0.083,11,0.236,1.803
108.16,0.315,-0.789,2,7,0.083,11,0.236,1.803
108.29,0.315,-0.789,2,7,0.083,11,0.236,1.803
108.42,0.315,-0.789,2,7,0.083,11,0.236,1.803
108.54,0.315,-0.790,2,7,0.083,11,0.236,1.803
108.67,0.315,-0.789,2,7,0.083,11,0.236,1.803
108.80,0.315,-0.789,2,7,0.083,11,0.236,1.803
108.93,0.315,-0.790,2,7,0.083,11,0.236,1.803
109.06,0.315,-0.789,2,7,0.083,11,0.236,1.803
109.18,0.315,-0.789,2,7,0.083,11,0.236,1.803
109.31,0.315,-0.790,2,7,0.083,11,0.236,1.803
109.44,0.315,-0.789,2,7,0.083,11,0.236,1.803
109.57,0.315,-0.789,2,7,0.083,11,0.236,1.803
109.70,0.315,-0.790,2,7,0.083,11,0.236,1.803
109.82,0.315,-0.789,2,7,0.083,11,0.236,1.803
109.95,0.315,-0.789,2,7,0.083,11,0.236,1.803
110.08,0.315,-0.790,2,7,0.083,11,0.236,1.803
110.21,0.315,-0.789,2,7,0.083,11,0.236,1.803
110.34,0.315,-0.789,2,7,0.083,11,0.236,1.803
110.46,0.315,-0.790,2,7,0.083,11,0.236,1.803
110.59,0.315,-0.789,2,7,0.083,11,0.236,1.803
110.72,0.315,-0.789,2,7,0.083,11,0.236,1.803
110.85,0.315,-0.790,2,7,0.083,11,0.236,1.803
110.98,0.315,-0.789,2,7,0.083,11,0.236,1.803
111.10,0.315,-0.790,2,7,0.083,11,0.236,1.803
111.23,0.315,-0.790,2,7,0.083,11,0.236,1.803
111.36,0.316,-0.789,2,7,0.083,11,0.053,1.803
111.49,0.315,-0.790,2,7,0.083,11,0.236,1.803
111.62,0.315,-0.790,2,7,0.083,11,0.236,1.803
111.74,0.316,-0.789,2,7,0.083,11,0.053,1.803
111.87,0.315,-0.790,2,7,0.083,11,0.236,1.803
112.00,0.315,-0.790,2,7,0.083,11,0.236,1.803
112.13,0.316,-0.789,2,7,0.083,11,0.053,1.803
112.26,0.315,-0.790,2,7,0.083,11,0.236,1.803
112.38,0.315,-0.790,2,7,0.083,11,0.236,1.803
112.51,0.316,-0.789,2,7,0.083,11,0.053,1.803
112.64,0.315,-0.790,2,7,0.083,11,0.236,1.803
112.77,0.315,-0.790,2,7,0.083,11,0.236,1.803
112.90,0.316,-0.789,2,7,0.083,11,0.053,1.803
113.02,0.315,-0.790,2,7,0.083,11,0.236,1.803
113.15,0.315,-0.790,2,7,0.083,11,0.236,1.803
113.28,0.316,-0.789,2,7,0.083,11,0.053,1.803
113.41,0.315,-0.790,2,7,0.083,11,0.236,1.803
113.54,0.315,-0.790,2,7,0.083,11,0.236,1.803
113.66,0.316,-0.789,2,7,0.083,11,0.053,1.803
113.79,0.315,-0.790,2,7,0.083,11,0.236,1.803
113.92,0.315,-0.790,2,7,0.083,11,0.236,1.803
114.05,0.316,-0.789,2,7,0.083,11,0.053,1.803
114.18,0.315,-0.790,2,7,0.083,11,0.236,1.803
114.30,0.315,-0.790,2,7,0.083,11,0.236,1.803
114.43,0.316,-0.789,2,7,0.083,11,0.053,1.803
114.56,0.315,-0.790,2,7,0.083,11,0.236,1.803
114.69,0.315,-0.790,2,7,0.083,11,0.236,1.803
114.82,0.315,-0.790,2,7,0.083,11,0.236,1.803
114.94,0.315,-0.790,2,7,0.083,11,0.236,1.803
115.07,0.315,-0.790,2,7,0.083,11,0.236,1.803
115.20,0.315,-0.790,2,7,0.083,11,0.236,1.803
115.33,0.315,-0.790,2,7,0.083,11,0.236,1.803
115.46,0.315,-0.790,2,7,0.083,11,0.236,1.803
115.58,0.315,-0.790,2,7,0.083,11,0.236,1.803
115.71,0.315,-0.790,2,7,0.083,11,0.236,1.803
115.84,0.315,-0.790,2,7,0.083,11,0.236,1.803
115.97,0.315,-0.790,2,7,0.083,11,0.236,1.803
116.10,0.315,-0.790,2,7,0.083,11,0.236,1.803
116.22,0.315,-0.790,2,7,0.083,11,0.236,1.803
116.35,0.315,-0.790,2,7,0.083,11,0.236,1.803
116.48,0.315,-0.790,2,7,0.083,11,0.236,1.803
116.61,0.315,-0.790,2,7,0.083,11,0.236,1.803
116.74,0.315,-0.790,2,7,0.083,11,0.236,1.803
116.86,0.315,-0.790,2,7,0.083,11,0.236,1.803
116.99,0.315,-0.790,2,7,0.083,11,0.236,1.803
117.12,0.315,-0.790,2,7,0.083,11,0.236,1.803
117.25,0.315,-0.790,2,7,0.083,11,0.236,1.803
117.38,0.315,-0.790,2,7,0.083,11,0.236,1.803
117.50,0.315,-0.790,2,7,0.083,11,0.236,1.803
117.63,0.315,-0.790,2,7,0.083,11,0.236,1.803
117.76,0.315,-0.790,2,7,0.083,11,0.236,1.803
117.89,0.315,-0.790,2,7,0.083,11,0.236,1.803
118.02,0.315,-0.790,2,7,0.083,11,0.236,1.803
118.14,0.315,-0.790,2,7,0.083,11,0.236,1.803
118.27,0.315,-0.790,2,7,0.083,11,0.236,1.803
118.40,0.315,-0.790,2,7,0.083,11,0.236,1.803
118.53,0.315,-0.790,2,7,0.083,11,0.236,1.803
118.66,0.315,-0.790,2,7,0.083,11,0.236,1.803
118.78,0.316,-0.789,2,7,0.083,11,0.053,1.803
118.91,0.315,-0.790,2,7,0.083,11,0.236,1.803
119.04,0.315,-0.790,2,7,0.083,11,0.236,1.803
119.17,0.316,-0.789,2,7,0.083,11,0.053,1.803
119.30,0.315,-0.790,2,7,0.083,11,0.236,1.803
119.42,0.315,-0.790,2,7,0.083,11,0.236,1.803
119.55,0.316,-0.789,2,7,0.083,11,0.053,1.803
119.68,0.315,-0.790,2,7,0.083,11,0.236,1.803
119.81,0.315,-0.790,2,7,0.083,11,0.236,1.803
119.94,0.316,-0.789,2,7,0.083,11,0.053,1.803
120.06,0.315,-0.790,2,7,0.083,11,0.236,1.803
120.19,0.315,-0.790,2,7,0.083,11,0.236,1.803
120.32,0.316,-0.789,2,7,0.083,11,0.053,1.803
120.45,0.315,-0.790,2,7,0.083,11,0.236,1.803
120.58,0.315,-0.790,2,7,0.083,11,0.236,1.803
120.70,0.316,-0.789,2,7,0.083,11,0.053,1.803
120.83,0.315,-0.790,2,7,0.083,11,0.236,1.803
120.96,0.315,-0.790,2,7,0.083,11,0.236,1.803
121.09,0.316,-0.789,2,7,0.083,11,0.053,1.803
121.22,0.315,-0.790,2,7,0.083,11,0.236,1.803
121.34,0.315,-0.790,2,7,0.083,11,0.236,1.803
121.47,0.316,-0.789,2,7,0.083,11,0.053,1.803
121.60,0.315,-0.790,2,7,0.083,11,0.236,1.803
121.73,0.315,-0.790,2,7,0.083,11,0.236,1.803
121.86,0.316,-0.789,2,7,0.083,11,0.053,1.803
121.98,0.315,-0.790,2,7,0.083,11,0.236,1.803
122.11,0.315,-0.790,2,7,0.083,11,0.236,1.803
122.24,0.316,-0.789,2,7,0.083,11,0.053,1.803
122.37,0.315,-0.790,2,7,0.083,11,0.236,1.803
122.50,0.315,-0.790,2,7,0.083,11,0.236,1.803
122.62,0.316,-0.789,2,7,0.083,11,0.053,1.803
122.75,0.315,-0.790,2,7,0.083,11,0.236,1.803
122.88,0.315,-0.790,2,7,0.083,11,0.236,1.803
123.01,0.315,-0.790,2,7,0.083,11,0.236,1.803
123.14,0.315,-0.790,2,7,0.083,11,0.236,1.803
123.26,0.315,-0.790,2,7,0.083,11,0.236,1.803
123.39,0.315,-0.790,2,7,0.083,11,0.236,1.803
123.52,0.315,-0.790,2,7,0.083,11,0.236,1.803
123.65,0.315,-0.790,2,7,0.083,11,0.236,1.803
123.78,0.315,-0.790,2,7,0.083,11,0.236,1.803
123.90,0.315,-0.790,2,7,0.083,11,0.236,1.803
124.03,0.315,-0.790,2,7,0.083,11,0.236,1.803
124.16,0.315,-0.790,2,7,0.083,11,0.236,1.803
124.29,0.315,-0.790,2,7,0.083,11,0.236,1.803
124.42,0.315,-0.790,2,7,0.083,11,0.236,1.803
124.54,0.315,-0.790,2,7,0.083,11,0.236,1.803
124.67,0.315,-0.790,2,7,0.083,11,0.236,1.803
124.80,0.315,-0.790,2,7,0.083,11,0.236,1.803
124.93,0.315,-0.790,2,7,0.083,11,0.236,1.803
125.06,0.315,-0.790,2,7,0.083,11,0.236,1.803
125.18,0.315,-0.790,2,7,0.083,11,0.236,1.803
125.31,0.315,-0.790,2,7,0.083,11,0.236,1.803
125.44,0.315,-0.790,2,7,0.083,11,0.236,1.803
125.57,0.315,-0.790,2,7,0.083,11,0.236,1.803
125.70,0.315,-0.790,2,7,0.083,11,0.236,1.803
125.82,0.315,-0.790,2,7,0.083,11,0.236,1.803
125.95,0.315,-0.790,2,7,0.083,11,0.236,1.803
126.08,0.315,-0.790,2,7,0.083,11,0.236,1.803
126.21,0.315,-0.790,2,7,0.083,11,0.236,1.803
126.34,0.315,-0.790,2,7,0.083,11,0.236,1.803
126.46,0.315,-0.790,2,7,0.083,11,0.236,1.803
126.59,0.315,-0.790,2,7,0.083,11,0.236,1.803
126.72,0.315,-0.790,2,7,0.083,11,0.236,1.803
126.85,0.315,-0.790,2,7,0.083,11,0.236,1.803
126.98,0.315,-0.790,2,7,0.083,11,0.236,1.803
127.10,0.315,-0.790,2,7,0.083,11,0.236,1.803
127.23,0.315,-0.790,2,7,0.083,11,0.236,1.803
127.36,0.315,-0.790,2,7,0.083,11,0.236,1.803
127.49,0.315,-0.790,2,7,0.083,11,0.236,1.803
127.62,0.315,-0.790,2,7,0.083,11,0.236,1.803
127.74,0.316,-0.789,2,7,0.083,11,0.053,1.803
127.87,0.315,-0.790,2,7,0.083,11,0.236,1.803
128.00,0.315,-0.790,2,7,0.083,11,0.236,1.803
128.13,0.316,-0.789,2,7,0.083,11,0.053,1.803
128.26,0.315,-0.790,2,7,0.083,11,0.236,1.803
128.38,0.315,-0.790,2,7,0.083,11,0.236,1.803
128.51,0.316,-0.789,2,7,0.083,11,0.053,1.803
128.64,0.315,-0.790,2,7,0.083,11,0.236,1.803
128.77,0.315,-0.790,2,7,0.083,11,0.236,1.803
128.90,0.316,-0.789,2,7,0.083,11,0.053,1.803
129.02,0.315,-0.790,2,7,0.083,11,0.236,1.803
129.15,0.315,-0.790,2,7,0.083,11,0.236,1.803
129.28,0.317,-0.789,2,7,0.083,11,0.053,1.803
129.41,0.315,-0.790,2,7,0.083,11,0.236,1.803
129.54,0.315,-0.790,2,7,0.083,11,0.236,1.803
129.66,0.317,-0.789,2,7,0.083,11,0.053,1.803
129.79,0.315,-0.790,2,7,0.083,11,0.236,1.803
129.92,0.315,-0.790,2,7,0.083,11,0.236,1.803
130.05,0.317,-0.789,2,7,0.083,11,0.053,1.803
130.18,0.315,-0.790,2,7,0.083,11,0.236,1.803
130.30,0.315,-0.790,2,7,0.083,11,0.236,1.803
130.43,0.317,-0.789,2,7,0.083,11,0.053,1.803
130.56,0.315,-0.790,2,7,0.083,11,0.236,1.803
130.69,0.315,-0.790,2,7,0.083,12,0.236,1.803
130.82,0.317,-0.789,2,7,0.083,12,0.053,1.803
130.94,0.315,-0.790,2,7,0.083,12,0.236,1.803
131.07,0.315,-0.790,2,7,0.083,12,0.236,1.803
131.20,0.317,-0.789,2,7,0.083,12,0.053,1.803
131.33,0.315,-0.790,2,7,0.083,12,0.236,1.803
131.46,0.315,-0.790,2,7,0.083,12,0.236,1.803
131.58,0.317,-0.789,2,7,0.083,12,0.053,1.803
131.71,0.315,-0.790,2,7,0.083,12,0.236,1.803
131.84,0.315,-0.790,2,7,0.083,12,0.236,1.803
131.97,0.317,-0.789,2,7,0.083,12,0.053,1.803
132.10,0.315,-0.790,2,7,0.083,12,0.236,1.803
132.22,0.315,-0.790,2,7,0.083,12,0.236,1.803
132.35,0.317,-0.789,2,7,0.083,12,0.053,1.803
132.48,0.315,-0.790,2,7,0.083,12,0.236,1.803
132.61,0.315,-0.790,2,7,0.083,12,0.236,1.803
132.74,0.317,-0.789,2,7,0.083,12,0.053,1.803
132.86,0.315,-0.790,2,7,0.083,12,0.236,1.803
132.99,0.315,-0.790,2,7,0.083,12,0.236,1.803
133.12,0.317,-0.789,2,7,0.083,12,0.053,1.803
133.25,0.315,-0.790,2,7,0.083,12,0.236,1.803
133.38,0.315,-0.790,2,7,0.083,12,0.236,1.803
133.50,0.317,-0.789,2,7,0.083,12,0.053,1.803
133.63,0.316,-0.790,2,7,0.083,12,0.236,1.803
133.76,0.315,-0.790,2,7,0.083,12,0.236,1.803
133.89,0.317,-0.789,2,7,0.083,12,0.053,1.803
134.02,0.316,-0.790,2,7,0.083,12,0.236,1.803
134.14,0.315,-0.790,2,7,0.083,12,0.236,1.803
134.27,0.317,-0.789,2,7,0.083,12,0.053,1.803
134.40,0.316,-0.790,2,7,0.083,12,0.236,1.803
134.53,0.315,-0.790,2,7,0.083,12,0.236,1.803
134.66,0.317,-0.789,2,7,0.083,12,0.053,1.803
134.78,0.316,-0.790,2,7,0.083,12,0.236,1.803
134.91,0.315,-0.790,2,7,0.083,12,0.236,1.803
135.04,0.317,-0.789,2,7,0.083,12,0.053,1.803
135.17,0.316,-0.790,2,7,0.083,12,0.236,1.803
135.30,0.315,-0.790,2,7,0.083,12,0.236,1.803
135.42,0.317,-0.789,2,7,0.083,12,0.053,1.803
135.55,0.316,-0.790,2,7,0.083,12,0.236,1.803
135.68,0.316,-0.790,2,7,0.083,12,0.236,1.803
135.81,0.317,-0.789,2,7,0.083,12,0.053,1.803
135.94,0.316,-0.790,2,7,0.083,12,0.236,1.803
136.06,0.316,-0.790,2,7,0.083,12,0.236,1.803
136.19,0.317,-0.789,2,7,0.083,12,0.053,1.803
136.32,0.316,-0.790,2,7,0.083,12,0.236,1.803
136.45,0.316,-0.790,2,7,0.083,12,0.236,1.803
136.58,0.315,-0.790,2,7,0.083,12,0.236,1.803
136.70,0.316,-0.790,2,7,0.083,12,0.236,1.803
136.83,0.316,-0.790,2,7,0.083,12,0.236,1.803
136.96,0.315,-0.790,2,7,0.083,12,0.236,1.803
137.09,0.316,-0.790,2,7,0.083,12,0.236,1.803
137.22,0.316,-0.790,2,7,0.083,12,0.236,1.803
137.34,0.315,-0.790,2,7,0.083,12,0.236,1.803
137.47,0.316,-0.790,2,7,0.083,12,0.236,1.803
137.60,0.316,-0.790,2,7,0.083,12,0.236,1.803
137.73,0.316,-0.790,2,7,0.083,12,0.236,1.803
137.86,0.316,-0.790,2,7,0.083,12,0.236,1.803
137.98,0.316,-0.790,2,7,0.083,12,0.236,1.803
138.11,0.316,-0.790,2,7,0.083,12,0.236,1.803
138.24,0.316,-0.790,2,7,0.083,12,0.236,1.803
138.37,0.316,-0.790,2,7,0.083,12,0.236,1.803
138.50,0.316,-0.790,2,7,0.083,12,0.236,1.803
138.62,0.316,-0.790,2,7,0.083,12,0.236,1.803
138.75,0.316,-0.790,2,7,0.083,12,0.236,1.803
138.88,0.316,-0.790,2,7,0.083,12,0.236,1.803
139.01,0.316,-0.790,2,7,0.083,12,0.236,1.803
139.14,0.316,-0.790,2,7,0.083,12,0.236,1.803
139.26,0.316,-0.790,2,7,0.083,12,0.236,1.803
139.39,0.316,-0.790,2,7,0.083,12,0.236,1.803
139.52,0.316,-0.790,2,7,0.083,12,0.236,1.803
139.65,0.316,-0.790,2,7,0.083,12,0.236,1.803
139.78,0.316,-0.790,2,7,0.083,12,0.236,1.803
139.90,0.316,-0.790,2,7,0.083,12,0.236,1.803
140.03,0.316,-0.790,2,7,0.083,12,0.236,1.803
140.16,0.316,-0.790,2,7,0.083,12,0.236,1.803
140.29,0.316,-0.790,2,7,0.083,12,0.236,1.803
140.42,0.316,-0.790,2,7,0.083,12,0.236,1.803
140.54,0.316,-0.790,2,7,0.083,12,0.236,1.803
140.67,0.316,-0.790,2,7,0.083,12,0.236,1.803
140.80,0.316,-0.790,2,7,0.083,12,0.236,1.803
140.93,0.316,-0.790,2,7,0.083,12,0.236,1.803
141.06,0.316,-0.790,2,7,0.083,12,0.236,1.803
141.18,0.316,-0.790,2,7,0.083,12,0.236,1.803
141.31,0.316,-0.790,2,7,0.083,12,0.236,1.803
141.44,0.316,-0.790,2,7,0.083,12,0.236,1.803
141.57,0.316,-0.790,2,7,0.083,12,0.236,1.803
141.70,0.316,-0.790,2,7,0.083,12,0.236,1.803
141.82,0.316,-0.790,2,7,0.083,12,0.236,1.803
141.95,0.316,-0.790,2,7,0.083,12,0.236,1.803
142.08,0.316,-0.790,2,7,0.083,12,0.236,1.803
142.21,0.316,-0.790,2,7,0.083,12,0.236,1.803
142.34,0.316,-0.790,2,7,0.083,12,0.236,1.803
142.46,0.316,-0.790,2,7,0.083,12,0.236,1.803
142.59,0.316,-0.790,2,7,0.083,12,0.236,1.803
142.72,0.316,-0.790,2,7,0.083,12,0.236,1.803
142.85,0.316,-0.790,2,7,0.083,12,0.236,1.803
142.98,0.316,-0.790,2,7,0.083,12,0.236,1.803
143.10,0.316,-0.790,2,7,0.083,12,0.236,1.803
143.23,0.316,-0.790,2,7,0.083,12,0.236,1.803
143.36,0.316,-0.790,2,7,0.083,12,0.236,1.803
143.49,0.316,-0.790,2,7,0.083,12,0.236,1.803
143.62,0.316,-0.790,2,7,0.083,12,0.236,1.803
143.74,0.316,-0.790,2,7,0.083,12,0.236,1.803
143.87,0.316,-0.790,2,7,0.083,12,0.236,1.803
144.00,0.316,-0.790,2,7,0.083,12,0.236,1.803
144.13,0.316,-0.790,2,7,0.083,12,0.236,1.803
144.26,0.316,-0.790,2,7,0.083,12,0.236,1.803
144.38,0.316,-0.790,2,7,0.083,12,0.236,1.803
144.51,0.316,-0.790,2,7,0.083,12,0.236,1.803
144.64,0.316,-0.790,2,7,0.083,12,0.236,1.803
144.77,0.316,-0.790,2,7,0.083,12,0.236,1.803
144.90,0.316,-0.790,2,7,0.083,12,0.236,1.803
145.02,0.316,-0.790,2,7,0.083,12,0.236,1.803
145.15,0.316,-0.790,2,7,0.083,12,0.236,1.803
145.28,0.316,-0.790,2,7,0.083,12,0.236,1.803
145.41,0.316,-0.790,2,7,0.083,12,0.236,1.803
145.54,0.316,-0.790,2,7,0.083,12,0.236,1.803
145.66,0.316,-0.790,2,7,0.083,12,0.236,1.803
145.79,0.316,-0.790,2,7,0.083,12,0.236,1.803
145.92,0.316,-0.790,2,7,0.083,12,0.236,1.803
146.05,0.316,-0.790,2,7,0.083,12,0.236,1.803
146.18,0.316,-0.790,2,7,0.083,12,0.236,1.803
146.30,0.317,-0.790,2,7,0.083,12,0.053,1.803
146.43,0.316,-0.790,2,7,0.083,12,0.236,1.803
146.56,0.316,-0.790,2,7,0.083,12,0.236,1.803
146.69,0.317,-0.790,2,7,0.083,12,0.053,1.803
146.82,0.316,-0.790,2,7,0.083,12,0.236,1.803
146.94,0.316,-0.790,2,7,0.083,12,0.236,1.803
147.07,0.317,-0.790,2,7,0.083,12,0.053,1.803
147.20,0.316,-0.790,2,7,0.083,12,0.236,1.803
147.33,0.316,-0.790,2,7,0.083,12,0.236,1.803
147.46,0.317,-0.790,2,7,0.083,12,0.053,1.803
147.58,0.316,-0.790,2,7,0.083,12,0.236,1.803
147.71,0.316,-0.790,2,7,0.083,12,0.236,1.803
147.84,0.317,-0.790,2,7,0.083,12,0.053,1.803
147.97,0.316,-0.790,2,7,0.083,13,0.236,1.803
148.10,0.316,-0.790,2,7,0.083,13,0.236,1.803
148.22,0.317,-0.790,2,7,0.083,13,0.053,1.803
148.35,0.316,-0.790,2,7,0.083,13,0.236,1.803
148.48,0.316,-0.790,2,7,0.083,13,0.236,1.803
148.61,0.317,-0.790,2,7,0.083,13,0.053,1.803
148.74,0.316,-0.790,2,7,0.083,13,0.236,1.803
148.86,0.316,-0.791,2,7,0.083,13,0.236,1.803
148.99,0.317,-0.790,2,7,0.083,13,0.053,1.803
149.12,0.316,-0.790,2,7,0.083,13,0.236,1.803
149.25,0.316,-0.791,2,7,0.083,13,0.236,1.803
149.38,0.317,-0.790,2,7,0.083,13,0.053,1.803
149.50,0.316,-0.790,2,7,0.083,13,0.236,1.803
149.63,0.316,-0.791,2,7,0.083,13,0.236,1.803
149.76,0.317,-0.790,2,7,0.083,13,0.053,1.803
149.89,0.316,-0.790,2,7,0.083,13,0.236,1.803
150.02,0.316,-0.791,2,7,0.083,13,0.236,1.803
150.14,0.317,-0.790,2,7,0.083,13,0.053,1.803
150.27,0.316,-0.790,2,7,0.083,13,0.236,1.803
150.40,0.316,-0.791,2,7,0.083,13,0.236,1.803
150.53,0.317,-0.790,2,7,0.083,13,0.053,1.803
150.66,0.316,-0.791,2,7,0.083,13,0.236,1.803
150.78,0.316,-0.791,2,7,0.083,13,0.236,1.803
150.91,0.317,-0.790,2,7,0.083,13,0.053,1.803
151.04,0.316,-0.791,2,7,0.083,13,0.236,1.803
151.17,0.316,-0.791,2,7,0.083,13,0.236,1.803
151.30,0.317,-0.790,2,7,0.083,13,0.053,1.803
151.42,0.316,-0.791,2,7,0.083,13,0.236,1.803
151.55,0.316,-0.791,2,7,0.083,13,0.236,1.803
151.68,0.317,-0.790,2,7,0.083,13,0.053,1.803
151.81,0.316,-0.791,2,7,0.083,13,0.236,1.803
151.94,0.316,-0.791,2,7,0.083,13,0.236,1.803
152.06,0.317,-0.790,2,7,0.083,13,0.053,1.803
152.19,0.316,-0.791,2,7,0.083,13,0.236,1.803
152.32,0.316,-0.791,2,7,0.083,13,0.236,1.803
152.45,0.317,-0.790,2,7,0.083,13,0.053,1.803
152.58,0.316,-0.791,2,7,0.083,13,0.236,1.803
152.70,0.316,-0.791,2,7,0.083,13,0.236,1.803
152.83,0.317,-0.790,2,7,0.083,13,0.053,1.803
152.96,0.316,-0.791,2,7,0.083,13,0.236,1.803
153.09,0.316,-0.791,2,7,0.083,13,0.236,1.803
153.22,0.317,-0.790,2,7,0.083,13,0.053,1.803
153.34,0.316,-0.791,2,7,0.083,13,0.236,1.803
153.47,0.316,-0.791,2,7,0.083,13,0.236,1.803
153.60,0.317,-0.790,2,7,0.083,13,0.053,1.803
153.73,0.316,-0.791,2,7,0.083,13,0.236,1.803
153.86,0.316,-0.791,2,7,0.083,13,0.236,1.803
153.98,0.317,-0.790,2,7,0.083,13,0.053,1.803
154.11,0.316,-0.791,2,7,0.083,13,0.236,1.803
154.24,0.316,-0.791,2,7,0.083,13,0.236,1.803
154.37,0.317,-0.790,2,7,0.083,13,0.053,1.803
154.50,0.316,-0.791,2,7,0.083,13,0.236,1.803
154.62,0.316,-0.791,2,7,0.083,13,0.236,1.803
154.75,0.317,-0.790,2,7,0.083,13,0.053,1.803
154.88,0.316,-0.791,2,7,0.083,13,0.236,1.803
155.01,0.316,-0.791,2,7,0.083,13,0.236,1.803
155.14,0.317,-0.790,2,7,0.083,13,0.053,1.803
155.26,0.316,-0.791,2,7,0.083,13,0.236,1.803
155.39,0.316,-0.791,2,7,0.083,13,0.236,1.803
155.52,0.317,-0.790,2,7,0.083,13,0.053,1.803
155.65,0.316,-0.791,2,7,0.083,13,0.236,1.803
155.78,0.316,-0.791,2,7,0.083,13,0.236,1.803
155.90,0.317,-0.790,2,7,0.083,13,0.053,1.803
156.03,0.316,-0.791,2,7,0.083,13,0.236,1.803
156.16,0.316,-0.791,2,7,0.083,13,0.236,1.803
156.29,0.317,-0.790,2,7,0.083,13,0.053,1.803
156.42,0.316,-0.791,2,7,0.083,13,0.236,1.803
156.54,0.316,-0.791,2,7,0.083,13,0.236,1.803
156.67,0.317,-0.790,2,7,0.083,13,0.053,1.803
156.80,0.316,-0.791,2,7,0.083,13,0.236,1.803
156.93,0.316,-0.791,2,7,0.083,13,0.236,1.803
157.06,0.317,-0.790,2,7,0.083,13,0.053,1.803
157.18,0.316,-0.791,2,7,0.083,13,0.236,1.803
157.31,0.316,-0.791,2,7,0.083,13,0.236,1.803
157.44,0.317,-0.790,2,7,0.083,13,0.053,1.803
157.57,0.316,-0.791,2,7,0.083,13,0.236,1.803
157.70,0.316,-0.791,2,7,0.083,13,0.236,1.803
157.82,0.317,-0.790,2,7,0.083,13,0.053,1.803
157.95,0.316,-0.791,2,7,0.083,13,0.236,1.803
158.08,0.316,-0.791,2,7,0.083,13,0.236,1.803
158.21,0.317,-0.790,2,7,0.083,13,0.053,1.803
158.34,0.316,-0.791,2,7,0.083,13,0.236,1.803
158.46,0.316,-0.791,2,7,0.083,13,0.236,1.803
158.59,0.317,-0.790,2,7,0.083,13,0.053,1.803
158.72,0.316,-0.791,2,7,0.083,13,0.236,1.803
158.85,0.316,-0.791,2,7,0.083,13,0.236,1.803
158.98,0.317,-0.790,2,7,0.083,13,0.053,1.803
159.10,0.316,-0.791,2,7,0.083,13,0.236,1.803
159.23,0.316,-0.791,2,7,0.083,13,0.236,1.803
159.36,0.317,-0.790,2,7,0.083,13,0.053,1.803
159.49,0.316,-0.791,2,7,0.083,14,0.236,1.803
159.62,0.316,-0.791,2,7,0.083,14,0.236,1.803
159.74,0.317,-0.790,2,7,0.083,14,0.053,1.803
159.87,0.316,-0.791,2,7,0.083,14,0.236,1.803
160.00,0.316,-0.791,2,7,0.083,14,0.236,1.803
160.13,0.317,-0.790,2,7,0.083,14,0.053,1.803
160.26,0.316,-0.791,2,7,0.083,14,0.236,1.803
160.38,0.316,-0.791,2,7,0.083,14,0.236,1.803
160.51,0.317,-0.790,2,7,0.083,14,0.053,1.803
160.64,0.316,-0.791,2,7,0.083,14,0.236,1.803
160.77,0.316,-0.791,2,7,0.083,14,0.236,1.803
160.90,0.317,-0.790,2,7,0.083,14,0.053,1.803
161.02,0.316,-0.791,2,7,0.083,14,0.236,1.803
161.15,0.316,-0.791,2,7,0.083,14,0.236,1.803
161.28,0.317,-0.790,2,7,0.083,14,0.053,1.803
161.41,0.316,-0.791,2,7,0.083,14,0.236,1.803
161.54,0.316,-0.791,2,7,0.083,14,0.236,1.803
161.66,0.317,-0.790,2,7,0.083,14,0.053,1.803
161.79,0.316,-0.791,2,7,0.083,14,0.236,1.803
161.92,0.316,-0.791,2,7,0.083,14,0.236,1.803
162.05,0.317,-0.790,2,7,0.083,14,0.053,1.803
162.18,0.316,-0.791,2,7,0.083,14,0.236,1.803
162.30,0.316,-0.791,2,7,0.083,14,0.236,1.803
162.43,0.318,-0.790,2,7,0.083,14,0.053,1.803
162.56,0.316,-0.791,2,7,0.083,14,0.236,1.803
162.69,0.316,-0.791,2,7,0.083,14,0.236,1.803
162.82,0.318,-0.790,2,7,0.083,14,0.053,1.803
162.94,0.316,-0.791,2,7,0.083,14,0.236,1.803
163.07,0.316,-0.791,2,7,0.083,14,0.236,1.803
163.20,0.318,-0.790,2,7,0.083,14,0.053,1.803
163.33,0.316,-0.791,2,7,0.083,14,0.236,1.803
163.46,0.316,-0.791,2,7,0.083,14,0.236,1.803
163.58,0.318,-0.790,2,7,0.083,14,0.053,1.803
163.71,0.316,-0.791,2,7,0.083,14,0.236,1.803
163.84,0.316,-0.791,2,7,0.083,14,0.236,1.803
163.97,0.318,-0.790,2,7,0.083,14,0.053,1.803
164.10,0.316,-0.791,2,7,0.083,14,0.236,1.803
164.22,0.316,-0.791,2,7,0.083,14,0.236,1.803
164.35,0.318,-0.790,2,7,0.083,14,0.053,1.803
164.48,0.316,-0.791,2,7,0.083,14,0.236,1.803
164.61,0.316,-0.791,2,7,0.083,14,0.236,1.803
164.74,0.318,-0.790,2,7,0.083,14,0.053,1.803
164.86,0.316,-0.791,2,7,0.083,14,0.236,1.803
164.99,0.316,-0.791,2,7,0.083,14,0.236,1.803
165.12,0.318,-0.790,2,7,0.083,14,0.053,1.803
165.25,0.316,-0.791,2,7,0.083,14,0.236,1.803
165.38,0.316,-0.791,2,7,0.083,14,0.236,1.803
165.50,0.318,-0.790,2,7,0.083,14,0.053,1.803
165.63,0.316,-0.791,2,7,0.083,14,0.236,1.803
165.76,0.316,-0.791,2,7,0.083,14,0.236,1.803
165.89,0.318,-0.790,2,7,0.083,14,0.053,1.803
166.02,0.316,-0.791,2,7,0.083,15,0.236,1.803
166.14,0.316,-0.791,2,7,0.083,15,0.236,1.803
166.27,0.318,-0.790,2,7,0.083,15,0.053,1.803
166.40,0.316,-0.791,2,7,0.083,15,0.236,1.803
166.53,0.316,-0.791,2,7,0.083,15,0.236,1.803
166.66,0.318,-0.790,2,7,0.083,15,0.053,1.803
166.78,0.316,-0.791,2,7,0.083,15,0.236,1.803
166.91,0.316,-0.791,2,7,0.083,15,0.236,1.803
167.04,0.318,-0.790,2,7,0.083,15,0.053,1.803
167.17,0.317,-0.791,2,7,0.083,15,0.236,1.803
167.30,0.316,-0.791,2,7,0.083,15,0.236,1.803
167.42,0.318,-0.790,2,7,0.083,15,0.053,1.803
167.55,0.317,-0.791,2,7,0.083,15,0.236,1.803
167.68,0.316,-0.791,2,7,0.083,15,0.236,1.803
167.81,0.318,-0.790,2,7,0.083,15,0.053,1.803
167.94,0.317,-0.791,2,7,0.083,15,0.236,1.803
168.06,0.316,-0.791,2,7,0.083,15,0.236,1.803
168.19,0.318,-0.790,2,7,0.083,15,0.053,1.803
168.32,0.317,-0.791,2,7,0.083,16,0.236,1.803
168.45,0.316,-0.791,2,7,0.083,16,0.236,1.803
168.58,0.317,-0.791,2,7,0.083,16,0.236,1.803
168.70,0.317,-0.791,2,7,0.083,16,0.236,1.803
168.83,0.316,-0.791,2,7,0.083,16,0.236,1.803
168.96,0.317,-0.791,2,7,0.083,16,0.236,1.803
169.09,0.317,-0.791,2,7,0.083,17,0.236,1.803
169.22,0.316,-0.791,2,7,0.083,17,0.236,1.803
169.34,0.317,-0.791,2,7,0.083,17,0.236,1.803
169.47,0.317,-0.791,2,7,0.083,17,0.236,1.803
169.60,0.316,-0.791,2,7,0.083,17,0.236,1.803
169.73,0.317,-0.791,2,7,0.083,17,0.236,1.803
169.86,0.317,-0.791,2,7,0.083,17,0.236,1.803
169.98,0.317,-0.791,2,7,0.083,17,0.236,1.803
170.11,0.317,-0.791,2,7,0.083,17,0.236,1.803
170.24,0.317,-0.791,2,7,0.083,17,0.236,1.803
170.37,0.317,-0.791,2,7,0.083,17,0.236,1.803
170.50,0.317,-0.791,2,7,0.083,17,0.236,1.803
170.62,0.317,-0.791,2,7,0.083,17,0.236,1.803
170.75,0.317,-0.791,2,7,0.083,17,0.236,1.803
170.88,0.317,-0.791,2,7,0.083,17,0.236,1.803
171.01,0.317,-0.791,2,7,0.083,17,0.236,1.803
171.14,0.317,-0.791,2,7,0.083,17,0.236,1.803
171.26,0.317,-0.791,2,7,0.083,17,0.236,1.803
171.39,0.317,-0.791,2,7,0.083,17,0.236,1.803
171.52,0.317,-0.791,2,7,0.083,17,0.236,1.803
171.65,0.317,-0.791,2,7,0.083,17,0.236,1.803
171.78,0.317,-0.791,2,7,0.083,17,0.236,1.803
171.90,0.317,-0.791,2,7,0.083,17,0.236,1.803
172.03,0.317,-0.791,2,7,0.083,17,0.236,1.803
172.16,0.317,-0.791,2,7,0.083,17,0.236,1.803
172.29,0.317,-0.791,2,7,0.083,17,0.236,1.803
172.42,0.317,-0.791,2,7,0.083,17,0.236,1.803
172.54,0.317,-0.791,2,7,0.083,17,0.236,1.803
172.67,0.317,-0.791,2,7,0.083,17,0.236,1.803
172.80,0.317,-0.791,2,7,0.083,17,0.236,1.803
172.93,0.317,-0.791,2,7,0.083,17,0.236,1.803
173.06,0.317,-0.791,2,7,0.083,17,0.236,1.803
173.18,0.317,-0.791,2,7,0.083,17,0.236,1.803
173.31,0.317,-0.791,2,7,0.083,17,0.236,1.803
173.44,0.317,-0.791,2,7,0.083,17,0.236,1.803
173.57,0.317,-0.791,2,7,0.083,17,0.236,1.803
173.70,0.317,-0.791,2,7,0.083,17,0.236,1.803
173.82,0.317,-0.791,2,7,0.083,17,0.236,1.803
173.95,0.317,-0.791,2,7,0.083,17,0.236,1.803
174.08,0.317,-0.791,2,7,0.083,17,0.236,1.803
174.21,0.317,-0.791,2,7,0.083,17,0.236,1.803
174.34,0.317,-0.791,2,7,0.083,17,0.236,1.803
174.46,0.317,-0.791,2,7,0.083,17,0.236,1.803
174.59,0.317,-0.791,2,7,0.083,17,0.236,1.803
174.72,0.317,-0.791,2,7,0.083,17,0.236,1.803
174.85,0.317,-0.791,2,7,0.083,17,0.236,1.803
174.98,0.317,-0.791,2,7,0.083,17,0.236,1.803
175.10,0.317,-0.791,2,7,0.083,17,0.236,1.803
175.23,0.317,-0.791,2,7,0.083,17,0.236,1.803
175.36,0.317,-0.791,2,7,0.083,17,0.236,1.803
175.49,0.317,-0.791,2,7,0.083,17,0.236,1.803
175.62,0.317,-0.791,2,7,0.083,17,0.236,1.803
175.74,0.317,-0.791,2,7,0.083,17,0.236,1.803
175.87,0.317,-0.791,2,7,0.083,17,0.236,1.803
176.00,0.317,-0.791,2,7,0.083,17,0.236,1.803
176.13,0.317,-0.791,2,7,0.083,17,0.236,1.803
176.26,0.317,-0.791,2,7,0.083,17,0.236,1.803
176.38,0.317,-0.791,2,7,0.083,17,0.236,1.803
176.51,0.317,-0.791,2,7,0.083,17,0.236,1.803
176.64,0.317,-0.791,2,7,0.083,17,0.236,1.803
176.77,0.317,-0.791,2,7,0.083,17,0.236,1.803
176.90,0.317,-0.791,2,7,0.083,17,0.236,1.803
177.02,0.317,-0.791,2,7,0.083,17,0.236,1.803
177.15,0.317,-0.791,2,7,0.083,17,0.236,1.803
177.28,0.317,-0.791,2,7,0.083,17,0.236,1.803
177.41,0.317,-0.791,2,7,0.083,17,0.236,1.803
177.54,0.317,-0.791,2,7,0.083,17,0.236,1.803
177.66,0.317,-0.791,2,7,0.083,17,0.236,1.803
177.79,0.317,-0.791,2,7,0.083,17,0.236,1.803
177.92,0.317,-0.791,2,7,0.083,17,0.236,1.803
178.05,0.317,-0.791,2,7,0.083,17,0.236,1.803
178.18,0.317,-0.791,2,7,0.083,17,0.236,1.803
178.30,0.317,-0.791,2,7,0.083,17,0.236,1.803
178.43,0.317,-0.791,2,7,0.083,17,0.236,1.803
178.56,0.317,-0.791,2,7,0.083,17,0.236,1.803
178.69,0.317,-0.791,2,7,0.083,17,0.236,1.803
178.82,0.317,-0.791,2,7,0.083,17,0.236,1.803
178.94,0.317,-0.791,2,7,0.083,17,0.236,1.803
179.07,0.317,-0.791,2,7,0.083,17,0.236,1.803
179.20,0.318,-0.790,2,7,0.083,17,0.053,1.803
179.33,0.317,-0.791,2,7,0.083,17,0.236,1.803
179.46,0.317,-0.791,2,7,0.083,17,0.236,1.803
179.58,0.318,-0.790,2,7,0.083,17,0.053,1.803
179.71,0.317,-0.791,2,7,0.083,17,0.236,1.803
179.84,0.317,-0.791,2,7,0.083,17,0.236,1.803
179.97,0.318,-0.790,2,7,0.083,17,0.053,1.803
180.10,0.317,-0.791,2,7,0.083,17,0.236,1.803
180.22,0.317,-0.791,2,7,0.083,17,0.236,1.803
180.35,0.318,-0.790,2,7,0.083,17,0.053,1.803
180.48,0.317,-0.791,2,7,0.083,17,0.236,1.803
180.61,0.317,-0.791,2,7,0.083,17,0.236,1.803
180.74,0.318,-0.790,2,7,0.083,17,0.053,1.803
180.86,0.317,-0.791,2,7,0.083,17,0.236,1.803
180.99,0.317,-0.791,2,7,0.083,17,0.236,1.803
181.12,0.318,-0.790,2,7,0.083,17,0.053,1.803
181.25,0.317,-0.791,2,7,0.083,17,0.236,1.803
181.38,0.317,-0.791,2,7,0.083,17,0.236,1.803
181.50,0.318,-0.790,2,7,0.083,17,0.053,1.803
181.63,0.317,-0.791,2,7,0.083,17,0.236,1.803
181.76,0.317,-0.791,2,7,0.083,17,0.236,1.803
181.89,0.318,-0.790,2,7,0.083,17,0.053,1.803
182.02,0.317,-0.791,2,7,0.083,17,0.236,1.803
182.14,0.317,-0.791,2,7,0.083,17,0.236,1.803
182.27,0.318,-0.791,2,7,0.083,17,0.053,1.803
182.40,0.317,-0.791,2,7,0.083,17,0.236,1.803
182.53,0.317,-0.791,2,7,0.083,17,0.236,1.803
182.66,0.318,-0.791,2,7,0.083,17,0.053,1.803
182.78,0.317,-0.791,2,7,0.083,17,0.236,1.803
182.91,0.317,-0.791,2,7,0.083,17,0.236,1.803
183.04,0.318,-0.791,2,7,0.083,17,0.053,1.803
183.17,0.317,-0.791,2,7,0.083,17,0.236,1.803
183.30,0.317,-0.791,2,7,0.083,17,0.236,1.803
183.42,0.318,-0.791,2,7,0.083,17,0.053,1.803
183.55,0.317,-0.791,2,7,0.083,17,0.236,1.803
183.68,0.317,-0.791,2,7,0.083,17,0.236,1.803
183.81,0.318,-0.791,2,7,0.083,17,0.053,1.803
183.94,0.317,-0.791,2,7,0.083,17,0.236,1.803
184.06,0.317,-0.791,2,7,0.083,17,0.236,1.803
184.19,0.317,-0.791,2,7,0.083,17,0.236,1.803
184.32,0.317,-0.791,2,7,0.083,17,0.236,1.803
184.45,0.317,-0.791,2,7,0.083,17,0.236,1.803
184.58,0.317,-0.791,2,7,0.083,17,0.236,1.803
184.70,0.317,-0.791,2,7,0.083,17,0.236,1.803
184.83,0.317,-0.791,2,7,0.083,17,0.236,1.803
184.96,0.317,-0.791,2,7,0.083,17,0.236,1.803
185.09,0.317,-0.791,2,7,0.083,17,0.236,1.803
185.22,0.317,-0.791,2,7,0.083,17,0.236,1.803
185.34,0.317,-0.791,2,7,0.083,17,0.236,1.803
185.47,0.317,-0.791,2,7,0.083,17,0.236,1.803
185.60,0.317,-0.791,2,7,0.083,17,0.236,1.803
185.73,0.317,-0.791,2,7,0.083,17,0.236,1.803
185.86,0.317,-0.791,2,7,0.083,17,0.236,1.803
185.98,0.317,-0.791,2,7,0.083,17,0.236,1.803
186.11,0.317,-0.791,2,7,0.083,17,0.236,1.803
186.24,0.317,-0.791,2,7,0.083,17,0.236,1.803
186.37,0.317,-0.791,2,7,0.083,17,0.236,1.803
186.50,0.317,-0.791,2,7,0.083,17,0.236,1.803
186.62,0.317,-0.791,2,7,0.083,17,0.236,1.803
186.75,0.317,-0.791,2,7,0.083,17,0.236,1.803
186.88,0.317,-0.791,2,7,0.083,17,0.236,1.803
187.01,0.317,-0.791,2,7,0.083,17,0.236,1.803
187.14,0.317,-0.791,2,7,0.083,17,0.236,1.803
187.26,0.317,-0.791,2,7,0.083,17,0.236,1.803
187.39,0.317,-0.791,2,7,0.083,17,0.236,1.803
187.52,0.317,-0.791,2,7,0.083,17,0.236,1.803
187.65,0.317,-0.791,2,7,0.083,17,0.236,1.803
187.78,0.317,-0.791,2,7,0.083,17,0.236,1.803
187.90,0.317,-0.791,2,7,0.083,17,0.236,1.803
188.03,0.317,-0.791,2,7,0.083,17,0.236,1.803
188.16,0.317,-0.791,2,7,0.083,17,0.236,1.803
188.29,0.317,-0.791,2,7,0.083,17,0.236,1.803
188.42,0.317,-0.791,2,7,0.083,17,0.236,1.803
188.54,0.317,-0.791,2,7,0.083,17,0.236,1.803
188.67,0.317,-0.791,2,7,0.083,17,0.236,1.803
188.80,0.317,-0.791,2,7,0.083,17,0.236,1.803
188.93,0.317,-0.791,2,7,0.083,17,0.236,1.803
189.06,0.317,-0.791,2,7,0.083,17,0.236,1.803
189.18,0.317,-0.791,2,7,0.083,17,0.236,1.803
189.31,0.317,-0.791,2,7,0.083,17,0.236,1.803
189.44,0.318,-0.791,2,7,0.083,17,0.053,1.803
189.57,0.317,-0.791,2,7,0.083,17,0.236,1.803
189.70,0.317,-0.791,2,7,0.083,17,0.236,1.803
189.82,0.318,-0.791,2,7,0.083,17,0.053,1.803
189.95,0.317,-0.791,2,7,0.083,17,0.236,1.803
190.08,0.317,-0.791,2,7,0.083,17,0.236,1.803
190.21,0.318,-0.791,2,7,0.083,17,0.053,1.803
190.34,0.317,-0.791,2,7,0.083,17,0.236,1.803
190.46,0.317,-0.791,2,7,0.083,17,0.236,1.803
190.59,0.318,-0.791,2,7,0.083,17,0.053,1.803
190.72,0.317,-0.791,2,7,0.083,17,0.236,1.803
190.85,0.317,-0.791,2,7,0.083,17,0.236,1.803
190.98,0.318,-0.791,2,7,0.083,17,0.053,1.803
191.10,0.317,-0.791,2,7,0.083,17,0.236,1.803
191.23,0.317,-0.791,2,7,0.083,17,0.236,1.803
191.36,0.318,-0.791,2,7,0.083,17,0.053,1.803
191.49,0.317,-0.791,2,7,0.083,17,0.236,1.803
191.62,0.317,-0.791,2,7,0.083,17,0.236,1.803
191.74,0.318,-0.791,2,7,0.083,17,0.053,1.803
191.87,0.317,-0.791,2,7,0.083,17,0.236,1.803
192.00,0.317,-0.792,2,7,0.083,17,0.236,1.803
192.13,0.318,-0.791,2,7,0.083,17,0.053,1.803
192.26,0.317,-0.791,2,7,0.083,17,0.236,1.803
192.38,0.317,-0.792,2,7,0.083,17,0.236,1.803
192.51,0.318,-0.791,2,7,0.083,17,0.053,1.803
192.64,0.317,-0.791,2,7,0.083,17,0.236,1.803
192.77,0.317,-0.792,2,7,0.083,17,0.236,1.803
192.90,0.318,-0.791,2,7,0.083,17,0.053,1.803
193.02,0.317,-0.791,2,7,0.083,17,0.236,1.803
193.15,0.317,-0.792,2,7,0.083,17,0.236,1.803
193.28,0.318,-0.791,2,7,0.083,17,0.053,1.803
193.41,0.317,-0.792,2,7,0.083,18,0.236,1.803
193.54,0.317,-0.792,2,7,0.083,18,0.236,1.803
193.66,0.318,-0.791,2,7,0.083,18,0.053,1.803
193.79,0.317,-0.792,2,7,0.083,18,0.236,1.803
193.92,0.317,-0.792,2,7,0.083,18,0.236,1.803
194.05,0.318,-0.791,2,7,0.083,18,0.053,1.803
194.18,0.317,-0.792,2,7,0.083,18,0.236,1.803
194.30,0.317,-0.792,2,7,0.083,18,0.236,1.803
194.43,0.318,-0.791,2,7,0.083,18,0.053,1.803
194.56,0.317,-0.792,2,7,0.083,18,0.236,1.803
194.69,0.317,-0.792,2,7,0.083,18,0.236,1.803
194.82,0.317,-0.792,2,7,0.083,18,0.236,1.803
194.94,0.317,-0.792,2,7,0.083,18,0.236,1.803
195.07,0.317,-0.792,2,7,0.083,18,0.236,1.803
195.20,0.317,-0.792,2,7,0.083,18,0.236,1.803
195.33,0.317,-0.792,2,7,0.083,18,0.236,1.803
195.46,0.317,-0.792,2,7,0.083,18,0.236,1.803
195.58,0.317,-0.792,2,7,0.083,18,0.236,1.803
195.71,0.317,-0.792,2,7,0.083,18,0.236,1.803
195.84,0.317,-0.792,2,7,0.083,18,0.236,1.803
195.97,0.317,-0.792,2,7,0.083,18,0.236,1.803
196.10,0.317,-0.792,2,7,0.083,18,0.236,1.803
196.22,0.317,-0.792,2,7,0.083,18,0.236,1.803
196.35,0.317,-0.792,2,7,0.083,18,0.236,1.803
196.48,0.317,-0.792,2,7,0.083,18,0.236,1.803
196.61,0.317,-0.792,2,7,0.083,18,0.236,1.803
196.74,0.317,-0.792,2,7,0.083,18,0.236,1.803
196.86,0.317,-0.792,2,7,0.083,18,0.236,1.803
196.99,0.317,-0.792,2,7,0.083,18,0.236,1.803
197.12,0.317,-0.792,2,7,0.083,18,0.236,1.803
197.25,0.317,-0.792,2,7,0.083,18,0.236,1.803
197.38,0.317,-0.792,2,7,0.083,18,0.236,1.803
197.50,0.317,-0.792,2,7,0.083,18,0.236,1.803
197.63,0.317,-0.792,2,7,0.083,18,0.236,1.803
197.76,0.317,-0.792,2,7,0.083,18,0.236,1.803
197.89,0.317,-0.792,2,7,0.083,18,0.236,1.803
198.02,0.317,-0.792,2,7,0.083,18,0.236,1.803
198.14,0.317,-0.792,2,7,0.083,18,0.236,1.803
198.27,0.317,-0.792,2,7,0.083,18,0.236,1.803
198.40,0.317,-0.792,2,7,0.083,18,0.236,1.803
198.53,0.317,-0.792,2,7,0.083,18,0.236,1.803
198.66,0.317,-0.792,2,7,0.083,18,0.236,1.803
198.78,0.317,-0.792,2,7,0.083,18,0.236,1.803
198.91,0.317,-0.792,2,7,0.083,18,0.236,1.803
199.04,0.317,-0.792,2,7,0.083,18,0.236,1.803
199.17,0.317,-0.792,2,7,0.083,18,0.236,1.803
199.30,0.319,-0.791,2,7,0.083,18,0.053,1.803
199.42,0.317,-0.792,2,7,0.083,18,0.236,1.803
199.55,0.317,-0.792,2,7,0.083,18,0.236,1.803
199.68,0.319,-0.791,2,7,0.083,18,0.053,1.803
199.81,0.317,-0.792,2,7,0.083,18,0.236,1.803
199.94,0.317,-0.792,2,7,0.083,18,0.236,1.803
200.06,0.319,-0.791,2,7,0.083,18,0.053,1.803
200.19,0.317,-0.792,2,7,0.083,18,0.236,1.803
200.32,0.317,-0.792,2,7,0.083,18,0.236,1.803
200.45,0.319,-0.791,2,7,0.083,18,0.053,1.803
200.58,0.317,-0.792,2,7,0.083,18,0.236,1.803
200.70,0.317,-0.792,2,7,0.083,18,0.236,1.803
200.83,0.319,-0.791,2,7,0.083,18,0.053,1.803
200.96,0.318,-0.792,2,7,0.083,18,0.236,1.803
201.09,0.317,-0.792,2,7,0.083,18,0.236,1.803
201.22,0.319,-0.791,2,7,0.083,18,0.053,1.803
201.34,0.318,-0.792,2,7,0.083,18,0.236,1.803
201.47,0.317,-0.792,2,7,0.083,18,0.236,1.803
201.60,0.319,-0.791,2,7,0.083,18,0.053,1.803
201.73,0.318,-0.792,2,7,0.083,18,0.236,1.803
201.86,0.317,-0.792,2,7,0.083,18,0.236,1.803
201.98,0.319,-0.791,2,7,0.083,18,0.053,1.803
202.11,0.318,-0.792,2,7,0.083,18,0.236,1.803
202.24,0.317,-0.792,2,7,0.083,18,0.236,1.803
202.37,0.319,-0.791,2,7,0.083,18,0.053,1.803
202.50,0.318,-0.792,2,7,0.083,18,0.236,1.803
202.62,0.317,-0.792,2,7,0.083,18,0.236,1.803
202.75,0.319,-0.791,2,7,0.083,18,0.053,1.803
202.88,0.318,-0.792,2,7,0.083,18,0.236,1.803
203.01,0.317,-0.792,2,7,0.083,18,0.236,1.803
203.14,0.318,-0.792,2,7,0.083,18,0.236,1.803
203.26,0.318,-0.792,2,7,0.083,18,0.236,1.803
203.39,0.317,-0.792,2,7,0.083,18,0.236,1.803
203.52,0.319,-0.791,2,7,0.083,18,0.053,1.803
203.65,0.318,-0.792,2,7,0.083,18,0.236,1.803
203.78,0.317,-0.792,2,7,0.083,18,0.236,1.803
203.90,0.318,-0.792,2,7,0.083,18,0.236,1.803
204.03,0.318,-0.792,2,7,0.083,18,0.236,1.803
204.16,0.317,-0.792,2,7,0.083,18,0.236,1.803
204.29,0.318,-0.792,2,7,0.083,18,0.236,1.803
204.42,0.318,-0.792,2,7,0.083,18,0.236,1.803
204.54,0.318,-0.792,2,7,0.083,18,0.236,1.803
204.67,0.318,-0.792,2,7,0.083,18,0.236,1.803
204.80,0.318,-0.792,2,7,0.083,18,0.236,1.803
204.93,0.318,-0.792,2,7,0.083,18,0.236,1.803
205.06,0.318,-0.792,2,7,0.083,18,0.236,1.803
205.18,0.318,-0.792,2,7,0.083,18,0.236,1.803
205.31,0.318,-0.792,2,7,0.083,19,0.236,1.803
205.44,0.318,-0.792,2,7,0.083,19,0.236,1.803
205.57,0.318,-0.792,2,7,0.083,19,0.236,1.803
205.70,0.318,-0.792,2,7,0.083,19,0.236,1.803
205.82,0.318,-0.792,2,7,0.083,19,0.236,1.803
205.95,0.318,-0.792,2,7,0.083,19,0.236,1.803
206.08,0.318,-0.792,2,7,0.083,19,0.236,1.803
206.21,0.318,-0.792,2,7,0.083,19,0.236,1.803
206.34,0.318,-0.792,2,7,0.083,19,0.236,1.803
206.46,0.318,-0.792,2,7,0.083,19,0.236,1.803
206.59,0.318,-0.792,2,7,0.083,19,0.236,1.803
206.72,0.318,-0.792,2,7,0.083,19,0.236,1.803
206.85,0.318,-0.792,2,7,0.083,19,0.236,1.803
206.98,0.318,-0.792,2,7,0.083,19,0.236,1.803
207.10,0.318,-0.792,2,7,0.083,19,0.236,1.803
207.23,0.318,-0.792,2,7,0.083,19,0.236,1.803
207.36,0.318,-0.792,2,7,0.083,19,0.236,1.803
207.49,0.318,-0.792,2,7,0.083,19,0.236,1.803
207.62,0.319,-0.791,2,7,0.083,19,0.053,1.803
207.74,0.318,-0.792,2,7,0.083,19,0.236,1.803
207.87,0.318,-0.792,2,7,0.083,19,0.236,1.803
208.00,0.319,-0.791,2,7,0.083,19,0.053,1.803
208.13,0.318,-0.792,2,7,0.083,19,0.236,1.803
208.26,0.318,-0.792,2,7,0.083,19,0.236,1.803
208.38,0.319,-0.791,2,7,0.083,19,0.053,1.803
208.51,0.318,-0.792,2,7,0.083,19,0.236,1.803
208.64,0.318,-0.792,2,7,0.083,19,0.236,1.803
208.77,0.319,-0.791,2,7,0.083,19,0.053,1.803
208.90,0.318,-0.792,2,7,0.083,19,0.236,1.803
209.02,0.318,-0.792,2,7,0.083,19,0.236,1.803
209.15,0.319,-0.791,2,7,0.083,19,0.053,1.803
209.28,0.318,-0.792,2,7,0.083,19,0.236,1.803
209.41,0.318,-0.792,2,7,0.083,19,0.236,1.803
209.54,0.319,-0.791,2,7,0.083,19,0.053,1.803
209.66,0.318,-0.792,2,7,0.083,19,0.236,1.803
209.79,0.318,-0.792,2,7,0.083,19,0.236,1.803
209.92,0.319,-0.791,2,7,0.083,19,0.053,1.803
210.05,0.318,-0.792,2,7,0.083,19,0.236,1.803
210.18,0.318,-0.792,2,7,0.083,19,0.236,1.803
210.30,0.319,-0.791,2,7,0.083,19,0.053,1.803
210.43,0.318,-0.792,2,7,0.083,19,0.236,1.803
210.56,0.318,-0.792,2,7,0.083,19,0.236,1.803
210.69,0.319,-0.791,2,7,0.083,19,0.053,1.803
210.82,0.318,-0.792,2,7,0.083,19,0.236,1.803
210.94,0.318,-0.792,2,7,0.083,19,0.236,1.803
211.07,0.318,-0.792,2,7,0.083,19,0.236,1.803
211.20,0.318,-0.792,2,7,0.083,19,0.236,1.803
211.33,0.318,-0.792,2,7,0.083,19,0.236,1.803
211.46,0.318,-0.792,2,7,0.083,19,0.236,1.803
211.58,0.318,-0.792,2,7,0.083,19,0.236,1.803
211.71,0.318,-0.792,2,7,0.083,19,0.236,1.803
211.84,0.318,-0.792,2,7,0.083,19,0.236,1.803
211.97,0.318,-0.792,2,7,0.083,19,0.236,1.803
212.10,0.318,-0.792,2,7,0.083,19,0.236,1.803
212.22,0.318,-0.792,2,7,0.083,19,0.236,1.803
212.35,0.318,-0.792,2,7,0.083,19,0.236,1.803
212.48,0.318,-0.792,2,7,0.083,19,0.236,1.803
212.61,0.318,-0.792,2,7,0.083,19,0.236,1.803
212.74,0.318,-0.792,2,7,0.083,19,0.236,1.803
212.86,0.318,-0.792,2,7,0.083,19,0.236,1.803
212.99,0.318,-0.792,2,7,0.083,19,0.236,1.803
213.12,0.318,-0.792,2,7,0.083,19,0.236,1.803
213.25,0.318,-0.792,2,7,0.083,19,0.236,1.803
213.38,0.318,-0.792,2,7,0.083,19,0.236,1.803
213.50,0.318,-0.792,2,7,0.083,19,0.236,1.803
213.63,0.318,-0.792,2,7,0.083,19,0.236,1.803
213.76,0.318,-0.792,2,7,0.083,19,0.236,1.803
213.89,0.318,-0.792,2,7,0.083,19,0.236,1.803
214.02,0.319,-0.791,2,7,0.083,19,0.053,1.803
214.14,0.318,-0.792,2,7,0.083,19,0.236,1.803
214.27,0.318,-0.792,2,7,0.083,19,0.236,1.803
214.40,0.319,-0.791,2,7,0.083,19,0.053,1.803
214.53,0.318,-0.792,2,7,0.083,19,0.236,1.803
214.66,0.318,-0.792,2,7,0.083,19,0.236,1.803
214.78,0.319,-0.791,2,7,0.083,19,0.053,1.803
214.91,0.318,-0.792,2,7,0.083,19,0.236,1.803
215.04,0.318,-0.792,2,7,0.083,19,0.236,1.803
215.17,0.319,-0.791,2,7,0.083,19,0.053,1.803
215.30,0.318,-0.792,2,7,0.083,19,0.236,1.803
215.42,0.318,-0.792,2,7,0.083,19,0.236,1.803
215.55,0.319,-0.791,2,7,0.083,19,0.053,1.803
215.68,0.318,-0.792,2,7,0.083,19,0.236,1.803
215.81,0.318,-0.792,2,7,0.083,19,0.236,1.803
215.94,0.319,-0.791,2,7,0.083,19,0.053,1.803
216.06,0.318,-0.792,2,7,0.083,19,0.236,1.803
216.19,0.318,-0.792,2,7,0.083,19,0.236,1.803
216.32,0.319,-0.791,2,7,0.083,19,0.053,1.803
216.45,0.318,-0.792,2,7,0.083,19,0.236,1.803
216.58,0.318,-0.792,2,7,0.083,19,0.236,1.803
216.70,0.319,-0.791,2,7,0.083,19,0.053,1.803
216.83,0.318,-0.792,2,7,0.083,19,0.236,1.803
216.96,0.318,-0.792,2,7,0.083,19,0.236,1.803
217.09,0.318,-0.792,2,7,0.083,19,0.236,1.803
217.22,0.318,-0.792,2,7,0.083,19,0.236,1.803
217.34,0.318,-0.792,2,7,0.083,20,0.236,1.803
217.47,0.318,-0.792,2,7,0.083,20,0.236,1.803
217.60,0.318,-0.792,2,7,0.083,20,0.236,1.803
217.73,0.318,-0.792,2,7,0.083,20,0.236,1.803
217.86,0.318,-0.792,2,7,0.083,20,0.236,1.803
217.98,0.318,-0.792,2,7,0.083,20,0.236,1.803
218.11,0.318,-0.792,2,7,0.083,20,0.236,1.803
218.24,0.318,-0.792,2,7,0.083,20,0.236,1.803
218.37,0.318,-0.792,2,7,0.083,20,0.236,1.803
218.50,0.318,-0.792,2,7,0.083,20,0.236,1.803
218.62,0.318,-0.792,2,7,0.083,20,0.236,1.803
218.75,0.318,-0.792,2,7,0.083,20,0.236,1.803
218.88,0.318,-0.792,2,7,0.083,20,0.236,1.803
219.01,0.318,-0.792,2,7,0.083,20,0.236,1.803
219.14,0.318,-0.792,2,7,0.083,20,0.236,1.803
219.26,0.318,-0.792,2,7,0.083,20,0.236,1.803
219.39,0.318,-0.792,2,7,0.083,20,0.236,1.803
219.52,0.318,-0.792,2,7,0.083,20,0.236,1.803
219.65,0.318,-0.792,2,7,0.083,20,0.236,1.803
219.78,0.318,-0.792,2,7,0.083,20,0.236,1.803
219.90,0.318,-0.792,2,7,0.083,20,0.236,1.803
220.03,0.319,-0.791,2,7,0.083,20,0.053,1.803
220.16,0.318,-0.792,2,7,0.083,20,0.236,1.803
220.29,0.318,-0.792,2,7,0.083,20,0.236,1.803
220.42,0.319,-0.791,2,7,0.083,20,0.053,1.803
220.54,0.318,-0.792,2,7,0.083,20,0.236,1.803
220.67,0.318,-0.792,2,7,0.083,20,0.236,1.803
220.80,0.319,-0.791,2,7,0.083,20,0.053,1.803
220.93,0.318,-0.792,2,7,0.083,20,0.236,1.803
221.06,0.318,-0.792,2,7,0.083,20,0.236,1.803
221.18,0.319,-0.791,2,7,0.083,20,0.053,1.803
221.31,0.318,-0.792,2,7,0.083,20,0.236,1.803
221.44,0.318,-0.792,2,7,0.083,20,0.236,1.803
221.57,0.319,-0.791,2,7,0.083,20,0.053,1.803
221.70,0.318,-0.792,2,7,0.083,20,0.236,1.803
221.82,0.318,-0.792,2,7,0.083,20,0.236,1.803
221.95,0.319,-0.791,2,7,0.083,20,0.053,1.803
222.08,0.318,-0.792,2,7,0.083,20,0.236,1.803
222.21,0.318,-0.792,2,7,0.083,20,0.236,1.803
222.34,0.319,-0.791,2,7,0.083,20,0.053,1.803
222.46,0.318,-0.792,2,7,0.083,20,0.236,1.803
222.59,0.318,-0.792,2,7,0.083,20,0.236,1.803
222.72,0.318,-0.792,2,7,0.083,20,0.236,1.803
222.85,0.318,-0.792,2,7,0.083,20,0.236,1.803
222.98,0.318,-0.792,2,7,0.083,20,0.236,1.803
223.10,0.318,-0.792,2,7,0.083,20,0.236,1.803
223.23,0.318,-0.792,2,7,0.083,20,0.236,1.803
223.36,0.318,-0.792,2,7,0.083,20,0.236,1.803
223.49,0.318,-0.792,2,7,0.083,20,0.236,1.803
223.62,0.318,-0.792,2,7,0.083,20,0.236,1.803
223.74,0.318,-0.792,2,7,0.083,20,0.236,1.803
223.87,0.318,-0.792,2,7,0.083,20,0.236,1.803
224.00,0.318,-0.792,2,7,0.083,20,0.236,1.803
224.13,0.318,-0.792,2,7,0.083,20,0.236,1.803
224.26,0.318,-0.792,2,7,0.083,20,0.236,1.803
224.38,0.318,-0.792,2,7,0.083,20,0.236,1.803
224.51,0.318,-0.792,2,7,0.083,20,0.236,1.803
224.64,0.318,-0.792,2,7,0.083,20,0.236,1.803
224.77,0.318,-0.792,2,7,0.083,20,0.236,1.803
224.90,0.318,-0.792,2,7,0.083,20,0.236,1.803
225.02,0.318,-0.792,2,7,0.083,20,0.236,1.803
225.15,0.318,-0.792,2,7,0.083,20,0.236,1.803
225.28,0.319,-0.791,2,7,0.083,20,0.053,1.803
225.41,0.318,-0.792,2,7,0.083,20,0.236,1.803
225.54,0.318,-0.792,2,7,0.083,20,0.236,1.803
225.66,0.319,-0.792,2,7,0.083,20,0.053,1.803
225.79,0.318,-0.792,2,7,0.083,20,0.236,1.803
225.92,0.318,-0.792,2,7,0.083,20,0.236,1.803
226.05,0.319,-0.792,2,7,0.083,20,0.053,1.803
226.18,0.318,-0.792,2,7,0.083,20,0.236,1.803
226.30,0.318,-0.792,2,7,0.083,20,0.236,1.803
226.43,0.319,-0.792,2,7,0.083,20,0.053,1.803
226.56,0.318,-0.792,2,7,0.083,20,0.236,1.803
226.69,0.318,-0.792,2,7,0.083,20,0.236,1.803
226.82,0.319,-0.792,2,7,0.083,20,0.053,1.803
226.94,0.318,-0.792,2,7,0.083,20,0.236,1.803
227.07,0.318,-0.792,2,7,0.083,20,0.236,1.803
227.20,0.319,-0.792,2,7,0.083,20,0.053,1.803
227.33,0.318,-0.792,2,7,0.083,20,0.236,1.803
227.46,0.318,-0.792,2,7,0.083,20,0.236,1.803
227.58,0.319,-0.792,2,7,0.083,20,0.053,1.803
227.71,0.318,-0.792,2,7,0.083,20,0.236,1.803
227.84,0.318,-0.792,2,7,0.083,20,0.236,1.803
227.97,0.318,-0.792,2,7,0.083,20,0.236,1.803
228.10,0.318,-0.792,2,7,0.083,20,0.236,1.803
228.22,0.318,-0.792,2,7,0.083,20,0.236,1.803
228.35,0.318,-0.792,2,7,0.083,20,0.236,1.803
228.48,0.318,-0.792,2,7,0.083,20,0.236,1.803
228.61,0.318,-0.792,2,7,0.083,20,0.236,1.803
228.74,0.318,-0.792,2,7,0.083,20,0.236,1.803
228.86,0.318,-0.792,2,7,0.083,20,0.236,1.803
228.99,0.318,-0.792,2,7,0.083,20,0.236,1.803
229.12,0.318,-0.792,2,7,0.083,20,0.236,1.803
229.25,0.318,-0.792,2,7,0.083,20,0.236,1.803
229.38,0.318,-0.792,2,7,0.083,20,0.236,1.803
229.50,0.318,-0.792,2,7,0.083,20,0.236,1.803
229.63,0.318,-0.792,2,7,0.083,20,0.236,1.803
229.76,0.318,-0.792,2,7,0.083,20,0.236,1.803
229.89,0.318,-0.792,2,7,0.083,20,0.236,1.803
230.02,0.318,-0.792,2,7,0.083,20,0.236,1.803
230.14,0.318,-0.792,2,7,0.083,20,0.236,1.803
230.27,0.318,-0.792,2,7,0.083,20,0.236,1.803
230.40,0.318,-0.792,2,7,0.083,20,0.236,1.803
230.53,0.319,-0.792,2,7,0.083,20,0.053,1.803
230.66,0.318,-0.792,2,7,0.083,20,0.236,1.803
230.78,0.318,-0.792,2,7,0.083,20,0.236,1.803
230.91,0.319,-0.792,2,7,0.083,20,0.053,1.803
231.04,0.318,-0.792,2,7,0.083,20,0.236,1.803
231.17,0.318,-0.792,2,7,0.083,20,0.236,1.803
231.30,0.319,-0.792,2,7,0.083,20,0.053,1.803
231.42,0.318,-0.792,2,7,0.083,20,0.236,1.803
231.55,0.318,-0.792,2,7,0.083,20,0.236,1.803
231.68,0.319,-0.792,2,7,0.083,20,0.053,1.803
231.81,0.318,-0.792,2,7,0.083,20,0.236,1.803
231.94,0.318,-0.792,2,7,0.083,20,0.236,1.803
232.06,0.319,-0.792,2,7,0.083,20,0.053,1.803
232.19,0.318,-0.792,2,7,0.083,20,0.236,1.803
232.32,0.318,-0.792,2,7,0.083,20,0.236,1.803
232.45,0.319,-0.792,2,7,0.083,20,0.053,1.803
232.58,0.318,-0.792,2,7,0.083,20,0.236,1.803
232.70,0.318,-0.792,2,7,0.083,20,0.236,1.803
232.83,0.318,-0.792,2,7,0.083,20,0.236,1.803
232.96,0.318,-0.792,2,7,0.083,20,0.236,1.803
233.09,0.318,-0.792,2,7,0.083,20,0.236,1.803
233.22,0.318,-0.792,2,7,0.083,20,0.236,1.803
233.34,0.318,-0.792,2,7,0.083,20,0.236,1.803
233.47,0.318,-0.792,2,7,0.083,20,0.236,1.803
233.60,0.318,-0.792,2,7,0.083,20,0.236,1.803
233.73,0.318,-0.792,2,7,0.083,20,0.236,1.803
233.86,0.318,-0.792,2,7,0.083,20,0.236,1.803
233.98,0.318,-0.792,2,7,0.083,20,0.236,1.803
234.11,0.318,-0.792,2,7,0.083,20,0.236,1.803
234.24,0.318,-0.792,2,7,0.083,20,0.236,1.803
234.37,0.318,-0.792,2,7,0.083,20,0.236,1.803
234.50,0.318,-0.792,2,7,0.083,20,0.236,1.803
234.62,0.318,-0.792,2,7,0.083,20,0.236,1.803
234.75,0.318,-0.792,2,7,0.083,20,0.236,1.803
234.88,0.318,-0.792,2,7,0.083,20,0.236,1.803
235.01,0.320,-0.792,2,7,0.083,20,0.053,1.803
235.14,0.318,-0.792,2,7,0.083,20,0.236,1.803
235.26,0.318,-0.792,2,7,0.083,20,0.236,1.803
235.39,0.320,-0.792,2,7,0.083,20,0.053,1.803
235.52,0.318,-0.792,2,7,0.083,20,0.236,1.803
235.65,0.318,-0.792,2,7,0.083,20,0.236,1.803
235.78,0.320,-0.792,2,7,0.083,20,0.053,1.803
235.90,0.318,-0.792,2,7,0.083,20,0.236,1.803
236.03,0.318,-0.792,2,7,0.083,20,0.236,1.803
236.16,0.320,-0.792,2,7,0.083,20,0.053,1.803
236.29,0.318,-0.792,2,7,0.083,20,0.236,1.803
236.42,0.318,-0.793,2,7,0.083,20,0.236,1.803
236.54,0.320,-0.792,2,7,0.083,20,0.053,1.803
236.67,0.318,-0.792,2,7,0.083,20,0.236,1.803
236.80,0.318,-0.793,2,7,0.083,20,0.236,1.803
236.93,0.320,-0.792,2,7,0.083,20,0.053,1.803
237.06,0.318,-0.792,2,7,0.083,20,0.236,1.803
237.18,0.318,-0.793,2,7,0.083,20,0.236,1.803
237.31,0.319,-0.792,2,7,0.083,20,0.236,1.803
237.44,0.318,-0.792,2,7,0.083,20,0.236,1.803
237.57,0.318,-0.793,2,7,0.083,20,0.236,1.803
237.70,0.319,-0.792,2,7,0.083,20,0.236,1.803
237.82,0.318,-0.793,2,7,0.083,20,0.236,1.803
237.95,0.318,-0.793,2,7,0.083,20,0.236,1.803
238.08,0.319,-0.792,2,7,0.083,20,0.236,1.803
238.21,0.318,-0.793,2,7,0.083,20,0.236,1.803
238.34,0.318,-0.793,2,7,0.083,20,0.236,1.803
238.46,0.319,-0.792,2,7,0.083,20,0.236,1.803
238.59,0.318,-0.793,2,7,0.083,20,0.236,1.803
238.72,0.318,-0.793,2,7,0.083,20,0.236,1.803
238.85,0.319,-0.793,2,7,0.083,20,0.236,1.803
238.98,0.318,-0.793,2,7,0.083,20,0.236,1.803
239.10,0.318,-0.793,2,7,0.083,20,0.236,1.803
239.23,0.319,-0.793,2,7,0.083,20,0.236,1.803
239.36,0.318,-0.793,2,7,0.083,20,0.236,1.803
239.49,0.320,-0.792,2,7,0.083,20,0.053,1.803
239.62,0.319,-0.793,2,7,0.083,20,0.236,1.803
239.74,0.318,-0.793,2,7,0.083,20,0.236,1.803
239.87,0.320,-0.792,2,7,0.083,20,0.053,1.803
240.00,0.319,-0.793,2,7,0.083,20,0.236,1.803
240.13,0.318,-0.793,2,7,0.083,20,0.236,1.803
240.26,0.320,-0.792,2,7,0.083,20,0.053,1.803
240.38,0.319,-0.793,2,7,0.083,20,0.236,1.803
240.51,0.319,-0.793,2,7,0.083,20,0.236,1.803
240.64,0.320,-0.792,2,7,0.083,20,0.053,1.803
240.77,0.319,-0.793,2,7,0.083,20,0.236,1.803
240.90,0.319,-0.793,2,7,0.083,20,0.236,1.803
241.02,0.319,-0.793,2,7,0.083,20,0.236,1.803
241.15,0.319,-0.793,2,7,0.083,20,0.236,1.803
241.28,0.319,-0.793,2,7,0.083,20,0.236,1.803
241.41,0.319,-0.793,2,7,0.083,20,0.236,1.803
241.54,0.319,-0.793,2,7,0.083,20,0.236,1.803
241.66,0.319,-0.793,2,7,0.083,20,0.236,1.803
241.79,0.319,-0.793,2,7,0.083,20,0.236,1.803
241.92,0.319,-0.793,2,7,0.083,20,0.236,1.803
242.05,0.319,-0.793,2,7,0.083,20,0.236,1.803
242.18,0.319,-0.793,2,7,0.083,20,0.236,1.803
242.30,0.319,-0.793,2,7,0.083,20,0.236,1.803
242.43,0.319,-0.793,2,7,0.083,20,0.236,1.803
242.56,0.319,-0.793,2,7,0.083,20,0.236,1.803
242.69,0.319,-0.793,2,7,0.083,20,0.236,1.803
242.82,0.320,-0.792,2,7,0.083,20,0.053,1.803
242.94,0.319,-0.793,2,7,0.083,20,0.236,1.803
243.07,0.319,-0.793,2,7,0.083,20,0.236,1.803
243.20,0.320,-0.792,2,7,0.083,20,0.053,1.803
243.33,0.319,-0.793,2,7,0.083,20,0.236,1.803
243.46,0.319,-0.793,2,7,0.083,20,0.236,1.803
243.58,0.320,-0.792,2,7,0.083,20,0.053,1.803
243.71,0.319,-0.793,2,7,0.083,20,0.236,1.803
243.84,0.319,-0.793,2,7,0.083,20,0.236,1.803
243.97,0.320,-0.792,2,7,0.083,20,0.053,1.803
244.10,0.319,-0.793,2,7,0.083,20,0.236,1.803
244.22,0.319,-0.793,2,7,0.083,20,0.236,1.803
244.35,0.320,-0.792,2,7,0.083,20,0.053,1.803
244.48,0.319,-0.793,2,7,0.083,20,0.236,1.803
244.61,0.319,-0.793,2,7,0.083,20,0.236,1.803
244.74,0.320,-0.792,2,7,0.083,21,0.053,1.803
244.86,0.319,-0.793,2,7,0.083,21,0.236,1.803
244.99,0.319,-0.793,2,7,0.083,21,0.236,1.803
245.12,0.319,-0.793,2,7,0.083,21,0.236,1.803
245.25,0.319,-0.793,2,7,0.083,21,0.236,1.803
245.38,0.319,-0.793,2,7,0.083,21,0.236,1.803
245.50,0.319,-0.793,2,7,0.083,21,0.236,1.803
245.63,0.319,-0.793,2,7,0.083,21,0.236,1.803
245.76,0.319,-0.793,2,7,0.083,21,0.236,1.803
245.89,0.319,-0.793,2,7,0.083,21,0.236,1.803
246.02,0.319,-0.793,2,7,0.083,21,0.236,1.803
246.14,0.319,-0.793,2,7,0.083,21,0.236,1.803
246.27,0.319,-0.793,2,7,0.083,21,0.236,1.803
246.40,0.319,-0.793,2,7,0.083,21,0.236,1.803
246.53,0.319,-0.793,2,7,0.083,21,0.236,1.803
246.66,0.319,-0.793,2,7,0.083,21,0.236,1.803
246.78,0.319,-0.793,2,7,0.083,21,0.236,1.803
246.91,0.320,-0.792,2,7,0.083,21,0.053,1.803
247.04,0.319,-0.793,2,7,0.083,21,0.236,1.803
247.17,0.319,-0.793,2,7,0.083,21,0.236,1.803
247.30,0.320,-0.792,2,7,0.083,21,0.053,1.803
247.42,0.319,-0.793,2,7,0.083,21,0.236,1.803
247.55,0.319,-0.793,2,7,0.083,21,0.236,1.803
247.68,0.320,-0.792,2,7,0.083,21,0.053,1.803
247.81,0.319,-0.793,2,7,0.083,21,0.236,1.803
247.94,0.319,-0.793,2,7,0.083,21,0.236,1.803
248.06,0.320,-0.792,2,7,0.083,21,0.053,1.803
248.19,0.319,-0.793,2,7,0.083,21,0.236,1.803
248.32,0.319,-0.793,2,7,0.083,21,0.236,1.803
248.45,0.320,-0.792,2,7,0.083,21,0.053,1.803
248.58,0.319,-0.793,2,7,0.083,21,0.236,1.803
248.70,0.319,-0.793,2,7,0.083,21,0.236,1.803
248.83,0.320,-0.792,2,7,0.083,21,0.053,1.803
248.96,0.319,-0.793,2,7,0.083,21,0.236,1.803
249.09,0.319,-0.793,2,7,0.083,21,0.236,1.803
249.22,0.319,-0.793,2,7,0.083,21,0.236,1.803
249.34,0.319,-0.793,2,7,0.083,21,0.236,1.803
249.47,0.319,-0.793,2,7,0.083,21,0.236,1.803
249.60,0.319,-0.793,2,7,0.083,21,0.236,1.803
249.73,0.319,-0.793,2,7,0.083,21,0.236,1.803
249.86,0.319,-0.793,2,7,0.083,21,0.236,1.803
249.98,0.319,-0.793,2,7,0.083,21,0.236,1.803
250.11,0.319,-0.793,2,7,0.083,21,0.236,1.803
250.24,0.319,-0.793,2,7,0.083,21,0.236,1.803
250.37,0.319,-0.793,2,7,0.083,21,0.236,1.803
250.50,0.319,-0.793,2,7,0.083,21,0.236,1.803
250.62,0.319,-0.793,2,7,0.083,21,0.236,1.803
250.75,0.319,-0.793,2,7,0.083,21,0.236,1.803
250.88,0.319,-0.793,2,7,0.083,21,0.236,1.803
251.01,0.320,-0.792,2,7,0.083,21,0.053,1.803
251.14,0.319,-0.793,2,7,0.083,21,0.236,1.803
251.26,0.319,-0.793,2,7,0.083,21,0.236,1.803
251.39,0.320,-0.792,2,7,0.083,21,0.053,1.803
251.52,0.319,-0.793,2,7,0.083,21,0.236,1.803
251.65,0.319,-0.793,2,7,0.083,21,0.236,1.803
251.78,0.320,-0.792,2,7,0.083,21,0.053,1.803
251.90,0.319,-0.793,2,7,0.083,21,0.236,1.803
252.03,0.319,-0.793,2,7,0.083,21,0.236,1.803
252.16,0.320,-0.792,2,7,0.083,21,0.053,1.803
252.29,0.319,-0.793,2,7,0.083,21,0.236,1.803
252.42,0.319,-0.793,2,7,0.083,21,0.236,1.803
252.54,0.320,-0.792,2,7,0.083,21,0.053,1.803
252.67,0.319,-0.793,2,7,0.083,21,0.236,1.803
252.80,0.319,-0.793,2,7,0.083,21,0.236,1.803
252.93,0.319,-0.793,2,7,0.083,21,0.236,1.803
253.06,0.319,-0.793,2,7,0.083,21,0.236,1.803
253.18,0.319,-0.793,2,7,0.083,21,0.236,1.803
253.31,0.319,-0.793,2,7,0.083,21,0.236,1.803
253.44,0.319,-0.793,2,7,0.083,21,0.236,1.803
253.57,0.319,-0.793,2,7,0.083,21,0.236,1.803
253.70,0.319,-0.793,2,7,0.083,21,0.236,1.803
253.82,0.319,-0.793,2,7,0.083,21,0.236,1.803
253.95,0.319,-0.793,2,7,0.083,21,0.236,1.803
254.08,0.319,-0.793,2,7,0.083,21,0.236,1.803
254.21,0.319,-0.793,2,7,0.083,21,0.236,1.803
254.34,0.319,-0.793,2,7,0.083,21,0.236,1.803
254.46,0.319,-0.793,2,7,0.083,21,0.236,1.803
254.59,0.319,-0.793,2,7,0.083,21,0.236,1.803
254.72,0.320,-0.792,2,7,0.083,21,0.053,1.803
254.85,0.319,-0.793,2,7,0.083,21,0.236,1.803
254.98,0.319,-0.793,2,7,0.083,21,0.236,1.803
255.10,0.320,-0.792,2,7,0.083,21,0.053,1.803
255.23,0.319,-0.793,2,7,0.083,21,0.236,1.803
255.36,0.319,-0.793,2,7,0.083,21,0.236,1.803
255.49,0.320,-0.792,2,7,0.083,21,0.053,1.803
255.62,0.319,-0.793,2,7,0.083,21,0.236,1.803
255.74,0.319,-0.793,2,7,0.083,21,0.236,1.803
255.87,0.320,-0.792,2,7,0.083,21,0.053,1.803
256.00,0.319,-0.793,2,7,0.083,21,0.236,1.803
256.13,0.319,-0.793,2,7,0.083,21,0.236,1.803
256.26,0.320,-0.792,2,7,0.083,21,0.053,1.803
256.38,0.319,-0.793,2,7,0.083,21,0.236,1.803
256.51,0.319,-0.793,2,7,0.083,21,0.236,1.803
256.64,0.319,-0.793,2,7,0.083,21,0.236,1.803
256.77,0.319,-0.793,2,7,0.083,21,0.236,1.803
256.90,0.319,-0.793,2,7,0.083,21,0.236,1.803
257.02,0.319,-0.793,2,7,0.083,21,0.236,1.803
257.15,0.319,-0.793,2,7,0.083,21,0.236,1.803
257.28,0.319,-0.793,2,7,0.083,21,0.236,1.803
257.41,0.319,-0.793,2,7,0.083,21,0.236,1.803
257.54,0.319,-0.793,2,7,0.083,21,0.236,1.803
257.66,0.319,-0.793,2,7,0.083,21,0.236,1.803
257.79,0.319,-0.793,2,7,0.083,21,0.236,1.803
257.92,0.319,-0.793,2,7,0.083,21,0.236,1.803
258.05,0.319,-0.793,2,7,0.083,21,0.236,1.803
258.18,0.319,-0.793,2,7,0.083,21,0.236,1.803
258.30,0.319,-0.793,2,7,0.083,21,0.236,1.803
258.43,0.320,-0.792,2,7,0.083,21,0.053,1.803
258.56,0.319,-0.793,2,7,0.083,21,0.236,1.803
258.69,0.319,-0.793,2,7,0.083,21,0.236,1.803
258.82,0.320,-0.792,2,7,0.083,21,0.053,1.803
258.94,0.319,-0.793,2,7,0.083,21,0.236,1.803
259.07,0.319,-0.793,2,7,0.083,21,0.236,1.803
259.20,0.320,-0.792,2,7,0.083,21,0.053,1.803
259.33,0.319,-0.793,2,7,0.083,21,0.236,1.803
259.46,0.319,-0.793,2,7,0.083,21,0.236,1.803
259.58,0.320,-0.792,2,7,0.083,21,0.053,1.803
259.71,0.319,-0.793,2,7,0.083,21,0.236,1.803
259.84,0.319,-0.793,2,7,0.083,21,0.236,1.803
259.97,0.320,-0.792,2,7,0.083,21,0.053,1.803
260.10,0.319,-0.793,2,7,0.083,21,0.236,1.803
260.22,0.319,-0.793,2,7,0.083,21,0.236,1.803
260.35,0.319,-0.793,2,7,0.083,21,0.236,1.803
260.48,0.319,-0.793,2,7,0.083,21,0.236,1.803
260.61,0.319,-0.793,2,7,0.083,21,0.236,1.803
260.74,0.319,-0.793,2,7,0.083,21,0.236,1.803
260.86,0.319,-0.793,2,7,0.083,21,0.236,1.803
260.99,0.319,-0.793,2,7,0.083,21,0.236,1.803
261.12,0.319,-0.793,2,7,0.083,21,0.236,1.803
261.25,0.319,-0.793,2,7,0.083,21,0.236,1.803
261.38,0.319,-0.793,2,7,0.083,21,0.236,1.803
261.50,0.319,-0.793,2,7,0.083,21,0.236,1.803
261.63,0.319,-0.793,2,7,0.083,21,0.236,1.803
261.76,0.319,-0.793,2,7,0.083,21,0.236,1.803
261.89,0.319,-0.793,2,7,0.083,21,0.236,1.803
262.02,0.319,-0.793,2,7,0.083,21,0.236,1.803
262.14,0.320,-0.792,2,7,0.083,21,0.053,1.803
262.27,0.319,-0.793,2,7,0.083,21,0.236,1.803
262.40,0.319,-0.793,2,7,0.083,21,0.236,1.803
262.53,0.320,-0.792,2,7,0.083,21,0.053,1.803
262.66,0.319,-0.793,2,7,0.083,21,0.236,1.803
262.78,0.319,-0.793,2,7,0.083,21,0.236,1.803
262.91,0.320,-0.792,2,7,0.083,21,0.053,1.803
263.04,0.319,-0.793,2,7,0.083,21,0.236,1.803
263.17,0.319,-0.793,2,7,0.083,21,0.236,1.803
263.30,0.320,-0.792,2,7,0.083,21,0.053,1.803
263.42,0.319,-0.793,2,7,0.083,21,0.236,1.803
263.55,0.319,-0.793,2,7,0.083,21,0.236,1.803
263.68,0.319,-0.793,2,7,0.083,21,0.236,1.803
263.81,0.319,-0.793,2,7,0.083,21,0.236,1.803
263.94,0.319,-0.793,2,7,0.083,21,0.236,1.803
264.06,0.319,-0.793,2,7,0.083,21,0.236,1.803
264.19,0.319,-0.793,2,7,0.083,21,0.236,1.803
264.32,0.319,-0.793,2,7,0.083,21,0.236,1.803
264.45,0.319,-0.793,2,7,0.083,21,0.236,1.803
264.58,0.319,-0.793,2,7,0.083,21,0.236,1.803
264.70,0.319,-0.793,2,7,0.083,21,0.236,1.803
264.83,0.319,-0.793,2,7,0.083,21,0.236,1.803
264.96,0.319,-0.793,2,7,0.083,21,0.236,1.803
265.09,0.319,-0.793,2,7,0.083,21,0.236,1.803
265.22,0.319,-0.793,2,7,0.083,21,0.236,1.803
265.34,0.319,-0.793,2,7,0.083,21,0.236,1.803
265.47,0.320,-0.792,2,7,0.083,21,0.053,1.803
265.60,0.319,-0.793,2,7,0.083,21,0.236,1.803
265.73,0.319,-0.793,2,7,0.083,21,0.236,1.803
265.86,0.320,-0.792,2,7,0.083,21,0.053,1.803
265.98,0.319,-0.793,2,7,0.083,21,0.236,1.803
266.11,0.319,-0.793,2,7,0.083,21,0.236,1.803
266.24,0.320,-0.792,2,7,0.083,21,0.053,1.803
266.37,0.319,-0.793,2,7,0.083,21,0.236,1.803
266.50,0.319,-0.793,2,7,0.083,21,0.236,1.803
266.62,0.320,-0.792,2,7,0.083,21,0.053,1.803
266.75,0.319,-0.793,2,7,0.083,21,0.236,1.803
266.88,0.319,-0.793,2,7,0.083,21,0.236,1.803
267.01,0.320,-0.792,2,7,0.083,21,0.053,1.803
267.14,0.319,-0.793,2,7,0.083,21,0.236,1.803
267.26,0.319,-0.793,2,7,0.083,21,0.236,1.803
267.39,0.319,-0.793,2,7,0.083,21,0.236,1.803
267.52,0.319,-0.793,2,7,0.083,21,0.236,1.803
267.65,0.319,-0.793,2,7,0.083,21,0.236,1.803
267.78,0.319,-0.793,2,7,0.083,21,0.236,1.803
267.90,0.319,-0.793,2,7,0.083,21,0.236,1.803
268.03,0.319,-0.793,2,7,0.083,21,0.236,1.803
268.16,0.319,-0.793,2,7,0.083,21,0.236,1.803
268.29,0.319,-0.793,2,7,0.083,21,0.236,1.803
268.42,0.319,-0.793,2,7,0.083,21,0.236,1.803
268.54,0.319,-0.793,2,7,0.083,21,0.236,1.803
268.67,0.319,-0.793,2,7,0.083,21,0.236,1.803
268.80,0.320,-0.792,2,7,0.083,21,0.053,1.803
268.93,0.319,-0.793,2,7,0.083,21,0.236,1.803
269.06,0.319,-0.793,2,7,0.083,21,0.236,1.803
269.18,0.320,-0.792,2,7,0.083,21,0.053,1.803
269.31,0.319,-0.793,2,7,0.083,21,0.236,1.803
269.44,0.319,-0.793,2,7,0.083,21,0.236,1.803
269.57,0.320,-0.792,2,7,0.083,21,0.053,1.803
269.70,0.319,-0.793,2,7,0.083,21,0.236,1.803
269.82,0.319,-0.793,2,7,0.083,21,0.236,1.803
269.95,0.320,-0.792,2,7,0.083,21,0.053,1.803
270.08,0.319,-0.793,2,7,0.083,21,0.236,1.803
270.21,0.319,-0.793,2,7,0.083,21,0.236,1.803
270.34,0.320,-0.792,2,7,0.083,21,0.053,1.803
270.46,0.319,-0.793,2,7,0.083,21,0.236,1.803
270.59,0.319,-0.793,2,7,0.083,21,0.236,1.803
270.72,0.319,-0.793,2,7,0.083,21,0.236,1.803
270.85,0.319,-0.793,2,7,0.083,21,0.236,1.803
270.98,0.319,-0.793,2,7,0.083,21,0.236,1.803
271.10,0.319,-0.793,2,7,0.083,21,0.236,1.803
271.23,0.319,-0.793,2,7,0.083,21,0.236,1.803
271.36,0.319,-0.793,2,7,0.083,21,0.236,1.803
271.49,0.319,-0.793,2,7,0.083,21,0.236,1.803
271.62,0.319,-0.793,2,7,0.083,21,0.236,1.803
271.74,0.319,-0.793,2,7,0.083,21,0.236,1.803
271.87,0.319,-0.793,2,7,0.083,21,0.236,1.803
272.00,0.319,-0.793,2,7,0.083,21,0.236,1.803
272.13,0.320,-0.793,2,7,0.083,21,0.053,1.803
272.26,0.319,-0.793,2,7,0.083,21,0.236,1.803
272.38,0.319,-0.793,2,7,0.083,21,0.236,1.803
272.51,0.320,-0.793,2,7,0.083,21,0.053,1.803
272.64,0.319,-0.793,2,7,0.083,21,0.236,1.803
272.77,0.319,-0.793,2,7,0.083,21,0.236,1.803
272.90,0.320,-0.793,2,7,0.083,21,0.053,1.803
273.02,0.319,-0.793,2,7,0.083,21,0.236,1.803
273.15,0.319,-0.793,2,7,0.083,21,0.236,1.803
273.28,0.320,-0.793,2,7,0.083,21,0.053,1.803
273.41,0.319,-0.793,2,7,0.083,21,0.236,1.803
273.54,0.319,-0.793,2,7,0.083,21,0.236,1.803
273.66,0.319,-0.793,2,7,0.083,21,0.236,1.803
273.79,0.319,-0.793,2,7,0.083,21,0.236,1.803
273.92,0.319,-0.793,2,7,0.083,21,0.236,1.803
274.05,0.319,-0.793,2,7,0.083,21,0.236,1.803
274.18,0.319,-0.793,2,7,0.083,21,0.236,1.803
274.30,0.319,-0.793,2,7,0.083,21,0.236,1.803
274.43,0.319,-0.793,2,7,0.083,21,0.236,1.803
274.56,0.319,-0.793,2,7,0.083,21,0.236,1.803
274.69,0.319,-0.793,2,7,0.083,21,0.236,1.803
274.82,0.319,-0.793,2,7,0.083,21,0.236,1.803
274.94,0.319,-0.793,2,7,0.083,21,0.236,1.803
275.07,0.319,-0.793,2,7,0.083,21,0.236,1.803
275.20,0.319,-0.793,2,7,0.083,21,0.236,1.803
275.33,0.319,-0.793,2,7,0.083,21,0.236,1.803
275.46,0.321,-0.793,2,7,0.083,21,0.053,1.803
275.58,0.319,-0.793,2,7,0.083,21,0.236,1.803
275.71,0.319,-0.793,2,7,0.083,21,0.236,1.803
275.84,0.321,-0.793,2,7,0.083,21,0.053,1.803
275.97,0.319,-0.793,2,7,0.083,21,0.236,1.803
276.10,0.319,-0.793,2,7,0.083,21,0.236,1.803
276.22,0.321,-0.793,2,7,0.083,21,0.053,1.803
276.35,0.319,-0.793,2,7,0.083,21,0.236,1.803
276.48,0.319,-0.793,2,7,0.083,21,0.236,1.803
276.61,0.321,-0.793,2,7,0.083,21,0.053,1.803
276.74,0.319,-0.793,2,7,0.083,21,0.236,1.803
276.86,0.319,-0.793,2,7,0.083,21,0.236,1.803
276.99,0.320,-0.793,2,7,0.083,21,0.236,1.803
277.12,0.319,-0.793,2,7,0.083,21,0.236,1.803
277.25,0.319,-0.793,2,7,0.083,21,0.236,1.803
277.38,0.320,-0.793,2,7,0.083,21,0.236,1.803
277.50,0.319,-0.793,2,7,0.083,21,0.236,1.803
277.63,0.319,-0.793,2,7,0.083,21,0.236,1.803
277.76,0.320,-0.793,2,7,0.083,21,0.236,1.803
277.89,0.319,-0.793,2,7,0.083,21,0.236,1.803
278.02,0.319,-0.793,2,7,0.083,21,0.236,1.803
278.14,0.320,-0.793,2,7,0.083,21,0.236,1.803
278.27,0.320,-0.793,2,7,0.083,21,0.236,1.803
278.40,0.321,-0.793,2,7,0.083,21,0.053,1.803
278.53,0.320,-0.793,2,7,0.083,21,0.236,1.803
278.66,0.320,-0.793,2,7,0.083,21,0.236,1.803
278.78,0.321,-0.793,2,7,0.083,21,0.053,1.803
278.91,0.320,-0.793,2,7,0.083,21,0.236,1.803
279.04,0.320,-0.793,2,7,0.083,21,0.236,1.803
279.17,0.321,-0.793,2,7,0.083,21,0.053,1.803
279.30,0.320,-0.793,2,7,0.083,21,0.236,1.803
279.42,0.320,-0.793,2,7,0.083,21,0.236,1.803
279.55,0.321,-0.793,2,7,0.083,21,0.053,1.803
279.68,0.320,-0.793,2,7,0.083,21,0.236,1.803
279.81,0.320,-0.793,2,7,0.083,21,0.236,1.803
279.94,0.320,-0.793,2,7,0.083,21,0.236,1.803
280.06,0.320,-0.793,2,7,0.083,21,0.236,1.803
280.19,0.320,-0.793,2,7,0.083,21,0.236,1.803
280.32,0.320,-0.793,2,7,0.083,21,0.236,1.803
280.45,0.320,-0.793,2,7,0.083,21,0.236,1.803
280.58,0.320,-0.793,2,7,0.083,21,0.236,1.803
280.70,0.320,-0.793,2,7,0.083,21,0.236,1.803
280.83,0.320,-0.793,2,7,0.083,21,0.236,1.803
280.96,0.320,-0.793,2,7,0.083,21,0.236,1.803
281.09,0.320,-0.793,2,7,0.083,21,0.236,1.803
281.22,0.320,-0.793,2,7,0.083,21,0.236,1.803
281.34,0.320,-0.793,2,7,0.083,21,0.236,1.803
281.47,0.320,-0.793,2,7,0.083,21,0.236,1.803
281.60,0.320,-0.793,2,7,0.083,21,0.236,1.803
281.73,0.321,-0.793,2,7,0.083,21,0.053,1.803
281.86,0.320,-0.793,2,7,0.083,21,0.236,1.803
281.98,0.320,-0.793,2,7,0.083,21,0.236,1.803
282.11,0.321,-0.793,2,7,0.083,21,0.053,1.803
282.24,0.320,-0.793,2,7,0.083,21,0.236,1.803
282.37,0.320,-0.793,2,7,0.083,21,0.236,1.803
282.50,0.321,-0.793,2,7,0.083,21,0.053,1.803
282.62,0.320,-0.793,2,7,0.083,21,0.236,1.803
282.75,0.320,-0.793,2,7,0.083,21,0.236,1.803
282.88,0.321,-0.793,2,7,0.083,21,0.053,1.803
283.01,0.320,-0.793,2,7,0.083,21,0.236,1.803
283.14,0.320,-0.793,2,7,0.083,21,0.236,1.803
283.26,0.320,-0.793,2,7,0.083,21,0.236,1.803
283.39,0.320,-0.793,2,7,0.083,21,0.236,1.803
283.52,0.320,-0.793,2,7,0.083,21,0.236,1.803
283.65,0.320,-0.793,2,7,0.083,21,0.236,1.803
283.78,0.320,-0.793,2,7,0.083,21,0.236,1.803
283.90,0.320,-0.794,2,7,0.083,21,0.236,1.803
284.03,0.320,-0.793,2,7,0.083,21,0.236,1.803
284.16,0.320,-0.793,2,7,0.083,21,0.236,1.803
284.29,0.320,-0.794,2,7,0.083,21,0.236,1.803
284.42,0.320,-0.793,2,7,0.083,21,0.236,1.803
284.54,0.320,-0.793,2,7,0.083,21,0.236,1.803
284.67,0.321,-0.793,2,7,0.083,21,0.053,1.803
284.80,0.320,-0.793,2,7,0.083,21,0.236,1.803
284.93,0.320,-0.794,2,7,0.083,21,0.236,1.803
285.06,0.321,-0.793,2,7,0.083,21,0.053,1.803
285.18,0.320,-0.793,2,7,0.083,21,0.236,1.803
285.31,0.320,-0.794,2,7,0.083,21,0.236,1.803
285.44,0.321,-0.793,2,7,0.083,21,0.053,1.803
285.57,0.320,-0.793,2,7,0.083,21,0.236,1.803
285.70,0.320,-0.794,2,7,0.083,21,0.236,1.803
285.82,0.320,-0.793,2,7,0.083,21,0.236,1.803
285.95,0.320,-0.793,2,7,0.083,21,0.236,1.803
286.08,0.320,-0.794,2,7,0.083,21,0.236,1.803
286.21,0.320,-0.793,2,7,0.083,21,0.236,1.803
286.34,0.320,-0.794,2,7,0.083,21,0.236,1.803
286.46,0.320,-0.794,2,7,0.083,21,0.236,1.803
286.59,0.320,-0.793,2,7,0.083,21,0.236,1.803
286.72,0.320,-0.794,2,7,0.083,21,0.236,1.803
286.85,0.320,-0.794,2,7,0.083,21,0.236,1.803
286.98,0.320,-0.793,2,7,0.083,21,0.236,1.803
287.10,0.320,-0.794,2,7,0.083,21,0.236,1.803
287.23,0.321,-0.793,2,7,0.083,21,0.053,1.803
287.36,0.320,-0.794,2,7,0.083,21,0.236,1.803
287.49,0.320,-0.794,2,7,0.083,21,0.236,1.803
287.62,0.321,-0.793,2,7,0.083,21,0.053,1.803
287.74,0.320,-0.794,2,7,0.083,21,0.236,1.803
287.87,0.320,-0.794,2,7,0.083,21,0.236,1.803
288.00,0.321,-0.793,2,7,0.083,21,0.053,1.803
288.13,0.320,-0.794,2,7,0.083,21,0.236,1.803
288.26,0.320,-0.794,2,7,0.083,21,0.236,1.803
288.38,0.321,-0.793,2,7,0.083,21,0.053,1.803
288.51,0.320,-0.794,2,7,0.083,21,0.236,1.803
288.64,0.320,-0.794,2,7,0.083,21,0.236,1.803
288.77,0.320,-0.794,2,7,0.083,21,0.236,1.803
288.90,0.320,-0.794,2,7,0.083,21,0.236,1.803
289.02,0.320,-0.794,2,7,0.083,21,0.236,1.803
289.15,0.320,-0.794,2,7,0.083,21,0.236,1.803
289.28,0.320,-0.794,2,7,0.083,21,0.236,1.803
289.41,0.320,-0.794,2,7,0.083,21,0.236,1.803
289.54,0.320,-0.794,2,7,0.083,21,0.236,1.803
289.66,0.320,-0.794,2,7,0.083,21,0.236,1.803
289.79,0.320,-0.794,2,7,0.083,21,0.236,1.803
289.92,0.320,-0.794,2,7,0.083,21,0.236,1.803
290.05,0.320,-0.794,2,7,0.083,21,0.236,1.803
290.18,0.321,-0.793,2,7,0.083,21,0.053,1.803
290.30,0.320,-0.794,2,7,0.083,21,0.236,1.803
290.43,0.320,-0.794,2,7,0.083,21,0.236,1.803
290.56,0.321,-0.793,2,7,0.083,21,0.053,1.803
290.69,0.320,-0.794,2,7,0.083,21,0.236,1.803
290.82,0.320,-0.794,2,7,0.083,21,0.236,1.803
290.94,0.321,-0.793,2,7,0.083,21,0.053,1.803
291.07,0.320,-0.794,2,7,0.083,21,0.236,1.803
291.20,0.320,-0.794,2,7,0.083,21,0.236,1.803
291.33,0.321,-0.793,2,7,0.083,21,0.053,1.803
291.46,0.320,-0.794,2,7,0.083,21,0.236,1.803
291.58,0.320,-0.794,2,7,0.083,21,0.236,1.803
291.71,0.320,-0.794,2,7,0.083,21,0.236,1.803
291.84,0.320,-0.794,2,7,0.083,21,0.236,1.803
291.97,0.320,-0.794,2,7,0.083,21,0.236,1.803
292.10,0.320,-0.794,2,7,0.083,21,0.236,1.803
292.22,0.320,-0.794,2,7,0.083,21,0.236,1.803
292.35,0.320,-0.794,2,7,0.083,21,0.236,1.803
292.48,0.320,-0.794,2,7,0.083,21,0.236,1.803
292.61,0.320,-0.794,2,7,0.083,21,0.236,1.803
292.74,0.320,-0.794,2,7,0.083,21,0.236,1.803
292.86,0.320,-0.794,2,7,0.083,21,0.236,1.803
292.99,0.320,-0.794,2,7,0.083,21,0.236,1.803
293.12,0.321,-0.793,2,7,0.083,21,0.053,1.803
293.25,0.320,-0.794,2,7,0.083,21,0.236,1.803
293.38,0.320,-0.794,2,7,0.083,21,0.236,1.803
293.50,0.321,-0.793,2,7,0.083,21,0.053,1.803
293.63,0.320,-0.794,2,7,0.083,21,0.236,1.803
293.76,0.320,-0.794,2,7,0.083,21,0.236,1.803
293.89,0.321,-0.793,2,7,0.083,21,0.053,1.803
294.02,0.320,-0.794,2,7,0.083,21,0.236,1.803
294.14,0.320,-0.794,2,7,0.083,21,0.236,1.803
294.27,0.320,-0.794,2,7,0.083,21,0.236,1.803
294.40,0.320,-0.794,2,7,0.083,21,0.236,1.803
294.53,0.320,-0.794,2,7,0.083,21,0.236,1.803
294.66,0.320,-0.794,2,7,0.083,21,0.236,1.803
294.78,0.320,-0.794,2,7,0.083,21,0.236,1.803
294.91,0.320,-0.794,2,7,0.083,22,0.236,1.803
295.04,0.320,-0.794,2,7,0.083,22,0.236,1.803
295.17,0.320,-0.794,2,7,0.083,22,0.236,1.803
295.30,0.320,-0.794,2,7,0.083,22,0.236,1.803
295.42,0.320,-0.794,2,7,0.083,22,0.236,1.803
295.55,0.320,-0.794,2,7,0.083,22,0.236,1.803
295.68,0.321,-0.793,2,7,0.083,22,0.053,1.803
295.81,0.320,-0.794,2,7,0.083,22,0.236,1.803
295.94,0.320,-0.794,2,7,0.083,22,0.236,1.803
296.06,0.321,-0.793,2,7,0.083,22,0.053,1.803
296.19,0.320,-0.794,2,7,0.083,22,0.236,1.803
296.32,0.320,-0.794,2,7,0.083,22,0.236,1.803
296.45,0.321,-0.793,2,7,0.083,22,0.053,1.803
296.58,0.320,-0.794,2,7,0.083,22,0.236,1.803
296.70,0.320,-0.794,2,7,0.083,22,0.236,1.803
296.83,0.321,-0.793,2,7,0.083,22,0.053,1.803
296.96,0.320,-0.794,2,7,0.083,22,0.236,1.803
297.09,0.320,-0.794,2,7,0.083,22,0.236,1.803
297.22,0.320,-0.794,2,7,0.083,22,0.236,1.803
297.34,0.320,-0.794,2,7,0.083,22,0.236,1.803
297.47,0.320,-0.794,2,7,0.083,22,0.236,1.803
297.60,0.320,-0.794,2,7,0.083,22,0.236,1.803
297.73,0.320,-0.794,2,7,0.083,22,0.236,1.803
297.86,0.320,-0.794,2,7,0.083,22,0.236,1.803
297.98,0.320,-0.794,2,7,0.083,22,0.236,1.803
298.11,0.320,-0.794,2,7,0.083,22,0.236,1.803
298.24,0.321,-0.793,2,7,0.083,22,0.053,1.803
298.37,0.320,-0.794,2,7,0.083,22,0.236,1.803
298.50,0.320,-0.794,2,7,0.083,22,0.236,1.803
298.62,0.321,-0.793,2,7,0.083,22,0.053,1.803
298.75,0.320,-0.794,2,7,0.083,22,0.236,1.803
298.88,0.320,-0.794,2,7,0.083,22,0.236,1.803
299.01,0.320,-0.794,2,7,0.083,22,0.236,1.803
299.14,0.320,-0.794,2,7,0.083,22,0.236,1.803
299.26,0.320,-0.794,2,7,0.083,22,0.236,1.803
299.39,0.320,-0.794,2,7,0.083,22,0.236,1.803
299.52,0.320,-0.794,2,7,0.083,22,0.236,1.803
299.65,0.320,-0.794,2,7,0.083,22,0.236,1.803
299.78,0.320,-0.794,2,7,0.083,22,0.236,1.803
299.90,0.320,-0.794,2,7,0.083,22,0.236,1.803
