time,x,y,row,col,coverage,collision_count,v,w
0.13,-1.336,-1.349,0,0,0.009,1,0.465,0.448
0.26,-1.307,-1.348,0,0,0.009,1,0.405,0.802
0.38,-1.279,-1.346,0,0,0.009,1,0.405,0.800
0.51,-1.251,-1.345,0,0,0.009,1,0.405,0.800
0.64,-1.223,-1.344,0,0,0.009,1,0.405,0.800
0.77,-1.194,-1.342,0,0,0.009,1,0.405,0.800
0.90,-1.166,-1.341,0,0,0.009,1,0.405,0.800
1.02,-1.138,-1.340,0,0,0.009,1,0.405,0.800
1.15,-1.110,-1.338,0,0,0.009,1,0.405,0.800
1.28,-1.082,-1.337,0,0,0.009,1,0.405,0.800
1.41,-1.054,-1.336,0,0,0.009,1,0.405,0.800
1.54,-1.026,-1.334,0,0,0.009,1,0.405,0.800
1.66,-0.998,-1.333,0,0,0.009,1,0.405,0.800
1.79,-0.969,-1.332,0,0,0.009,1,0.405,0.800
1.92,-0.941,-1.330,0,0,0.009,1,0.405,0.800
2.05,-0.913,-1.329,0,0,0.009,1,0.405,0.800
2.18,-0.885,-1.328,0,1,0.019,1,0.405,0.800
2.30,-0.857,-1.326,0,1,0.019,1,0.405,0.800
2.43,-0.829,-1.325,0,1,0.019,1,0.405,0.800
2.56,-0.801,-1.324,0,1,0.019,1,0.405,0.800
2.69,-0.773,-1.322,0,1,0.019,1,0.405,0.800
2.82,-0.744,-1.321,0,1,0.019,1,0.405,0.800
2.94,-0.716,-1.319,0,1,0.019,1,0.405,0.800
3.07,-0.688,-1.318,0,1,0.019,1,0.405,0.800
3.20,-0.660,-1.317,0,2,0.028,1,0.405,0.800
3.33,-0.632,-1.315,0,2,0.028,1,0.405,0.800
3.46,-0.604,-1.314,0,2,0.028,1,0.405,0.800
3.58,-0.576,-1.312,0,2,0.028,1,0.405,0.800
3.71,-0.547,-1.311,0,2,0.028,1,0.405,0.800
3.84,-0.519,-1.310,0,2,0.028,1,0.405,0.800
3.97,-0.491,-1.308,0,2,0.028,1,0.405,0.800
4.10,-0.463,-1.307,0,2,0.028,1,0.405,0.800
4.22,-0.435,-1.305,0,3,0.037,1,0.481,0.352
4.35,-0.407,-1.304,0,3,0.037,1,0.524,-0.096
4.48,-0.379,-1.303,0,3,0.037,1,0.448,-0.544
4.61,-0.351,-1.301,0,3,0.037,1,0.373,-0.992
4.74,-0.323,-1.300,0,3,0.037,1,0.298,-1.440
4.86,-0.301,-1.299,0,3,0.037,1,0.254,-1.700
4.99,-0.286,-1.299,0,3,0.037,1,0.254,-1.700
5.12,-0.271,-1.298,0,3,0.037,1,0.254,-1.700
5.25,-0.256,-1.298,0,4,0.046,1,0.254,-1.700
5.38,-0.241,-1.298,0,4,0.046,1,0.254,-1.700
5.50,-0.226,-1.298,0,4,0.046,1,0.254,-1.700
5.63,-0.211,-1.297,0,4,0.046,1,0.254,-1.700
5.76,-0.196,-1.297,0,4,0.046,1,0.254,-1.700
5.89,-0.181,-1.297,0,4,0.046,1,0.254,-1.700
6.02,-0.166,-1.297,0,4,0.046,1,0.254,-1.700
6.14,-0.150,-1.296,0,4,0.046,1,0.254,-1.700
6.27,-0.130,-1.296,0,5,0.056,1,0.329,-1.252
6.40,-0.102,-1.295,0,5,0.056,1,0.405,-0.804
6.53,-0.074,-1.295,0,5,0.056,1,0.480,-0.356
6.66,-0.046,-1.294,0,5,0.056,1,0.525,0.092
6.78,-0.018,-1.293,0,5,0.056,1,0.449,0.540
6.91,0.010,-1.292,0,5,0.056,1,0.406,0.797
7.04,0.038,-1.292,0,5,0.056,1,0.405,0.800
7.17,0.066,-1.291,0,5,0.056,1,0.405,0.800
7.30,0.095,-1.290,0,6,0.065,1,0.405,0.800
7.42,0.123,-1.289,0,6,0.065,1,0.405,0.800
7.55,0.151,-1.289,0,6,0.065,1,0.405,0.800
7.68,0.179,-1.288,0,6,0.065,1,0.405,0.800
7.81,0.207,-1.287,0,6,0.065,1,0.405,0.800
7.94,0.235,-1.286,0,6,0.065,1,0.405,0.800
8.06,0.264,-1.286,0,6,0.065,1,0.405,0.800
8.19,0.292,-1.285,0,6,0.065,1,0.405,0.800
8.32,0.320,-1.284,0,7,0.074,1,0.405,0.800
8.45,0.348,-1.283,0,7,0.074,1,0.405,0.800
8.58,0.376,-1.282,0,7,0.074,1,0.405,0.800
8.70,0.404,-1.282,0,7,0.074,1,0.415,0.740
8.83,0.432,-1.281,0,7,0.074,1,0.458,0.488
8.96,0.461,-1.280,0,7,0.074,1,0.458,0.488
9.09,0.489,-1.279,0,7,0.074,1,0.503,0.217
9.22,0.517,-1.278,0,7,0.074,1,0.539,0.008
9.34,0.545,-1.278,0,8,0.083,1,0.540,0.001
9.47,0.573,-1.277,0,8,0.083,1,0.540,0.000
9.60,0.601,-1.276,0,8,0.083,1,0.540,0.000
9.73,0.629,-1.275,0,8,0.083,1,0.540,0.000
9.86,0.658,-1.274,0,8,0.083,1,0.540,0.000
9.98,0.686,-1.273,0,8,0.083,1,0.540,0.000
10.11,0.714,-1.273,0,8,0.083,1,0.540,0.000
10.24,0.742,-1.272,0,8,0.083,1,0.502,0.224
10.37,0.770,-1.271,0,9,0.093,1,0.427,0.672
10.50,0.798,-1.270,0,9,0.093,1,0.406,0.798
10.62,0.826,-1.269,0,9,0.093,1,0.405,0.800
10.75,0.855,-1.268,0,9,0.093,1,0.405,0.800
10.88,0.883,-1.267,0,9,0.093,1,0.405,0.800
11.01,0.911,-1.266,0,9,0.093,1,0.405,0.800
11.14,0.939,-1.265,0,9,0.093,1,0.405,0.800
11.26,0.967,-1.265,0,9,0.093,1,0.405,0.800
11.39,0.995,-1.264,0,10,0.102,1,0.405,0.800
11.52,1.023,-1.263,0,10,0.102,1,0.405,0.800
11.65,1.052,-1.262,0,10,0.102,1,0.402,0.821
11.78,1.080,-1.261,0,10,0.102,1,0.386,0.915
11.90,1.108,-1.260,0,10,0.102,1,0.372,1.001
12.03,1.136,-1.259,0,10,0.102,1,0.359,1.073
12.16,1.164,-1.258,0,10,0.102,1,0.341,1.182
12.29,1.182,-1.257,0,10,0.102,1,0.280,1.545
12.42,1.192,-1.255,0,11,0.111,1,0.050,1.993
12.54,1.194,-1.250,0,11,0.111,1,0.043,2.441
12.67,1.192,-1.242,0,11,0.111,1,0.129,2.441
12.80,1.198,-1.233,0,11,0.111,1,0.205,1.993
12.93,1.210,-1.218,0,11,0.111,1,0.280,1.545
13.06,1.225,-1.196,0,11,0.111,1,0.355,1.097
13.18,1.238,-1.177,0,11,0.111,1,0.302,1.414
13.31,1.249,-1.157,0,11,0.111,1,0.304,1.400
13.44,1.261,-1.136,0,11,0.111,1,0.304,1.400
13.57,1.270,-1.116,0,11,0.111,1,0.319,1.312
13.70,1.279,-1.095,0,11,0.111,1,0.059,1.421
13.82,1.287,-1.074,0,11,0.111,1,0.061,1.299
13.95,1.295,-1.053,0,11,0.111,1,0.061,1.299
14.08,1.299,-1.038,0,11,0.111,1,0.307,1.381
14.21,1.308,-1.011,0,11,0.111,1,0.329,1.256
14.34,1.314,-0.990,0,11,0.111,1,0.317,1.327
14.46,1.320,-0.970,1,11,0.120,1,0.382,0.936
14.59,1.324,-0.954,1,11,0.120,2,0.420,0.712
14.72,1.329,-0.934,1,11,0.120,2,0.072,0.517
14.85,1.332,-0.923,1,11,0.120,2,0.453,0.517
14.98,1.336,-0.906,1,11,0.120,2,0.453,0.517
15.10,1.340,-0.887,1,11,0.120,2,0.072,0.517
15.23,1.343,-0.875,1,11,0.120,2,0.453,0.517
15.36,1.346,-0.855,1,11,0.120,2,0.491,0.293
15.49,1.350,-0.836,2,11,0.130,2,0.076,0.293
15.62,1.352,-0.824,2,11,0.130,2,0.453,0.517
15.74,1.355,-0.804,2,11,0.130,2,0.491,0.293
15.87,1.357,-0.790,2,11,0.130,2,0.481,0.349
16.00,1.359,-0.770,2,11,0.130,2,0.519,0.125
16.13,1.361,-0.756,2,11,0.130,2,0.473,0.398
16.26,1.364,-0.736,2,11,0.130,2,0.511,0.174
16.38,1.366,-0.719,2,11,0.130,2,0.511,0.174
16.51,1.367,-0.706,2,11,0.130,2,0.469,0.422
16.64,1.369,-0.686,2,11,0.130,2,0.507,0.198
16.77,1.371,-0.668,2,11,0.130,2,0.076,0.255
16.90,1.372,-0.657,2,11,0.130,2,0.069,0.703
17.02,1.373,-0.635,2,11,0.130,2,0.497,0.255
17.15,1.375,-0.607,2,11,0.130,2,0.507,-0.193
17.28,1.377,-0.579,2,11,0.130,2,0.074,-0.417
17.41,1.378,-0.570,2,11,0.130,2,0.080,0.031
17.54,1.378,-0.562,3,11,0.139,2,0.073,0.479
17.66,1.378,-0.558,3,11,0.139,2,0.066,0.927
17.79,1.379,-0.547,3,11,0.139,2,0.314,1.344
17.92,1.380,-0.520,3,11,0.139,2,0.331,1.240
18.05,1.381,-0.492,3,11,0.139,2,0.333,1.227
18.18,1.382,-0.463,3,11,0.139,2,0.330,1.249
18.30,1.382,-0.442,3,11,0.139,2,0.335,1.219
18.43,1.383,-0.414,3,11,0.139,2,0.350,1.130
18.56,1.383,-0.387,4,11,0.148,2,0.274,1.578
18.69,1.383,-0.371,4,11,0.148,2,0.254,1.699
18.82,1.383,-0.355,4,11,0.148,2,0.254,1.700
18.94,1.383,-0.340,4,11,0.148,2,0.254,1.700
19.07,1.383,-0.325,4,11,0.148,2,0.254,1.700
19.20,1.383,-0.310,4,11,0.148,2,0.254,1.700
19.33,1.382,-0.295,4,11,0.148,2,0.254,1.700
19.46,1.382,-0.280,4,11,0.148,2,0.254,1.700
19.58,1.382,-0.264,4,11,0.148,2,0.254,1.700
19.71,1.382,-0.249,4,11,0.148,2,0.254,1.700
19.84,1.381,-0.234,4,11,0.148,2,0.254,1.700
19.97,1.381,-0.218,4,11,0.148,2,0.254,1.700
20.10,1.380,-0.202,4,11,0.148,2,0.254,1.700
20.22,1.380,-0.187,4,11,0.148,2,0.254,1.700
20.35,1.378,-0.171,4,11,0.148,2,0.254,1.700
20.48,1.377,-0.154,4,11,0.148,2,0.254,1.700
20.61,1.375,-0.137,5,11,0.157,2,0.254,1.700
20.74,1.373,-0.120,5,11,0.157,2,0.254,1.700
20.86,1.370,-0.102,5,11,0.157,2,0.254,1.700
20.99,1.366,-0.082,5,11,0.157,2,0.310,1.364
21.12,1.361,-0.054,5,11,0.157,2,0.386,0.916
21.25,1.356,-0.027,5,11,0.157,2,0.388,0.901
21.38,1.351,0.001,5,11,0.157,2,0.388,0.900
21.50,1.346,0.029,5,11,0.157,2,0.388,0.900
21.63,1.341,0.056,6,11,0.167,2,0.388,0.900
21.76,1.336,0.084,6,11,0.167,2,0.388,0.900
21.89,1.331,0.112,6,11,0.167,2,0.388,0.900
22.02,1.326,0.140,6,11,0.167,2,0.388,0.900
22.14,1.321,0.167,6,11,0.167,2,0.370,1.012
22.27,1.316,0.195,6,11,0.167,2,0.294,1.460
22.40,1.311,0.217,6,11,0.167,2,0.254,1.696
22.53,1.305,0.237,6,11,0.167,2,0.254,1.700
22.66,1.297,0.257,7,11,0.176,2,0.254,1.700
22.78,1.288,0.276,7,11,0.176,2,0.254,1.700
22.91,1.278,0.294,7,11,0.176,2,0.254,1.700
23.04,1.266,0.311,7,11,0.176,2,0.254,1.700
23.17,1.253,0.327,7,11,0.176,2,0.254,1.700
23.30,1.238,0.343,7,11,0.176,2,0.254,1.700
23.42,1.223,0.357,7,11,0.176,2,0.254,1.700
23.55,1.206,0.369,7,11,0.176,2,0.254,1.700
23.68,1.186,0.382,7,11,0.176,2,0.329,1.252
23.81,1.162,0.397,7,11,0.176,2,0.405,0.804
23.94,1.138,0.412,7,11,0.176,2,0.480,0.356
24.06,1.114,0.427,7,11,0.176,3,0.525,-0.092
24.19,1.091,0.442,7,11,0.176,3,0.449,-0.540
24.32,1.067,0.457,7,11,0.176,3,0.404,-0.810
24.45,1.043,0.473,7,11,0.176,3,0.405,-0.801
24.58,1.019,0.488,7,11,0.176,3,0.405,-0.800
24.70,0.995,0.503,8,10,0.194,3,0.481,-0.352
24.83,0.972,0.518,8,10,0.194,3,0.524,0.096
24.96,0.948,0.533,8,10,0.194,3,0.448,0.544
25.09,0.924,0.548,8,10,0.194,3,0.373,0.992
25.22,0.900,0.563,8,10,0.194,3,0.298,1.440
25.34,0.881,0.575,8,10,0.194,3,0.253,1.707
25.47,0.862,0.584,8,10,0.194,3,0.291,1.478
25.60,0.837,0.595,8,10,0.194,3,0.367,1.030
25.73,0.811,0.606,8,9,0.204,3,0.388,0.902
25.86,0.785,0.617,8,9,0.204,3,0.388,0.900
25.98,0.759,0.629,8,9,0.204,3,0.388,0.900
26.11,0.734,0.640,8,9,0.204,3,0.388,0.900
26.24,0.708,0.651,8,9,0.204,3,0.388,0.900
26.37,0.682,0.662,8,9,0.204,3,0.388,0.900
26.50,0.656,0.674,8,9,0.204,4,0.388,0.900
26.62,0.630,0.685,8,9,0.204,4,0.388,0.900
26.75,0.604,0.696,9,8,0.213,4,0.464,0.452
26.88,0.579,0.708,9,8,0.213,4,0.539,0.008
27.01,0.553,0.719,9,8,0.213,4,0.540,0.001
27.14,0.527,0.730,9,8,0.213,4,0.540,0.000
27.26,0.501,0.741,9,8,0.213,4,0.521,-0.112
27.39,0.475,0.753,9,8,0.213,4,0.491,-0.290
27.52,0.450,0.764,9,8,0.213,4,0.489,-0.304
27.65,0.424,0.775,9,8,0.213,4,0.518,0.132
27.78,0.398,0.787,9,7,0.222,4,0.484,0.334
27.90,0.372,0.798,9,7,0.222,4,0.482,0.342
28.03,0.346,0.809,9,7,0.222,4,0.479,0.362
28.16,0.321,0.821,9,7,0.222,4,0.478,0.370
28.29,0.295,0.832,9,7,0.222,4,0.475,0.385
28.42,0.269,0.843,9,7,0.222,4,0.473,0.397
28.54,0.243,0.854,9,7,0.222,4,0.471,0.411
28.67,0.217,0.866,9,7,0.222,4,0.468,0.427
28.80,0.192,0.877,9,6,0.231,4,0.467,0.431
28.93,0.166,0.888,9,6,0.231,4,0.464,0.452
29.06,0.140,0.900,9,6,0.231,4,0.462,0.463
29.18,0.114,0.911,9,6,0.231,4,0.460,0.475
29.31,0.088,0.922,9,6,0.231,4,0.458,0.489
29.44,0.062,0.933,9,6,0.231,4,0.456,0.498
29.57,0.037,0.945,9,6,0.231,4,0.453,0.517
29.70,0.011,0.956,9,6,0.231,4,0.450,0.535
29.82,-0.015,0.967,10,6,0.241,4,0.448,0.549
29.95,-0.041,0.979,10,6,0.241,4,0.447,0.552
30.08,-0.067,0.990,10,6,0.241,4,0.445,0.567
30.21,-0.092,1.001,10,6,0.241,4,0.408,0.784
30.34,-0.118,1.013,10,6,0.241,4,0.405,0.801
30.46,-0.144,1.024,10,6,0.241,4,0.400,0.830
30.59,-0.170,1.035,10,6,0.241,4,0.398,0.844
30.72,-0.196,1.046,10,6,0.241,4,0.396,0.854
30.85,-0.221,1.058,10,5,0.250,4,0.394,0.868
30.98,-0.247,1.069,10,5,0.250,4,0.390,0.889
31.10,-0.273,1.080,10,5,0.250,4,0.389,0.896
31.23,-0.299,1.092,10,5,0.250,4,0.852,0.896
31.36,-0.325,1.103,10,5,0.250,4,0.352,1.120
31.49,-0.350,1.114,10,5,0.250,4,0.352,1.120
31.62,-0.376,1.126,10,5,0.250,4,0.795,1.044
31.74,-0.402,1.137,10,5,0.250,4,0.345,1.160
31.87,-0.428,1.148,11,4,0.269,4,0.656,1.401
32.00,-0.451,1.158,11,4,0.269,4,0.239,1.790
32.13,-0.470,1.165,11,4,0.269,4,0.251,1.716
32.26,-0.490,1.169,11,4,0.269,4,0.254,1.701
32.38,-0.511,1.173,11,4,0.269,4,0.273,1.588
32.51,-0.536,1.176,11,4,0.269,4,0.348,1.140
32.64,-0.564,1.179,11,4,0.269,4,0.388,0.904
32.77,-0.592,1.182,11,4,0.269,4,0.332,1.238
32.90,-0.620,1.185,11,3,0.278,4,0.391,0.886
33.02,-0.648,1.188,11,3,0.278,4,0.404,0.806
33.15,-0.676,1.191,11,3,0.278,4,0.405,0.801
33.28,-0.704,1.195,11,3,0.278,4,0.405,0.800
33.41,-0.732,1.198,11,3,0.278,4,0.405,0.800
33.54,-0.760,1.201,11,3,0.278,4,0.405,0.800
33.66,-0.788,1.204,11,3,0.278,4,0.405,0.800
33.79,-0.816,1.207,11,3,0.278,4,0.405,0.800
33.92,-0.844,1.210,11,2,0.287,4,0.405,0.800
34.05,-0.872,1.214,11,2,0.287,4,0.405,0.800
34.18,-0.900,1.217,11,2,0.287,4,0.405,0.800
34.30,-0.928,1.220,11,2,0.287,4,0.405,0.800
34.43,-0.956,1.223,11,2,0.287,4,0.405,0.800
34.56,-0.984,1.226,11,2,0.287,4,0.405,0.800
34.69,-1.012,1.230,11,2,0.287,4,0.405,0.800
34.82,-1.040,1.233,11,2,0.287,4,0.405,0.800
34.94,-1.068,1.236,11,1,0.296,4,0.330,1.248
35.07,-1.094,1.239,11,1,0.296,4,0.255,1.692
35.20,-1.114,1.240,11,1,0.296,4,0.254,1.699
35.33,-1.130,1.240,11,1,0.296,4,0.254,1.700
35.46,-1.145,1.241,11,1,0.296,4,0.254,1.700
35.58,-1.160,1.241,11,1,0.296,4,0.254,1.700
35.71,-1.175,1.241,11,1,0.296,4,0.254,1.700
35.84,-1.190,1.242,11,1,0.296,4,0.053,1.812
35.97,-1.197,1.241,11,0,0.306,4,0.046,2.260
36.10,-1.200,1.237,11,0,0.306,4,0.039,2.708
36.22,-1.198,1.230,11,0,0.306,4,0.098,2.624
36.35,-1.201,1.222,11,0,0.306,4,0.174,2.176
36.48,-1.209,1.208,11,0,0.306,4,0.249,1.728
36.61,-1.220,1.190,11,0,0.306,4,0.254,1.700
36.74,-1.229,1.171,11,0,0.306,4,0.254,1.700
36.86,-1.236,1.151,11,0,0.306,4,0.254,1.700
36.99,-1.242,1.128,11,0,0.306,4,0.329,1.252
37.12,-1.250,1.101,11,0,0.306,4,0.404,0.808
37.25,-1.257,1.074,11,0,0.306,4,0.397,0.847
37.38,-1.264,1.047,11,0,0.306,4,0.385,0.918
37.50,-1.272,1.020,11,0,0.306,4,0.381,0.947
37.63,-1.279,0.993,11,0,0.306,4,0.375,0.979
37.76,-1.287,0.965,11,0,0.306,4,0.362,1.056
37.89,-1.294,0.938,11,0,0.306,4,0.358,1.080
38.02,-1.301,0.911,10,0,0.315,4,0.352,1.115
38.14,-1.309,0.884,10,0,0.315,4,0.344,1.167
38.27,-1.316,0.857,10,0,0.315,4,0.335,1.219
38.40,-1.322,0.834,10,0,0.315,4,0.298,1.439
38.53,-1.328,0.809,10,0,0.315,5,0.332,1.237
38.66,-1.333,0.788,10,0,0.315,5,0.057,1.555
38.78,-1.336,0.768,10,0,0.315,5,0.344,1.166
38.91,-1.341,0.740,10,0,0.315,5,0.331,1.243
39.04,-1.346,0.717,9,0,0.324,5,0.297,1.443
39.17,-1.348,0.698,9,0,0.324,5,0.320,1.305
39.30,-1.352,0.671,9,0,0.324,5,0.333,1.228
39.42,-1.355,0.650,9,0,0.324,5,0.316,1.329
39.55,-1.358,0.623,9,0,0.324,5,0.060,1.330
39.68,-1.360,0.603,9,0,0.324,5,0.349,1.134
39.81,-1.363,0.575,9,0,0.324,5,0.339,1.193
39.94,-1.365,0.554,9,0,0.324,5,0.339,1.193
40.06,-1.367,0.528,8,0,0.333,5,0.264,1.641
40.19,-1.368,0.508,8,0,0.333,5,0.254,1.700
40.32,-1.368,0.493,8,0,0.333,5,0.254,1.700
40.45,-1.368,0.478,8,0,0.333,5,0.254,1.700
40.58,-1.369,0.463,8,0,0.333,5,0.254,1.700
40.70,-1.369,0.448,8,0,0.333,5,0.254,1.700
40.83,-1.369,0.433,8,0,0.333,5,0.254,1.700
40.96,-1.370,0.418,8,0,0.333,5,0.254,1.700
41.09,-1.370,0.403,7,0,0.343,5,0.254,1.700
41.22,-1.370,0.387,7,0,0.343,5,0.254,1.700
41.34,-1.371,0.372,7,0,0.343,5,0.254,1.700
41.47,-1.371,0.357,7,0,0.343,5,0.254,1.700
41.60,-1.371,0.342,7,0,0.343,5,0.254,1.700
41.73,-1.372,0.327,7,0,0.343,5,0.254,1.700
41.86,-1.372,0.312,7,0,0.343,5,0.254,1.700
41.98,-1.372,0.297,7,0,0.343,5,0.254,1.700
42.11,-1.373,0.282,7,0,0.343,5,0.254,1.700
42.24,-1.373,0.267,7,0,0.343,5,0.254,1.700
42.37,-1.373,0.252,7,0,0.343,5,0.254,1.700
42.50,-1.374,0.237,7,0,0.343,5,0.254,1.700
42.62,-1.374,0.222,7,0,0.343,5,0.254,1.700
42.75,-1.374,0.207,7,0,0.343,5,0.254,1.700
42.88,-1.375,0.192,7,0,0.343,5,0.254,1.700
43.01,-1.375,0.177,7,0,0.343,5,0.254,1.700
43.14,-1.376,0.157,6,0,0.352,5,0.329,1.252
43.26,-1.377,0.129,6,0,0.352,5,0.347,1.149
43.39,-1.378,0.101,6,0,0.352,5,0.348,1.141
43.52,-1.379,0.072,6,0,0.352,5,0.345,1.160
43.65,-1.380,0.044,6,0,0.352,5,0.343,1.173
43.78,-1.381,0.016,6,0,0.352,5,0.338,1.199
43.90,-1.381,-0.012,6,0,0.352,5,0.340,1.191
44.03,-1.382,-0.040,6,0,0.352,5,0.328,1.258
44.16,-1.383,-0.068,5,0,0.361,5,0.060,1.324
44.29,-1.383,-0.090,5,0,0.361,5,0.356,1.096
44.42,-1.383,-0.118,5,0,0.361,5,0.351,1.123
44.54,-1.383,-0.146,5,0,0.361,5,0.351,1.122
44.67,-1.383,-0.175,5,0,0.361,5,0.351,1.121
44.80,-1.384,-0.203,5,0,0.361,5,0.349,1.137
44.93,-1.384,-0.231,5,0,0.361,5,0.348,1.138
45.06,-1.384,-0.259,5,0,0.361,5,0.343,1.173
45.18,-1.384,-0.287,4,0,0.370,5,0.349,1.136
45.31,-1.384,-0.315,4,0,0.370,5,0.350,1.127
45.44,-1.384,-0.343,4,0,0.370,5,0.353,1.113
45.57,-1.385,-0.371,4,0,0.370,5,0.341,1.185
45.70,-1.385,-0.399,4,0,0.370,5,0.340,1.191
45.82,-1.386,-0.427,4,0,0.370,5,0.334,1.222
45.95,-1.386,-0.455,4,0,0.370,5,0.338,1.203
46.08,-1.386,-0.477,4,0,0.370,5,0.338,1.203
46.21,-1.386,-0.505,3,0,0.380,5,0.361,1.061
46.34,-1.385,-0.533,3,0,0.380,5,0.357,1.088
46.46,-1.385,-0.561,3,0,0.380,5,0.368,1.020
46.59,-1.384,-0.589,3,0,0.380,5,0.372,0.997
46.72,-1.384,-0.617,3,0,0.380,5,0.364,1.045
46.85,-1.383,-0.645,3,0,0.380,5,0.366,1.034
46.98,-1.383,-0.673,3,0,0.380,5,0.366,1.033
47.10,-1.382,-0.702,3,0,0.380,5,0.369,1.018
47.23,-1.381,-0.730,2,0,0.389,5,0.370,1.011
47.36,-1.381,-0.758,2,0,0.389,5,0.372,0.997
47.49,-1.380,-0.786,2,0,0.389,5,0.374,0.985
47.62,-1.380,-0.814,2,0,0.389,5,0.372,0.997
47.74,-1.379,-0.842,2,0,0.389,5,0.376,0.972
47.87,-1.378,-0.870,2,0,0.389,5,0.379,0.958
48.00,-1.378,-0.899,2,0,0.389,5,0.386,0.914
48.13,-1.377,-0.927,2,0,0.389,5,0.387,0.911
48.26,-1.376,-0.955,1,0,0.398,5,0.311,1.359
48.38,-1.376,-0.977,1,0,0.398,5,0.255,1.695
48.51,-1.375,-0.993,1,0,0.398,5,0.254,1.700
48.64,-1.373,-1.009,1,0,0.398,5,0.254,1.700
48.77,-1.371,-1.026,1,0,0.398,5,0.254,1.700
48.90,-1.369,-1.043,1,0,0.398,5,0.254,1.700
49.02,-1.366,-1.061,1,0,0.398,5,0.254,1.700
49.15,-1.362,-1.080,1,0,0.398,5,0.254,1.700
49.28,-1.357,-1.099,1,0,0.398,5,0.254,1.700
49.41,-1.351,-1.120,1,0,0.398,5,0.254,1.700
49.54,-1.343,-1.139,1,0,0.398,5,0.254,1.700
49.66,-1.334,-1.158,1,0,0.398,5,0.254,1.700
49.79,-1.323,-1.176,1,0,0.398,5,0.254,1.700
49.92,-1.311,-1.193,1,0,0.398,5,0.254,1.700
50.05,-1.300,-1.205,1,0,0.398,5,0.239,1.786
50.18,-1.285,-1.218,1,0,0.398,5,0.253,1.708
50.30,-1.267,-1.233,0,0,0.398,5,0.328,1.260
50.43,-1.252,-1.243,0,0,0.398,5,0.291,1.476
50.56,-1.232,-1.255,0,0,0.398,5,0.305,1.397
50.69,-1.212,-1.265,0,0,0.398,5,0.327,1.264
50.82,-1.191,-1.275,0,0,0.398,5,0.340,1.187
50.94,-1.174,-1.281,0,0,0.398,5,0.288,1.496
51.07,-1.155,-1.288,0,0,0.398,5,0.319,1.311
51.20,-1.129,-1.298,0,0,0.398,5,0.060,1.353
51.33,-1.108,-1.305,0,0,0.398,5,0.060,1.329
51.46,-1.091,-1.310,0,0,0.398,5,0.302,1.411
51.58,-1.065,-1.317,0,0,0.398,6,0.335,1.220
51.71,-1.044,-1.322,0,0,0.398,6,0.318,1.322
51.84,-1.022,-1.328,0,0,0.398,6,0.299,1.429
51.97,-1.003,-1.332,0,0,0.398,6,0.320,1.309
52.10,-0.982,-1.336,0,0,0.398,6,0.322,1.297
52.22,-0.962,-1.340,0,0,0.398,6,0.322,1.297
52.35,-0.935,-1.345,0,1,0.398,6,0.060,1.359
52.48,-0.915,-1.348,0,1,0.398,6,0.346,1.151
52.61,-0.893,-1.351,0,1,0.398,6,0.317,1.327
52.74,-0.873,-1.353,0,1,0.398,6,0.324,1.282
52.86,-0.846,-1.357,0,1,0.398,6,0.337,1.204
52.99,-0.825,-1.359,0,1,0.398,6,0.337,1.204
53.12,-0.797,-1.362,0,1,0.398,6,0.333,1.231
53.25,-0.776,-1.363,0,1,0.398,6,0.336,1.214
53.38,-0.749,-1.366,0,2,0.398,6,0.342,1.179
53.50,-0.721,-1.368,0,2,0.398,6,0.333,1.231
53.63,-0.692,-1.370,0,2,0.398,6,0.342,1.176
53.76,-0.671,-1.371,0,2,0.398,6,0.342,1.176
53.89,-0.643,-1.373,0,2,0.398,6,0.344,1.161
54.02,-0.615,-1.374,0,2,0.398,6,0.342,1.175
54.14,-0.587,-1.375,0,2,0.398,6,0.333,1.231
54.27,-0.559,-1.377,0,2,0.398,6,0.339,1.196
54.40,-0.531,-1.378,0,3,0.398,6,0.414,0.748
54.53,-0.502,-1.380,0,3,0.398,6,0.490,0.300
54.66,-0.484,-1.381,0,3,0.398,6,0.527,0.076
54.78,-0.468,-1.382,0,3,0.398,6,0.527,0.076
54.91,-0.447,-1.383,0,3,0.398,6,0.079,0.076
55.04,-0.429,-1.383,0,3,0.398,6,0.079,0.076
55.17,-0.416,-1.384,0,3,0.398,6,0.074,0.421
55.30,-0.402,-1.385,0,3,0.398,6,0.469,0.421
55.42,-0.379,-1.385,0,4,0.398,6,0.535,-0.027
55.55,-0.352,-1.386,0,4,0.398,6,0.076,-0.251
55.68,-0.342,-1.387,0,4,0.398,6,0.077,0.197
55.81,-0.336,-1.387,0,4,0.398,6,0.070,0.645
55.94,-0.335,-1.387,0,4,0.398,6,0.394,0.869
56.06,-0.316,-1.387,0,4,0.398,6,0.431,0.645
56.19,-0.288,-1.387,0,4,0.398,6,0.507,0.197
56.32,-0.260,-1.387,0,4,0.398,6,0.498,-0.251
56.45,-0.232,-1.387,0,4,0.398,6,0.422,-0.699
56.58,-0.204,-1.387,0,4,0.398,6,0.347,-1.147
56.70,-0.177,-1.387,0,4,0.398,6,0.271,-1.595
56.83,-0.161,-1.387,0,4,0.398,6,0.252,-1.711
56.96,-0.146,-1.387,0,4,0.398,6,0.254,-1.701
57.09,-0.131,-1.388,0,4,0.398,6,0.254,-1.700
57.22,-0.122,-1.389,0,4,0.398,6,0.061,-1.252
57.34,-0.120,-1.391,0,4,0.398,6,0.068,-0.804
57.47,-0.115,-1.394,0,5,0.398,6,0.075,-0.356
57.60,-0.106,-1.396,0,5,0.398,6,0.079,0.092
57.73,-0.097,-1.398,0,5,0.398,6,0.072,0.540
57.86,-0.089,-1.399,0,5,0.398,6,0.065,0.988
57.98,-0.082,-1.400,0,5,0.398,6,0.058,1.436
58.11,-0.062,-1.398,0,5,0.398,6,0.336,1.212
58.24,-0.034,-1.397,0,5,0.398,6,0.365,1.042
58.37,-0.005,-1.395,0,5,0.398,6,0.369,1.015
58.50,0.023,-1.393,0,6,0.398,6,0.375,0.983
58.62,0.051,-1.392,0,6,0.398,6,0.386,0.917
58.75,0.079,-1.390,0,6,0.398,6,0.388,0.904
58.88,0.107,-1.388,0,6,0.398,6,0.395,0.859
59.01,0.135,-1.386,0,6,0.398,6,0.390,0.892
59.14,0.163,-1.385,0,6,0.398,6,0.399,0.838
59.26,0.191,-1.383,0,6,0.398,6,0.401,0.828
59.39,0.219,-1.381,0,6,0.398,6,0.403,0.815
59.52,0.248,-1.379,0,7,0.398,6,0.404,0.807
59.65,0.276,-1.378,0,7,0.398,6,0.405,0.801
59.78,0.304,-1.376,0,7,0.398,6,0.405,0.800
59.90,0.332,-1.374,0,7,0.398,6,0.405,0.800
60.03,0.360,-1.372,0,7,0.398,6,0.405,0.800
60.16,0.388,-1.370,0,7,0.398,6,0.405,0.800
60.29,0.416,-1.369,0,7,0.398,6,0.405,0.800
60.42,0.444,-1.367,0,7,0.398,6,0.405,0.800
60.54,0.473,-1.365,0,8,0.398,6,0.405,0.800
60.67,0.501,-1.363,0,8,0.398,6,0.405,0.800
60.80,0.529,-1.362,0,8,0.398,6,0.405,0.800
60.93,0.557,-1.360,0,8,0.398,6,0.405,0.800
61.06,0.585,-1.358,0,8,0.398,6,0.405,0.800
61.18,0.613,-1.356,0,8,0.398,6,0.405,0.800
61.31,0.641,-1.354,0,8,0.398,6,0.405,0.800
61.44,0.669,-1.353,0,8,0.398,6,0.405,0.800
61.57,0.697,-1.351,0,9,0.398,6,0.405,0.800
61.70,0.725,-1.349,0,9,0.398,6,0.405,0.800
61.82,0.754,-1.347,0,9,0.398,6,0.405,0.800
61.95,0.782,-1.345,0,9,0.398,6,0.405,0.800
62.08,0.810,-1.344,0,9,0.398,6,0.405,0.800
62.21,0.838,-1.342,0,9,0.398,6,0.405,0.800
62.34,0.866,-1.340,0,9,0.398,6,0.405,0.800
62.46,0.894,-1.338,0,9,0.398,6,0.405,0.800
62.59,0.922,-1.336,0,10,0.398,6,0.405,0.800
62.72,0.950,-1.335,0,10,0.398,6,0.405,0.800
62.85,0.978,-1.333,0,10,0.398,6,0.405,0.800
62.98,1.007,-1.331,0,10,0.398,6,0.405,0.800
63.10,1.035,-1.329,0,10,0.398,6,0.405,0.800
63.23,1.063,-1.327,0,10,0.398,6,0.390,0.892
63.36,1.091,-1.326,0,10,0.398,6,0.381,0.946
63.49,1.119,-1.324,0,10,0.398,6,0.367,1.030
63.62,1.147,-1.322,0,11,0.398,6,0.442,0.582
63.74,1.175,-1.320,0,11,0.398,6,0.517,0.134
63.87,1.203,-1.318,0,11,0.398,6,0.487,-0.314
64.00,1.222,-1.317,0,11,0.398,6,0.078,-0.141
64.13,1.231,-1.317,0,11,0.398,6,0.075,0.307
64.26,1.236,-1.316,0,11,0.398,6,0.069,0.755
64.38,1.238,-1.315,0,11,0.398,6,0.062,1.203
64.51,1.242,-1.313,0,11,0.398,6,0.055,1.651
64.64,1.245,-1.309,0,11,0.398,6,0.049,2.099
64.77,1.245,-1.302,0,11,0.398,6,0.042,2.547
64.90,1.240,-1.293,0,11,0.398,6,0.079,2.738
65.02,1.241,-1.285,0,11,0.398,6,0.155,2.290
65.15,1.247,-1.273,0,11,0.398,6,0.230,1.842
65.28,1.255,-1.253,0,11,0.398,6,0.305,1.394
65.41,1.264,-1.227,0,11,0.398,6,0.381,0.946
65.54,1.274,-1.200,0,11,0.398,6,0.456,0.498
65.66,1.284,-1.174,0,11,0.398,6,0.532,0.050
65.79,1.293,-1.147,0,11,0.398,6,0.473,-0.398
65.92,1.303,-1.121,0,11,0.398,6,0.398,-0.846
66.05,1.313,-1.095,0,11,0.398,6,0.322,-1.294
66.18,1.321,-1.075,0,11,0.398,6,0.061,-1.294
66.30,1.326,-1.070,0,11,0.398,6,0.067,-0.846
66.43,1.331,-1.064,0,11,0.398,7,0.074,-0.398
66.56,1.337,-1.056,0,11,0.398,7,0.079,0.050
66.69,1.342,-1.048,1,11,0.398,7,0.073,0.498
66.82,1.346,-1.041,1,11,0.398,7,0.066,0.946
66.94,1.350,-1.033,1,11,0.398,7,0.059,1.394
67.07,1.351,-1.026,1,11,0.398,7,0.268,1.618
67.20,1.356,-1.004,1,11,0.398,7,0.343,1.170
67.33,1.360,-0.981,1,11,0.398,7,0.066,0.946
67.46,1.363,-0.960,1,11,0.398,7,0.456,0.498
67.58,1.367,-0.939,1,11,0.398,7,0.076,0.274
67.71,1.369,-0.926,1,11,0.398,7,0.073,0.498
67.84,1.371,-0.910,1,11,0.398,7,0.477,0.374
67.97,1.374,-0.892,1,11,0.398,7,0.515,0.150
68.10,1.375,-0.879,1,11,0.398,7,0.449,0.540
68.22,1.377,-0.859,1,11,0.398,7,0.487,0.316
68.35,1.379,-0.842,1,11,0.398,7,0.524,0.092
68.48,1.381,-0.825,1,11,0.398,7,0.075,0.316
68.61,1.382,-0.813,1,11,0.398,7,0.070,0.641
68.74,1.384,-0.792,2,11,0.398,7,0.501,0.234
68.86,1.386,-0.764,2,11,0.398,7,0.504,-0.214
68.99,1.387,-0.746,2,11,0.398,7,0.078,-0.127
69.12,1.388,-0.736,2,11,0.398,7,0.075,0.321
69.25,1.389,-0.725,2,11,0.398,7,0.448,0.545
69.38,1.390,-0.705,2,11,0.398,7,0.072,0.545
69.50,1.391,-0.683,2,11,0.398,7,0.524,0.097
69.63,1.392,-0.655,2,11,0.398,7,0.481,-0.351
69.76,1.394,-0.632,3,11,0.398,7,0.075,-0.351
69.89,1.394,-0.623,3,11,0.398,7,0.079,0.097
70.02,1.395,-0.616,3,11,0.398,7,0.072,0.545
70.14,1.395,-0.614,3,11,0.398,7,0.065,0.993
70.27,1.395,-0.601,3,11,0.398,7,0.411,0.769
70.40,1.396,-0.573,3,11,0.398,7,0.075,0.321
70.53,1.397,-0.551,3,11,0.398,7,0.519,-0.127
70.66,1.397,-0.533,3,11,0.398,7,0.079,-0.063
70.78,1.398,-0.524,3,11,0.398,7,0.074,0.385
70.91,1.398,-0.521,3,11,0.398,7,0.068,0.833
71.04,1.398,-0.515,3,11,0.398,7,0.064,1.057
71.17,1.398,-0.494,3,11,0.398,7,0.438,0.609
71.30,1.397,-0.466,3,11,0.398,7,0.513,0.161
71.42,1.397,-0.438,3,11,0.398,7,0.492,-0.287
71.55,1.396,-0.410,3,11,0.398,7,0.416,-0.735
71.68,1.396,-0.382,3,11,0.398,7,0.341,-1.183
71.81,1.395,-0.356,4,11,0.398,7,0.265,-1.631
71.94,1.395,-0.339,4,11,0.398,7,0.252,-1.712
72.06,1.395,-0.324,4,11,0.398,7,0.254,-1.701
72.19,1.395,-0.309,4,11,0.398,7,0.254,-1.700
72.32,1.396,-0.294,4,11,0.398,7,0.254,-1.700
72.45,1.396,-0.279,4,11,0.398,7,0.254,-1.700
72.58,1.396,-0.263,4,11,0.398,7,0.254,-1.700
72.70,1.397,-0.248,4,11,0.398,7,0.254,-1.700
72.83,1.397,-0.232,4,11,0.398,7,0.254,-1.700
72.96,1.398,-0.219,4,11,0.398,7,0.058,-1.476
73.09,1.399,-0.215,4,11,0.398,7,0.065,-1.028
73.22,1.402,-0.212,4,11,0.398,7,0.071,-0.580
73.34,1.405,-0.205,4,11,0.398,7,0.078,-0.132
73.47,1.406,-0.196,4,11,0.398,7,0.075,0.316
73.60,1.407,-0.188,4,11,0.398,7,0.069,0.764
73.73,1.408,-0.180,4,11,0.398,7,0.062,1.212
73.86,1.407,-0.169,5,11,0.398,7,0.336,1.212
73.98,1.406,-0.141,5,11,0.398,7,0.411,0.764
74.11,1.405,-0.113,5,11,0.398,7,0.487,0.316
74.24,1.404,-0.085,5,11,0.398,7,0.518,-0.132
74.37,1.403,-0.057,5,11,0.398,7,0.442,-0.580
74.50,1.402,-0.029,5,11,0.398,7,0.367,-1.028
74.62,1.400,-0.001,5,11,0.398,7,0.292,-1.476
74.75,1.400,0.019,5,11,0.398,7,0.251,-1.719
74.88,1.400,0.034,6,11,0.398,7,0.254,-1.702
75.01,1.400,0.049,6,11,0.398,7,0.254,-1.700
75.14,1.399,0.064,6,11,0.398,7,0.254,-1.700
75.26,1.399,0.079,6,11,0.398,7,0.254,-1.700
75.39,1.399,0.094,6,11,0.398,7,0.254,-1.700
75.52,1.399,0.109,6,11,0.398,7,0.254,-1.700
75.65,1.399,0.124,6,11,0.398,7,0.254,-1.700
75.78,1.398,0.139,6,11,0.398,7,0.254,-1.700
75.90,1.398,0.154,6,11,0.398,7,0.254,-1.700
76.03,1.398,0.169,6,11,0.398,7,0.254,-1.700
76.16,1.397,0.184,6,11,0.398,7,0.254,-1.700
76.29,1.397,0.199,6,11,0.398,7,0.254,-1.700
76.42,1.397,0.214,6,11,0.398,7,0.254,-1.700
76.54,1.397,0.229,6,11,0.398,7,0.254,-1.700
76.67,1.396,0.244,6,11,0.398,7,0.254,-1.700
76.80,1.396,0.259,6,11,0.398,7,0.254,-1.700
76.93,1.396,0.275,7,11,0.398,7,0.254,-1.700
77.06,1.396,0.290,7,11,0.398,7,0.254,-1.700
77.18,1.395,0.305,7,11,0.398,7,0.254,-1.700
77.31,1.395,0.320,7,11,0.398,7,0.254,-1.700
77.44,1.395,0.335,7,11,0.398,7,0.254,-1.700
77.57,1.394,0.350,7,11,0.398,7,0.254,-1.700
77.70,1.394,0.365,7,11,0.398,7,0.254,-1.700
77.82,1.394,0.380,7,11,0.398,7,0.254,-1.700
77.95,1.393,0.395,7,11,0.398,7,0.254,-1.700
78.08,1.393,0.410,7,11,0.398,7,0.254,-1.700
78.21,1.393,0.425,7,11,0.398,7,0.254,-1.700
78.34,1.393,0.440,7,11,0.398,7,0.254,-1.700
78.46,1.392,0.455,7,11,0.398,7,0.254,-1.700
78.59,1.392,0.470,7,11,0.398,7,0.254,-1.700
78.72,1.392,0.485,7,11,0.398,7,0.254,-1.700
78.85,1.391,0.500,7,11,0.398,7,0.254,-1.700
78.98,1.391,0.521,8,11,0.407,7,0.329,-1.252
79.10,1.390,0.548,8,11,0.407,7,0.405,-0.804
79.23,1.389,0.577,8,11,0.407,7,0.480,-0.356
79.36,1.388,0.605,8,11,0.407,7,0.525,0.092
79.49,1.388,0.633,8,11,0.407,7,0.449,0.540
79.62,1.387,0.661,8,11,0.407,7,0.374,0.988
79.74,1.386,0.689,8,11,0.407,7,0.298,1.436
79.87,1.385,0.709,8,11,0.407,7,0.252,1.709
80.00,1.383,0.725,9,11,0.417,7,0.254,1.701
80.13,1.382,0.742,9,11,0.417,7,0.254,1.700
80.26,1.379,0.759,9,11,0.417,7,0.254,1.700
80.38,1.376,0.777,9,11,0.417,7,0.254,1.700
80.51,1.372,0.795,9,11,0.417,7,0.254,1.700
80.64,1.368,0.815,9,11,0.417,7,0.254,1.700
80.77,1.362,0.835,9,11,0.417,7,0.254,1.700
80.90,1.354,0.855,9,11,0.417,7,0.254,1.700
81.02,1.345,0.874,9,11,0.417,7,0.254,1.700
81.15,1.335,0.892,9,11,0.417,7,0.254,1.700
81.28,1.323,0.909,9,11,0.417,7,0.254,1.700
81.41,1.310,0.926,9,11,0.417,7,0.254,1.700
81.54,1.295,0.941,9,11,0.417,7,0.401,1.812
81.66,1.276,0.960,9,11,0.417,7,0.348,1.985
81.79,1.257,0.977,9,11,0.417,7,0.344,1.999
81.92,1.238,0.994,9,11,0.417,7,0.343,2.000
82.05,1.218,1.011,10,11,0.426,7,0.343,2.000
82.18,1.198,1.027,10,11,0.426,7,0.343,2.000
82.30,1.177,1.042,10,11,0.426,7,0.343,2.000
82.43,1.159,1.054,10,11,0.426,8,0.245,1.750
82.56,1.141,1.064,10,11,0.426,8,0.253,1.705
82.69,1.122,1.073,10,11,0.426,8,0.254,1.700
82.82,1.102,1.080,10,11,0.426,8,0.254,1.700
82.94,1.082,1.085,10,11,0.426,8,0.292,1.476
83.07,1.055,1.091,10,10,0.435,8,0.367,1.028
83.20,1.028,1.097,10,10,0.435,8,0.388,0.902
83.33,1.000,1.103,10,10,0.435,8,0.388,0.900
83.46,0.973,1.110,10,10,0.435,8,0.370,1.012
83.58,0.945,1.116,10,10,0.435,8,0.299,1.431
83.71,0.919,1.121,10,10,0.435,8,0.299,1.431
83.84,0.893,1.126,10,10,0.435,8,0.337,1.207
83.97,0.866,1.131,10,10,0.435,8,0.387,0.911
84.10,0.838,1.136,11,9,0.444,8,0.369,1.014
84.22,0.810,1.141,11,9,0.444,8,0.299,1.435
84.35,0.785,1.145,11,9,0.444,8,0.336,1.211
84.48,0.757,1.150,11,9,0.444,8,0.387,0.911
84.61,0.729,1.154,11,9,0.444,8,0.327,1.268
84.74,0.702,1.158,11,9,0.444,8,0.327,1.268
84.86,0.674,1.162,11,9,0.444,8,0.327,1.268
84.99,0.648,1.166,11,9,0.444,8,0.327,1.268
85.12,0.620,1.170,11,8,0.454,8,0.500,1.492
85.25,0.592,1.173,11,8,0.454,8,0.362,1.940
85.38,0.566,1.176,11,8,0.454,8,0.344,1.998
85.50,0.541,1.179,11,8,0.454,8,0.343,2.000
85.63,0.517,1.181,11,8,0.454,8,0.343,2.000
85.76,0.494,1.183,11,8,0.454,8,0.343,2.000
85.89,0.471,1.185,11,8,0.454,8,0.343,2.000
86.02,0.447,1.187,11,8,0.454,8,0.343,2.000
86.14,0.424,1.189,11,7,0.463,8,0.343,2.000
86.27,0.401,1.191,11,7,0.463,8,0.343,2.000
86.40,0.377,1.193,11,7,0.463,8,0.343,2.000
86.53,0.354,1.195,11,7,0.463,8,0.343,2.000
86.66,0.330,1.197,11,7,0.463,8,0.343,2.000
86.78,0.307,1.199,11,7,0.463,8,0.343,2.000
86.91,0.284,1.202,11,7,0.463,8,0.343,2.000
87.04,0.260,1.204,11,7,0.463,8,0.343,2.000
87.17,0.237,1.206,11,7,0.463,8,0.343,2.000
87.30,0.214,1.208,11,7,0.463,8,0.343,2.000
87.42,0.190,1.210,11,7,0.463,8,0.343,2.000
87.55,0.167,1.212,11,7,0.463,8,0.343,2.000
87.68,0.143,1.214,11,7,0.463,8,0.343,2.000
87.81,0.120,1.216,11,7,0.463,8,0.343,2.000
87.94,0.097,1.218,11,7,0.463,8,0.343,2.000
88.06,0.073,1.220,11,7,0.463,8,0.343,2.000
88.19,0.050,1.222,11,6,0.472,8,0.343,2.000
88.32,0.026,1.224,11,6,0.472,8,0.343,2.000
88.45,0.003,1.226,11,6,0.472,8,0.343,2.000
88.58,-0.020,1.228,11,6,0.472,8,0.343,2.000
88.70,-0.044,1.230,11,6,0.472,8,0.343,2.000
88.83,-0.067,1.232,11,6,0.472,8,0.343,2.000
88.96,-0.090,1.234,11,6,0.472,8,0.343,2.000
89.09,-0.114,1.236,11,6,0.472,8,0.343,2.000
89.22,-0.137,1.238,11,5,0.481,8,0.343,2.000
89.34,-0.161,1.240,11,5,0.481,8,0.343,2.000
89.47,-0.184,1.242,11,5,0.481,8,0.343,2.000
89.60,-0.207,1.244,11,5,0.481,8,0.343,2.000
89.73,-0.231,1.246,11,5,0.481,8,0.343,2.000
89.86,-0.254,1.248,11,5,0.481,8,0.343,2.000
89.98,-0.278,1.250,11,5,0.481,8,0.343,2.000
90.11,-0.301,1.252,11,5,0.481,8,0.343,2.000
90.24,-0.324,1.254,11,4,0.481,8,0.343,2.000
90.37,-0.348,1.256,11,4,0.481,8,0.343,2.000
90.50,-0.371,1.258,11,4,0.481,8,0.343,2.000
90.62,-0.394,1.260,11,4,0.481,8,0.343,2.000
90.75,-0.418,1.262,11,4,0.481,8,0.343,2.000
90.88,-0.441,1.264,11,4,0.481,8,0.343,2.000
91.01,-0.465,1.266,11,4,0.481,8,0.343,2.000
91.14,-0.488,1.268,11,4,0.481,8,0.343,2.000
91.26,-0.512,1.270,11,3,0.481,8,0.343,2.000
91.39,-0.535,1.272,11,3,0.481,8,0.343,2.000
91.52,-0.558,1.274,11,3,0.481,8,0.343,2.000
91.65,-0.582,1.276,11,3,0.481,8,0.343,2.000
91.78,-0.605,1.278,11,3,0.481,8,0.343,2.000
91.90,-0.629,1.280,11,3,0.481,8,0.343,2.000
92.03,-0.652,1.282,11,3,0.481,8,0.343,2.000
92.16,-0.675,1.284,11,3,0.481,8,0.343,2.000
92.29,-0.699,1.286,11,2,0.481,8,0.343,2.000
92.42,-0.718,1.287,11,2,0.481,8,0.249,1.727
92.54,-0.733,1.287,11,2,0.481,8,0.253,1.703
92.67,-0.748,1.288,11,2,0.481,8,0.254,1.700
92.80,-0.763,1.288,11,2,0.481,8,0.254,1.700
92.93,-0.778,1.288,11,2,0.481,8,0.254,1.700
93.06,-0.793,1.289,11,2,0.481,8,0.254,1.700
93.18,-0.808,1.289,11,2,0.481,8,0.254,1.700
93.31,-0.823,1.290,11,2,0.481,8,0.254,1.700
93.44,-0.839,1.290,11,2,0.481,8,0.254,1.700
93.57,-0.854,1.290,11,2,0.481,8,0.254,1.700
93.70,-0.869,1.291,11,2,0.481,8,0.254,1.700
93.82,-0.884,1.291,11,2,0.481,8,0.254,1.700
93.95,-0.899,1.291,11,2,0.481,8,0.254,1.700
94.08,-0.914,1.292,11,2,0.481,8,0.254,1.700
94.21,-0.929,1.292,11,2,0.481,8,0.254,1.700
94.34,-0.944,1.293,11,1,0.481,8,0.254,1.700
94.46,-0.959,1.293,11,1,0.481,8,0.254,1.700
94.59,-0.974,1.293,11,1,0.481,8,0.254,1.700
94.72,-0.989,1.294,11,1,0.481,8,0.254,1.700
94.85,-1.004,1.294,11,1,0.481,8,0.254,1.700
94.98,-1.019,1.295,11,1,0.481,8,0.254,1.700
95.10,-1.034,1.295,11,1,0.481,8,0.254,1.700
95.23,-1.049,1.295,11,1,0.481,8,0.254,1.700
95.36,-1.064,1.296,11,1,0.481,8,0.254,1.700
95.49,-1.080,1.296,11,1,0.481,8,0.254,1.700
95.62,-1.095,1.297,11,1,0.481,8,0.254,1.700
95.74,-1.110,1.297,11,1,0.481,8,0.254,1.700
95.87,-1.125,1.298,11,1,0.481,8,0.254,1.700
96.00,-1.140,1.298,11,1,0.481,8,0.254,1.700
96.13,-1.155,1.298,11,1,0.481,8,0.254,1.700
96.26,-1.170,1.299,11,1,0.481,8,0.254,1.700
96.38,-1.185,1.299,11,0,0.481,8,0.254,1.700
96.51,-1.200,1.300,11,0,0.481,8,0.254,1.700
96.64,-1.215,1.300,11,0,0.481,8,0.254,1.700
96.77,-1.224,1.300,11,0,0.481,8,0.048,2.148
96.90,-1.229,1.297,11,0,0.481,9,0.041,2.596
97.02,-1.228,1.291,11,0,0.481,9,0.079,2.736
97.15,-1.228,1.282,11,0,0.481,9,0.155,2.288
97.28,-1.236,1.271,11,0,0.481,9,0.230,1.840
97.41,-1.246,1.253,11,0,0.481,9,0.254,1.700
97.54,-1.255,1.234,11,0,0.481,9,0.254,1.700
97.66,-1.263,1.215,11,0,0.481,9,0.254,1.700
97.79,-1.269,1.195,11,0,0.481,9,0.254,1.700
97.92,-1.273,1.174,11,0,0.481,9,0.254,1.700
98.05,-1.276,1.153,11,0,0.481,9,0.254,1.700
98.18,-1.277,1.133,11,0,0.481,9,0.254,1.700
98.30,-1.278,1.117,11,0,0.481,9,0.254,1.700
98.43,-1.278,1.102,10,0,0.481,9,0.254,1.700
98.56,-1.279,1.087,10,0,0.481,9,0.254,1.700
98.69,-1.279,1.072,10,0,0.481,9,0.254,1.700
98.82,-1.280,1.057,10,0,0.481,9,0.254,1.700
98.94,-1.280,1.042,10,0,0.481,9,0.254,1.700
99.07,-1.281,1.027,10,0,0.481,9,0.254,1.700
99.20,-1.282,1.012,10,0,0.481,9,0.254,1.700
99.33,-1.282,0.996,10,0,0.481,9,0.254,1.700
99.46,-1.283,0.981,10,0,0.481,9,0.254,1.700
99.58,-1.283,0.966,10,0,0.481,9,0.254,1.700
99.71,-1.284,0.951,10,0,0.481,9,0.254,1.700
99.84,-1.284,0.936,10,0,0.481,9,0.254,1.700
99.97,-1.285,0.921,10,0,0.481,9,0.254,1.700
100.10,-1.285,0.906,10,0,0.481,9,0.254,1.700
100.22,-1.286,0.891,10,0,0.481,9,0.254,1.700
100.35,-1.287,0.876,10,0,0.481,10,0.254,1.700
100.48,-1.287,0.861,9,0,0.481,10,0.254,1.700
100.61,-1.288,0.846,9,0,0.481,10,0.254,1.700
100.74,-1.288,0.831,9,0,0.481,10,0.254,1.700
100.86,-1.289,0.816,9,0,0.481,10,0.254,1.700
100.99,-1.289,0.801,9,0,0.481,10,0.254,1.700
101.12,-1.290,0.786,9,0,0.481,10,0.254,1.700
101.25,-1.291,0.771,9,0,0.481,10,0.254,1.700
101.38,-1.291,0.755,9,0,0.481,10,0.254,1.700
101.50,-1.292,0.740,9,0,0.481,10,0.254,1.700
101.63,-1.292,0.725,9,0,0.481,10,0.254,1.700
101.76,-1.293,0.710,9,0,0.481,10,0.254,1.700
101.89,-1.294,0.695,9,0,0.481,10,0.254,1.700
102.02,-1.294,0.680,9,0,0.481,10,0.254,1.700
102.14,-1.295,0.665,9,0,0.481,10,0.254,1.700
102.27,-1.295,0.650,9,0,0.481,10,0.254,1.700
102.40,-1.296,0.635,9,0,0.481,10,0.254,1.700
102.53,-1.297,0.620,8,0,0.481,10,0.254,1.700
102.66,-1.297,0.605,8,0,0.481,10,0.254,1.700
102.78,-1.298,0.590,8,0,0.481,10,0.254,1.700
102.91,-1.298,0.575,8,0,0.481,10,0.254,1.700
103.04,-1.299,0.560,8,0,0.481,10,0.254,1.700
103.17,-1.300,0.545,8,0,0.481,10,0.254,1.700
103.30,-1.300,0.530,8,0,0.481,10,0.254,1.700
103.42,-1.301,0.515,8,0,0.481,10,0.254,1.700
103.55,-1.301,0.499,8,0,0.481,10,0.254,1.700
103.68,-1.302,0.484,8,0,0.481,10,0.254,1.700
103.81,-1.303,0.469,8,0,0.481,10,0.254,1.700
103.94,-1.303,0.454,8,0,0.481,10,0.254,1.700
104.06,-1.304,0.439,8,0,0.481,10,0.254,1.700
104.19,-1.304,0.424,8,0,0.481,10,0.254,1.700
104.32,-1.305,0.409,8,0,0.481,10,0.254,1.700
104.45,-1.306,0.394,8,0,0.481,10,0.254,1.700
104.58,-1.306,0.379,7,0,0.481,10,0.254,1.700
104.70,-1.307,0.364,7,0,0.481,10,0.254,1.700
104.83,-1.308,0.349,7,0,0.481,10,0.254,1.700
104.96,-1.308,0.334,7,0,0.481,10,0.254,1.700
105.09,-1.309,0.319,7,0,0.481,10,0.254,1.700
105.22,-1.310,0.304,7,0,0.481,10,0.254,1.700
105.34,-1.310,0.289,7,0,0.481,10,0.254,1.700
105.47,-1.311,0.274,7,0,0.481,10,0.254,1.700
105.60,-1.311,0.258,7,0,0.481,10,0.254,1.700
105.73,-1.312,0.243,7,0,0.481,10,0.254,1.700
105.86,-1.313,0.228,7,0,0.481,10,0.254,1.700
105.98,-1.313,0.213,7,0,0.481,10,0.254,1.700
106.11,-1.314,0.198,7,0,0.481,10,0.254,1.700
106.24,-1.315,0.183,7,0,0.481,10,0.254,1.700
106.37,-1.315,0.168,7,0,0.481,10,0.254,1.700
106.50,-1.316,0.153,7,0,0.481,10,0.254,1.700
106.62,-1.317,0.138,6,0,0.481,10,0.254,1.700
106.75,-1.317,0.123,6,0,0.481,10,0.254,1.700
106.88,-1.318,0.108,6,0,0.481,10,0.254,1.700
107.01,-1.319,0.093,6,0,0.481,10,0.254,1.700
107.14,-1.319,0.078,6,0,0.481,10,0.254,1.700
107.26,-1.320,0.063,6,0,0.481,10,0.254,1.700
107.39,-1.321,0.048,6,0,0.481,10,0.254,1.700
107.52,-1.321,0.033,6,0,0.481,10,0.254,1.700
107.65,-1.322,0.018,6,0,0.481,10,0.254,1.700
107.78,-1.323,0.002,6,0,0.481,10,0.254,1.700
107.90,-1.323,-0.013,6,0,0.481,10,0.254,1.700
108.03,-1.324,-0.028,6,0,0.481,10,0.254,1.700
108.16,-1.325,-0.043,6,0,0.481,10,0.254,1.700
108.29,-1.325,-0.058,6,0,0.481,10,0.254,1.700
108.42,-1.326,-0.073,6,0,0.481,10,0.254,1.700
108.54,-1.327,-0.088,6,0,0.481,10,0.254,1.700
108.67,-1.328,-0.108,5,0,0.481,10,0.329,1.252
108.80,-1.329,-0.135,5,0,0.481,10,0.405,0.804
108.93,-1.331,-0.163,5,0,0.481,10,0.480,0.356
109.06,-1.332,-0.192,5,0,0.481,10,0.525,-0.092
109.18,-1.334,-0.220,5,0,0.481,10,0.449,-0.540
109.31,-1.336,-0.248,5,0,0.481,10,0.374,-0.988
109.44,-1.337,-0.276,5,0,0.481,10,0.298,-1.436
109.57,-1.339,-0.296,5,0,0.481,10,0.254,-1.702
109.70,-1.342,-0.314,4,0,0.481,10,0.254,-1.700
109.82,-1.345,-0.331,4,0,0.481,10,0.254,-1.700
109.95,-1.349,-0.350,4,0,0.481,10,0.254,-1.700
110.08,-1.353,-0.366,4,0,0.481,10,0.058,-1.476
110.21,-1.357,-0.370,4,0,0.481,10,0.065,-1.028
110.34,-1.362,-0.374,4,0,0.481,10,0.071,-0.580
110.46,-1.366,-0.381,4,0,0.481,10,0.078,-0.132
110.59,-1.371,-0.390,4,0,0.481,10,0.075,0.316
110.72,-1.375,-0.398,4,0,0.481,10,0.069,0.764
110.85,-1.378,-0.406,4,0,0.481,10,0.062,1.212
110.98,-1.379,-0.413,4,0,0.481,10,0.055,1.660
111.10,-1.380,-0.426,4,0,0.481,10,0.298,1.436
111.23,-1.381,-0.451,4,0,0.481,10,0.374,0.988
111.36,-1.383,-0.479,4,0,0.481,10,0.449,0.540
111.49,-1.385,-0.507,4,0,0.481,10,0.525,0.092
111.62,-1.387,-0.536,4,0,0.481,10,0.480,-0.356
111.74,-1.388,-0.549,3,0,0.481,10,0.080,-0.031
111.87,-1.389,-0.558,3,0,0.481,10,0.074,0.417
112.00,-1.389,-0.562,3,0,0.481,10,0.406,0.798
112.13,-1.390,-0.580,3,0,0.481,10,0.443,0.574
112.26,-1.392,-0.603,3,0,0.481,10,0.519,0.126
112.38,-1.392,-0.620,3,0,0.481,10,0.519,0.126
112.51,-1.393,-0.641,3,0,0.481,10,0.078,0.126
112.64,-1.394,-0.658,3,0,0.481,10,0.078,0.126
112.77,-1.395,-0.671,3,0,0.481,10,0.497,0.253
112.90,-1.396,-0.693,3,0,0.481,10,0.076,0.253
113.02,-1.397,-0.709,3,0,0.481,10,0.076,0.253
113.15,-1.397,-0.720,3,0,0.481,10,0.470,0.418
113.28,-1.398,-0.747,3,0,0.481,10,0.535,-0.030
113.41,-1.398,-0.761,3,0,0.481,10,0.077,0.194
113.54,-1.399,-0.777,3,0,0.481,10,0.507,0.194
113.66,-1.399,-0.805,3,0,0.481,10,0.077,-0.212
113.79,-1.400,-0.814,2,0,0.481,10,0.076,0.236
113.92,-1.400,-0.819,2,0,0.481,10,0.070,0.684
114.05,-1.400,-0.821,2,0,0.481,10,0.387,0.908
114.18,-1.400,-0.840,2,0,0.481,10,0.425,0.684
114.30,-1.399,-0.867,2,0,0.481,10,0.500,0.236
114.43,-1.399,-0.895,2,0,0.481,10,0.504,-0.212
114.56,-1.398,-0.924,2,0,0.481,10,0.429,-0.660
114.69,-1.398,-0.952,2,0,0.481,10,0.354,-1.108
114.82,-1.397,-0.979,1,0,0.481,10,0.278,-1.556
114.94,-1.397,-0.996,1,0,0.481,10,0.251,-1.718
115.07,-1.397,-1.011,1,0,0.481,10,0.254,-1.702
115.20,-1.397,-1.026,1,0,0.481,10,0.254,-1.700
115.33,-1.397,-1.041,1,0,0.481,10,0.254,-1.700
115.46,-1.397,-1.056,1,0,0.481,10,0.254,-1.700
115.58,-1.397,-1.071,1,0,0.481,10,0.254,-1.700
115.71,-1.397,-1.086,1,0,0.481,10,0.254,-1.700
115.84,-1.397,-1.101,1,0,0.481,10,0.254,-1.700
115.97,-1.397,-1.116,1,0,0.481,10,0.254,-1.700
116.10,-1.397,-1.131,1,0,0.481,10,0.254,-1.700
116.22,-1.397,-1.146,1,0,0.481,10,0.254,-1.700
116.35,-1.397,-1.161,1,0,0.481,10,0.254,-1.700
116.48,-1.397,-1.176,1,0,0.481,10,0.254,-1.700
116.61,-1.396,-1.191,1,0,0.481,10,0.254,-1.700
116.74,-1.396,-1.206,1,0,0.481,10,0.254,-1.700
116.86,-1.396,-1.221,0,0,0.481,10,0.056,-1.588
116.99,-1.397,-1.228,0,0,0.481,10,0.063,-1.140
117.12,-1.400,-1.230,0,0,0.481,10,0.070,-0.692
117.25,-1.402,-1.235,0,0,0.481,10,0.076,-0.244
117.38,-1.404,-1.245,0,0,0.481,10,0.077,0.204
117.50,-1.406,-1.254,0,0,0.481,10,0.070,0.652
117.63,-1.407,-1.262,0,0,0.481,10,0.064,1.100
117.76,-1.407,-1.269,0,0,0.481,10,0.057,1.548
117.89,-1.405,-1.275,0,0,0.481,10,0.050,1.996
118.02,-1.399,-1.276,0,0,0.481,10,0.043,2.444
118.14,-1.391,-1.269,0,0,0.481,10,0.037,2.850
118.27,-1.382,-1.264,0,0,0.481,10,0.037,2.850
118.40,-1.376,-1.261,0,0,0.481,10,0.117,2.514
118.53,-1.366,-1.264,0,0,0.481,10,0.192,2.066
118.66,-1.349,-1.268,0,0,0.481,10,0.268,1.618
118.78,-1.324,-1.272,0,0,0.481,10,0.343,1.170
118.91,-1.296,-1.277,0,0,0.481,10,0.418,0.722
119.04,-1.268,-1.282,0,0,0.481,10,0.494,0.274
119.17,-1.241,-1.287,0,0,0.481,10,0.511,-0.174
119.30,-1.213,-1.292,0,0,0.481,10,0.435,-0.622
119.42,-1.185,-1.297,0,0,0.481,10,0.360,-1.070
119.55,-1.158,-1.301,0,0,0.481,10,0.284,-1.518
119.68,-1.137,-1.306,0,0,0.481,10,0.254,-1.701
119.81,-1.116,-1.312,0,0,0.481,10,0.254,-1.700
119.94,-1.097,-1.320,0,1,0.481,10,0.056,-1.588
120.06,-1.092,-1.325,0,1,0.481,10,0.063,-1.140
120.19,-1.088,-1.331,0,1,0.481,10,0.070,-0.692
120.32,-1.081,-1.336,0,1,0.481,10,0.076,-0.244
120.45,-1.074,-1.343,0,1,0.481,10,0.077,0.204
120.58,-1.066,-1.348,0,1,0.481,10,0.070,0.652
120.70,-1.059,-1.353,0,1,0.481,10,0.064,1.100
120.83,-1.052,-1.356,0,1,0.481,10,0.057,1.548
120.96,-1.045,-1.358,0,1,0.481,10,0.242,1.772
121.09,-1.025,-1.361,0,1,0.481,10,0.317,1.324
121.22,-1.005,-1.365,0,1,0.481,10,0.393,0.876
121.34,-0.982,-1.368,0,1,0.481,10,0.070,0.652
121.47,-0.966,-1.370,0,1,0.481,10,0.474,0.391
121.60,-0.949,-1.373,0,1,0.481,10,0.474,0.391
121.73,-0.929,-1.375,0,1,0.481,10,0.074,0.391
121.86,-0.916,-1.377,0,1,0.481,10,0.474,0.391
121.98,-0.895,-1.379,0,1,0.481,10,0.528,0.069
122.11,-0.879,-1.381,0,1,0.481,10,0.075,0.330
122.24,-0.866,-1.382,0,1,0.481,10,0.479,0.365
122.37,-0.840,-1.384,0,1,0.481,10,0.079,-0.083
122.50,-0.827,-1.386,0,1,0.481,10,0.078,0.141
122.62,-0.819,-1.386,0,1,0.481,10,0.441,0.589
122.75,-0.799,-1.388,0,1,0.481,10,0.071,0.588
122.88,-0.778,-1.389,0,1,0.481,10,0.078,0.140
123.01,-0.765,-1.390,0,2,0.481,10,0.505,0.206
123.14,-0.743,-1.392,0,2,0.481,10,0.077,0.206
123.26,-0.737,-1.392,0,2,0.481,10,0.430,0.654
123.39,-0.721,-1.393,0,2,0.481,10,0.430,0.654
123.52,-0.695,-1.394,0,2,0.481,10,0.505,0.206
123.65,-0.667,-1.395,0,2,0.481,10,0.076,-0.242
123.78,-0.654,-1.395,0,2,0.481,10,0.080,-0.018
123.90,-0.641,-1.396,0,2,0.481,10,0.505,0.206
124.03,-0.625,-1.397,0,3,0.481,10,0.505,0.206
124.16,-0.604,-1.397,0,3,0.481,10,0.537,-0.018
124.29,-0.587,-1.398,0,3,0.481,10,0.077,0.206
124.42,-0.576,-1.398,0,3,0.481,10,0.468,0.430
124.54,-0.554,-1.399,0,3,0.481,10,0.540,-0.001
124.67,-0.532,-1.399,0,3,0.481,10,0.080,-0.001
124.80,-0.514,-1.400,0,3,0.481,10,0.080,-0.001
124.93,-0.502,-1.400,0,3,0.481,10,0.503,0.223
125.06,-0.485,-1.401,0,3,0.481,10,0.503,0.223
125.18,-0.458,-1.401,0,3,0.481,10,0.502,-0.225
125.31,-0.430,-1.401,0,3,0.481,10,0.427,-0.673
125.44,-0.412,-1.402,0,3,0.481,10,0.073,-0.449
125.57,-0.405,-1.402,0,3,0.481,10,0.080,-0.001
125.70,-0.397,-1.403,0,3,0.481,10,0.073,0.447
125.82,-0.394,-1.403,0,3,0.481,10,0.067,0.895
125.95,-0.387,-1.403,0,3,0.481,10,0.063,1.119
126.08,-0.366,-1.402,0,4,0.481,10,0.427,0.671
126.21,-0.338,-1.402,0,4,0.481,10,0.503,0.223
126.34,-0.310,-1.401,0,4,0.481,10,0.502,-0.225
126.46,-0.282,-1.400,0,4,0.481,10,0.427,-0.673
126.59,-0.254,-1.399,0,4,0.481,10,0.351,-1.121
126.72,-0.227,-1.399,0,4,0.481,10,0.276,-1.569
126.85,-0.210,-1.399,0,4,0.481,10,0.251,-1.716
126.98,-0.195,-1.398,0,4,0.481,10,0.254,-1.701
127.10,-0.180,-1.398,0,5,0.481,10,0.254,-1.700
127.23,-0.165,-1.398,0,5,0.481,10,0.254,-1.700
127.36,-0.150,-1.398,0,5,0.481,10,0.254,-1.700
127.49,-0.135,-1.398,0,5,0.481,10,0.254,-1.700
127.62,-0.120,-1.398,0,5,0.481,10,0.254,-1.700
127.74,-0.105,-1.398,0,5,0.481,10,0.254,-1.700
127.87,-0.090,-1.397,0,5,0.481,10,0.254,-1.700
128.00,-0.075,-1.397,0,5,0.481,10,0.254,-1.700
128.13,-0.060,-1.397,0,5,0.481,10,0.254,-1.700
128.26,-0.045,-1.397,0,5,0.481,10,0.254,-1.700
128.38,-0.030,-1.396,0,5,0.481,10,0.254,-1.700
128.51,-0.015,-1.396,0,5,0.481,10,0.254,-1.700
128.64,0.000,-1.396,0,5,0.481,10,0.254,-1.700
128.77,0.015,-1.396,0,5,0.481,10,0.254,-1.700
128.90,0.030,-1.395,0,5,0.481,10,0.254,-1.700
129.02,0.045,-1.395,0,5,0.481,10,0.254,-1.700
129.15,0.061,-1.395,0,6,0.481,10,0.254,-1.700
129.28,0.076,-1.395,0,6,0.481,10,0.254,-1.700
129.41,0.091,-1.394,0,6,0.481,10,0.254,-1.700
129.54,0.106,-1.394,0,6,0.481,10,0.254,-1.700
129.66,0.121,-1.394,0,6,0.481,10,0.254,-1.700
129.79,0.136,-1.393,0,6,0.481,10,0.254,-1.700
129.92,0.151,-1.393,0,6,0.481,10,0.254,-1.700
130.05,0.166,-1.393,0,6,0.481,10,0.254,-1.700
130.18,0.181,-1.393,0,6,0.481,10,0.254,-1.700
130.30,0.196,-1.392,0,6,0.481,10,0.254,-1.700
130.43,0.211,-1.392,0,6,0.481,10,0.254,-1.700
130.56,0.226,-1.392,0,6,0.481,10,0.254,-1.700
130.69,0.241,-1.391,0,6,0.481,10,0.254,-1.700
130.82,0.256,-1.391,0,6,0.481,10,0.254,-1.700
130.94,0.271,-1.391,0,6,0.481,10,0.254,-1.700
131.07,0.286,-1.390,0,6,0.481,10,0.254,-1.700
131.20,0.302,-1.390,0,7,0.481,10,0.254,-1.700
131.33,0.317,-1.390,0,7,0.481,10,0.254,-1.700
131.46,0.332,-1.389,0,7,0.481,10,0.254,-1.700
131.58,0.347,-1.389,0,7,0.481,10,0.254,-1.700
131.71,0.362,-1.389,0,7,0.481,10,0.254,-1.700
131.84,0.377,-1.388,0,7,0.481,10,0.254,-1.700
131.97,0.392,-1.388,0,7,0.481,10,0.254,-1.700
132.10,0.407,-1.388,0,7,0.481,10,0.254,-1.700
132.22,0.422,-1.387,0,7,0.481,10,0.254,-1.700
132.35,0.437,-1.387,0,7,0.481,10,0.254,-1.700
132.48,0.452,-1.387,0,7,0.481,10,0.254,-1.700
132.61,0.467,-1.386,0,7,0.481,10,0.254,-1.700
132.74,0.482,-1.386,0,7,0.481,10,0.254,-1.700
132.86,0.497,-1.386,0,7,0.481,10,0.254,-1.700
132.99,0.512,-1.385,0,7,0.481,10,0.254,-1.700
133.12,0.527,-1.385,0,7,0.481,10,0.254,-1.700
133.25,0.543,-1.384,0,8,0.481,10,0.254,-1.700
133.38,0.558,-1.384,0,8,0.481,10,0.254,-1.700
133.50,0.573,-1.384,0,8,0.481,10,0.254,-1.700
133.63,0.588,-1.383,0,8,0.481,10,0.254,-1.700
133.76,0.603,-1.383,0,8,0.481,10,0.254,-1.700
133.89,0.618,-1.383,0,8,0.481,10,0.254,-1.700
134.02,0.633,-1.382,0,8,0.481,10,0.254,-1.700
134.14,0.648,-1.382,0,8,0.481,10,0.254,-1.700
134.27,0.663,-1.381,0,8,0.481,10,0.254,-1.700
134.40,0.678,-1.381,0,8,0.481,10,0.254,-1.700
134.53,0.693,-1.381,0,8,0.481,10,0.254,-1.700
134.66,0.708,-1.380,0,8,0.481,10,0.254,-1.700
134.78,0.723,-1.380,0,8,0.481,10,0.254,-1.700
134.91,0.738,-1.379,0,8,0.481,10,0.254,-1.700
135.04,0.753,-1.379,0,8,0.481,10,0.254,-1.700
135.17,0.769,-1.379,0,8,0.481,10,0.254,-1.700
135.30,0.784,-1.378,0,9,0.481,10,0.254,-1.700
135.42,0.799,-1.378,0,9,0.481,10,0.254,-1.700
135.55,0.814,-1.377,0,9,0.481,10,0.254,-1.700
135.68,0.829,-1.377,0,9,0.481,10,0.254,-1.700
135.81,0.844,-1.377,0,9,0.481,10,0.254,-1.700
135.94,0.859,-1.376,0,9,0.481,10,0.254,-1.700
136.06,0.874,-1.376,0,9,0.481,10,0.254,-1.700
136.19,0.889,-1.375,0,9,0.481,10,0.254,-1.700
136.32,0.904,-1.375,0,9,0.481,10,0.254,-1.700
136.45,0.919,-1.374,0,9,0.481,10,0.254,-1.700
136.58,0.934,-1.374,0,9,0.481,10,0.254,-1.700
136.70,0.949,-1.374,0,9,0.481,10,0.254,-1.700
136.83,0.964,-1.373,0,9,0.481,10,0.254,-1.700
136.96,0.979,-1.373,0,9,0.481,10,0.254,-1.700
137.09,0.994,-1.372,0,9,0.481,10,0.254,-1.700
137.22,1.010,-1.372,0,9,0.481,10,0.254,-1.700
137.34,1.025,-1.371,0,10,0.481,10,0.254,-1.700
137.47,1.040,-1.371,0,10,0.481,10,0.254,-1.700
137.60,1.055,-1.370,0,10,0.481,10,0.254,-1.700
137.73,1.070,-1.370,0,10,0.481,10,0.254,-1.700
137.86,1.085,-1.369,0,10,0.481,10,0.254,-1.700
137.98,1.100,-1.369,0,10,0.481,10,0.254,-1.700
138.11,1.115,-1.369,0,10,0.481,10,0.254,-1.700
138.24,1.130,-1.368,0,10,0.481,10,0.254,-1.700
138.37,1.145,-1.368,0,11,0.481,10,0.254,-1.700
138.50,1.160,-1.367,0,11,0.481,10,0.254,-1.700
138.62,1.175,-1.367,0,11,0.481,10,0.254,-1.700
138.75,1.190,-1.366,0,11,0.481,10,0.254,-1.700
138.88,1.205,-1.366,0,11,0.481,10,0.254,-1.700
139.01,1.219,-1.365,0,11,0.481,10,0.292,-1.476
139.14,1.229,-1.366,0,11,0.481,10,0.065,-1.028
139.26,1.231,-1.368,0,11,0.481,10,0.071,-0.580
139.39,1.238,-1.370,0,11,0.481,10,0.078,-0.132
139.52,1.247,-1.371,0,11,0.481,10,0.075,0.316
139.65,1.256,-1.372,0,11,0.481,10,0.069,0.764
139.78,1.262,-1.373,0,11,0.481,10,0.062,1.212
139.90,1.269,-1.372,0,11,0.481,10,0.055,1.660
140.03,1.274,-1.369,0,11,0.481,10,0.048,2.108
140.16,1.274,-1.363,0,11,0.481,10,0.042,2.556
140.29,1.270,-1.355,0,11,0.481,10,0.037,2.850
140.42,1.266,-1.348,0,11,0.481,10,0.098,2.626
140.54,1.268,-1.339,0,11,0.481,10,0.173,2.178
140.67,1.272,-1.324,0,11,0.481,10,0.249,1.730
140.80,1.277,-1.301,0,11,0.481,10,0.324,1.282
140.93,1.283,-1.273,0,11,0.481,10,0.400,0.834
141.06,1.288,-1.246,0,11,0.481,10,0.475,0.386
141.18,1.294,-1.218,0,11,0.481,10,0.530,-0.062
141.31,1.300,-1.190,0,11,0.481,10,0.454,-0.510
141.44,1.305,-1.163,0,11,0.481,10,0.379,-0.958
141.57,1.311,-1.135,0,11,0.481,10,0.303,-1.406
141.70,1.316,-1.113,0,11,0.481,10,0.252,-1.710
141.82,1.322,-1.092,0,11,0.481,10,0.254,-1.701
141.95,1.328,-1.080,0,11,0.481,10,0.060,-1.364
142.08,1.334,-1.077,0,11,0.481,10,0.066,-0.916
142.21,1.339,-1.071,0,11,0.481,10,0.073,-0.468
142.34,1.345,-1.063,0,11,0.481,10,0.080,-0.020
142.46,1.351,-1.056,1,11,0.481,10,0.074,0.428
142.59,1.356,-1.048,1,11,0.481,10,0.067,0.876
142.72,1.360,-1.041,1,11,0.481,10,0.060,1.324
142.85,1.362,-1.034,1,11,0.481,10,0.053,1.772
142.98,1.363,-1.026,1,11,0.481,10,0.242,1.772
143.10,1.365,-1.008,1,11,0.481,10,0.317,1.324
143.23,1.368,-0.981,1,11,0.481,10,0.393,0.876
143.36,1.371,-0.953,1,11,0.481,10,0.468,0.428
143.49,1.374,-0.925,1,11,0.481,10,0.537,-0.020
143.62,1.377,-0.897,1,11,0.481,10,0.074,-0.367
143.74,1.378,-0.888,1,11,0.481,10,0.079,0.081
143.87,1.379,-0.878,1,11,0.481,10,0.072,0.529
144.00,1.380,-0.867,1,11,0.481,10,0.413,0.753
144.13,1.382,-0.841,1,11,0.481,10,0.489,0.305
144.26,1.384,-0.813,1,11,0.481,10,0.516,-0.143
144.38,1.386,-0.790,1,11,0.481,10,0.460,-0.475
144.51,1.387,-0.777,2,11,0.481,10,0.080,-0.027
144.64,1.388,-0.768,2,11,0.481,10,0.074,0.421
144.77,1.389,-0.763,2,11,0.481,10,0.067,0.869
144.90,1.390,-0.750,2,11,0.481,10,0.424,0.689
145.02,1.391,-0.722,2,11,0.481,10,0.076,0.241
145.15,1.392,-0.700,2,11,0.481,10,0.505,-0.207
145.28,1.393,-0.686,2,11,0.481,10,0.078,0.163
145.41,1.393,-0.670,2,11,0.481,10,0.074,0.387
145.54,1.394,-0.654,3,11,0.481,10,0.513,0.163
145.66,1.395,-0.631,3,11,0.481,10,0.504,-0.211
145.79,1.395,-0.617,3,11,0.481,10,0.500,0.237
145.92,1.396,-0.601,3,11,0.481,10,0.073,0.461
146.05,1.397,-0.585,3,11,0.481,10,0.485,0.330
146.18,1.398,-0.558,3,11,0.481,10,0.520,-0.118
146.30,1.398,-0.530,3,11,0.481,10,0.445,-0.566
146.43,1.399,-0.517,3,11,0.481,10,0.078,-0.118
146.56,1.400,-0.508,3,11,0.481,10,0.075,0.330
146.69,1.400,-0.504,3,11,0.481,10,0.068,0.778
146.82,1.400,-0.502,3,11,0.481,10,0.371,1.002
146.94,1.400,-0.481,3,11,0.481,10,0.447,0.554
147.07,1.400,-0.454,3,11,0.481,10,0.522,0.106
147.20,1.400,-0.426,3,11,0.481,10,0.482,-0.342
147.33,1.400,-0.398,3,11,0.481,10,0.407,-0.790
147.46,1.399,-0.370,3,11,0.481,10,0.332,-1.238
147.58,1.399,-0.346,4,11,0.481,10,0.256,-1.686
147.71,1.399,-0.331,4,11,0.481,10,0.251,-1.717
147.84,1.399,-0.316,4,11,0.481,10,0.254,-1.702
147.97,1.400,-0.300,4,11,0.481,10,0.254,-1.700
148.10,1.400,-0.285,4,11,0.481,10,0.056,-1.588
148.22,1.401,-0.279,4,11,0.481,10,0.063,-1.140
148.35,1.404,-0.278,4,11,0.481,10,0.070,-0.692
148.48,1.407,-0.272,4,11,0.481,10,0.076,-0.244
148.61,1.407,-0.263,4,11,0.481,10,0.077,0.204
148.74,1.407,-0.254,4,11,0.481,10,0.070,0.652
148.86,1.408,-0.246,4,11,0.481,10,0.064,1.100
148.99,1.408,-0.239,4,11,0.481,10,0.317,1.324
149.12,1.406,-0.213,4,11,0.481,10,0.393,0.876
149.25,1.404,-0.185,4,11,0.481,10,0.468,0.428
149.38,1.403,-0.157,4,11,0.481,10,0.537,-0.020
149.50,1.401,-0.129,4,11,0.481,10,0.461,-0.468
149.63,1.399,-0.100,5,11,0.481,10,0.386,-0.916
149.76,1.398,-0.072,5,11,0.481,10,0.310,-1.364
149.89,1.397,-0.049,5,11,0.481,10,0.252,-1.714
150.02,1.396,-0.033,5,11,0.481,10,0.254,-1.701
150.14,1.396,-0.018,5,11,0.481,10,0.254,-1.700
150.27,1.396,-0.003,5,11,0.481,10,0.254,-1.700
150.40,1.396,0.012,5,11,0.481,10,0.254,-1.700
150.53,1.395,0.027,5,11,0.481,10,0.254,-1.700
150.66,1.395,0.042,6,11,0.481,10,0.254,-1.700
150.78,1.395,0.057,6,11,0.481,10,0.254,-1.700
150.91,1.395,0.072,6,11,0.481,10,0.254,-1.700
151.04,1.394,0.087,6,11,0.481,10,0.254,-1.700
151.17,1.394,0.102,6,11,0.481,10,0.254,-1.700
151.30,1.394,0.118,6,11,0.481,10,0.254,-1.700
151.42,1.394,0.133,6,11,0.481,10,0.254,-1.700
151.55,1.393,0.148,6,11,0.481,10,0.254,-1.700
151.68,1.393,0.163,6,11,0.481,10,0.254,-1.700
151.81,1.393,0.178,6,11,0.481,10,0.254,-1.700
151.94,1.393,0.193,6,11,0.481,10,0.254,-1.700
152.06,1.392,0.208,6,11,0.481,10,0.254,-1.700
152.19,1.392,0.223,6,11,0.481,10,0.254,-1.700
152.32,1.392,0.238,6,11,0.481,10,0.254,-1.700
152.45,1.392,0.253,6,11,0.481,10,0.254,-1.700
152.58,1.391,0.268,6,11,0.481,10,0.254,-1.700
152.70,1.391,0.283,7,11,0.481,10,0.254,-1.700
152.83,1.391,0.298,7,11,0.481,10,0.254,-1.700
152.96,1.390,0.313,7,11,0.481,10,0.254,-1.700
153.09,1.390,0.328,7,11,0.481,10,0.254,-1.700
153.22,1.390,0.344,7,11,0.481,10,0.254,-1.700
153.34,1.389,0.359,7,11,0.481,10,0.254,-1.700
153.47,1.389,0.374,7,11,0.481,10,0.254,-1.700
153.60,1.389,0.389,7,11,0.481,10,0.254,-1.700
153.73,1.388,0.409,7,11,0.481,10,0.329,-1.252
153.86,1.388,0.437,7,11,0.481,10,0.405,-0.804
153.98,1.387,0.465,7,11,0.481,10,0.480,-0.356
154.11,1.386,0.493,7,11,0.481,10,0.525,0.092
154.24,1.385,0.521,7,11,0.481,10,0.449,0.540
154.37,1.384,0.549,7,11,0.481,10,0.374,0.988
154.50,1.384,0.577,7,11,0.481,10,0.298,1.436
154.62,1.383,0.597,7,11,0.481,10,0.253,1.708
154.75,1.381,0.613,8,11,0.481,10,0.254,1.701
154.88,1.379,0.630,8,11,0.481,10,0.254,1.700
155.01,1.377,0.647,8,11,0.481,10,0.254,1.700
155.14,1.374,0.665,8,11,0.481,10,0.254,1.700
155.26,1.370,0.686,8,11,0.481,10,0.310,1.364
155.39,1.365,0.713,8,11,0.481,10,0.386,0.916
155.52,1.361,0.741,8,11,0.481,10,0.350,1.128
155.65,1.356,0.767,8,11,0.481,10,0.275,1.576
155.78,1.351,0.788,9,11,0.481,10,0.254,1.698
155.90,1.345,0.808,9,11,0.481,10,0.254,1.700
156.03,1.337,0.828,9,11,0.481,10,0.254,1.700
156.16,1.327,0.847,9,11,0.481,10,0.254,1.700
156.29,1.317,0.865,9,11,0.481,10,0.254,1.700
156.42,1.305,0.882,9,11,0.481,10,0.254,1.700
156.54,1.291,0.898,9,11,0.481,10,0.254,1.700
156.67,1.276,0.913,9,11,0.481,10,0.254,1.700
156.80,1.261,0.927,10,11,0.481,10,0.254,1.700
156.93,1.244,0.939,10,11,0.481,10,0.254,1.700
157.06,1.226,0.950,10,11,0.481,10,0.254,1.700
157.18,1.206,0.960,10,11,0.481,10,0.310,1.364
157.31,1.181,0.972,10,11,0.481,10,0.348,1.140
157.44,1.156,0.984,10,11,0.481,10,0.273,1.588
157.57,1.133,0.994,10,11,0.481,11,0.348,1.140
157.70,1.107,1.005,10,11,0.481,11,0.310,1.364
157.82,1.085,1.014,10,10,0.481,11,0.278,1.559
157.95,1.060,1.023,10,10,0.481,11,0.353,1.111
158.08,1.034,1.032,10,10,0.481,11,0.388,0.904
158.21,1.007,1.042,10,10,0.481,11,0.336,1.211
158.34,0.982,1.050,10,10,0.481,11,0.261,1.659
158.46,0.959,1.057,10,10,0.481,11,0.336,1.211
158.59,0.931,1.065,10,10,0.481,11,0.387,0.906
158.72,0.904,1.072,10,10,0.481,11,0.369,1.013
158.85,0.877,1.080,10,9,0.491,11,0.299,1.434
158.98,0.853,1.086,10,9,0.491,11,0.336,1.210
159.10,0.825,1.093,10,9,0.491,11,0.336,1.210
159.23,0.799,1.100,10,9,0.491,11,0.279,1.549
159.36,0.773,1.106,10,9,0.491,11,0.355,1.101
159.49,0.745,1.112,10,9,0.491,11,0.354,1.104
159.62,0.718,1.118,10,9,0.491,11,0.340,1.186
159.74,0.692,1.123,10,9,0.491,11,0.303,1.410
159.87,0.665,1.128,10,9,0.491,11,0.378,0.962
160.00,0.637,1.134,10,9,0.491,11,0.316,1.334
160.13,0.610,1.139,10,9,0.491,11,0.411,1.782
160.26,0.583,1.144,10,9,0.491,11,0.345,1.996
160.38,0.558,1.148,10,9,0.491,11,0.343,2.000
160.51,0.532,1.152,10,9,0.491,11,0.343,2.000
160.64,0.506,1.155,10,9,0.491,11,0.343,2.000
160.77,0.482,1.157,10,9,0.491,11,0.343,2.000
160.90,0.459,1.159,11,8,0.491,11,0.343,2.000
161.02,0.435,1.161,11,8,0.491,11,0.343,2.000
161.15,0.412,1.163,11,8,0.491,11,0.343,2.000
161.28,0.389,1.165,11,8,0.491,11,0.343,2.000
161.41,0.365,1.167,11,8,0.491,11,0.343,2.000
161.54,0.342,1.169,11,8,0.491,11,0.343,2.000
161.66,0.318,1.171,11,8,0.491,11,0.343,2.000
161.79,0.295,1.173,11,8,0.491,11,0.343,2.000
161.92,0.272,1.175,11,7,0.491,11,0.343,2.000
162.05,0.248,1.177,11,7,0.491,11,0.343,2.000
162.18,0.225,1.179,11,7,0.491,11,0.343,2.000
162.30,0.202,1.181,11,7,0.491,11,0.343,2.000
162.43,0.178,1.183,11,7,0.491,11,0.343,2.000
162.56,0.155,1.185,11,7,0.491,11,0.343,2.000
162.69,0.131,1.188,11,7,0.491,11,0.343,2.000
162.82,0.108,1.190,11,7,0.491,11,0.343,2.000
162.94,0.085,1.192,11,6,0.491,11,0.343,2.000
163.07,0.061,1.194,11,6,0.491,11,0.343,2.000
163.20,0.038,1.196,11,6,0.491,11,0.343,2.000
163.33,0.014,1.198,11,6,0.491,11,0.343,2.000
163.46,-0.009,1.200,11,6,0.491,11,0.343,2.000
163.58,-0.032,1.202,11,6,0.491,11,0.343,2.000
163.71,-0.056,1.204,11,6,0.491,11,0.343,2.000
163.84,-0.079,1.206,11,6,0.491,11,0.343,2.000
163.97,-0.103,1.208,11,5,0.491,11,0.343,2.000
164.10,-0.126,1.210,11,5,0.491,11,0.343,2.000
164.22,-0.149,1.212,11,5,0.491,11,0.343,2.000
164.35,-0.173,1.214,11,5,0.491,11,0.343,2.000
164.48,-0.196,1.216,11,5,0.491,11,0.343,2.000
164.61,-0.219,1.218,11,5,0.491,11,0.343,2.000
164.74,-0.243,1.220,11,5,0.491,11,0.343,2.000
164.86,-0.266,1.222,11,5,0.491,11,0.343,2.000
164.99,-0.290,1.224,11,4,0.491,11,0.343,2.000
165.12,-0.313,1.226,11,4,0.491,11,0.343,2.000
165.25,-0.336,1.228,11,4,0.491,11,0.343,2.000
165.38,-0.360,1.230,11,4,0.491,11,0.343,2.000
165.50,-0.383,1.232,11,4,0.491,11,0.343,2.000
165.63,-0.407,1.234,11,4,0.491,11,0.343,2.000
165.76,-0.430,1.236,11,4,0.491,11,0.343,2.000
165.89,-0.453,1.238,11,4,0.491,11,0.343,2.000
166.02,-0.477,1.240,11,3,0.491,11,0.343,2.000
166.14,-0.500,1.242,11,3,0.491,11,0.343,2.000
166.27,-0.524,1.243,11,3,0.491,11,0.343,2.000
166.40,-0.547,1.245,11,3,0.491,11,0.343,2.000
166.53,-0.570,1.247,11,3,0.491,11,0.343,2.000
166.66,-0.594,1.249,11,3,0.491,11,0.343,2.000
166.78,-0.617,1.251,11,3,0.491,11,0.343,2.000
166.91,-0.641,1.253,11,3,0.491,11,0.343,2.000
167.04,-0.664,1.255,11,3,0.491,11,0.343,2.000
167.17,-0.687,1.257,11,3,0.491,11,0.343,2.000
167.30,-0.711,1.259,11,3,0.491,11,0.343,2.000
167.42,-0.734,1.261,11,3,0.491,11,0.343,2.000
167.55,-0.757,1.263,11,3,0.491,11,0.343,2.000
167.68,-0.781,1.265,11,3,0.491,11,0.343,2.000
167.81,-0.804,1.267,11,3,0.491,11,0.343,2.000
167.94,-0.828,1.269,11,3,0.491,11,0.343,2.000
168.06,-0.851,1.271,11,2,0.491,11,0.343,2.000
168.19,-0.874,1.273,11,2,0.491,11,0.343,2.000
168.32,-0.898,1.275,11,2,0.491,11,0.343,2.000
168.45,-0.921,1.277,11,2,0.491,11,0.343,2.000
168.58,-0.945,1.279,11,2,0.491,11,0.343,2.000
168.70,-0.968,1.281,11,2,0.491,11,0.343,2.000
168.83,-0.991,1.283,11,2,0.491,11,0.343,2.000
168.96,-1.015,1.284,11,2,0.491,11,0.343,2.000
169.09,-1.038,1.286,11,1,0.491,11,0.343,2.000
169.22,-1.058,1.287,11,1,0.491,11,0.249,1.727
169.34,-1.073,1.288,11,1,0.491,11,0.253,1.703
169.47,-1.088,1.288,11,1,0.491,11,0.254,1.700
169.60,-1.103,1.288,11,1,0.491,11,0.254,1.700
169.73,-1.118,1.289,11,1,0.491,11,0.254,1.700
169.86,-1.133,1.289,11,1,0.491,11,0.254,1.700
169.98,-1.148,1.289,11,1,0.491,11,0.254,1.700
170.11,-1.163,1.290,11,0,0.491,11,0.254,1.700
170.24,-1.178,1.290,11,0,0.491,11,0.254,1.700
170.37,-1.193,1.291,11,0,0.491,11,0.254,1.700
170.50,-1.208,1.291,11,0,0.491,11,0.254,1.700
170.62,-1.219,1.290,11,0,0.491,11,0.048,2.148
170.75,-1.224,1.288,11,0,0.491,11,0.041,2.596
170.88,-1.224,1.283,11,0,0.491,11,0.080,2.734
171.01,-1.224,1.275,11,0,0.491,11,0.155,2.286
171.14,-1.233,1.263,11,0,0.491,11,0.231,1.838
171.26,-1.244,1.246,11,0,0.491,11,0.254,1.700
171.39,-1.254,1.227,11,0,0.491,11,0.254,1.700
171.52,-1.262,1.208,11,0,0.491,11,0.254,1.700
171.65,-1.269,1.188,11,0,0.491,11,0.254,1.700
171.78,-1.274,1.168,11,0,0.491,11,0.254,1.700
171.90,-1.277,1.147,11,0,0.491,11,0.254,1.700
172.03,-1.279,1.126,11,0,0.491,11,0.254,1.700
172.16,-1.279,1.108,10,0,0.491,11,0.254,1.700
172.29,-1.280,1.093,10,0,0.491,11,0.254,1.700
172.42,-1.280,1.078,10,0,0.491,11,0.254,1.700
172.54,-1.281,1.063,10,0,0.491,11,0.254,1.700
172.67,-1.281,1.048,10,0,0.491,11,0.254,1.700
172.80,-1.282,1.033,10,0,0.491,11,0.254,1.700
172.93,-1.283,1.018,10,0,0.491,11,0.254,1.700
173.06,-1.283,1.003,10,0,0.491,11,0.254,1.700
173.18,-1.284,0.988,10,0,0.491,11,0.254,1.700
173.31,-1.284,0.973,10,0,0.491,11,0.254,1.700
173.44,-1.285,0.958,10,0,0.491,11,0.254,1.700
173.57,-1.285,0.943,10,0,0.491,11,0.254,1.700
173.70,-1.286,0.928,10,0,0.491,11,0.254,1.700
173.82,-1.286,0.912,10,0,0.491,11,0.254,1.700
173.95,-1.287,0.897,10,0,0.491,11,0.254,1.700
174.08,-1.288,0.882,10,0,0.491,11,0.254,1.700
174.21,-1.288,0.867,9,0,0.491,11,0.254,1.700
174.34,-1.289,0.852,9,0,0.491,11,0.254,1.700
174.46,-1.289,0.837,9,0,0.491,11,0.254,1.700
174.59,-1.290,0.822,9,0,0.491,11,0.254,1.700
174.72,-1.290,0.807,9,0,0.491,11,0.254,1.700
174.85,-1.291,0.792,9,0,0.491,11,0.254,1.700
174.98,-1.292,0.777,9,0,0.491,11,0.254,1.700
175.10,-1.292,0.762,9,0,0.491,11,0.254,1.700
175.23,-1.293,0.747,9,0,0.491,11,0.254,1.700
175.36,-1.293,0.732,9,0,0.491,11,0.254,1.700
175.49,-1.294,0.717,9,0,0.491,11,0.254,1.700
175.62,-1.295,0.702,9,0,0.491,11,0.254,1.700
175.74,-1.295,0.687,9,0,0.491,11,0.254,1.700
175.87,-1.296,0.672,9,0,0.491,12,0.254,1.700
176.00,-1.296,0.656,9,0,0.491,12,0.254,1.700
176.13,-1.297,0.641,9,0,0.491,12,0.254,1.700
176.26,-1.298,0.626,8,0,0.491,12,0.254,1.700
176.38,-1.298,0.611,8,0,0.491,12,0.254,1.700
176.51,-1.299,0.596,8,0,0.491,12,0.254,1.700
176.64,-1.299,0.581,8,0,0.491,12,0.254,1.700
176.77,-1.300,0.566,8,0,0.491,12,0.254,1.700
176.90,-1.301,0.551,8,0,0.491,12,0.254,1.700
177.02,-1.301,0.536,8,0,0.491,12,0.254,1.700
177.15,-1.302,0.521,8,0,0.491,12,0.254,1.700
177.28,-1.303,0.506,8,0,0.491,12,0.254,1.700
177.41,-1.303,0.491,8,0,0.491,12,0.254,1.700
177.54,-1.304,0.476,8,0,0.491,12,0.254,1.700
177.66,-1.304,0.461,8,0,0.491,12,0.254,1.700
177.79,-1.305,0.446,8,0,0.491,12,0.254,1.700
177.92,-1.306,0.431,8,0,0.491,12,0.254,1.700
178.05,-1.306,0.415,8,0,0.491,12,0.254,1.700
178.18,-1.307,0.400,8,0,0.491,12,0.254,1.700
178.30,-1.308,0.385,7,0,0.491,12,0.254,1.700
178.43,-1.308,0.370,7,0,0.491,12,0.254,1.700
178.56,-1.309,0.355,7,0,0.491,12,0.254,1.700
178.69,-1.309,0.340,7,0,0.491,12,0.254,1.700
178.82,-1.310,0.325,7,0,0.491,12,0.254,1.700
178.94,-1.311,0.310,7,0,0.491,12,0.254,1.700
179.07,-1.311,0.295,7,0,0.491,12,0.254,1.700
179.20,-1.312,0.280,7,0,0.491,12,0.254,1.700
179.33,-1.313,0.265,7,0,0.491,12,0.254,1.700
179.46,-1.313,0.250,7,0,0.491,12,0.254,1.700
179.58,-1.314,0.235,7,0,0.491,12,0.254,1.700
179.71,-1.315,0.220,7,0,0.491,12,0.254,1.700
179.84,-1.315,0.205,7,0,0.491,12,0.254,1.700
179.97,-1.316,0.190,7,0,0.491,12,0.254,1.700
180.10,-1.317,0.175,7,0,0.491,12,0.254,1.700
180.22,-1.317,0.159,7,0,0.491,12,0.254,1.700
180.35,-1.318,0.144,6,0,0.491,12,0.254,1.700
180.48,-1.319,0.129,6,0,0.491,12,0.254,1.700
180.61,-1.319,0.114,6,0,0.491,12,0.254,1.700
180.74,-1.320,0.099,6,0,0.491,12,0.254,1.700
180.86,-1.321,0.084,6,0,0.491,12,0.254,1.700
180.99,-1.321,0.069,6,0,0.491,12,0.254,1.700
181.12,-1.322,0.054,6,0,0.491,12,0.254,1.700
181.25,-1.323,0.039,6,0,0.491,12,0.254,1.700
181.38,-1.323,0.024,6,0,0.491,12,0.254,1.700
181.50,-1.324,0.009,6,0,0.491,12,0.254,1.700
181.63,-1.325,-0.006,6,0,0.491,12,0.254,1.700
181.76,-1.325,-0.021,6,0,0.491,12,0.254,1.700
181.89,-1.326,-0.036,6,0,0.491,12,0.254,1.700
182.02,-1.327,-0.051,6,0,0.491,12,0.254,1.700
182.14,-1.327,-0.066,6,0,0.491,12,0.254,1.700
182.27,-1.328,-0.081,6,0,0.491,12,0.254,1.700
182.40,-1.329,-0.097,5,0,0.491,12,0.254,1.700
182.53,-1.329,-0.112,5,0,0.491,12,0.254,1.700
182.66,-1.330,-0.127,5,0,0.491,12,0.254,1.700
182.78,-1.331,-0.142,5,0,0.491,12,0.254,1.700
182.91,-1.332,-0.157,5,0,0.491,12,0.254,1.700
183.04,-1.332,-0.172,5,0,0.491,12,0.254,1.700
183.17,-1.333,-0.187,5,0,0.491,12,0.254,1.700
183.30,-1.334,-0.202,5,0,0.491,12,0.254,1.700
183.42,-1.335,-0.222,5,0,0.491,12,0.329,1.252
183.55,-1.336,-0.249,5,0,0.491,12,0.405,0.804
183.68,-1.338,-0.277,5,0,0.491,12,0.480,0.356
183.81,-1.340,-0.306,5,0,0.491,12,0.525,-0.092
183.94,-1.341,-0.334,5,0,0.491,12,0.449,-0.540
184.06,-1.343,-0.362,5,0,0.491,12,0.374,-0.988
184.19,-1.345,-0.390,5,0,0.491,12,0.298,-1.436
184.32,-1.346,-0.410,5,0,0.491,12,0.253,-1.703
184.45,-1.349,-0.428,4,0,0.491,12,0.254,-1.700
184.58,-1.352,-0.446,4,0,0.491,12,0.254,-1.700
184.70,-1.356,-0.464,4,0,0.491,12,0.254,-1.700
184.83,-1.360,-0.473,4,0,0.491,12,0.061,-1.252
184.96,-1.364,-0.475,4,0,0.491,12,0.068,-0.804
185.09,-1.369,-0.481,4,0,0.491,12,0.075,-0.356
185.22,-1.373,-0.490,4,0,0.491,12,0.079,0.092
185.34,-1.377,-0.499,4,0,0.491,12,0.072,0.540
185.47,-1.380,-0.506,3,0,0.491,12,0.065,0.988
185.60,-1.382,-0.514,3,0,0.491,12,0.058,1.436
185.73,-1.383,-0.524,3,0,0.491,12,0.298,1.436
185.86,-1.384,-0.545,3,0,0.491,12,0.374,0.988
185.98,-1.386,-0.565,3,0,0.491,12,0.449,0.540
186.11,-1.387,-0.592,3,0,0.491,12,0.525,0.092
186.24,-1.389,-0.621,3,0,0.491,12,0.480,-0.356
186.37,-1.390,-0.643,3,0,0.491,12,0.075,-0.364
186.50,-1.391,-0.652,3,0,0.491,12,0.079,0.084
186.62,-1.392,-0.660,3,0,0.491,12,0.072,0.532
186.75,-1.392,-0.663,3,0,0.491,12,0.065,0.980
186.88,-1.392,-0.675,3,0,0.491,12,0.413,0.756
187.01,-1.393,-0.703,3,0,0.491,12,0.488,0.308
187.14,-1.394,-0.731,3,0,0.491,12,0.516,-0.140
187.26,-1.395,-0.759,3,0,0.491,12,0.441,-0.588
187.39,-1.396,-0.777,3,0,0.491,12,0.075,-0.364
187.52,-1.397,-0.786,2,0,0.491,12,0.079,0.084
187.65,-1.397,-0.793,2,0,0.491,12,0.072,0.532
187.78,-1.398,-0.795,2,0,0.491,12,0.065,0.980
187.90,-1.398,-0.803,2,0,0.491,12,0.375,0.980
188.03,-1.398,-0.831,2,0,0.491,12,0.450,0.532
188.16,-1.398,-0.859,2,0,0.491,12,0.526,0.084
188.29,-1.398,-0.887,2,0,0.491,12,0.479,-0.364
188.42,-1.398,-0.915,2,0,0.491,12,0.403,-0.812
188.54,-1.398,-0.943,1,0,0.491,12,0.328,-1.260
188.67,-1.399,-0.967,1,0,0.491,12,0.252,-1.708
188.80,-1.400,-0.976,1,0,0.491,12,0.061,-1.260
188.93,-1.402,-0.978,1,0,0.491,12,0.068,-0.812
189.06,-1.405,-0.983,1,0,0.491,12,0.075,-0.364
189.18,-1.407,-0.991,1,0,0.491,12,0.079,0.084
189.31,-1.407,-1.000,1,0,0.491,12,0.072,0.532
189.44,-1.407,-1.007,1,0,0.491,12,0.065,0.980
189.57,-1.408,-1.015,1,0,0.491,12,0.059,1.428
189.70,-1.407,-1.036,1,0,0.491,12,0.375,0.980
189.82,-1.406,-1.064,1,0,0.491,12,0.450,0.532
189.95,-1.405,-1.092,1,0,0.491,12,0.526,0.084
190.08,-1.404,-1.120,1,0,0.491,12,0.479,-0.364
190.21,-1.403,-1.148,1,0,0.491,12,0.403,-0.812
190.34,-1.402,-1.176,1,0,0.491,12,0.328,-1.260
190.46,-1.401,-1.201,1,0,0.491,12,0.252,-1.708
190.59,-1.401,-1.216,0,0,0.491,12,0.056,-1.623
190.72,-1.402,-1.223,0,0,0.491,12,0.062,-1.175
190.85,-1.405,-1.224,0,0,0.491,12,0.069,-0.727
190.98,-1.406,-1.229,0,0,0.491,12,0.076,-0.279
191.10,-1.407,-1.238,0,0,0.491,12,0.077,0.169
191.23,-1.407,-1.247,0,0,0.491,12,0.071,0.617
191.36,-1.408,-1.256,0,0,0.491,12,0.064,1.065
191.49,-1.408,-1.262,0,0,0.491,12,0.057,1.513
191.62,-1.405,-1.267,0,0,0.491,12,0.051,1.961
191.74,-1.402,-1.270,0,0,0.491,12,0.044,2.409
191.87,-1.393,-1.262,0,0,0.491,12,0.037,2.850
192.00,-1.385,-1.257,0,0,0.491,12,0.037,2.850
192.13,-1.378,-1.253,0,0,0.491,12,0.117,2.514
192.26,-1.368,-1.256,0,0,0.491,12,0.192,2.066
192.38,-1.351,-1.262,0,0,0.491,12,0.268,1.618
192.51,-1.327,-1.269,0,0,0.491,12,0.343,1.170
192.64,-1.299,-1.276,0,0,0.491,12,0.418,0.722
192.77,-1.272,-1.283,0,0,0.491,12,0.494,0.274
192.90,-1.245,-1.290,0,0,0.491,12,0.511,-0.174
193.02,-1.218,-1.297,0,0,0.491,12,0.435,-0.622
193.15,-1.190,-1.305,0,0,0.491,12,0.360,-1.070
193.28,-1.164,-1.312,0,0,0.491,12,0.284,-1.518
193.41,-1.143,-1.318,0,0,0.491,12,0.251,-1.716
193.54,-1.130,-1.324,0,0,0.491,12,0.059,-1.373
193.66,-1.127,-1.330,0,0,0.491,12,0.066,-0.925
193.79,-1.121,-1.335,0,0,0.491,12,0.073,-0.477
193.92,-1.114,-1.341,0,0,0.491,12,0.080,-0.029
194.05,-1.106,-1.347,0,0,0.491,12,0.074,0.419
194.18,-1.099,-1.353,0,0,0.491,12,0.067,0.867
194.30,-1.092,-1.356,0,0,0.491,12,0.060,1.315
194.43,-1.085,-1.359,0,0,0.491,12,0.054,1.763
194.56,-1.077,-1.360,0,0,0.491,12,0.243,1.763
194.69,-1.058,-1.362,0,1,0.491,12,0.319,1.315
194.82,-1.031,-1.365,0,1,0.491,12,0.394,0.867
194.94,-1.003,-1.369,0,1,0.491,12,0.469,0.419
195.07,-0.980,-1.372,0,1,0.491,12,0.535,-0.029
195.20,-0.966,-1.374,0,1,0.491,12,0.469,0.419
195.33,-0.946,-1.376,0,1,0.491,12,0.074,0.419
195.46,-0.934,-1.378,0,1,0.491,12,0.469,0.419
195.58,-0.914,-1.380,0,1,0.491,12,0.074,0.419
195.71,-0.897,-1.382,0,1,0.491,12,0.074,0.419
195.84,-0.880,-1.383,0,1,0.491,12,0.507,0.195
195.97,-0.859,-1.385,0,1,0.491,12,0.077,0.195
196.10,-0.847,-1.386,0,1,0.491,12,0.490,0.296
196.22,-0.830,-1.388,0,1,0.491,12,0.490,0.296
196.35,-0.810,-1.389,0,1,0.491,12,0.528,0.072
196.48,-0.793,-1.390,0,1,0.491,12,0.076,0.296
196.61,-0.776,-1.391,0,1,0.491,12,0.076,0.296
196.74,-0.760,-1.392,0,2,0.491,12,0.528,0.072
196.86,-0.742,-1.393,0,2,0.491,12,0.076,0.296
196.99,-0.727,-1.394,0,2,0.491,12,0.072,0.520
197.12,-0.705,-1.395,0,2,0.491,12,0.079,0.072
197.25,-0.688,-1.396,0,2,0.491,12,0.079,0.072
197.38,-0.671,-1.396,0,2,0.491,12,0.079,0.072
197.50,-0.663,-1.397,0,2,0.491,12,0.072,0.520
197.63,-0.661,-1.397,0,2,0.491,12,0.065,0.968
197.76,-0.649,-1.397,0,3,0.491,12,0.067,0.845
197.89,-0.627,-1.397,0,3,0.491,12,0.473,0.397
198.02,-0.599,-1.397,0,3,0.491,12,0.531,-0.051
198.14,-0.570,-1.397,0,3,0.491,12,0.456,-0.499
198.27,-0.542,-1.397,0,3,0.491,12,0.381,-0.947
198.40,-0.514,-1.397,0,3,0.491,12,0.305,-1.395
198.53,-0.494,-1.397,0,3,0.491,12,0.238,-1.793
198.66,-0.480,-1.398,0,3,0.491,12,0.252,-1.709
198.78,-0.464,-1.399,0,3,0.491,12,0.254,-1.701
198.91,-0.448,-1.399,0,3,0.491,12,0.056,-1.588
199.04,-0.443,-1.401,0,3,0.491,12,0.063,-1.140
199.17,-0.441,-1.404,0,3,0.491,12,0.070,-0.692
199.30,-0.435,-1.406,0,3,0.491,12,0.076,-0.244
199.42,-0.427,-1.406,0,3,0.491,12,0.077,0.204
199.55,-0.418,-1.407,0,3,0.491,12,0.070,0.652
199.68,-0.409,-1.408,0,3,0.491,12,0.064,1.100
199.81,-0.399,-1.408,0,4,0.491,12,0.060,1.324
199.94,-0.378,-1.407,0,4,0.491,12,0.393,0.876
200.06,-0.350,-1.405,0,4,0.491,12,0.468,0.428
200.19,-0.322,-1.404,0,4,0.491,12,0.537,-0.020
200.32,-0.293,-1.402,0,4,0.491,12,0.461,-0.468
200.45,-0.265,-1.401,0,4,0.491,12,0.386,-0.916
200.58,-0.237,-1.399,0,4,0.491,12,0.310,-1.364
200.70,-0.214,-1.398,0,4,0.491,12,0.250,-1.721
200.83,-0.198,-1.398,0,5,0.491,12,0.254,-1.702
200.96,-0.184,-1.398,0,5,0.491,12,0.254,-1.700
201.09,-0.169,-1.398,0,5,0.491,12,0.254,-1.700
201.22,-0.154,-1.398,0,5,0.491,12,0.254,-1.700
201.34,-0.138,-1.397,0,5,0.491,12,0.254,-1.700
201.47,-0.123,-1.397,0,5,0.491,12,0.254,-1.700
201.60,-0.108,-1.397,0,5,0.491,12,0.254,-1.700
201.73,-0.093,-1.397,0,5,0.491,12,0.254,-1.700
201.86,-0.078,-1.396,0,5,0.491,12,0.254,-1.700
201.98,-0.063,-1.396,0,5,0.491,12,0.254,-1.700
202.11,-0.048,-1.396,0,5,0.491,12,0.254,-1.700
202.24,-0.033,-1.396,0,5,0.491,12,0.254,-1.700
202.37,-0.018,-1.395,0,5,0.491,12,0.254,-1.700
202.50,-0.003,-1.395,0,5,0.491,12,0.254,-1.700
202.62,0.012,-1.395,0,5,0.491,12,0.254,-1.700
202.75,0.027,-1.394,0,5,0.491,12,0.254,-1.700
202.88,0.042,-1.394,0,6,0.491,12,0.254,-1.700
203.01,0.057,-1.394,0,6,0.491,12,0.254,-1.700
203.14,0.072,-1.394,0,6,0.491,12,0.254,-1.700
203.26,0.087,-1.393,0,6,0.491,12,0.254,-1.700
203.39,0.103,-1.393,0,6,0.491,12,0.254,-1.700
203.52,0.118,-1.393,0,6,0.491,12,0.254,-1.700
203.65,0.133,-1.392,0,6,0.491,12,0.254,-1.700
203.78,0.148,-1.392,0,6,0.491,12,0.254,-1.700
203.90,0.163,-1.392,0,6,0.491,12,0.254,-1.700
204.03,0.178,-1.392,0,6,0.491,12,0.254,-1.700
204.16,0.193,-1.391,0,6,0.491,12,0.254,-1.700
204.29,0.208,-1.391,0,6,0.491,12,0.254,-1.700
204.42,0.223,-1.391,0,6,0.491,12,0.254,-1.700
204.54,0.238,-1.390,0,6,0.491,12,0.254,-1.700
204.67,0.253,-1.390,0,6,0.491,12,0.254,-1.700
204.80,0.268,-1.390,0,6,0.491,12,0.254,-1.700
204.93,0.283,-1.389,0,7,0.491,12,0.254,-1.700
205.06,0.298,-1.389,0,7,0.491,12,0.254,-1.700
205.18,0.313,-1.389,0,7,0.491,12,0.254,-1.700
205.31,0.328,-1.388,0,7,0.491,12,0.254,-1.700
205.44,0.344,-1.388,0,7,0.491,12,0.254,-1.700
205.57,0.359,-1.388,0,7,0.491,12,0.254,-1.700
205.70,0.374,-1.387,0,7,0.491,12,0.254,-1.700
205.82,0.389,-1.387,0,7,0.491,12,0.254,-1.700
205.95,0.404,-1.386,0,7,0.491,12,0.254,-1.700
206.08,0.419,-1.386,0,7,0.491,12,0.254,-1.700
206.21,0.434,-1.386,0,7,0.491,12,0.254,-1.700
206.34,0.449,-1.385,0,7,0.491,12,0.254,-1.700
206.46,0.464,-1.385,0,7,0.491,12,0.254,-1.700
206.59,0.479,-1.385,0,7,0.491,12,0.254,-1.700
206.72,0.494,-1.384,0,7,0.491,12,0.254,-1.700
206.85,0.509,-1.384,0,7,0.491,12,0.254,-1.700
206.98,0.524,-1.384,0,8,0.491,12,0.254,-1.700
207.10,0.539,-1.383,0,8,0.491,12,0.254,-1.700
207.23,0.554,-1.383,0,8,0.491,12,0.254,-1.700
207.36,0.570,-1.382,0,8,0.491,12,0.254,-1.700
207.49,0.585,-1.382,0,8,0.491,12,0.254,-1.700
207.62,0.600,-1.382,0,8,0.491,12,0.254,-1.700
207.74,0.615,-1.381,0,8,0.491,12,0.254,-1.700
207.87,0.630,-1.381,0,8,0.491,12,0.254,-1.700
208.00,0.645,-1.380,0,8,0.491,12,0.254,-1.700
208.13,0.660,-1.380,0,8,0.491,12,0.254,-1.700
208.26,0.675,-1.380,0,8,0.491,12,0.254,-1.700
208.38,0.690,-1.379,0,8,0.491,12,0.254,-1.700
208.51,0.705,-1.379,0,8,0.491,12,0.254,-1.700
208.64,0.720,-1.378,0,8,0.491,12,0.254,-1.700
208.77,0.735,-1.378,0,8,0.491,12,0.254,-1.700
208.90,0.750,-1.378,0,8,0.491,12,0.254,-1.700
209.02,0.765,-1.377,0,9,0.491,12,0.254,-1.700
209.15,0.780,-1.377,0,9,0.491,12,0.254,-1.700
209.28,0.795,-1.376,0,9,0.491,12,0.254,-1.700
209.41,0.811,-1.376,0,9,0.491,12,0.254,-1.700
209.54,0.826,-1.376,0,9,0.491,12,0.254,-1.700
209.66,0.841,-1.375,0,9,0.491,12,0.254,-1.700
209.79,0.856,-1.375,0,9,0.491,12,0.254,-1.700
209.92,0.871,-1.374,0,9,0.491,12,0.254,-1.700
210.05,0.886,-1.374,0,9,0.491,12,0.254,-1.700
210.18,0.901,-1.373,0,9,0.491,12,0.254,-1.700
210.30,0.916,-1.373,0,9,0.491,12,0.254,-1.700
210.43,0.931,-1.372,0,9,0.491,12,0.254,-1.700
210.56,0.946,-1.372,0,9,0.491,12,0.254,-1.700
210.69,0.961,-1.372,0,9,0.491,12,0.254,-1.700
210.82,0.976,-1.371,0,9,0.491,12,0.254,-1.700
210.94,0.991,-1.371,0,9,0.491,12,0.254,-1.700
211.07,1.006,-1.370,0,10,0.491,12,0.254,-1.700
211.20,1.021,-1.370,0,10,0.491,12,0.254,-1.700
211.33,1.036,-1.369,0,10,0.491,12,0.254,-1.700
211.46,1.052,-1.369,0,10,0.491,12,0.254,-1.700
211.58,1.067,-1.368,0,10,0.491,12,0.254,-1.700
211.71,1.082,-1.368,0,10,0.491,12,0.254,-1.700
211.84,1.097,-1.367,0,10,0.491,12,0.254,-1.700
211.97,1.112,-1.367,0,10,0.491,12,0.254,-1.700
212.10,1.127,-1.366,0,10,0.491,12,0.254,-1.700
212.22,1.142,-1.366,0,10,0.491,12,0.254,-1.700
212.35,1.157,-1.366,0,10,0.491,12,0.254,-1.700
212.48,1.172,-1.365,0,10,0.491,12,0.254,-1.700
212.61,1.187,-1.365,0,10,0.491,12,0.254,-1.700
212.74,1.202,-1.364,0,10,0.491,12,0.254,-1.700
212.86,1.216,-1.364,0,10,0.491,12,0.292,-1.476
212.99,1.226,-1.365,0,10,0.491,12,0.065,-1.028
213.12,1.228,-1.366,0,11,0.491,12,0.071,-0.580
213.25,1.234,-1.368,0,11,0.491,12,0.078,-0.132
213.38,1.244,-1.370,0,11,0.491,12,0.075,0.316
213.50,1.253,-1.371,0,11,0.491,12,0.069,0.764
213.63,1.259,-1.371,0,11,0.491,12,0.062,1.212
213.76,1.265,-1.370,0,11,0.491,12,0.055,1.660
213.89,1.270,-1.367,0,11,0.491,12,0.048,2.108
214.02,1.271,-1.361,0,11,0.491,12,0.042,2.556
214.14,1.267,-1.353,0,11,0.491,12,0.037,2.850
214.27,1.262,-1.346,0,11,0.491,12,0.079,2.738
214.40,1.263,-1.339,0,11,0.491,12,0.155,2.290
214.53,1.266,-1.325,0,11,0.491,12,0.230,1.842
214.66,1.269,-1.304,0,11,0.491,12,0.305,1.394
214.78,1.273,-1.277,0,11,0.491,12,0.381,0.946
214.91,1.277,-1.249,0,11,0.491,12,0.456,0.498
215.04,1.280,-1.221,0,11,0.491,12,0.532,0.050
215.17,1.284,-1.193,0,11,0.491,12,0.473,-0.398
215.30,1.288,-1.165,0,11,0.491,12,0.398,-0.846
215.42,1.291,-1.137,0,11,0.491,12,0.322,-1.294
215.55,1.295,-1.112,0,11,0.491,12,0.254,-1.701
215.68,1.299,-1.093,0,11,0.491,12,0.254,-1.700
215.81,1.305,-1.073,0,11,0.491,12,0.254,-1.700
215.94,1.312,-1.053,0,11,0.491,12,0.254,-1.700
216.06,1.318,-1.041,0,11,0.491,12,0.060,-1.364
216.19,1.324,-1.037,1,11,0.491,12,0.066,-0.916
216.32,1.329,-1.031,1,11,0.491,13,0.073,-0.468
216.45,1.335,-1.024,1,11,0.491,13,0.080,-0.020
216.58,1.342,-1.016,1,11,0.491,13,0.074,0.428
216.70,1.347,-1.009,1,11,0.491,13,0.067,0.876
216.83,1.351,-1.002,1,11,0.491,13,0.060,1.324
216.96,1.353,-0.995,1,11,0.491,13,0.053,1.772
217.09,1.355,-0.987,1,11,0.491,13,0.242,1.772
217.22,1.357,-0.968,1,11,0.491,13,0.317,1.324
217.34,1.360,-0.941,1,11,0.491,13,0.393,0.876
217.47,1.364,-0.913,1,11,0.491,13,0.468,0.428
217.60,1.367,-0.885,1,11,0.491,13,0.537,-0.020
217.73,1.371,-0.857,1,11,0.491,13,0.461,-0.468
217.86,1.374,-0.835,1,11,0.491,13,0.073,-0.468
217.98,1.375,-0.826,1,11,0.491,13,0.080,-0.020
218.11,1.377,-0.816,1,11,0.491,13,0.074,0.428
218.24,1.378,-0.807,2,11,0.491,13,0.405,0.801
218.37,1.380,-0.786,2,11,0.491,13,0.481,0.353
218.50,1.382,-0.770,2,11,0.491,13,0.481,0.353
218.62,1.384,-0.748,2,11,0.491,13,0.077,0.221
218.75,1.385,-0.737,2,11,0.491,13,0.482,0.347
218.88,1.387,-0.710,2,11,0.491,13,0.079,-0.089
219.01,1.387,-0.701,2,11,0.491,13,0.075,0.359
219.14,1.388,-0.693,2,11,0.491,13,0.068,0.807
219.26,1.390,-0.672,2,11,0.491,13,0.075,0.359
219.39,1.390,-0.655,2,11,0.491,13,0.517,0.135
219.52,1.392,-0.633,2,11,0.491,13,0.525,-0.089
219.65,1.393,-0.610,2,11,0.491,13,0.078,-0.130
219.78,1.393,-0.601,2,11,0.491,13,0.075,0.318
219.90,1.394,-0.597,2,11,0.491,13,0.069,0.766
220.03,1.394,-0.594,2,11,0.491,13,0.373,0.990
220.16,1.395,-0.569,2,11,0.491,13,0.449,0.542
220.29,1.395,-0.541,3,11,0.491,13,0.524,0.094
220.42,1.396,-0.522,3,11,0.491,13,0.079,0.094
220.54,1.397,-0.506,3,11,0.491,13,0.524,0.094
220.67,1.397,-0.488,3,11,0.491,13,0.075,0.318
220.80,1.398,-0.467,3,11,0.491,13,0.526,-0.085
220.93,1.398,-0.448,3,11,0.491,13,0.080,0.020
221.06,1.399,-0.431,3,11,0.491,13,0.076,0.244
221.18,1.399,-0.415,3,11,0.491,13,0.075,0.333
221.31,1.399,-0.393,4,11,0.491,13,0.521,-0.115
221.44,1.400,-0.365,4,11,0.491,13,0.075,-0.339
221.57,1.400,-0.352,4,11,0.491,13,0.078,-0.115
221.70,1.401,-0.343,4,11,0.491,13,0.075,0.333
221.82,1.401,-0.339,4,11,0.491,13,0.068,0.781
221.95,1.401,-0.337,4,11,0.491,13,0.371,1.005
222.08,1.401,-0.311,4,11,0.491,13,0.446,0.557
222.21,1.401,-0.283,4,11,0.491,13,0.522,0.109
222.34,1.402,-0.261,4,11,0.491,13,0.483,-0.339
222.46,1.402,-0.247,4,11,0.491,13,0.522,0.109
222.59,1.402,-0.230,4,11,0.491,13,0.075,0.333
222.72,1.402,-0.209,4,11,0.491,13,0.540,0.001
222.85,1.403,-0.181,4,11,0.491,13,0.075,-0.317
222.98,1.403,-0.171,4,11,0.491,13,0.078,0.131
223.10,1.403,-0.165,4,11,0.491,13,0.071,0.579
223.23,1.403,-0.163,4,11,0.491,13,0.065,1.027
223.36,1.403,-0.149,5,11,0.491,13,0.421,0.708
223.49,1.402,-0.123,5,11,0.491,13,0.496,0.260
223.62,1.402,-0.095,5,11,0.491,13,0.508,-0.188
223.74,1.401,-0.067,5,11,0.491,13,0.433,-0.636
223.87,1.400,-0.038,5,11,0.491,13,0.358,-1.084
224.00,1.400,-0.011,5,11,0.491,13,0.282,-1.532
224.13,1.400,0.007,5,11,0.491,13,0.250,-1.723
224.26,1.400,0.022,5,11,0.491,13,0.253,-1.702
224.38,1.400,0.037,6,11,0.491,13,0.254,-1.700
224.51,1.400,0.052,6,11,0.491,13,0.254,-1.700
224.64,1.400,0.067,6,11,0.491,13,0.254,-1.700
224.77,1.400,0.082,6,11,0.491,13,0.254,-1.700
224.90,1.400,0.097,6,11,0.491,13,0.254,-1.700
225.02,1.400,0.113,6,11,0.491,13,0.254,-1.700
225.15,1.400,0.128,6,11,0.491,13,0.254,-1.700
225.28,1.401,0.143,6,11,0.491,13,0.254,-1.700
225.41,1.401,0.157,6,11,0.491,13,0.058,-1.476
225.54,1.403,0.161,6,11,0.491,13,0.065,-1.028
225.66,1.406,0.163,6,11,0.491,13,0.071,-0.580
225.79,1.407,0.169,6,11,0.491,13,0.078,-0.132
225.92,1.407,0.179,6,11,0.491,13,0.075,0.316
226.05,1.407,0.188,6,11,0.491,13,0.069,0.764
226.18,1.408,0.195,6,11,0.491,13,0.062,1.212
226.30,1.407,0.210,6,11,0.491,13,0.374,0.988
226.43,1.407,0.238,6,11,0.491,13,0.449,0.540
226.56,1.406,0.266,6,11,0.491,13,0.525,0.092
226.69,1.405,0.294,6,11,0.491,13,0.480,-0.356
226.82,1.405,0.323,6,11,0.491,13,0.405,-0.804
226.94,1.404,0.351,6,11,0.491,13,0.329,-1.252
227.07,1.403,0.375,6,11,0.491,13,0.254,-1.700
227.20,1.403,0.390,6,11,0.491,13,0.252,-1.714
227.33,1.403,0.405,6,11,0.491,13,0.254,-1.701
227.46,1.403,0.420,7,11,0.491,13,0.254,-1.700
227.58,1.403,0.435,7,11,0.491,13,0.254,-1.700
227.71,1.403,0.450,7,11,0.491,13,0.254,-1.700
227.84,1.403,0.465,7,11,0.491,13,0.254,-1.700
227.97,1.403,0.480,7,11,0.491,13,0.254,-1.700
228.10,1.403,0.495,7,11,0.491,13,0.254,-1.700
228.22,1.403,0.510,7,11,0.491,13,0.254,-1.700
228.35,1.402,0.525,7,11,0.491,13,0.254,-1.700
228.48,1.402,0.545,8,11,0.491,13,0.329,-1.252
228.61,1.402,0.573,8,11,0.491,13,0.405,-0.804
228.74,1.401,0.601,8,11,0.491,13,0.480,-0.356
228.86,1.401,0.629,8,11,0.491,13,0.525,0.092
228.99,1.400,0.658,8,11,0.491,13,0.449,0.540
229.12,1.399,0.686,8,11,0.491,13,0.374,0.988
229.25,1.399,0.714,8,11,0.491,13,0.298,1.436
229.38,1.398,0.733,8,11,0.491,13,0.246,1.744
229.50,1.397,0.749,9,11,0.491,13,0.253,1.704
229.63,1.396,0.765,9,11,0.491,13,0.254,1.700
229.76,1.394,0.782,9,11,0.491,13,0.254,1.700
229.89,1.391,0.799,9,11,0.491,13,0.254,1.700
230.02,1.388,0.817,9,11,0.491,13,0.254,1.700
230.14,1.384,0.836,9,11,0.491,13,0.254,1.700
230.27,1.379,0.856,9,11,0.491,13,0.254,1.700
230.40,1.372,0.876,9,11,0.491,13,0.254,1.700
230.53,1.364,0.895,9,11,0.491,13,0.254,1.700
230.66,1.355,0.914,9,11,0.491,13,0.254,1.700
230.78,1.344,0.932,9,11,0.491,13,0.254,1.700
230.91,1.332,0.949,9,11,0.491,13,0.254,1.700
231.04,1.319,0.965,9,11,0.491,13,0.254,1.700
231.17,1.304,0.980,9,11,0.491,13,0.254,1.700
231.30,1.285,0.998,9,11,0.491,13,0.352,1.973
231.42,1.265,1.015,9,11,0.491,13,0.344,1.997
231.55,1.245,1.031,10,11,0.491,13,0.343,2.000
231.68,1.225,1.047,10,11,0.491,13,0.343,2.000
231.81,1.205,1.062,10,11,0.491,13,0.343,2.000
231.94,1.184,1.076,10,11,0.491,13,0.343,2.000
232.06,1.162,1.090,10,11,0.491,13,0.343,2.000
232.19,1.140,1.104,10,11,0.491,13,0.222,1.888
232.32,1.123,1.113,10,11,0.491,13,0.251,1.715
232.45,1.104,1.120,10,11,0.491,13,0.254,1.701
232.58,1.084,1.127,10,10,0.491,13,0.254,1.700
232.70,1.063,1.131,10,10,0.491,13,0.273,1.588
232.83,1.038,1.136,10,10,0.491,13,0.348,1.140
232.96,1.010,1.140,10,10,0.491,13,0.388,0.904
233.09,0.982,1.145,10,10,0.491,14,0.388,0.900
233.22,0.955,1.149,10,10,0.491,14,0.388,0.900
233.34,0.927,1.154,10,10,0.491,14,0.332,1.236
233.47,0.901,1.158,10,10,0.491,14,0.294,1.460
233.60,0.874,1.161,11,9,0.500,14,0.370,1.012
233.73,0.846,1.165,11,9,0.500,14,0.388,0.904
233.86,0.818,1.169,11,9,0.500,14,0.312,1.352
233.98,0.792,1.172,11,9,0.500,14,0.350,1.128
234.11,0.764,1.175,11,9,0.500,14,0.335,1.218
234.24,0.736,1.179,11,9,0.500,14,0.365,1.039
234.37,0.708,1.182,11,9,0.500,14,0.310,1.364
234.50,0.683,1.185,11,9,0.500,14,0.310,1.364
234.62,0.656,1.187,11,9,0.500,14,0.385,0.921
234.75,0.628,1.190,11,9,0.500,14,0.647,1.015
234.88,0.600,1.192,11,9,0.500,14,0.509,1.463
235.01,0.572,1.195,11,9,0.500,14,0.371,1.911
235.14,0.546,1.197,11,9,0.500,14,0.343,2.000
235.26,0.522,1.198,11,9,0.500,14,0.343,2.000
235.39,0.499,1.200,11,9,0.500,14,0.343,2.000
235.52,0.476,1.202,11,9,0.500,14,0.343,2.000
235.65,0.452,1.204,11,8,0.500,14,0.343,2.000
235.78,0.429,1.205,11,8,0.500,14,0.343,2.000
235.90,0.405,1.207,11,8,0.500,14,0.343,2.000
236.03,0.382,1.209,11,8,0.500,14,0.343,2.000
236.16,0.359,1.211,11,8,0.500,14,0.343,2.000
236.29,0.335,1.212,11,8,0.500,14,0.343,2.000
236.42,0.312,1.214,11,8,0.500,14,0.343,2.000
236.54,0.288,1.216,11,8,0.500,14,0.343,2.000
236.67,0.265,1.218,11,7,0.500,14,0.343,2.000
236.80,0.241,1.219,11,7,0.500,14,0.343,2.000
236.93,0.218,1.221,11,7,0.500,14,0.343,2.000
237.06,0.195,1.223,11,7,0.500,14,0.343,2.000
237.18,0.171,1.225,11,7,0.500,14,0.343,2.000
237.31,0.148,1.226,11,7,0.500,14,0.343,2.000
237.44,0.124,1.228,11,7,0.500,14,0.343,2.000
237.57,0.101,1.230,11,7,0.500,14,0.343,2.000
237.70,0.078,1.232,11,6,0.500,14,0.343,2.000
237.82,0.054,1.233,11,6,0.500,14,0.343,2.000
237.95,0.031,1.235,11,6,0.500,14,0.343,2.000
238.08,0.007,1.237,11,6,0.500,14,0.343,2.000
238.21,-0.016,1.239,11,6,0.500,14,0.343,2.000
238.34,-0.040,1.240,11,6,0.500,14,0.343,2.000
238.46,-0.064,1.242,11,6,0.500,14,0.343,2.000
238.59,-0.087,1.243,11,6,0.500,14,0.343,2.000
238.72,-0.111,1.244,11,5,0.500,14,0.343,2.000
238.85,-0.134,1.246,11,5,0.500,14,0.343,2.000
238.98,-0.158,1.247,11,5,0.500,14,0.343,2.000
239.10,-0.181,1.249,11,5,0.500,14,0.343,2.000
239.23,-0.204,1.250,11,5,0.500,14,0.343,2.000
239.36,-0.228,1.252,11,5,0.500,14,0.343,2.000
239.49,-0.251,1.253,11,5,0.500,14,0.343,2.000
239.62,-0.275,1.255,11,5,0.500,14,0.343,2.000
239.74,-0.298,1.256,11,4,0.500,14,0.343,2.000
239.87,-0.321,1.258,11,4,0.500,14,0.343,2.000
240.00,-0.345,1.259,11,4,0.500,14,0.343,2.000
240.13,-0.368,1.261,11,4,0.500,14,0.343,2.000
240.26,-0.392,1.262,11,4,0.500,14,0.343,2.000
240.38,-0.415,1.264,11,4,0.500,14,0.343,2.000
240.51,-0.439,1.265,11,4,0.500,14,0.343,2.000
240.64,-0.462,1.266,11,4,0.500,14,0.343,2.000
240.77,-0.485,1.268,11,3,0.500,14,0.343,2.000
240.90,-0.509,1.269,11,3,0.500,14,0.343,2.000
241.02,-0.532,1.271,11,3,0.500,14,0.343,2.000
241.15,-0.556,1.272,11,3,0.500,14,0.343,2.000
241.28,-0.579,1.274,11,3,0.500,14,0.343,2.000
241.41,-0.602,1.275,11,3,0.500,14,0.343,2.000
241.54,-0.626,1.277,11,3,0.500,14,0.343,2.000
241.66,-0.649,1.278,11,3,0.500,14,0.343,2.000
241.79,-0.673,1.280,11,3,0.500,14,0.343,2.000
241.92,-0.693,1.281,11,3,0.500,14,0.245,1.750
242.05,-0.709,1.281,11,3,0.500,14,0.253,1.705
242.18,-0.723,1.281,11,3,0.500,14,0.254,1.700
242.30,-0.738,1.281,11,3,0.500,14,0.254,1.700
242.43,-0.753,1.282,11,3,0.500,14,0.254,1.700
242.56,-0.768,1.282,11,3,0.500,14,0.254,1.700
242.69,-0.783,1.282,11,3,0.500,14,0.254,1.700
242.82,-0.798,1.282,11,2,0.500,14,0.254,1.700
242.94,-0.814,1.283,11,2,0.500,14,0.254,1.700
243.07,-0.829,1.283,11,2,0.500,14,0.254,1.700
243.20,-0.844,1.283,11,2,0.500,14,0.254,1.700
243.33,-0.859,1.284,11,2,0.500,14,0.254,1.700
243.46,-0.874,1.284,11,2,0.500,14,0.254,1.700
243.58,-0.889,1.284,11,2,0.500,14,0.254,1.700
243.71,-0.904,1.284,11,2,0.500,14,0.254,1.700
243.84,-0.919,1.285,11,1,0.500,14,0.254,1.700
243.97,-0.934,1.285,11,1,0.500,14,0.254,1.700
244.10,-0.949,1.285,11,1,0.500,14,0.254,1.700
244.22,-0.964,1.286,11,1,0.500,14,0.254,1.700
244.35,-0.979,1.286,11,1,0.500,14,0.254,1.700
244.48,-0.994,1.286,11,1,0.500,14,0.254,1.700
244.61,-1.009,1.287,11,1,0.500,14,0.254,1.700
244.74,-1.024,1.287,11,1,0.500,14,0.254,1.700
244.86,-1.039,1.287,11,1,0.500,14,0.254,1.700
244.99,-1.055,1.288,11,1,0.500,14,0.254,1.700
245.12,-1.070,1.288,11,1,0.500,14,0.254,1.700
245.25,-1.085,1.288,11,1,0.500,14,0.254,1.700
245.38,-1.100,1.289,11,1,0.500,14,0.254,1.700
245.50,-1.115,1.289,11,1,0.500,14,0.254,1.700
245.63,-1.130,1.289,11,1,0.500,14,0.254,1.700
245.76,-1.145,1.290,11,1,0.500,14,0.254,1.700
245.89,-1.160,1.290,11,0,0.500,14,0.254,1.700
246.02,-1.175,1.290,11,0,0.500,14,0.254,1.700
246.14,-1.190,1.291,11,0,0.500,14,0.254,1.700
246.27,-1.205,1.291,11,0,0.500,14,0.254,1.700
246.40,-1.219,1.291,11,0,0.500,14,0.051,1.924
246.53,-1.225,1.290,11,0,0.500,15,0.044,2.372
246.66,-1.227,1.285,11,0,0.500,15,0.038,2.820
246.78,-1.226,1.277,11,0,0.500,15,0.141,2.372
246.91,-1.234,1.267,11,0,0.500,15,0.216,1.924
247.04,-1.245,1.251,11,0,0.500,15,0.254,1.701
247.17,-1.256,1.233,11,0,0.500,15,0.254,1.700
247.30,-1.265,1.214,11,0,0.500,15,0.254,1.700
247.42,-1.273,1.194,11,0,0.500,15,0.254,1.700
247.55,-1.279,1.174,11,0,0.500,15,0.254,1.700
247.68,-1.283,1.154,11,0,0.500,15,0.254,1.700
247.81,-1.286,1.132,11,0,0.500,15,0.254,1.700
247.94,-1.287,1.112,11,0,0.500,15,0.254,1.700
248.06,-1.288,1.096,11,0,0.500,15,0.254,1.700
248.19,-1.288,1.081,11,0,0.500,15,0.254,1.700
248.32,-1.289,1.066,11,0,0.500,15,0.254,1.700
248.45,-1.289,1.051,11,0,0.500,15,0.254,1.700
248.58,-1.290,1.036,11,0,0.500,15,0.254,1.700
248.70,-1.290,1.021,11,0,0.500,15,0.254,1.700
248.83,-1.291,1.006,11,0,0.500,15,0.254,1.700
248.96,-1.291,0.991,10,0,0.500,15,0.254,1.700
249.09,-1.292,0.976,10,0,0.500,15,0.254,1.700
249.22,-1.292,0.961,10,0,0.500,15,0.254,1.700
249.34,-1.293,0.946,10,0,0.500,15,0.254,1.700
249.47,-1.294,0.931,10,0,0.500,15,0.254,1.700
249.60,-1.294,0.916,10,0,0.500,15,0.254,1.700
249.73,-1.295,0.901,10,0,0.500,15,0.254,1.700
249.86,-1.295,0.886,10,0,0.500,15,0.254,1.700
249.98,-1.296,0.870,9,0,0.500,15,0.254,1.700
250.11,-1.296,0.855,9,0,0.500,15,0.254,1.700
250.24,-1.297,0.840,9,0,0.500,15,0.254,1.700
250.37,-1.298,0.825,9,0,0.500,15,0.254,1.700
250.50,-1.298,0.810,9,0,0.500,15,0.254,1.700
250.62,-1.299,0.795,9,0,0.500,15,0.254,1.700
250.75,-1.299,0.780,9,0,0.500,15,0.254,1.700
250.88,-1.300,0.765,9,0,0.500,15,0.254,1.700
251.01,-1.300,0.750,9,0,0.500,15,0.254,1.700
251.14,-1.301,0.735,9,0,0.500,15,0.254,1.700
251.26,-1.302,0.720,9,0,0.500,15,0.254,1.700
251.39,-1.302,0.705,9,0,0.500,15,0.254,1.700
251.52,-1.303,0.690,9,0,0.500,15,0.254,1.700
251.65,-1.303,0.675,9,0,0.500,15,0.254,1.700
251.78,-1.304,0.660,9,0,0.500,15,0.254,1.700
251.90,-1.305,0.645,9,0,0.500,15,0.254,1.700
252.03,-1.305,0.629,8,0,0.500,15,0.254,1.700
252.16,-1.306,0.614,8,0,0.500,15,0.254,1.700
252.29,-1.306,0.599,8,0,0.500,15,0.254,1.700
252.42,-1.307,0.584,8,0,0.500,16,0.254,1.700
252.54,-1.308,0.569,8,0,0.500,16,0.254,1.700
252.67,-1.308,0.554,8,0,0.500,16,0.254,1.700
252.80,-1.309,0.539,8,0,0.500,16,0.254,1.700
252.93,-1.310,0.524,8,0,0.500,16,0.254,1.700
253.06,-1.310,0.509,8,0,0.500,16,0.254,1.700
253.18,-1.311,0.494,8,0,0.500,16,0.254,1.700
253.31,-1.311,0.479,8,0,0.500,16,0.254,1.700
253.44,-1.312,0.464,8,0,0.500,16,0.254,1.700
253.57,-1.313,0.449,8,0,0.500,16,0.254,1.700
253.70,-1.313,0.434,8,0,0.500,16,0.254,1.700
253.82,-1.314,0.419,8,0,0.500,16,0.254,1.700
253.95,-1.314,0.404,8,0,0.500,16,0.254,1.700
254.08,-1.315,0.389,7,0,0.500,16,0.254,1.700
254.21,-1.316,0.373,7,0,0.500,16,0.254,1.700
254.34,-1.316,0.358,7,0,0.500,16,0.254,1.700
254.46,-1.317,0.343,7,0,0.500,16,0.254,1.700
254.59,-1.318,0.328,7,0,0.500,16,0.254,1.700
254.72,-1.318,0.313,7,0,0.500,16,0.254,1.700
254.85,-1.319,0.298,7,0,0.500,16,0.254,1.700
254.98,-1.320,0.283,7,0,0.500,16,0.254,1.700
255.10,-1.320,0.268,7,0,0.500,16,0.254,1.700
255.23,-1.321,0.253,7,0,0.500,16,0.254,1.700
255.36,-1.322,0.238,7,0,0.500,16,0.254,1.700
255.49,-1.322,0.223,7,0,0.500,16,0.254,1.700
255.62,-1.323,0.208,7,0,0.500,16,0.254,1.700
255.74,-1.323,0.193,7,0,0.500,16,0.254,1.700
255.87,-1.324,0.178,7,0,0.500,16,0.254,1.700
256.00,-1.325,0.163,7,0,0.500,16,0.254,1.700
256.13,-1.325,0.148,6,0,0.500,16,0.254,1.700
256.26,-1.326,0.133,6,0,0.500,16,0.254,1.700
256.38,-1.327,0.117,6,0,0.500,16,0.254,1.700
256.51,-1.327,0.102,6,0,0.500,16,0.254,1.700
256.64,-1.328,0.087,6,0,0.500,16,0.254,1.700
256.77,-1.329,0.072,6,0,0.500,16,0.254,1.700
256.90,-1.329,0.057,6,0,0.500,16,0.254,1.700
257.02,-1.330,0.042,6,0,0.500,16,0.254,1.700
257.15,-1.331,0.027,6,0,0.500,16,0.254,1.700
257.28,-1.331,0.012,6,0,0.500,16,0.254,1.700
257.41,-1.332,-0.003,6,0,0.500,16,0.254,1.700
257.54,-1.333,-0.018,6,0,0.500,16,0.254,1.700
257.66,-1.333,-0.033,6,0,0.500,16,0.254,1.700
257.79,-1.334,-0.048,6,0,0.500,16,0.254,1.700
257.92,-1.335,-0.063,6,0,0.500,16,0.254,1.700
258.05,-1.336,-0.078,6,0,0.500,16,0.254,1.700
258.18,-1.336,-0.093,5,0,0.500,16,0.254,1.700
258.30,-1.337,-0.108,5,0,0.500,16,0.254,1.700
258.43,-1.338,-0.124,5,0,0.500,16,0.254,1.700
258.56,-1.338,-0.139,5,0,0.500,16,0.254,1.700
258.69,-1.339,-0.154,5,0,0.500,16,0.254,1.700
258.82,-1.340,-0.169,5,0,0.500,16,0.254,1.700
258.94,-1.340,-0.184,5,0,0.500,16,0.254,1.700
259.07,-1.341,-0.199,5,0,0.500,16,0.254,1.700
259.20,-1.342,-0.218,5,0,0.500,16,0.329,1.252
259.33,-1.344,-0.246,5,0,0.500,16,0.405,0.804
259.46,-1.345,-0.274,5,0,0.500,16,0.480,0.356
259.58,-1.347,-0.302,5,0,0.500,16,0.525,-0.092
259.71,-1.349,-0.331,5,0,0.500,16,0.449,-0.540
259.84,-1.350,-0.359,5,0,0.500,16,0.374,-0.988
259.97,-1.352,-0.387,5,0,0.500,16,0.298,-1.436
260.10,-1.354,-0.407,5,0,0.500,16,0.253,-1.705
260.22,-1.356,-0.424,4,0,0.500,16,0.254,-1.700
260.35,-1.360,-0.442,4,0,0.500,16,0.254,-1.700
260.48,-1.363,-0.458,4,0,0.500,16,0.058,-1.476
260.61,-1.367,-0.461,4,0,0.500,16,0.065,-1.028
260.74,-1.371,-0.465,4,0,0.500,16,0.071,-0.580
260.86,-1.375,-0.472,4,0,0.500,16,0.078,-0.132
260.99,-1.379,-0.481,4,0,0.500,16,0.075,0.316
261.12,-1.382,-0.490,4,0,0.500,16,0.069,0.764
261.25,-1.385,-0.497,3,0,0.500,16,0.062,1.212
261.38,-1.386,-0.505,3,0,0.500,16,0.298,1.436
261.50,-1.387,-0.524,3,0,0.500,16,0.336,1.212
261.63,-1.388,-0.547,3,0,0.500,16,0.411,0.764
261.76,-1.389,-0.573,3,0,0.500,16,0.487,0.316
261.89,-1.390,-0.602,3,0,0.500,16,0.518,-0.132
262.02,-1.392,-0.630,3,0,0.500,16,0.442,-0.580
262.14,-1.393,-0.653,3,0,0.500,16,0.071,-0.580
262.27,-1.394,-0.660,3,0,0.500,16,0.078,-0.132
262.40,-1.395,-0.669,3,0,0.500,16,0.075,0.316
262.53,-1.395,-0.675,3,0,0.500,16,0.069,0.764
262.66,-1.395,-0.678,3,0,0.500,16,0.374,0.988
262.78,-1.396,-0.703,3,0,0.500,16,0.449,0.540
262.91,-1.397,-0.725,3,0,0.500,16,0.525,0.092
263.04,-1.397,-0.739,3,0,0.500,16,0.485,0.325
263.17,-1.398,-0.759,3,0,0.500,16,0.523,0.101
263.30,-1.399,-0.787,2,0,0.500,16,0.076,-0.283
263.42,-1.399,-0.799,2,0,0.500,16,0.079,0.079
263.55,-1.399,-0.807,2,0,0.500,16,0.072,0.527
263.68,-1.399,-0.809,2,0,0.500,16,0.065,0.975
263.81,-1.400,-0.821,2,0,0.500,16,0.414,0.751
263.94,-1.400,-0.849,2,0,0.500,16,0.489,0.303
264.06,-1.400,-0.877,2,0,0.500,16,0.516,-0.145
264.19,-1.400,-0.905,2,0,0.500,16,0.440,-0.593
264.32,-1.400,-0.933,1,0,0.500,16,0.365,-1.041
264.45,-1.400,-0.961,1,0,0.500,16,0.289,-1.489
264.58,-1.400,-0.978,1,0,0.500,16,0.242,-1.768
264.70,-1.400,-0.993,1,0,0.500,16,0.056,-1.599
264.83,-1.402,-0.999,1,0,0.500,16,0.063,-1.151
264.96,-1.404,-1.000,1,0,0.500,16,0.069,-0.703
265.09,-1.407,-1.006,1,0,0.500,16,0.076,-0.255
265.22,-1.407,-1.015,1,0,0.500,16,0.077,0.193
265.34,-1.407,-1.024,1,0,0.500,16,0.070,0.641
265.47,-1.408,-1.032,1,0,0.500,16,0.064,1.089
265.60,-1.408,-1.039,1,0,0.500,16,0.319,1.313
265.73,-1.406,-1.065,1,0,0.500,16,0.394,0.865
265.86,-1.404,-1.093,1,0,0.500,16,0.470,0.417
265.98,-1.403,-1.121,1,0,0.500,16,0.535,-0.031
266.11,-1.401,-1.149,1,0,0.500,16,0.459,-0.479
266.24,-1.400,-1.177,1,0,0.500,16,0.384,-0.927
266.37,-1.398,-1.206,0,0,0.500,16,0.308,-1.375
266.50,-1.397,-1.226,0,0,0.500,16,0.059,-1.375
266.62,-1.398,-1.231,0,0,0.500,16,0.066,-0.927
266.75,-1.400,-1.233,0,0,0.500,16,0.073,-0.479
266.88,-1.401,-1.241,0,0,0.500,16,0.080,-0.031
267.01,-1.403,-1.250,0,0,0.500,16,0.074,0.417
267.14,-1.403,-1.259,0,0,0.500,16,0.067,0.865
267.26,-1.403,-1.263,0,0,0.500,16,0.060,1.313
267.39,-1.402,-1.270,0,0,0.500,16,0.054,1.761
267.52,-1.399,-1.274,0,0,0.500,16,0.047,2.209
267.65,-1.392,-1.273,0,0,0.500,16,0.040,2.657
267.78,-1.384,-1.268,0,0,0.500,16,0.037,2.850
267.90,-1.377,-1.265,0,0,0.500,16,0.117,2.514
268.03,-1.366,-1.268,0,0,0.500,16,0.192,2.066
268.16,-1.349,-1.273,0,0,0.500,16,0.268,1.618
268.29,-1.325,-1.279,0,0,0.500,16,0.343,1.170
268.42,-1.297,-1.284,0,0,0.500,16,0.418,0.722
268.54,-1.270,-1.290,0,0,0.500,16,0.494,0.274
268.67,-1.242,-1.296,0,0,0.500,16,0.511,-0.174
268.80,-1.215,-1.302,0,0,0.500,16,0.435,-0.622
268.93,-1.187,-1.308,0,0,0.500,16,0.360,-1.070
269.06,-1.160,-1.314,0,0,0.500,16,0.284,-1.518
269.18,-1.139,-1.320,0,0,0.500,16,0.252,-1.708
269.31,-1.122,-1.326,0,0,0.500,16,0.058,-1.479
269.44,-1.119,-1.331,0,1,0.500,16,0.065,-1.031
269.57,-1.114,-1.337,0,1,0.500,16,0.071,-0.583
269.70,-1.107,-1.342,0,1,0.500,16,0.078,-0.135
269.82,-1.099,-1.348,0,1,0.500,16,0.075,0.313
269.95,-1.091,-1.353,0,1,0.500,16,0.069,0.761
270.08,-1.084,-1.357,0,1,0.500,16,0.062,1.209
270.21,-1.077,-1.359,0,1,0.500,16,0.055,1.657
270.34,-1.068,-1.361,0,1,0.500,16,0.261,1.657
270.46,-1.046,-1.364,0,1,0.500,16,0.336,1.209
270.59,-1.019,-1.368,0,1,0.500,16,0.412,0.761
270.72,-0.995,-1.371,0,1,0.500,16,0.487,0.313
270.85,-0.979,-1.373,0,1,0.500,16,0.487,0.313
270.98,-0.962,-1.375,0,1,0.500,16,0.487,0.313
271.10,-0.942,-1.378,0,1,0.500,16,0.075,0.313
271.23,-0.930,-1.379,0,1,0.500,16,0.487,0.313
271.36,-0.909,-1.381,0,1,0.500,16,0.075,0.313
271.49,-0.897,-1.383,0,1,0.500,16,0.487,0.313
271.62,-0.871,-1.385,0,1,0.500,16,0.079,-0.070
271.74,-0.861,-1.386,0,1,0.500,16,0.476,0.378
271.87,-0.846,-1.387,0,1,0.500,16,0.476,0.378
272.00,-0.825,-1.389,0,1,0.500,16,0.074,0.378
272.13,-0.808,-1.390,0,1,0.500,16,0.514,0.154
272.26,-0.791,-1.391,0,1,0.500,16,0.514,0.154
272.38,-0.770,-1.392,0,1,0.500,16,0.078,0.154
272.51,-0.757,-1.393,0,2,0.500,16,0.074,0.378
272.64,-0.746,-1.394,0,2,0.500,16,0.439,0.602
272.77,-0.720,-1.394,0,2,0.500,16,0.514,0.154
272.90,-0.692,-1.395,0,2,0.500,16,0.490,-0.294
273.02,-0.664,-1.396,0,2,0.500,16,0.415,-0.742
273.15,-0.641,-1.397,0,2,0.500,16,0.069,-0.742
273.28,-0.635,-1.398,0,2,0.500,16,0.076,-0.294
273.41,-0.626,-1.399,0,2,0.500,16,0.078,0.154
273.54,-0.618,-1.399,0,3,0.500,16,0.071,0.602
273.66,-0.616,-1.399,0,3,0.500,16,0.064,1.050
273.79,-0.602,-1.400,0,3,0.500,16,0.401,0.826
273.92,-0.578,-1.400,0,3,0.500,16,0.476,0.378
274.05,-0.552,-1.400,0,3,0.500,16,0.528,-0.070
274.18,-0.524,-1.400,0,3,0.500,16,0.453,-0.518
274.30,-0.496,-1.401,0,3,0.500,16,0.377,-0.966
274.43,-0.473,-1.401,0,3,0.500,16,0.066,-0.966
274.56,-0.468,-1.402,0,3,0.500,16,0.072,-0.518
274.69,-0.461,-1.404,0,3,0.500,16,0.079,-0.070
274.82,-0.451,-1.405,0,3,0.500,16,0.074,0.378
274.94,-0.445,-1.405,0,3,0.500,16,0.068,0.826
275.07,-0.442,-1.405,0,3,0.500,16,0.363,1.050
275.20,-0.423,-1.405,0,3,0.500,16,0.401,0.826
275.33,-0.395,-1.404,0,3,0.500,16,0.476,0.378
275.46,-0.367,-1.403,0,3,0.500,16,0.528,-0.070
275.58,-0.338,-1.402,0,4,0.500,16,0.453,-0.518
275.71,-0.310,-1.401,0,4,0.500,16,0.377,-0.966
275.84,-0.282,-1.401,0,4,0.500,16,0.302,-1.414
275.97,-0.261,-1.400,0,4,0.500,16,0.246,-1.746
276.10,-0.246,-1.400,0,4,0.500,16,0.253,-1.704
276.22,-0.231,-1.400,0,4,0.500,16,0.254,-1.700
276.35,-0.216,-1.400,0,4,0.500,16,0.254,-1.700
276.48,-0.201,-1.400,0,4,0.500,16,0.254,-1.700
276.61,-0.186,-1.400,0,5,0.500,16,0.254,-1.700
276.74,-0.171,-1.400,0,5,0.500,16,0.254,-1.700
276.86,-0.156,-1.400,0,5,0.500,16,0.254,-1.700
276.99,-0.141,-1.400,0,5,0.500,16,0.254,-1.700
277.12,-0.126,-1.400,0,5,0.500,16,0.254,-1.700
277.25,-0.111,-1.400,0,5,0.500,16,0.254,-1.700
277.38,-0.096,-1.400,0,5,0.500,16,0.254,-1.700
277.50,-0.081,-1.400,0,5,0.500,16,0.254,-1.700
277.63,-0.065,-1.400,0,5,0.500,16,0.254,-1.700
277.76,-0.050,-1.400,0,5,0.500,16,0.254,-1.700
277.89,-0.035,-1.400,0,5,0.500,16,0.254,-1.700
278.02,-0.020,-1.400,0,5,0.500,16,0.254,-1.700
278.14,-0.005,-1.401,0,5,0.500,16,0.254,-1.700
278.27,0.010,-1.401,0,5,0.500,16,0.254,-1.700
278.40,0.025,-1.401,0,5,0.500,16,0.254,-1.700
278.53,0.041,-1.401,0,5,0.500,16,0.254,-1.700
278.66,0.056,-1.401,0,6,0.500,16,0.254,-1.700
278.78,0.071,-1.401,0,6,0.500,16,0.254,-1.700
278.91,0.087,-1.402,0,6,0.500,16,0.254,-1.700
279.04,0.100,-1.402,0,6,0.500,16,0.058,-1.476
279.17,0.104,-1.404,0,6,0.500,16,0.065,-1.028
279.30,0.107,-1.407,0,6,0.500,16,0.071,-0.580
279.42,0.112,-1.407,0,6,0.500,16,0.078,-0.132
279.55,0.121,-1.407,0,6,0.500,16,0.075,0.316
279.68,0.129,-1.407,0,6,0.500,16,0.069,0.764
279.81,0.136,-1.408,0,6,0.500,16,0.062,1.212
279.94,0.147,-1.407,0,6,0.500,16,0.336,1.212
280.06,0.175,-1.406,0,6,0.500,16,0.411,0.764
280.19,0.203,-1.404,0,6,0.500,16,0.487,0.316
280.32,0.231,-1.402,0,6,0.500,16,0.518,-0.132
280.45,0.259,-1.401,0,6,0.500,16,0.442,-0.580
280.58,0.287,-1.399,0,6,0.500,16,0.367,-1.028
280.70,0.315,-1.397,0,7,0.500,16,0.292,-1.476
280.83,0.336,-1.396,0,7,0.500,16,0.253,-1.707
280.96,0.351,-1.396,0,7,0.500,16,0.254,-1.701
281.09,0.366,-1.396,0,7,0.500,16,0.254,-1.700
281.22,0.381,-1.396,0,7,0.500,16,0.254,-1.700
281.34,0.396,-1.396,0,7,0.500,16,0.254,-1.700
281.47,0.411,-1.395,0,7,0.500,16,0.254,-1.700
281.60,0.427,-1.395,0,7,0.500,16,0.254,-1.700
281.73,0.442,-1.395,0,7,0.500,16,0.254,-1.700
281.86,0.457,-1.395,0,7,0.500,16,0.254,-1.700
281.98,0.472,-1.394,0,7,0.500,16,0.254,-1.700
282.11,0.487,-1.394,0,7,0.500,16,0.254,-1.700
282.24,0.502,-1.394,0,7,0.500,16,0.254,-1.700
282.37,0.517,-1.394,0,7,0.500,16,0.254,-1.700
282.50,0.532,-1.393,0,7,0.500,16,0.254,-1.700
282.62,0.547,-1.393,0,7,0.500,16,0.254,-1.700
282.75,0.562,-1.393,0,8,0.500,16,0.254,-1.700
282.88,0.577,-1.392,0,8,0.500,16,0.254,-1.700
283.01,0.592,-1.392,0,8,0.500,16,0.254,-1.700
283.14,0.607,-1.392,0,8,0.500,16,0.254,-1.700
283.26,0.622,-1.392,0,8,0.500,16,0.254,-1.700
283.39,0.637,-1.391,0,8,0.500,16,0.254,-1.700
283.52,0.652,-1.391,0,8,0.500,16,0.254,-1.700
283.65,0.668,-1.391,0,8,0.500,16,0.254,-1.700
283.78,0.683,-1.390,0,8,0.500,16,0.254,-1.700
283.90,0.698,-1.390,0,8,0.500,16,0.254,-1.700
284.03,0.713,-1.390,0,8,0.500,16,0.254,-1.700
284.16,0.728,-1.389,0,8,0.500,16,0.254,-1.700
284.29,0.743,-1.389,0,8,0.500,16,0.254,-1.700
284.42,0.758,-1.389,0,8,0.500,16,0.254,-1.700
284.54,0.773,-1.389,0,8,0.500,16,0.254,-1.700
284.67,0.788,-1.388,0,8,0.500,16,0.254,-1.700
284.80,0.803,-1.388,0,9,0.500,16,0.254,-1.700
284.93,0.818,-1.388,0,9,0.500,16,0.254,-1.700
285.06,0.833,-1.387,0,9,0.500,16,0.254,-1.700
285.18,0.848,-1.387,0,9,0.500,16,0.254,-1.700
285.31,0.863,-1.387,0,9,0.500,16,0.254,-1.700
285.44,0.878,-1.386,0,9,0.500,16,0.254,-1.700
285.57,0.894,-1.386,0,9,0.500,16,0.254,-1.700
285.70,0.909,-1.386,0,9,0.500,16,0.254,-1.700
285.82,0.924,-1.385,0,10,0.500,16,0.254,-1.700
285.95,0.939,-1.385,0,10,0.500,16,0.254,-1.700
286.08,0.954,-1.385,0,10,0.500,16,0.254,-1.700
286.21,0.969,-1.384,0,10,0.500,16,0.254,-1.700
286.34,0.984,-1.384,0,10,0.500,16,0.254,-1.700
286.46,0.999,-1.383,0,10,0.500,16,0.254,-1.700
286.59,1.014,-1.383,0,10,0.500,16,0.254,-1.700
286.72,1.029,-1.383,0,10,0.500,16,0.254,-1.700
286.85,1.044,-1.382,0,10,0.500,16,0.254,-1.700
286.98,1.059,-1.382,0,10,0.500,16,0.254,-1.700
287.10,1.074,-1.382,0,10,0.500,16,0.254,-1.700
287.23,1.089,-1.381,0,10,0.500,16,0.254,-1.700
287.36,1.104,-1.381,0,10,0.500,16,0.254,-1.700
287.49,1.119,-1.380,0,10,0.500,16,0.254,-1.700
287.62,1.135,-1.380,0,10,0.500,16,0.254,-1.700
287.74,1.150,-1.380,0,10,0.500,16,0.254,-1.700
287.87,1.165,-1.379,0,11,0.500,16,0.254,-1.700
288.00,1.180,-1.379,0,11,0.500,16,0.254,-1.700
288.13,1.195,-1.379,0,11,0.500,16,0.254,-1.700
288.26,1.210,-1.378,0,11,0.500,16,0.254,-1.700
288.38,1.223,-1.378,0,11,0.500,16,0.058,-1.476
288.51,1.228,-1.379,0,11,0.500,16,0.065,-1.028
288.64,1.230,-1.381,0,11,0.500,16,0.071,-0.580
288.77,1.237,-1.384,0,11,0.500,16,0.078,-0.132
288.90,1.247,-1.385,0,11,0.500,16,0.075,0.316
289.02,1.256,-1.387,0,11,0.500,16,0.069,0.764
289.15,1.263,-1.387,0,11,0.500,16,0.062,1.212
289.28,1.269,-1.386,0,11,0.500,16,0.055,1.660
289.41,1.275,-1.384,0,11,0.500,16,0.048,2.108
289.54,1.276,-1.378,0,11,0.500,16,0.042,2.556
289.66,1.272,-1.370,0,11,0.500,16,0.037,2.850
289.79,1.266,-1.362,0,11,0.500,16,0.079,2.738
289.92,1.267,-1.355,0,11,0.500,16,0.155,2.290
290.05,1.271,-1.342,0,11,0.500,16,0.230,1.842
290.18,1.274,-1.320,0,11,0.500,16,0.305,1.394
290.30,1.278,-1.293,0,11,0.500,16,0.381,0.946
290.43,1.282,-1.265,0,11,0.500,16,0.456,0.498
290.56,1.285,-1.237,0,11,0.500,16,0.532,0.050
290.69,1.289,-1.209,0,11,0.500,16,0.473,-0.398
290.82,1.293,-1.181,0,11,0.500,16,0.398,-0.846
290.94,1.297,-1.153,0,11,0.500,16,0.322,-1.294
291.07,1.300,-1.129,0,11,0.500,16,0.254,-1.701
291.20,1.305,-1.110,0,11,0.500,16,0.254,-1.700
291.33,1.310,-1.090,0,11,0.500,16,0.254,-1.700
291.46,1.317,-1.070,0,11,0.500,16,0.254,-1.700
291.58,1.323,-1.061,0,11,0.500,16,0.061,-1.252
291.71,1.329,-1.058,0,11,0.500,16,0.068,-0.804
291.84,1.334,-1.051,0,11,0.500,16,0.075,-0.356
291.97,1.340,-1.043,1,11,0.500,16,0.079,0.092
292.10,1.346,-1.036,1,11,0.500,16,0.072,0.540
292.22,1.351,-1.029,1,11,0.500,16,0.065,0.988
292.35,1.354,-1.022,1,11,0.500,16,0.058,1.436
292.48,1.356,-1.015,1,11,0.500,16,0.052,1.884
292.61,1.359,-0.999,1,11,0.500,16,0.298,1.436
292.74,1.363,-0.973,1,11,0.500,16,0.065,0.988
292.86,1.366,-0.953,1,11,0.500,16,0.449,0.540
292.99,1.369,-0.934,1,11,0.500,16,0.487,0.316
293.12,1.372,-0.914,1,11,0.500,16,0.075,0.316
293.25,1.374,-0.901,1,11,0.500,16,0.487,0.316
293.38,1.376,-0.884,1,11,0.500,16,0.072,0.540
293.50,1.378,-0.868,1,11,0.500,16,0.486,0.319
293.63,1.380,-0.847,1,11,0.500,16,0.075,0.319
293.76,1.382,-0.830,1,11,0.500,16,0.075,0.319
293.89,1.383,-0.814,1,11,0.500,16,0.074,0.393
294.02,1.384,-0.802,2,11,0.500,16,0.474,0.393
294.14,1.386,-0.780,2,11,0.500,16,0.537,0.017
294.27,1.387,-0.768,2,11,0.500,16,0.462,0.465
294.40,1.389,-0.748,2,11,0.500,16,0.499,0.241
294.53,1.390,-0.729,2,11,0.500,16,0.076,0.291
294.66,1.390,-0.724,2,11,0.500,16,0.069,0.739
294.78,1.391,-0.718,2,11,0.500,16,0.409,0.779
294.91,1.392,-0.692,2,11,0.500,16,0.484,0.331
295.04,1.393,-0.664,2,11,0.500,16,0.520,-0.117
295.17,1.394,-0.635,2,11,0.500,16,0.445,-0.565
295.30,1.395,-0.617,2,11,0.500,16,0.075,-0.341
295.42,1.396,-0.609,2,11,0.500,16,0.078,0.107
295.55,1.396,-0.602,2,11,0.500,16,0.072,0.555
295.68,1.396,-0.599,2,11,0.500,16,0.065,1.003
295.81,1.397,-0.586,2,11,0.500,16,0.067,0.837
295.94,1.397,-0.564,2,11,0.500,16,0.475,0.389
296.06,1.397,-0.536,3,11,0.500,16,0.530,-0.059
296.19,1.398,-0.508,3,11,0.500,16,0.455,-0.507
296.32,1.398,-0.481,3,11,0.500,16,0.069,-0.731
296.45,1.399,-0.474,3,11,0.500,16,0.076,-0.283
296.58,1.399,-0.465,3,11,0.500,16,0.078,0.165
296.70,1.400,-0.458,3,11,0.500,16,0.071,0.613
296.83,1.400,-0.457,3,11,0.500,16,0.064,1.061
296.96,1.400,-0.443,3,11,0.500,16,0.399,0.837
297.09,1.400,-0.415,4,11,0.500,16,0.475,0.389
297.22,1.401,-0.393,4,11,0.500,16,0.530,-0.059
297.34,1.401,-0.370,4,11,0.500,16,0.079,-0.059
297.47,1.401,-0.361,4,11,0.500,16,0.475,0.389
297.60,1.402,-0.341,4,11,0.500,16,0.512,0.165
297.73,1.402,-0.313,4,11,0.500,16,0.492,-0.283
297.86,1.402,-0.285,4,11,0.500,16,0.417,-0.731
297.98,1.402,-0.257,4,11,0.500,16,0.066,-0.955
298.11,1.403,-0.251,4,11,0.500,16,0.072,-0.507
298.24,1.404,-0.244,4,11,0.500,16,0.079,-0.059
298.37,1.405,-0.235,4,11,0.500,16,0.074,0.389
298.50,1.405,-0.231,4,11,0.500,16,0.067,0.837
298.62,1.405,-0.227,4,11,0.500,16,0.061,1.285
298.75,1.405,-0.207,4,11,0.500,16,0.399,0.837
298.88,1.404,-0.179,4,11,0.500,16,0.475,0.389
299.01,1.403,-0.151,4,11,0.500,16,0.530,-0.059
299.14,1.402,-0.123,5,11,0.500,16,0.455,-0.507
299.26,1.401,-0.095,5,11,0.500,16,0.379,-0.955
299.39,1.401,-0.067,5,11,0.500,16,0.304,-1.403
299.52,1.400,-0.045,5,11,0.500,16,0.246,-1.744
299.65,1.400,-0.030,5,11,0.500,16,0.253,-1.704
299.78,1.400,-0.015,5,11,0.500,16,0.254,-1.700
299.90,1.400,-0.000,5,11,0.500,16,0.254,-1.700
