time,x,y,row,col,coverage,collision_count,v,w
0.13,-1.336,-1.349,0,0,0.009,1,0.465,0.448
0.26,-1.307,-1.348,0,0,0.009,1,0.405,0.802
0.38,-1.279,-1.346,0,0,0.009,1,0.405,0.800
0.51,-1.251,-1.345,0,0,0.009,1,0.405,0.800
0.64,-1.223,-1.344,0,0,0.009,1,0.405,0.800
0.77,-1.194,-1.342,0,0,0.009,1,0.405,0.800
0.90,-1.166,-1.341,0,0,0.009,1,0.405,0.800
1.02,-1.138,-1.340,0,0,0.009,1,0.405,0.800
1.15,-1.110,-1.338,0,0,0.009,1,0.405,0.800
1.28,-1.082,-1.337,0,0,0.009,1,0.405,0.800
1.41,-1.054,-1.336,0,0,0.009,1,0.405,0.800
1.54,-1.026,-1.334,0,0,0.009,1,0.405,0.800
1.66,-0.998,-1.333,0,0,0.009,1,0.405,0.800
1.79,-0.969,-1.332,0,0,0.009,1,0.405,0.800
1.92,-0.941,-1.330,0,0,0.009,1,0.405,0.800
2.05,-0.913,-1.329,0,0,0.009,1,0.405,0.800
2.18,-0.885,-1.328,0,1,0.019,1,0.405,0.800
2.30,-0.857,-1.326,0,1,0.019,1,0.405,0.800
2.43,-0.829,-1.325,0,1,0.019,1,0.405,0.800
2.56,-0.801,-1.324,0,1,0.019,1,0.405,0.800
2.69,-0.773,-1.322,0,1,0.019,1,0.405,0.800
2.82,-0.744,-1.321,0,1,0.019,1,0.405,0.800
2.94,-0.716,-1.319,0,1,0.019,1,0.405,0.800
3.07,-0.688,-1.318,0,1,0.019,1,0.405,0.800
3.20,-0.660,-1.317,0,2,0.028,1,0.405,0.800
3.33,-0.632,-1.315,0,2,0.028,1,0.405,0.800
3.46,-0.604,-1.314,0,2,0.028,1,0.405,0.800
3.58,-0.576,-1.312,0,2,0.028,1,0.405,0.800
3.71,-0.547,-1.311,0,2,0.028,1,0.405,0.800
3.84,-0.519,-1.310,0,2,0.028,1,0.405,0.800
3.97,-0.491,-1.308,0,2,0.028,1,0.405,0.800
4.10,-0.463,-1.307,0,2,0.028,1,0.405,0.800
4.22,-0.435,-1.305,0,3,0.037,1,0.481,0.352
4.35,-0.407,-1.304,0,3,0.037,1,0.524,-0.096
4.48,-0.379,-1.303,0,3,0.037,1,0.448,-0.544
4.61,-0.351,-1.301,0,3,0.037,1,0.373,-0.992
4.74,-0.323,-1.300,0,3,0.037,1,0.298,-1.440
4.86,-0.301,-1.299,0,3,0.037,1,0.254,-1.700
4.99,-0.286,-1.299,0,3,0.037,1,0.254,-1.700
5.12,-0.271,-1.298,0,3,0.037,1,0.254,-1.700
5.25,-0.256,-1.298,0,4,0.046,1,0.254,-1.700
5.38,-0.241,-1.298,0,4,0.046,1,0.254,-1.700
5.50,-0.226,-1.298,0,4,0.046,1,0.254,-1.700
5.63,-0.211,-1.297,0,4,0.046,1,0.254,-1.700
5.76,-0.196,-1.297,0,4,0.046,1,0.254,-1.700
5.89,-0.181,-1.297,0,4,0.046,1,0.254,-1.700
6.02,-0.165,-1.297,0,4,0.046,1,0.254,-1.700
6.14,-0.150,-1.296,0,4,0.046,1,0.254,-1.700
6.27,-0.130,-1.296,0,5,0.056,1,0.329,-1.252
6.40,-0.102,-1.295,0,5,0.056,1,0.405,-0.804
6.53,-0.074,-1.295,0,5,0.056,1,0.480,-0.356
6.66,-0.046,-1.294,0,5,0.056,1,0.525,0.092
6.78,-0.018,-1.293,0,5,0.056,1,0.449,0.540
6.91,0.010,-1.292,0,5,0.056,1,0.406,0.797
7.04,0.038,-1.292,0,5,0.056,1,0.405,0.800
7.17,0.066,-1.291,0,5,0.056,1,0.405,0.800
7.30,0.095,-1.290,0,6,0.065,1,0.405,0.800
7.42,0.123,-1.289,0,6,0.065,1,0.405,0.800
7.55,0.151,-1.289,0,6,0.065,1,0.405,0.800
7.68,0.179,-1.288,0,6,0.065,1,0.405,0.800
7.81,0.207,-1.287,0,6,0.065,1,0.405,0.800
7.94,0.235,-1.286,0,6,0.065,1,0.405,0.800
8.06,0.264,-1.286,0,6,0.065,1,0.405,0.800
8.19,0.292,-1.285,0,6,0.065,1,0.405,0.800
8.32,0.320,-1.284,0,7,0.074,1,0.405,0.800
8.45,0.348,-1.283,0,7,0.074,1,0.405,0.800
8.58,0.376,-1.283,0,7,0.074,1,0.405,0.800
8.70,0.404,-1.282,0,7,0.074,1,0.415,0.740
8.83,0.432,-1.281,0,7,0.074,1,0.458,0.488
8.96,0.461,-1.280,0,7,0.074,1,0.458,0.488
9.09,0.489,-1.279,0,7,0.074,1,0.503,0.217
9.22,0.517,-1.278,0,7,0.074,1,0.539,0.008
9.34,0.545,-1.278,0,8,0.083,1,0.540,0.001
9.47,0.573,-1.277,0,8,0.083,1,0.540,0.000
9.60,0.601,-1.276,0,8,0.083,1,0.540,0.000
9.73,0.629,-1.275,0,8,0.083,1,0.540,0.000
9.86,0.658,-1.274,0,8,0.083,1,0.540,0.000
9.98,0.686,-1.273,0,8,0.083,1,0.540,0.000
10.11,0.714,-1.273,0,8,0.083,1,0.540,0.000
10.24,0.742,-1.272,0,8,0.083,1,0.502,0.224
10.37,0.770,-1.271,0,9,0.093,1,0.427,0.672
10.50,0.798,-1.270,0,9,0.093,1,0.406,0.798
10.62,0.826,-1.269,0,9,0.093,1,0.405,0.800
10.75,0.855,-1.268,0,9,0.093,1,0.405,0.800
10.88,0.883,-1.267,0,9,0.093,1,0.405,0.800
11.01,0.911,-1.266,0,9,0.093,1,0.405,0.800
11.14,0.939,-1.265,0,9,0.093,1,0.405,0.800
11.26,0.967,-1.265,0,9,0.093,1,0.405,0.800
11.39,0.995,-1.264,0,10,0.102,1,0.405,0.800
11.52,1.023,-1.263,0,10,0.102,1,0.405,0.800
11.65,1.052,-1.262,0,10,0.102,1,0.402,0.821
11.78,1.080,-1.261,0,10,0.102,1,0.386,0.915
11.90,1.108,-1.260,0,10,0.102,1,0.372,1.001
12.03,1.136,-1.259,0,10,0.102,1,0.359,1.073
12.16,1.164,-1.258,0,10,0.102,1,0.341,1.182
12.29,1.182,-1.257,0,10,0.102,1,0.280,1.545
12.42,1.192,-1.255,0,11,0.111,1,0.050,1.993
12.54,1.194,-1.250,0,11,0.111,1,0.043,2.441
12.67,1.193,-1.242,0,11,0.111,1,0.129,2.441
12.80,1.199,-1.233,0,11,0.111,1,0.205,1.993
12.93,1.210,-1.218,0,11,0.111,1,0.280,1.545
13.06,1.225,-1.197,0,11,0.111,1,0.355,1.097
13.18,1.238,-1.177,0,11,0.111,1,0.302,1.414
13.31,1.249,-1.157,0,11,0.111,1,0.304,1.401
13.44,1.261,-1.136,0,11,0.111,1,0.304,1.401
13.57,1.270,-1.116,0,11,0.111,1,0.319,1.312
13.70,1.279,-1.095,0,11,0.111,1,0.059,1.421
13.82,1.287,-1.074,0,11,0.111,1,0.061,1.299
13.95,1.295,-1.053,0,11,0.111,1,0.061,1.299
14.08,1.299,-1.038,0,11,0.111,1,0.307,1.381
14.21,1.308,-1.011,0,11,0.111,1,0.329,1.256
14.34,1.314,-0.990,0,11,0.111,1,0.317,1.327
14.46,1.320,-0.970,1,11,0.120,1,0.382,0.936
14.59,1.324,-0.954,1,11,0.120,2,0.420,0.712
14.72,1.329,-0.934,1,11,0.120,2,0.072,0.517
14.85,1.332,-0.923,1,11,0.120,2,0.453,0.517
14.98,1.336,-0.906,1,11,0.120,2,0.453,0.517
15.10,1.340,-0.887,1,11,0.120,2,0.072,0.517
15.23,1.343,-0.875,1,11,0.120,2,0.453,0.517
15.36,1.346,-0.855,1,11,0.120,2,0.491,0.293
15.49,1.350,-0.836,2,11,0.130,2,0.076,0.293
15.62,1.352,-0.824,2,11,0.130,2,0.453,0.517
15.74,1.355,-0.804,2,11,0.130,2,0.491,0.293
15.87,1.357,-0.790,2,11,0.130,2,0.481,0.349
16.00,1.359,-0.770,2,11,0.130,2,0.519,0.125
16.13,1.361,-0.756,2,11,0.130,2,0.473,0.398
16.26,1.364,-0.736,2,11,0.130,2,0.511,0.174
16.38,1.366,-0.719,2,11,0.130,2,0.511,0.174
16.51,1.367,-0.706,2,11,0.130,2,0.469,0.422
16.64,1.369,-0.686,2,11,0.130,2,0.074,0.422
16.77,1.371,-0.669,2,11,0.130,2,0.074,0.422
16.90,1.372,-0.653,2,11,0.130,2,0.507,0.198
17.02,1.374,-0.630,2,11,0.130,2,0.080,0.015
17.15,1.375,-0.618,2,11,0.130,2,0.073,0.463
17.28,1.376,-0.601,2,11,0.130,2,0.073,0.463
17.41,1.377,-0.586,2,11,0.130,2,0.500,0.239
17.54,1.378,-0.558,3,11,0.139,2,0.070,0.662
17.66,1.379,-0.536,3,11,0.139,2,0.353,1.110
17.79,1.380,-0.514,3,11,0.139,2,0.315,1.334
17.92,1.380,-0.487,3,11,0.139,2,0.353,1.111
18.05,1.381,-0.459,3,11,0.139,2,0.347,1.149
18.18,1.381,-0.431,3,11,0.139,2,0.341,1.181
18.30,1.382,-0.403,3,11,0.139,2,0.339,1.192
18.43,1.382,-0.375,3,11,0.139,2,0.340,1.189
18.56,1.383,-0.349,4,11,0.148,2,0.264,1.637
18.69,1.383,-0.332,4,11,0.148,2,0.254,1.700
18.82,1.383,-0.317,4,11,0.148,2,0.254,1.700
18.94,1.383,-0.302,4,11,0.148,2,0.254,1.700
19.07,1.383,-0.287,4,11,0.148,2,0.254,1.700
19.20,1.384,-0.272,4,11,0.148,2,0.254,1.700
19.33,1.384,-0.257,4,11,0.148,2,0.254,1.700
19.46,1.384,-0.243,4,11,0.148,2,0.254,1.700
19.58,1.384,-0.228,4,11,0.148,2,0.254,1.700
19.71,1.384,-0.213,4,11,0.148,2,0.254,1.700
19.84,1.385,-0.198,4,11,0.148,2,0.254,1.700
19.97,1.385,-0.183,4,11,0.148,2,0.254,1.700
20.10,1.385,-0.167,4,11,0.148,2,0.254,1.700
20.22,1.386,-0.152,4,11,0.148,2,0.254,1.700
20.35,1.386,-0.137,4,11,0.148,2,0.254,1.700
20.48,1.386,-0.122,4,11,0.148,2,0.254,1.700
20.61,1.387,-0.107,5,11,0.157,2,0.254,1.700
20.74,1.387,-0.092,5,11,0.157,2,0.254,1.700
20.86,1.387,-0.077,5,11,0.157,2,0.254,1.700
20.99,1.387,-0.066,5,11,0.157,2,0.239,1.786
21.12,1.386,-0.051,5,11,0.157,2,0.253,1.708
21.25,1.384,-0.035,5,11,0.157,2,0.254,1.701
21.38,1.382,-0.018,5,11,0.157,2,0.254,1.700
21.50,1.379,-0.000,5,11,0.157,2,0.254,1.700
21.63,1.376,0.018,6,11,0.167,2,0.254,1.700
21.76,1.372,0.041,6,11,0.167,2,0.329,1.252
21.89,1.366,0.068,6,11,0.167,2,0.387,0.907
22.02,1.361,0.096,6,11,0.167,2,0.388,0.901
22.14,1.356,0.124,6,11,0.167,2,0.388,0.900
22.27,1.350,0.151,6,11,0.167,2,0.388,0.900
22.40,1.345,0.179,6,11,0.167,2,0.370,1.012
22.53,1.340,0.206,6,11,0.167,2,0.294,1.460
22.66,1.335,0.228,6,11,0.167,2,0.254,1.696
22.78,1.329,0.249,6,11,0.167,2,0.254,1.700
22.91,1.321,0.268,6,11,0.167,2,0.254,1.700
23.04,1.312,0.287,6,11,0.167,2,0.254,1.700
23.17,1.301,0.305,6,11,0.167,2,0.254,1.700
23.30,1.289,0.322,6,11,0.167,2,0.254,1.700
23.42,1.276,0.338,6,11,0.167,2,0.254,1.700
23.55,1.261,0.353,6,11,0.167,2,0.254,1.700
23.68,1.243,0.369,7,11,0.176,2,0.329,1.252
23.81,1.222,0.388,7,11,0.176,2,0.405,0.804
23.94,1.200,0.406,7,11,0.176,2,0.480,0.356
24.06,1.179,0.425,7,11,0.176,2,0.525,-0.092
24.19,1.158,0.443,7,11,0.176,2,0.449,-0.540
24.32,1.137,0.461,7,11,0.176,2,0.392,-0.878
24.45,1.115,0.480,7,11,0.176,2,0.436,-0.617
24.58,1.094,0.498,7,11,0.176,2,0.512,-0.169
24.70,1.073,0.517,8,10,0.194,2,0.493,0.279
24.83,1.051,0.535,8,10,0.194,2,0.418,0.727
24.96,1.030,0.554,8,10,0.194,2,0.342,1.175
25.09,1.010,0.571,8,10,0.194,2,0.267,1.623
25.22,0.993,0.584,8,10,0.194,2,0.252,1.711
25.34,0.976,0.595,8,10,0.194,2,0.254,1.701
25.47,0.957,0.605,8,10,0.194,2,0.254,1.700
25.60,0.938,0.613,8,10,0.194,2,0.254,1.700
25.73,0.918,0.620,8,10,0.194,2,0.273,1.588
25.86,0.893,0.626,8,10,0.194,2,0.348,1.140
25.98,0.866,0.634,8,10,0.194,2,0.388,0.904
26.11,0.839,0.641,8,10,0.194,2,0.388,0.900
26.24,0.812,0.648,8,10,0.194,2,0.388,0.900
26.37,0.785,0.655,8,10,0.194,2,0.388,0.900
26.50,0.757,0.663,8,10,0.194,2,0.388,0.900
26.62,0.730,0.670,8,10,0.194,2,0.388,0.900
26.75,0.703,0.677,8,9,0.204,3,0.388,0.900
26.88,0.676,0.685,8,9,0.204,3,0.388,0.900
27.01,0.648,0.692,8,9,0.204,3,0.388,0.900
27.14,0.621,0.699,8,9,0.204,3,0.388,0.900
27.26,0.594,0.706,8,9,0.204,3,0.388,0.900
27.39,0.567,0.714,8,9,0.204,3,0.388,0.900
27.52,0.540,0.721,8,9,0.204,3,0.850,0.900
27.65,0.512,0.728,8,9,0.204,3,0.850,0.900
27.78,0.485,0.735,9,8,0.204,3,1.024,0.452
27.90,0.458,0.743,9,8,0.204,3,1.197,0.008
28.03,0.431,0.750,9,8,0.204,3,1.197,-0.009
28.16,0.403,0.757,9,8,0.204,3,1.196,-0.011
28.29,0.376,0.764,9,8,0.204,3,1.192,-0.021
28.42,0.349,0.772,9,8,0.204,3,1.185,-0.039
28.54,0.322,0.779,9,8,0.204,3,1.180,-0.051
28.67,0.295,0.786,9,8,0.204,3,1.177,-0.059
28.80,0.267,0.793,9,7,0.213,3,1.174,-0.068
28.93,0.240,0.801,9,7,0.213,3,1.174,-0.066
29.06,0.213,0.808,9,7,0.213,3,1.167,-0.084
29.18,0.186,0.815,9,7,0.213,3,1.162,-0.097
29.31,0.159,0.823,9,7,0.213,3,1.188,0.031
29.44,0.131,0.830,9,7,0.213,3,1.155,0.115
29.57,0.104,0.837,9,7,0.213,3,1.153,0.120
29.70,0.077,0.844,9,7,0.213,3,1.149,0.131
29.82,0.050,0.852,9,6,0.222,3,1.149,0.131
29.95,0.022,0.859,9,6,0.222,3,1.147,0.138
30.08,-0.005,0.866,9,6,0.222,3,1.139,0.157
30.21,-0.032,0.873,9,6,0.222,3,1.137,0.163
30.34,-0.059,0.881,9,6,0.222,3,1.132,0.175
30.46,-0.086,0.888,9,6,0.222,3,1.128,0.186
30.59,-0.114,0.895,9,6,0.222,3,1.125,0.192
30.72,-0.141,0.903,9,6,0.222,3,1.119,0.208
30.85,-0.168,0.910,10,5,0.241,3,1.113,0.223
30.98,-0.195,0.917,10,5,0.241,3,1.112,0.227
31.10,-0.223,0.924,10,5,0.241,3,1.108,0.236
31.23,-0.250,0.932,10,5,0.241,3,1.104,0.248
31.36,-0.277,0.939,10,5,0.241,3,1.099,0.260
31.49,-0.304,0.946,10,5,0.241,3,1.095,0.271
31.62,-0.331,0.953,10,5,0.241,3,1.091,0.281
31.74,-0.359,0.961,10,5,0.241,3,1.087,0.291
31.87,-0.386,0.968,10,4,0.250,3,1.082,0.303
32.00,-0.413,0.975,10,4,0.250,3,1.079,0.311
32.13,-0.440,0.983,10,4,0.250,3,1.076,0.320
32.26,-0.468,0.990,10,4,0.250,3,1.075,0.322
32.38,-0.495,0.997,10,4,0.250,3,1.070,0.335
32.51,-0.522,1.004,10,4,0.250,3,1.063,0.353
32.64,-0.549,1.012,10,4,0.250,3,1.059,0.364
32.77,-0.576,1.019,10,4,0.250,3,1.055,0.374
32.90,-0.604,1.026,10,3,0.259,3,1.050,0.387
33.02,-0.631,1.033,10,3,0.259,3,1.050,0.387
33.15,-0.658,1.041,10,3,0.259,3,1.043,0.404
33.28,-0.685,1.048,10,3,0.259,3,1.037,0.421
33.41,-0.712,1.055,10,3,0.259,3,1.028,0.444
33.54,-0.740,1.063,10,3,0.259,3,1.018,0.468
33.66,-0.767,1.070,10,3,0.259,3,0.927,0.704
33.79,-0.794,1.077,10,3,0.259,3,0.919,0.722
33.92,-0.821,1.084,10,2,0.269,3,0.910,0.746
34.05,-0.849,1.092,10,2,0.269,3,0.901,0.771
34.18,-0.876,1.099,10,2,0.269,3,0.371,1.006
34.30,-0.903,1.106,10,2,0.269,3,0.371,1.006
34.43,-0.930,1.114,10,2,0.269,3,0.809,1.006
34.56,-0.957,1.121,10,2,0.269,3,0.385,0.922
34.69,-0.985,1.128,10,2,0.269,3,0.404,0.810
34.82,-1.012,1.135,10,2,0.269,3,0.405,0.801
34.94,-1.039,1.143,11,1,0.287,3,0.330,1.249
35.07,-1.064,1.149,11,1,0.287,3,0.255,1.692
35.20,-1.085,1.153,11,1,0.287,3,0.254,1.699
35.33,-1.106,1.156,11,1,0.287,3,0.254,1.700
35.46,-1.125,1.157,11,1,0.287,3,0.254,1.700
35.58,-1.141,1.157,11,1,0.287,3,0.254,1.700
35.71,-1.156,1.158,11,1,0.287,3,0.254,1.700
35.84,-1.171,1.158,11,1,0.287,3,0.254,1.700
35.97,-1.189,1.158,11,0,0.296,3,0.058,1.476
36.10,-1.196,1.157,11,0,0.296,3,0.051,1.924
36.22,-1.200,1.153,11,0,0.296,3,0.044,2.372
36.35,-1.198,1.146,11,0,0.296,3,0.103,2.596
36.48,-1.201,1.138,11,0,0.296,3,0.178,2.148
36.61,-1.211,1.124,11,0,0.296,3,0.253,1.705
36.74,-1.223,1.107,11,0,0.296,3,0.254,1.700
36.86,-1.233,1.089,11,0,0.296,3,0.254,1.700
36.99,-1.243,1.067,10,0,0.306,3,0.329,1.252
37.12,-1.255,1.041,10,0,0.306,3,0.358,1.080
37.25,-1.266,1.016,10,0,0.306,3,0.345,1.156
37.38,-1.278,0.990,10,0,0.306,3,0.331,1.244
37.50,-1.286,0.969,10,0,0.306,3,0.335,1.218
37.63,-1.294,0.948,10,0,0.306,3,0.324,1.280
37.76,-1.301,0.927,10,0,0.306,3,0.057,1.518
37.89,-1.307,0.907,10,0,0.306,3,0.345,1.160
38.02,-1.314,0.884,10,0,0.306,3,0.297,1.446
38.14,-1.321,0.859,10,0,0.306,4,0.061,1.272
38.27,-1.326,0.838,10,0,0.306,4,0.061,1.290
38.40,-1.329,0.822,10,0,0.306,4,0.301,1.421
38.53,-1.335,0.797,10,0,0.306,4,0.332,1.236
38.66,-1.338,0.777,10,0,0.306,4,0.058,1.439
38.78,-1.342,0.756,10,0,0.306,4,0.343,1.168
38.91,-1.345,0.735,10,0,0.306,4,0.343,1.168
39.04,-1.350,0.708,9,0,0.315,4,0.331,1.241
39.17,-1.353,0.687,9,0,0.315,4,0.335,1.217
39.30,-1.355,0.666,9,0,0.315,4,0.332,1.233
39.42,-1.358,0.646,9,0,0.315,4,0.322,1.295
39.55,-1.361,0.618,9,0,0.315,4,0.332,1.233
39.68,-1.364,0.590,9,0,0.315,4,0.061,1.298
39.81,-1.365,0.569,9,0,0.315,4,0.359,1.074
39.94,-1.367,0.541,9,0,0.315,4,0.338,1.200
40.06,-1.369,0.515,8,0,0.324,4,0.263,1.648
40.19,-1.370,0.496,8,0,0.324,4,0.253,1.702
40.32,-1.370,0.481,8,0,0.324,4,0.254,1.700
40.45,-1.371,0.466,8,0,0.324,4,0.254,1.700
40.58,-1.371,0.451,8,0,0.324,4,0.254,1.700
40.70,-1.371,0.435,8,0,0.324,4,0.254,1.700
40.83,-1.372,0.420,8,0,0.324,4,0.254,1.700
40.96,-1.372,0.405,8,0,0.324,4,0.254,1.700
41.09,-1.372,0.390,7,0,0.333,4,0.254,1.700
41.22,-1.373,0.375,7,0,0.333,4,0.254,1.700
41.34,-1.373,0.360,7,0,0.333,4,0.254,1.700
41.47,-1.373,0.345,7,0,0.333,4,0.254,1.700
41.60,-1.374,0.330,7,0,0.333,4,0.254,1.700
41.73,-1.374,0.315,7,0,0.333,4,0.254,1.700
41.86,-1.374,0.300,7,0,0.333,4,0.254,1.700
41.98,-1.375,0.285,7,0,0.333,4,0.254,1.700
42.11,-1.375,0.270,7,0,0.333,4,0.254,1.700
42.24,-1.375,0.255,7,0,0.333,4,0.254,1.700
42.37,-1.376,0.240,7,0,0.333,4,0.254,1.700
42.50,-1.376,0.225,7,0,0.333,4,0.254,1.700
42.62,-1.376,0.210,7,0,0.333,4,0.254,1.700
42.75,-1.377,0.194,7,0,0.333,4,0.254,1.700
42.88,-1.377,0.179,7,0,0.333,4,0.254,1.700
43.01,-1.377,0.164,7,0,0.333,4,0.254,1.700
43.14,-1.378,0.144,6,0,0.343,4,0.329,1.252
43.26,-1.379,0.116,6,0,0.343,4,0.343,1.171
43.39,-1.380,0.088,6,0,0.343,4,0.345,1.157
43.52,-1.381,0.060,6,0,0.343,4,0.342,1.176
43.65,-1.381,0.032,6,0,0.343,4,0.340,1.189
43.78,-1.382,0.004,6,0,0.343,4,0.336,1.214
43.90,-1.383,-0.024,6,0,0.343,4,0.337,1.206
44.03,-1.384,-0.052,6,0,0.343,4,0.060,1.303
44.16,-1.384,-0.074,5,0,0.352,4,0.358,1.079
44.29,-1.384,-0.103,5,0,0.352,4,0.360,1.070
44.42,-1.384,-0.131,5,0,0.352,4,0.350,1.131
44.54,-1.384,-0.159,5,0,0.352,4,0.351,1.123
44.67,-1.384,-0.187,5,0,0.352,4,0.351,1.120
44.80,-1.384,-0.215,5,0,0.352,4,0.349,1.132
44.93,-1.384,-0.243,5,0,0.352,4,0.350,1.129
45.06,-1.384,-0.272,5,0,0.352,4,0.345,1.158
45.18,-1.384,-0.300,4,0,0.361,4,0.353,1.113
45.31,-1.384,-0.328,4,0,0.361,4,0.356,1.093
45.44,-1.384,-0.356,4,0,0.361,4,0.361,1.065
45.57,-1.384,-0.384,4,0,0.361,4,0.351,1.120
45.70,-1.384,-0.412,4,0,0.361,4,0.354,1.103
45.82,-1.384,-0.440,4,0,0.361,4,0.353,1.109
45.95,-1.384,-0.468,4,0,0.361,4,0.356,1.094
46.08,-1.383,-0.497,4,0,0.361,4,0.353,1.109
46.21,-1.383,-0.525,3,0,0.370,4,0.362,1.060
46.34,-1.383,-0.553,3,0,0.370,4,0.356,1.091
46.46,-1.383,-0.580,3,0,0.370,4,0.370,1.012
46.59,-1.382,-0.608,3,0,0.370,4,0.375,0.981
46.72,-1.382,-0.637,3,0,0.370,4,0.367,1.029
46.85,-1.381,-0.665,3,0,0.370,4,0.368,1.020
46.98,-1.381,-0.693,3,0,0.370,4,0.368,1.019
47.10,-1.380,-0.721,3,0,0.370,4,0.371,1.006
47.23,-1.380,-0.749,2,0,0.380,4,0.372,0.999
47.36,-1.379,-0.777,2,0,0.380,4,0.374,0.986
47.49,-1.378,-0.805,2,0,0.380,4,0.376,0.974
47.62,-1.378,-0.834,2,0,0.380,4,0.374,0.986
47.74,-1.377,-0.862,2,0,0.380,4,0.378,0.962
47.87,-1.377,-0.890,2,0,0.380,4,0.380,0.948
48.00,-1.376,-0.918,2,0,0.380,4,0.388,0.906
48.13,-1.376,-0.946,2,0,0.380,4,0.388,0.903
48.26,-1.375,-0.974,1,0,0.389,4,0.313,1.351
48.38,-1.374,-0.996,1,0,0.389,4,0.255,1.695
48.51,-1.373,-1.012,1,0,0.389,4,0.254,1.700
48.64,-1.372,-1.029,1,0,0.389,4,0.254,1.700
48.77,-1.370,-1.045,1,0,0.389,4,0.254,1.700
48.90,-1.368,-1.062,1,0,0.389,4,0.254,1.700
49.02,-1.365,-1.080,1,0,0.389,4,0.254,1.700
49.15,-1.361,-1.099,1,0,0.389,4,0.254,1.700
49.28,-1.356,-1.118,1,0,0.389,4,0.254,1.700
49.41,-1.351,-1.138,1,0,0.389,4,0.254,1.700
49.54,-1.343,-1.158,1,0,0.389,4,0.254,1.700
49.66,-1.335,-1.177,1,0,0.389,4,0.254,1.700
49.79,-1.326,-1.192,1,0,0.389,4,0.216,1.924
49.92,-1.316,-1.201,1,0,0.389,4,0.229,1.847
50.05,-1.304,-1.211,1,0,0.389,4,0.238,1.796
50.18,-1.288,-1.223,1,0,0.389,4,0.252,1.709
50.30,-1.269,-1.237,0,0,0.389,4,0.328,1.261
50.43,-1.245,-1.252,0,0,0.389,4,0.060,1.362
50.56,-1.228,-1.260,0,0,0.389,4,0.302,1.415
50.69,-1.209,-1.269,0,0,0.389,4,0.326,1.269
50.82,-1.187,-1.279,0,0,0.389,4,0.298,1.438
50.94,-1.168,-1.287,0,0,0.389,4,0.319,1.312
51.07,-1.147,-1.295,0,0,0.389,4,0.320,1.305
51.20,-1.126,-1.302,0,0,0.389,4,0.338,1.201
51.33,-1.105,-1.308,0,1,0.389,4,0.059,1.405
51.46,-1.083,-1.314,0,1,0.389,4,0.335,1.217
51.58,-1.062,-1.320,0,1,0.389,5,0.316,1.331
51.71,-1.040,-1.325,0,1,0.389,5,0.307,1.387
51.84,-1.019,-1.330,0,1,0.389,5,0.304,1.401
51.97,-1.001,-1.334,0,1,0.389,5,0.319,1.314
52.10,-0.980,-1.338,0,1,0.389,5,0.322,1.298
52.22,-0.960,-1.342,0,1,0.389,5,0.322,1.298
52.35,-0.933,-1.346,0,1,0.389,5,0.060,1.359
52.48,-0.912,-1.349,0,1,0.389,5,0.347,1.149
52.61,-0.891,-1.352,0,1,0.389,5,0.317,1.326
52.74,-0.871,-1.355,0,1,0.389,5,0.324,1.280
52.86,-0.844,-1.358,0,1,0.389,5,0.338,1.197
52.99,-0.823,-1.360,0,1,0.389,5,0.338,1.197
53.12,-0.795,-1.362,0,1,0.389,5,0.335,1.218
53.25,-0.767,-1.365,0,1,0.389,5,0.334,1.221
53.38,-0.746,-1.367,0,2,0.389,5,0.336,1.211
53.50,-0.718,-1.369,0,2,0.389,5,0.335,1.217
53.63,-0.690,-1.371,0,2,0.389,5,0.345,1.159
53.76,-0.662,-1.373,0,2,0.389,5,0.335,1.220
53.89,-0.640,-1.374,0,2,0.389,5,0.318,1.320
54.02,-0.613,-1.375,0,2,0.389,5,0.343,1.168
54.14,-0.585,-1.376,0,2,0.389,5,0.335,1.218
54.27,-0.557,-1.377,0,2,0.389,5,0.341,1.181
54.40,-0.529,-1.379,0,3,0.389,5,0.417,0.733
54.53,-0.500,-1.380,0,3,0.389,5,0.492,0.285
54.66,-0.477,-1.381,0,3,0.389,5,0.513,-0.163
54.78,-0.460,-1.382,0,3,0.389,5,0.079,0.061
54.91,-0.452,-1.383,0,3,0.389,5,0.072,0.509
55.04,-0.450,-1.383,0,3,0.389,5,0.066,0.957
55.17,-0.438,-1.383,0,3,0.389,5,0.417,0.733
55.30,-0.410,-1.384,0,3,0.389,5,0.492,0.285
55.42,-0.382,-1.385,0,4,0.389,5,0.513,-0.163
55.55,-0.354,-1.385,0,4,0.389,5,0.437,-0.611
55.68,-0.341,-1.386,0,4,0.389,5,0.078,-0.163
55.81,-0.332,-1.387,0,4,0.389,5,0.076,0.285
55.94,-0.327,-1.387,0,4,0.389,5,0.069,0.733
56.06,-0.325,-1.387,0,4,0.389,5,0.379,0.957
56.19,-0.300,-1.388,0,4,0.389,5,0.072,0.509
56.32,-0.278,-1.388,0,4,0.389,5,0.530,0.061
56.45,-0.256,-1.389,0,4,0.389,5,0.078,-0.163
56.58,-0.247,-1.389,0,4,0.389,5,0.076,0.285
56.70,-0.242,-1.389,0,4,0.389,5,0.069,0.733
56.83,-0.237,-1.389,0,4,0.389,5,0.066,0.957
56.96,-0.215,-1.389,0,4,0.389,5,0.454,0.509
57.09,-0.187,-1.389,0,4,0.389,5,0.530,0.061
57.22,-0.159,-1.389,0,4,0.389,5,0.475,-0.387
57.34,-0.131,-1.389,0,4,0.389,5,0.399,-0.835
57.47,-0.103,-1.389,0,5,0.389,5,0.459,-0.479
57.60,-0.075,-1.389,0,5,0.389,5,0.535,-0.031
57.73,-0.046,-1.389,0,5,0.389,5,0.470,0.417
57.86,-0.018,-1.389,0,5,0.389,5,0.394,0.865
57.98,0.010,-1.389,0,5,0.389,5,0.319,1.313
58.11,0.038,-1.389,0,5,0.389,5,0.345,1.157
58.24,0.066,-1.389,0,5,0.389,5,0.338,1.201
58.37,0.094,-1.389,0,5,0.389,5,0.336,1.211
58.50,0.122,-1.389,0,6,0.389,5,0.338,1.201
58.62,0.151,-1.389,0,6,0.389,5,0.344,1.167
58.75,0.179,-1.389,0,6,0.389,5,0.344,1.167
58.88,0.207,-1.389,0,6,0.389,5,0.345,1.156
59.01,0.235,-1.389,0,6,0.389,5,0.337,1.208
59.14,0.263,-1.389,0,6,0.389,5,0.342,1.174
59.26,0.291,-1.390,0,6,0.389,5,0.348,1.143
59.39,0.319,-1.390,0,6,0.389,5,0.337,1.205
59.52,0.348,-1.390,0,7,0.389,5,0.338,1.198
59.65,0.376,-1.390,0,7,0.389,5,0.334,1.226
59.78,0.404,-1.390,0,7,0.389,5,0.344,1.164
59.90,0.426,-1.390,0,7,0.389,5,0.317,1.328
60.03,0.454,-1.389,0,7,0.389,5,0.374,0.987
60.16,0.482,-1.388,0,7,0.389,5,0.365,1.042
60.29,0.510,-1.387,0,7,0.389,5,0.370,1.011
60.42,0.538,-1.386,0,7,0.389,5,0.364,1.048
60.54,0.566,-1.385,0,8,0.389,5,0.370,1.007
60.67,0.595,-1.384,0,8,0.389,5,0.372,0.998
60.80,0.623,-1.383,0,8,0.389,5,0.375,0.980
60.93,0.651,-1.382,0,8,0.389,5,0.380,0.953
61.06,0.679,-1.382,0,8,0.389,5,0.379,0.957
61.18,0.707,-1.381,0,8,0.389,5,0.387,0.910
61.31,0.735,-1.380,0,8,0.389,5,0.390,0.892
61.44,0.763,-1.379,0,8,0.389,5,0.385,0.922
61.57,0.792,-1.378,0,9,0.389,5,0.387,0.909
61.70,0.820,-1.377,0,9,0.389,5,0.390,0.890
61.82,0.848,-1.376,0,9,0.389,5,0.393,0.874
61.95,0.876,-1.375,0,9,0.389,5,0.390,0.889
62.08,0.904,-1.374,0,9,0.389,5,0.394,0.867
62.21,0.932,-1.373,0,9,0.389,5,0.395,0.860
62.34,0.960,-1.372,0,9,0.389,5,0.402,0.817
62.46,0.989,-1.371,0,9,0.389,5,0.401,0.828
62.59,1.017,-1.370,0,10,0.389,5,0.403,0.812
62.72,1.045,-1.369,0,10,0.389,5,0.405,0.805
62.85,1.073,-1.368,0,10,0.389,5,0.391,0.887
62.98,1.101,-1.367,0,10,0.389,5,0.377,0.971
63.10,1.129,-1.366,0,10,0.389,5,0.358,1.079
63.23,1.157,-1.365,0,10,0.389,5,0.337,1.204
63.36,1.186,-1.364,0,10,0.389,5,0.327,1.266
63.49,1.213,-1.363,0,10,0.389,5,0.311,1.359
63.62,1.226,-1.361,0,11,0.389,5,0.053,1.807
63.74,1.230,-1.358,0,11,0.389,5,0.046,2.255
63.87,1.229,-1.351,0,11,0.389,5,0.123,2.479
64.00,1.235,-1.342,0,11,0.389,5,0.198,2.031
64.13,1.247,-1.329,0,11,0.389,5,0.273,1.583
64.26,1.263,-1.309,0,11,0.389,5,0.349,1.135
64.38,1.274,-1.294,0,11,0.389,5,0.065,0.992
64.51,1.284,-1.280,0,11,0.389,5,0.068,0.768
64.64,1.291,-1.270,0,11,0.389,5,0.411,0.768
64.77,1.299,-1.256,0,11,0.389,5,0.065,0.992
64.90,1.309,-1.236,0,11,0.389,5,0.072,0.544
65.02,1.314,-1.225,0,11,0.389,5,0.448,0.544
65.15,1.322,-1.203,0,11,0.389,5,0.075,0.320
65.28,1.327,-1.192,0,11,0.389,5,0.070,0.648
65.41,1.332,-1.176,0,11,0.389,5,0.070,0.648
65.54,1.335,-1.165,0,11,0.389,5,0.431,0.648
65.66,1.340,-1.151,0,11,0.389,5,0.431,0.648
65.79,1.345,-1.130,0,11,0.389,5,0.074,0.424
65.92,1.348,-1.118,0,11,0.389,5,0.070,0.648
66.05,1.352,-1.102,0,11,0.389,5,0.070,0.648
66.18,1.356,-1.086,0,11,0.389,5,0.469,0.424
66.30,1.359,-1.070,0,11,0.389,5,0.469,0.424
66.43,1.362,-1.055,0,11,0.389,5,0.070,0.648
66.56,1.365,-1.039,0,11,0.389,5,0.070,0.648
66.69,1.368,-1.023,1,11,0.389,5,0.469,0.424
66.82,1.371,-1.002,1,11,0.389,5,0.077,0.200
66.94,1.373,-0.989,1,11,0.389,5,0.071,0.590
67.07,1.375,-0.973,1,11,0.389,5,0.478,0.366
67.20,1.378,-0.951,1,11,0.389,5,0.078,0.142
67.33,1.379,-0.938,1,11,0.389,5,0.073,0.437
67.46,1.380,-0.927,1,11,0.389,5,0.446,0.558
67.58,1.383,-0.899,1,11,0.389,5,0.078,0.110
67.71,1.384,-0.886,2,11,0.389,5,0.075,0.334
67.84,1.385,-0.871,2,11,0.389,5,0.484,0.334
67.97,1.387,-0.849,2,11,0.389,5,0.527,-0.079
68.10,1.388,-0.836,2,11,0.389,5,0.074,0.369
68.22,1.389,-0.827,2,11,0.389,5,0.068,0.817
68.35,1.389,-0.810,2,11,0.389,5,0.460,0.477
68.48,1.391,-0.784,2,11,0.389,5,0.535,0.029
68.61,1.392,-0.756,2,11,0.389,5,0.075,-0.346
68.74,1.393,-0.746,2,11,0.389,5,0.078,0.102
68.86,1.393,-0.735,2,11,0.389,5,0.485,0.326
68.99,1.394,-0.714,2,11,0.389,5,0.075,0.326
69.12,1.395,-0.697,2,11,0.389,5,0.523,0.102
69.25,1.396,-0.675,2,11,0.389,5,0.519,-0.126
69.38,1.397,-0.653,2,11,0.389,5,0.078,-0.126
69.50,1.397,-0.644,2,11,0.389,5,0.075,0.322
69.63,1.398,-0.639,2,11,0.389,5,0.068,0.770
69.76,1.397,-0.637,3,11,0.389,5,0.373,0.994
69.89,1.398,-0.612,3,11,0.389,5,0.448,0.546
70.02,1.399,-0.584,3,11,0.389,5,0.079,0.098
70.14,1.399,-0.562,3,11,0.389,5,0.481,-0.350
70.27,1.400,-0.548,3,11,0.389,5,0.523,0.098
70.40,1.400,-0.532,3,11,0.389,5,0.073,0.490
70.53,1.400,-0.510,3,11,0.389,5,0.078,0.141
70.66,1.401,-0.488,3,11,0.389,5,0.079,-0.083
70.78,1.401,-0.479,3,11,0.389,5,0.075,0.365
70.91,1.401,-0.464,3,11,0.389,5,0.479,0.365
71.04,1.401,-0.436,3,11,0.389,5,0.526,-0.083
71.17,1.401,-0.408,3,11,0.389,5,0.451,-0.531
71.30,1.402,-0.380,3,11,0.389,5,0.375,-0.979
71.42,1.402,-0.352,3,11,0.389,5,0.062,-1.203
71.55,1.403,-0.346,3,11,0.389,5,0.069,-0.755
71.68,1.404,-0.342,3,11,0.389,5,0.075,-0.307
71.81,1.406,-0.333,4,11,0.389,5,0.078,0.141
71.94,1.407,-0.324,4,11,0.389,5,0.071,0.589
72.06,1.407,-0.319,4,11,0.389,5,0.064,1.037
72.19,1.407,-0.310,4,11,0.389,5,0.365,1.037
72.32,1.406,-0.282,4,11,0.389,5,0.441,0.589
72.45,1.405,-0.254,4,11,0.389,5,0.516,0.141
72.58,1.404,-0.226,4,11,0.389,5,0.488,-0.307
72.70,1.403,-0.198,4,11,0.389,5,0.413,-0.755
72.83,1.402,-0.170,5,11,0.389,5,0.337,-1.203
72.96,1.402,-0.144,5,11,0.389,5,0.262,-1.651
73.09,1.401,-0.128,5,11,0.389,5,0.251,-1.715
73.22,1.401,-0.113,5,11,0.389,5,0.254,-1.701
73.34,1.401,-0.098,5,11,0.389,5,0.254,-1.700
73.47,1.401,-0.083,5,11,0.389,5,0.254,-1.700
73.60,1.401,-0.068,5,11,0.389,5,0.254,-1.700
73.73,1.401,-0.053,5,11,0.389,5,0.254,-1.700
73.86,1.401,-0.038,5,11,0.389,5,0.254,-1.700
73.98,1.401,-0.023,5,11,0.389,5,0.254,-1.700
74.11,1.401,-0.008,5,11,0.389,5,0.254,-1.700
74.24,1.401,0.007,5,11,0.389,5,0.254,-1.700
74.37,1.401,0.022,5,11,0.389,5,0.254,-1.700
74.50,1.401,0.037,5,11,0.389,5,0.254,-1.700
74.62,1.401,0.052,5,11,0.389,5,0.254,-1.700
74.75,1.401,0.067,5,11,0.389,5,0.254,-1.700
74.88,1.400,0.082,6,11,0.389,5,0.254,-1.700
75.01,1.400,0.097,6,11,0.389,5,0.254,-1.700
75.14,1.400,0.112,6,11,0.389,5,0.254,-1.700
75.26,1.400,0.127,6,11,0.389,5,0.254,-1.700
75.39,1.399,0.142,6,11,0.389,5,0.254,-1.700
75.52,1.399,0.157,6,11,0.389,5,0.254,-1.700
75.65,1.399,0.172,6,11,0.389,5,0.254,-1.700
75.78,1.399,0.187,6,11,0.389,5,0.254,-1.700
75.90,1.398,0.202,6,11,0.389,5,0.254,-1.700
76.03,1.398,0.218,6,11,0.389,5,0.254,-1.700
76.16,1.398,0.233,6,11,0.389,5,0.254,-1.700
76.29,1.398,0.248,6,11,0.389,5,0.254,-1.700
76.42,1.397,0.263,6,11,0.389,5,0.254,-1.700
76.54,1.397,0.278,6,11,0.389,5,0.254,-1.700
76.67,1.397,0.293,6,11,0.389,5,0.254,-1.700
76.80,1.397,0.308,6,11,0.389,5,0.254,-1.700
76.93,1.396,0.323,7,11,0.389,5,0.254,-1.700
77.06,1.396,0.338,7,11,0.389,5,0.254,-1.700
77.18,1.396,0.353,7,11,0.389,5,0.254,-1.700
77.31,1.395,0.368,7,11,0.389,5,0.254,-1.700
77.44,1.395,0.383,7,11,0.389,5,0.254,-1.700
77.57,1.395,0.398,7,11,0.389,5,0.254,-1.700
77.70,1.395,0.413,7,11,0.389,5,0.254,-1.700
77.82,1.394,0.428,7,11,0.389,5,0.254,-1.700
77.95,1.394,0.443,7,11,0.389,5,0.254,-1.700
78.08,1.394,0.459,7,11,0.389,5,0.254,-1.700
78.21,1.393,0.474,7,11,0.389,5,0.254,-1.700
78.34,1.393,0.489,7,11,0.389,5,0.254,-1.700
78.46,1.393,0.504,7,11,0.389,5,0.254,-1.700
78.59,1.392,0.519,7,11,0.389,5,0.254,-1.700
78.72,1.392,0.534,7,11,0.389,5,0.254,-1.700
78.85,1.392,0.549,7,11,0.389,5,0.254,-1.700
78.98,1.391,0.569,8,11,0.389,5,0.329,-1.252
79.10,1.390,0.597,8,11,0.389,5,0.405,-0.804
79.23,1.390,0.625,8,11,0.389,5,0.480,-0.356
79.36,1.389,0.653,8,11,0.389,5,0.525,0.092
79.49,1.388,0.681,8,11,0.389,5,0.449,0.540
79.62,1.387,0.709,8,11,0.389,5,0.374,0.988
79.74,1.386,0.738,8,11,0.389,5,0.298,1.436
79.87,1.385,0.757,8,11,0.389,5,0.252,1.710
80.00,1.384,0.773,9,11,0.398,5,0.254,1.701
80.13,1.382,0.790,9,11,0.398,5,0.254,1.700
80.26,1.380,0.807,9,11,0.398,5,0.254,1.700
80.38,1.377,0.825,9,11,0.398,5,0.254,1.700
80.51,1.373,0.844,9,11,0.398,5,0.254,1.700
80.64,1.368,0.863,9,11,0.398,5,0.254,1.700
80.77,1.362,0.884,9,11,0.398,5,0.254,1.700
80.90,1.354,0.903,9,11,0.398,5,0.254,1.700
81.02,1.345,0.922,10,11,0.407,5,0.254,1.700
81.15,1.335,0.940,10,11,0.407,5,0.254,1.700
81.28,1.323,0.958,10,11,0.407,5,0.254,1.700
81.41,1.310,0.974,10,11,0.407,5,0.254,1.700
81.54,1.295,0.989,10,11,0.407,5,0.401,1.812
81.66,1.276,1.008,10,11,0.407,5,0.348,1.985
81.79,1.257,1.026,10,11,0.407,5,0.344,1.999
81.92,1.238,1.043,10,11,0.407,5,0.343,2.000
82.05,1.218,1.059,10,11,0.407,5,0.343,2.000
82.18,1.198,1.075,10,11,0.407,5,0.343,2.000
82.30,1.178,1.090,10,11,0.407,5,0.343,2.000
82.43,1.157,1.105,10,11,0.407,5,0.343,2.000
82.56,1.135,1.119,10,11,0.407,5,0.343,2.000
82.69,1.113,1.132,10,11,0.407,5,0.343,2.000
82.82,1.091,1.145,10,11,0.407,5,0.343,2.000
82.94,1.069,1.157,10,11,0.407,5,0.343,2.000
83.07,1.046,1.168,11,10,0.417,5,0.343,2.000
83.20,1.022,1.179,11,10,0.417,5,0.343,2.000
83.33,0.999,1.189,11,10,0.417,5,0.343,2.000
83.46,0.975,1.198,11,10,0.417,5,0.343,2.000
83.58,0.951,1.207,11,10,0.417,5,0.343,2.000
83.71,0.927,1.214,11,10,0.417,5,0.343,2.000
83.84,0.902,1.222,11,10,0.417,5,0.343,2.000
83.97,0.877,1.228,11,10,0.417,5,0.343,2.000
84.10,0.853,1.234,11,9,0.426,5,0.343,2.000
84.22,0.827,1.239,11,9,0.426,5,0.343,2.000
84.35,0.802,1.243,11,9,0.426,5,0.343,2.000
84.48,0.776,1.247,11,9,0.426,5,0.343,2.000
84.61,0.751,1.250,11,9,0.426,5,0.343,2.000
84.74,0.726,1.252,11,9,0.426,5,0.343,2.000
84.86,0.702,1.254,11,9,0.426,5,0.343,2.000
84.99,0.679,1.256,11,9,0.426,5,0.343,2.000
85.12,0.656,1.258,11,8,0.435,5,0.343,2.000
85.25,0.632,1.260,11,8,0.435,5,0.343,2.000
85.38,0.609,1.263,11,8,0.435,5,0.343,2.000
85.50,0.585,1.265,11,8,0.435,5,0.343,2.000
85.63,0.562,1.267,11,8,0.435,5,0.343,2.000
85.76,0.539,1.269,11,8,0.435,5,0.343,2.000
85.89,0.515,1.271,11,8,0.435,5,0.343,2.000
86.02,0.492,1.273,11,8,0.435,5,0.343,2.000
86.14,0.469,1.275,11,8,0.435,5,0.343,2.000
86.27,0.445,1.277,11,8,0.435,5,0.343,2.000
86.40,0.422,1.279,11,8,0.435,5,0.343,2.000
86.53,0.398,1.281,11,8,0.435,5,0.343,2.000
86.66,0.375,1.283,11,8,0.435,5,0.343,2.000
86.78,0.356,1.284,11,8,0.435,5,0.249,1.727
86.91,0.340,1.284,11,8,0.435,5,0.253,1.703
87.04,0.325,1.285,11,8,0.435,5,0.254,1.700
87.17,0.310,1.285,11,7,0.444,5,0.254,1.700
87.30,0.295,1.286,11,7,0.444,5,0.254,1.700
87.42,0.280,1.286,11,7,0.444,5,0.254,1.700
87.55,0.265,1.286,11,7,0.444,5,0.254,1.700
87.68,0.250,1.287,11,7,0.444,5,0.254,1.700
87.81,0.235,1.287,11,7,0.444,5,0.254,1.700
87.94,0.220,1.288,11,7,0.444,5,0.254,1.700
88.06,0.205,1.288,11,7,0.444,5,0.254,1.700
88.19,0.190,1.289,11,6,0.454,5,0.254,1.700
88.32,0.175,1.289,11,6,0.454,5,0.254,1.700
88.45,0.160,1.289,11,6,0.454,5,0.254,1.700
88.58,0.145,1.290,11,6,0.454,5,0.254,1.700
88.70,0.130,1.290,11,6,0.454,5,0.254,1.700
88.83,0.115,1.291,11,6,0.454,5,0.254,1.700
88.96,0.099,1.291,11,6,0.454,5,0.254,1.700
89.09,0.084,1.292,11,6,0.454,5,0.254,1.700
89.22,0.069,1.292,11,6,0.454,5,0.254,1.700
89.34,0.054,1.292,11,6,0.454,5,0.254,1.700
89.47,0.039,1.293,11,6,0.454,5,0.254,1.700
89.60,0.024,1.293,11,6,0.454,5,0.254,1.700
89.73,0.009,1.294,11,6,0.454,5,0.254,1.700
89.86,-0.006,1.294,11,6,0.454,5,0.254,1.700
89.98,-0.021,1.295,11,6,0.454,5,0.254,1.700
90.11,-0.036,1.295,11,6,0.454,5,0.254,1.700
90.24,-0.051,1.296,11,5,0.463,5,0.254,1.700
90.37,-0.066,1.296,11,5,0.463,5,0.254,1.700
90.50,-0.081,1.297,11,5,0.463,5,0.254,1.700
90.62,-0.096,1.297,11,5,0.463,5,0.254,1.700
90.75,-0.111,1.298,11,5,0.463,5,0.254,1.700
90.88,-0.126,1.298,11,5,0.463,5,0.254,1.700
91.01,-0.142,1.298,11,5,0.463,5,0.254,1.700
91.14,-0.157,1.299,11,5,0.463,5,0.254,1.700
91.26,-0.172,1.299,11,5,0.463,5,0.254,1.700
91.39,-0.187,1.300,11,5,0.463,5,0.254,1.700
91.52,-0.202,1.300,11,5,0.463,5,0.254,1.700
91.65,-0.217,1.301,11,5,0.463,5,0.254,1.700
91.78,-0.232,1.301,11,5,0.463,5,0.254,1.700
91.90,-0.247,1.302,11,5,0.463,5,0.254,1.700
92.03,-0.262,1.302,11,5,0.463,5,0.254,1.700
92.16,-0.277,1.303,11,5,0.463,5,0.254,1.700
92.29,-0.292,1.303,11,4,0.472,5,0.254,1.700
92.42,-0.307,1.304,11,4,0.472,6,0.254,1.700
92.54,-0.322,1.304,11,4,0.472,6,0.254,1.700
92.67,-0.337,1.305,11,4,0.472,6,0.254,1.700
92.80,-0.352,1.305,11,4,0.472,6,0.254,1.700
92.93,-0.367,1.306,11,4,0.472,6,0.254,1.700
93.06,-0.383,1.306,11,4,0.472,6,0.254,1.700
93.18,-0.398,1.307,11,4,0.472,6,0.254,1.700
93.31,-0.413,1.307,11,4,0.472,6,0.254,1.700
93.44,-0.428,1.308,11,4,0.472,6,0.254,1.700
93.57,-0.443,1.309,11,4,0.472,6,0.254,1.700
93.70,-0.458,1.309,11,4,0.472,6,0.254,1.700
93.82,-0.473,1.310,11,4,0.472,6,0.254,1.700
93.95,-0.488,1.310,11,4,0.472,6,0.254,1.700
94.08,-0.503,1.311,11,4,0.472,6,0.254,1.700
94.21,-0.518,1.311,11,4,0.472,6,0.254,1.700
94.34,-0.533,1.312,11,3,0.481,6,0.254,1.700
94.46,-0.548,1.312,11,3,0.481,6,0.254,1.700
94.59,-0.563,1.313,11,3,0.481,6,0.254,1.700
94.72,-0.578,1.313,11,3,0.481,6,0.254,1.700
94.85,-0.593,1.314,11,3,0.481,6,0.254,1.700
94.98,-0.608,1.314,11,3,0.481,6,0.254,1.700
95.10,-0.624,1.315,11,3,0.481,6,0.254,1.700
95.23,-0.639,1.316,11,3,0.481,6,0.254,1.700
95.36,-0.654,1.316,11,3,0.481,6,0.254,1.700
95.49,-0.669,1.317,11,3,0.481,6,0.254,1.700
95.62,-0.684,1.317,11,3,0.481,6,0.254,1.700
95.74,-0.699,1.318,11,3,0.481,6,0.254,1.700
95.87,-0.714,1.318,11,3,0.481,6,0.254,1.700
96.00,-0.729,1.319,11,3,0.481,6,0.254,1.700
96.13,-0.744,1.320,11,3,0.481,6,0.254,1.700
96.26,-0.759,1.320,11,3,0.481,6,0.254,1.700
96.38,-0.774,1.321,11,2,0.491,6,0.254,1.700
96.51,-0.789,1.321,11,2,0.491,6,0.254,1.700
96.64,-0.804,1.322,11,2,0.491,6,0.254,1.700
96.77,-0.819,1.322,11,2,0.491,6,0.254,1.700
96.90,-0.834,1.323,11,2,0.491,6,0.254,1.700
97.02,-0.849,1.324,11,2,0.491,6,0.254,1.700
97.15,-0.864,1.324,11,2,0.491,6,0.254,1.700
97.28,-0.880,1.325,11,2,0.491,6,0.254,1.700
97.41,-0.895,1.325,11,2,0.491,6,0.254,1.700
97.54,-0.910,1.326,11,2,0.491,6,0.254,1.700
97.66,-0.925,1.326,11,2,0.491,6,0.254,1.700
97.79,-0.940,1.327,11,2,0.491,6,0.254,1.700
97.92,-0.955,1.328,11,2,0.491,6,0.254,1.700
98.05,-0.970,1.328,11,2,0.491,6,0.254,1.700
98.18,-0.985,1.329,11,2,0.491,6,0.254,1.700
98.30,-1.000,1.329,11,2,0.491,6,0.254,1.700
98.43,-1.015,1.330,11,1,0.491,6,0.254,1.700
98.56,-1.030,1.331,11,1,0.491,6,0.254,1.700
98.69,-1.045,1.331,11,1,0.491,6,0.254,1.700
98.82,-1.060,1.332,11,1,0.491,6,0.254,1.700
98.94,-1.075,1.333,11,1,0.491,6,0.254,1.700
99.07,-1.090,1.333,11,1,0.491,6,0.254,1.700
99.20,-1.105,1.334,11,1,0.491,6,0.254,1.700
99.33,-1.121,1.334,11,1,0.491,6,0.254,1.700
99.46,-1.136,1.335,11,1,0.491,6,0.254,1.700
99.58,-1.151,1.336,11,1,0.491,6,0.254,1.700
99.71,-1.166,1.336,11,1,0.491,6,0.254,1.700
99.84,-1.181,1.337,11,1,0.491,6,0.254,1.700
99.97,-1.196,1.337,11,1,0.491,6,0.254,1.700
100.10,-1.211,1.338,11,1,0.491,6,0.254,1.700
100.22,-1.224,1.338,11,1,0.491,6,0.051,1.924
100.35,-1.230,1.337,11,1,0.491,6,0.044,2.372
100.48,-1.233,1.333,11,0,0.491,6,0.038,2.820
100.61,-1.230,1.325,11,0,0.491,6,0.117,2.512
100.74,-1.235,1.316,11,0,0.491,6,0.192,2.064
100.86,-1.245,1.301,11,0,0.491,6,0.254,1.702
100.99,-1.255,1.283,11,0,0.491,6,0.254,1.700
101.12,-1.264,1.264,11,0,0.491,6,0.254,1.700
101.25,-1.271,1.244,11,0,0.491,6,0.254,1.700
101.38,-1.276,1.224,11,0,0.491,6,0.254,1.700
101.50,-1.280,1.203,11,0,0.491,6,0.254,1.700
101.63,-1.282,1.181,11,0,0.491,6,0.254,1.700
101.76,-1.283,1.163,11,0,0.491,6,0.254,1.700
101.89,-1.283,1.148,11,0,0.491,6,0.254,1.700
102.02,-1.284,1.133,11,0,0.491,6,0.254,1.700
102.14,-1.284,1.118,11,0,0.491,6,0.254,1.700
102.27,-1.285,1.103,11,0,0.491,6,0.254,1.700
102.40,-1.285,1.088,11,0,0.491,6,0.254,1.700
102.53,-1.286,1.073,10,0,0.491,6,0.254,1.700
102.66,-1.286,1.058,10,0,0.491,6,0.254,1.700
102.78,-1.287,1.043,10,0,0.491,6,0.254,1.700
102.91,-1.287,1.028,10,0,0.491,6,0.254,1.700
103.04,-1.288,1.012,10,0,0.491,6,0.254,1.700
103.17,-1.289,0.997,10,0,0.491,6,0.254,1.700
103.30,-1.289,0.982,10,0,0.491,6,0.254,1.700
103.42,-1.290,0.967,10,0,0.491,6,0.254,1.700
103.55,-1.290,0.952,10,0,0.491,6,0.254,1.700
103.68,-1.291,0.937,10,0,0.491,6,0.254,1.700
103.81,-1.291,0.922,10,0,0.491,6,0.254,1.700
103.94,-1.292,0.907,10,0,0.491,6,0.254,1.700
104.06,-1.293,0.892,10,0,0.491,6,0.254,1.700
104.19,-1.293,0.877,10,0,0.491,6,0.254,1.700
104.32,-1.294,0.862,10,0,0.491,6,0.254,1.700
104.45,-1.294,0.847,10,0,0.491,6,0.254,1.700
104.58,-1.295,0.832,9,0,0.491,6,0.254,1.700
104.70,-1.295,0.817,9,0,0.491,6,0.254,1.700
104.83,-1.296,0.802,9,0,0.491,6,0.254,1.700
104.96,-1.297,0.787,9,0,0.491,6,0.254,1.700
105.09,-1.297,0.772,9,0,0.491,6,0.254,1.700
105.22,-1.298,0.756,9,0,0.491,6,0.254,1.700
105.34,-1.298,0.741,9,0,0.491,6,0.254,1.700
105.47,-1.299,0.726,9,0,0.491,6,0.254,1.700
105.60,-1.300,0.711,9,0,0.491,6,0.254,1.700
105.73,-1.300,0.696,9,0,0.491,6,0.254,1.700
105.86,-1.301,0.681,9,0,0.491,6,0.254,1.700
105.98,-1.301,0.666,9,0,0.491,6,0.254,1.700
106.11,-1.302,0.651,9,0,0.491,6,0.254,1.700
106.24,-1.303,0.636,9,0,0.491,6,0.254,1.700
106.37,-1.303,0.621,9,0,0.491,6,0.254,1.700
106.50,-1.304,0.606,9,0,0.491,6,0.254,1.700
106.62,-1.305,0.591,8,0,0.491,6,0.254,1.700
106.75,-1.305,0.576,8,0,0.491,6,0.254,1.700
106.88,-1.306,0.561,8,0,0.491,6,0.254,1.700
107.01,-1.306,0.546,8,0,0.491,6,0.254,1.700
107.14,-1.307,0.531,8,0,0.491,6,0.254,1.700
107.26,-1.308,0.515,8,0,0.491,6,0.254,1.700
107.39,-1.308,0.500,8,0,0.491,6,0.254,1.700
107.52,-1.309,0.485,8,0,0.491,6,0.254,1.700
107.65,-1.310,0.470,8,0,0.491,6,0.254,1.700
107.78,-1.310,0.455,8,0,0.491,6,0.254,1.700
107.90,-1.311,0.440,8,0,0.491,7,0.254,1.700
108.03,-1.311,0.425,8,0,0.491,7,0.254,1.700
108.16,-1.312,0.410,8,0,0.491,7,0.254,1.700
108.29,-1.313,0.395,8,0,0.491,7,0.254,1.700
108.42,-1.313,0.380,8,0,0.491,7,0.254,1.700
108.54,-1.314,0.365,8,0,0.491,7,0.254,1.700
108.67,-1.315,0.345,7,0,0.491,7,0.329,1.252
108.80,-1.316,0.317,7,0,0.491,7,0.405,0.804
108.93,-1.318,0.289,7,0,0.491,7,0.480,0.356
109.06,-1.320,0.261,7,0,0.491,7,0.525,-0.092
109.18,-1.321,0.233,7,0,0.491,7,0.449,-0.540
109.31,-1.323,0.205,7,0,0.491,7,0.374,-0.988
109.44,-1.324,0.177,7,0,0.491,7,0.298,-1.436
109.57,-1.326,0.156,7,0,0.491,7,0.254,-1.701
109.70,-1.328,0.139,6,0,0.491,7,0.254,-1.700
109.82,-1.331,0.121,6,0,0.491,7,0.254,-1.700
109.95,-1.335,0.103,6,0,0.491,7,0.254,-1.700
110.08,-1.340,0.083,6,0,0.491,7,0.254,-1.700
110.21,-1.344,0.070,6,0,0.491,7,0.060,-1.364
110.34,-1.349,0.068,6,0,0.491,7,0.066,-0.916
110.46,-1.354,0.062,6,0,0.491,7,0.073,-0.468
110.59,-1.359,0.054,6,0,0.491,7,0.080,-0.020
110.72,-1.364,0.046,6,0,0.491,7,0.074,0.428
110.85,-1.368,0.038,6,0,0.491,7,0.067,0.876
110.98,-1.371,0.030,6,0,0.491,7,0.060,1.324
111.10,-1.372,0.023,6,0,0.491,7,0.053,1.772
111.23,-1.374,0.007,6,0,0.491,7,0.317,1.324
111.36,-1.377,-0.019,6,0,0.491,7,0.067,0.876
111.49,-1.378,-0.036,6,0,0.491,7,0.468,0.428
111.62,-1.381,-0.057,6,0,0.491,7,0.077,0.204
111.74,-1.382,-0.070,5,0,0.491,7,0.484,0.334
111.87,-1.384,-0.090,5,0,0.491,7,0.075,0.334
112.00,-1.385,-0.106,5,0,0.491,7,0.522,0.110
112.13,-1.387,-0.119,5,0,0.491,7,0.471,0.412
112.26,-1.388,-0.136,5,0,0.491,7,0.471,0.412
112.38,-1.389,-0.157,5,0,0.491,7,0.533,0.043
112.51,-1.391,-0.178,5,0,0.491,7,0.079,0.043
112.64,-1.391,-0.186,5,0,0.491,7,0.073,0.491
112.77,-1.392,-0.200,5,0,0.491,7,0.457,0.491
112.90,-1.393,-0.223,5,0,0.491,7,0.533,0.043
113.02,-1.394,-0.240,5,0,0.491,7,0.076,0.267
113.15,-1.395,-0.257,5,0,0.491,7,0.074,0.390
113.28,-1.396,-0.278,5,0,0.491,7,0.078,0.153
113.41,-1.396,-0.294,5,0,0.491,7,0.078,0.153
113.54,-1.397,-0.317,5,0,0.491,7,0.079,-0.071
113.66,-1.398,-0.325,5,0,0.491,7,0.074,0.377
113.79,-1.398,-0.329,4,0,0.491,7,0.068,0.825
113.92,-1.398,-0.335,4,0,0.491,7,0.401,0.825
114.05,-1.399,-0.362,4,0,0.491,7,0.477,0.377
114.18,-1.399,-0.385,4,0,0.491,7,0.528,-0.071
114.30,-1.400,-0.413,4,0,0.491,7,0.453,-0.519
114.43,-1.400,-0.441,4,0,0.491,7,0.069,-0.743
114.56,-1.401,-0.448,4,0,0.491,7,0.076,-0.295
114.69,-1.402,-0.456,4,0,0.491,7,0.078,0.153
114.82,-1.402,-0.463,3,0,0.491,7,0.071,0.601
114.94,-1.402,-0.465,3,0,0.491,7,0.064,1.049
115.07,-1.402,-0.474,3,0,0.491,7,0.363,1.049
115.20,-1.401,-0.501,3,0,0.491,7,0.439,0.601
115.33,-1.401,-0.529,3,0,0.491,7,0.514,0.153
115.46,-1.400,-0.558,3,0,0.491,7,0.490,-0.295
115.58,-1.399,-0.586,3,0,0.491,7,0.415,-0.743
115.71,-1.398,-0.614,3,0,0.491,7,0.340,-1.191
115.84,-1.398,-0.640,3,0,0.491,7,0.264,-1.639
115.97,-1.398,-0.656,3,0,0.491,7,0.252,-1.711
116.10,-1.398,-0.671,3,0,0.491,7,0.254,-1.701
116.22,-1.398,-0.686,3,0,0.491,7,0.254,-1.700
116.35,-1.398,-0.701,3,0,0.491,7,0.254,-1.700
116.48,-1.398,-0.716,3,0,0.491,7,0.254,-1.700
116.61,-1.398,-0.731,3,0,0.491,7,0.254,-1.700
116.74,-1.398,-0.747,3,0,0.491,7,0.254,-1.700
116.86,-1.398,-0.762,2,0,0.491,7,0.254,-1.700
116.99,-1.398,-0.777,2,0,0.491,7,0.254,-1.700
117.12,-1.398,-0.792,2,0,0.491,7,0.254,-1.700
117.25,-1.398,-0.807,2,0,0.491,7,0.254,-1.700
117.38,-1.399,-0.823,2,0,0.491,7,0.254,-1.700
117.50,-1.399,-0.838,2,0,0.491,7,0.254,-1.700
117.63,-1.399,-0.854,2,0,0.491,7,0.254,-1.700
117.76,-1.400,-0.865,2,0,0.491,7,0.060,-1.364
117.89,-1.402,-0.868,2,0,0.491,7,0.066,-0.916
118.02,-1.405,-0.871,2,0,0.491,7,0.073,-0.468
118.14,-1.407,-0.879,2,0,0.491,7,0.080,-0.020
118.27,-1.407,-0.888,2,0,0.491,7,0.074,0.428
118.40,-1.407,-0.895,2,0,0.491,7,0.067,0.876
118.53,-1.408,-0.903,2,0,0.491,7,0.060,1.324
118.66,-1.407,-0.919,2,0,0.491,7,0.355,1.100
118.78,-1.406,-0.946,2,0,0.491,7,0.430,0.652
118.91,-1.404,-0.975,1,0,0.491,7,0.506,0.204
119.04,-1.403,-1.003,1,0,0.491,7,0.499,-0.244
119.17,-1.402,-1.031,1,0,0.491,7,0.424,-0.692
119.30,-1.400,-1.059,1,0,0.491,7,0.348,-1.140
119.42,-1.399,-1.086,1,0,0.491,7,0.273,-1.588
119.55,-1.398,-1.104,1,0,0.491,7,0.253,-1.707
119.68,-1.398,-1.119,1,0,0.491,7,0.254,-1.701
119.81,-1.398,-1.134,1,0,0.491,7,0.254,-1.700
119.94,-1.398,-1.149,0,0,0.491,7,0.254,-1.700
120.06,-1.398,-1.164,0,0,0.491,7,0.254,-1.700
120.19,-1.397,-1.179,0,0,0.491,7,0.254,-1.700
120.32,-1.397,-1.194,0,0,0.491,7,0.254,-1.700
120.45,-1.397,-1.209,0,0,0.491,7,0.254,-1.700
120.58,-1.397,-1.221,0,0,0.491,7,0.060,-1.364
120.70,-1.399,-1.224,0,0,0.491,7,0.066,-0.916
120.83,-1.401,-1.227,0,0,0.491,7,0.073,-0.468
120.96,-1.403,-1.235,0,0,0.491,7,0.080,-0.020
121.09,-1.405,-1.245,0,0,0.491,7,0.074,0.428
121.22,-1.406,-1.253,0,0,0.491,7,0.067,0.876
121.34,-1.407,-1.260,0,0,0.491,7,0.060,1.324
121.47,-1.406,-1.267,0,0,0.491,7,0.053,1.772
121.60,-1.402,-1.272,0,0,0.491,7,0.047,2.220
121.73,-1.395,-1.267,0,0,0.491,7,0.040,2.668
121.86,-1.387,-1.262,0,0,0.491,7,0.037,2.850
121.98,-1.379,-1.257,0,0,0.491,7,0.098,2.626
122.11,-1.370,-1.259,0,0,0.491,7,0.173,2.178
122.24,-1.355,-1.264,0,0,0.491,7,0.249,1.730
122.37,-1.332,-1.270,0,0,0.491,7,0.324,1.282
122.50,-1.305,-1.276,0,0,0.491,7,0.400,0.834
122.62,-1.278,-1.282,0,0,0.491,7,0.475,0.386
122.75,-1.250,-1.289,0,0,0.491,7,0.530,-0.062
122.88,-1.223,-1.295,0,0,0.491,7,0.454,-0.510
123.01,-1.195,-1.301,0,0,0.491,7,0.379,-0.958
123.14,-1.168,-1.308,0,0,0.491,7,0.303,-1.406
123.26,-1.145,-1.314,0,0,0.491,7,0.252,-1.711
123.39,-1.125,-1.321,0,0,0.491,7,0.254,-1.701
123.52,-1.117,-1.327,0,0,0.491,7,0.061,-1.253
123.65,-1.113,-1.332,0,0,0.491,7,0.068,-0.805
123.78,-1.107,-1.338,0,0,0.491,7,0.075,-0.357
123.90,-1.099,-1.344,0,0,0.491,7,0.079,0.091
124.03,-1.092,-1.350,0,1,0.491,7,0.072,0.539
124.16,-1.085,-1.355,0,1,0.491,7,0.065,0.987
124.29,-1.078,-1.358,0,1,0.491,7,0.058,1.435
124.42,-1.071,-1.360,0,1,0.491,7,0.052,1.883
124.54,-1.060,-1.361,0,1,0.491,7,0.261,1.659
124.67,-1.039,-1.364,0,1,0.491,7,0.336,1.211
124.80,-1.012,-1.367,0,1,0.491,7,0.412,0.763
124.93,-0.984,-1.371,0,1,0.491,7,0.487,0.315
125.06,-0.966,-1.373,0,1,0.491,7,0.525,0.091
125.18,-0.949,-1.375,0,1,0.491,7,0.075,0.315
125.31,-0.933,-1.377,0,1,0.491,7,0.491,0.289
125.44,-0.916,-1.379,0,1,0.491,7,0.491,0.289
125.57,-0.899,-1.381,0,1,0.491,7,0.072,0.513
125.70,-0.883,-1.383,0,1,0.491,7,0.491,0.289
125.82,-0.856,-1.385,0,1,0.491,7,0.078,-0.159
125.95,-0.847,-1.386,0,1,0.491,7,0.076,0.289
126.08,-0.835,-1.387,0,2,0.491,7,0.454,0.513
126.21,-0.815,-1.388,0,2,0.491,7,0.491,0.289
126.34,-0.787,-1.390,0,2,0.491,7,0.078,-0.159
126.46,-0.778,-1.390,0,2,0.491,7,0.076,0.289
126.59,-0.768,-1.391,0,2,0.491,7,0.454,0.513
126.72,-0.747,-1.392,0,2,0.491,7,0.072,0.513
126.85,-0.725,-1.393,0,2,0.491,7,0.529,0.065
126.98,-0.706,-1.394,0,2,0.491,7,0.518,-0.128
127.10,-0.689,-1.395,0,2,0.491,7,0.079,0.096
127.23,-0.682,-1.395,0,2,0.491,7,0.072,0.544
127.36,-0.680,-1.395,0,2,0.491,7,0.065,0.992
127.49,-0.667,-1.395,0,2,0.491,7,0.411,0.768
127.62,-0.639,-1.396,0,2,0.491,7,0.486,0.320
127.74,-0.611,-1.396,0,2,0.491,7,0.518,-0.128
127.87,-0.582,-1.397,0,2,0.491,7,0.443,-0.576
128.00,-0.564,-1.398,0,2,0.491,7,0.075,-0.352
128.13,-0.556,-1.398,0,3,0.491,7,0.079,0.096
128.26,-0.549,-1.399,0,3,0.491,7,0.072,0.544
128.38,-0.547,-1.399,0,3,0.491,7,0.065,0.992
128.51,-0.534,-1.399,0,3,0.491,7,0.411,0.768
128.64,-0.512,-1.399,0,3,0.491,7,0.486,0.320
128.77,-0.484,-1.400,0,3,0.491,7,0.518,-0.128
128.90,-0.460,-1.400,0,3,0.491,7,0.076,-0.237
129.02,-0.451,-1.400,0,3,0.491,7,0.077,0.211
129.15,-0.442,-1.400,0,4,0.491,7,0.467,0.435
129.28,-0.425,-1.401,0,4,0.491,7,0.467,0.435
129.41,-0.398,-1.401,0,4,0.491,7,0.538,-0.013
129.54,-0.370,-1.401,0,4,0.491,7,0.462,-0.461
129.66,-0.342,-1.401,0,4,0.491,7,0.387,-0.909
129.79,-0.314,-1.401,0,4,0.491,7,0.312,-1.357
129.92,-0.292,-1.401,0,4,0.491,7,0.236,-1.805
130.05,-0.278,-1.401,0,4,0.491,7,0.252,-1.711
130.18,-0.270,-1.402,0,4,0.491,7,0.061,-1.263
130.30,-0.267,-1.404,0,4,0.491,7,0.068,-0.815
130.43,-0.263,-1.407,0,4,0.491,7,0.074,-0.367
130.56,-0.255,-1.407,0,4,0.491,7,0.079,0.081
130.69,-0.246,-1.407,0,4,0.491,7,0.072,0.529
130.82,-0.238,-1.408,0,4,0.491,7,0.065,0.977
130.94,-0.231,-1.408,0,4,0.491,7,0.059,1.425
131.07,-0.210,-1.406,0,4,0.491,7,0.375,0.977
131.20,-0.182,-1.405,0,5,0.491,7,0.451,0.529
131.33,-0.154,-1.403,0,5,0.491,7,0.526,0.081
131.46,-0.126,-1.401,0,5,0.491,7,0.478,-0.367
131.58,-0.098,-1.399,0,5,0.491,7,0.403,-0.815
131.71,-0.070,-1.398,0,5,0.491,7,0.327,-1.263
131.84,-0.044,-1.396,0,5,0.491,7,0.252,-1.711
131.97,-0.027,-1.396,0,5,0.491,7,0.254,-1.702
132.10,-0.012,-1.396,0,5,0.491,7,0.254,-1.700
132.22,0.003,-1.396,0,5,0.491,7,0.254,-1.700
132.35,0.018,-1.395,0,5,0.491,7,0.254,-1.700
132.48,0.033,-1.395,0,5,0.491,7,0.254,-1.700
132.61,0.048,-1.395,0,5,0.491,7,0.254,-1.700
132.74,0.063,-1.395,0,5,0.491,7,0.254,-1.700
132.86,0.078,-1.394,0,5,0.491,7,0.254,-1.700
132.99,0.093,-1.394,0,5,0.491,7,0.254,-1.700
133.12,0.109,-1.394,0,5,0.491,7,0.254,-1.700
133.25,0.124,-1.394,0,6,0.491,7,0.254,-1.700
133.38,0.139,-1.393,0,6,0.491,7,0.254,-1.700
133.50,0.154,-1.393,0,6,0.491,7,0.254,-1.700
133.63,0.169,-1.393,0,6,0.491,7,0.254,-1.700
133.76,0.184,-1.392,0,6,0.491,7,0.254,-1.700
133.89,0.199,-1.392,0,6,0.491,7,0.254,-1.700
134.02,0.214,-1.392,0,6,0.491,7,0.254,-1.700
134.14,0.229,-1.392,0,6,0.491,7,0.254,-1.700
134.27,0.244,-1.391,0,7,0.491,7,0.254,-1.700
134.40,0.259,-1.391,0,7,0.491,7,0.254,-1.700
134.53,0.274,-1.391,0,7,0.491,7,0.254,-1.700
134.66,0.289,-1.390,0,7,0.491,7,0.254,-1.700
134.78,0.304,-1.390,0,7,0.491,7,0.254,-1.700
134.91,0.319,-1.390,0,7,0.491,7,0.254,-1.700
135.04,0.334,-1.389,0,7,0.491,7,0.254,-1.700
135.17,0.350,-1.389,0,7,0.491,7,0.254,-1.700
135.30,0.365,-1.389,0,7,0.491,7,0.254,-1.700
135.42,0.380,-1.389,0,7,0.491,7,0.254,-1.700
135.55,0.395,-1.388,0,7,0.491,7,0.254,-1.700
135.68,0.410,-1.388,0,7,0.491,7,0.254,-1.700
135.81,0.425,-1.388,0,7,0.491,7,0.254,-1.700
135.94,0.440,-1.387,0,7,0.491,7,0.254,-1.700
136.06,0.455,-1.387,0,7,0.491,7,0.254,-1.700
136.19,0.470,-1.387,0,7,0.491,7,0.254,-1.700
136.32,0.485,-1.386,0,8,0.491,7,0.254,-1.700
136.45,0.500,-1.386,0,8,0.491,7,0.254,-1.700
136.58,0.515,-1.386,0,8,0.491,7,0.254,-1.700
136.70,0.530,-1.385,0,8,0.491,7,0.254,-1.700
136.83,0.545,-1.385,0,8,0.491,7,0.254,-1.700
136.96,0.560,-1.384,0,8,0.491,7,0.254,-1.700
137.09,0.575,-1.384,0,8,0.491,7,0.254,-1.700
137.22,0.591,-1.384,0,8,0.491,7,0.254,-1.700
137.34,0.606,-1.383,0,8,0.491,7,0.254,-1.700
137.47,0.621,-1.383,0,8,0.491,7,0.254,-1.700
137.60,0.636,-1.383,0,8,0.491,7,0.254,-1.700
137.73,0.651,-1.382,0,8,0.491,7,0.254,-1.700
137.86,0.666,-1.382,0,8,0.491,7,0.254,-1.700
137.98,0.681,-1.382,0,8,0.491,7,0.254,-1.700
138.11,0.696,-1.381,0,8,0.491,7,0.254,-1.700
138.24,0.711,-1.381,0,8,0.491,7,0.254,-1.700
138.37,0.726,-1.380,0,9,0.491,7,0.254,-1.700
138.50,0.741,-1.380,0,9,0.491,7,0.254,-1.700
138.62,0.756,-1.380,0,9,0.491,7,0.254,-1.700
138.75,0.771,-1.379,0,9,0.491,7,0.254,-1.700
138.88,0.786,-1.379,0,9,0.491,7,0.254,-1.700
139.01,0.801,-1.378,0,9,0.491,7,0.254,-1.700
139.14,0.817,-1.378,0,9,0.491,7,0.254,-1.700
139.26,0.832,-1.378,0,9,0.491,7,0.254,-1.700
139.39,0.847,-1.377,0,9,0.491,7,0.254,-1.700
139.52,0.862,-1.377,0,9,0.491,7,0.254,-1.700
139.65,0.877,-1.376,0,9,0.491,7,0.254,-1.700
139.78,0.892,-1.376,0,9,0.491,7,0.254,-1.700
139.90,0.907,-1.376,0,9,0.491,7,0.254,-1.700
140.03,0.922,-1.375,0,9,0.491,7,0.254,-1.700
140.16,0.937,-1.375,0,9,0.491,7,0.254,-1.700
140.29,0.952,-1.374,0,9,0.491,7,0.254,-1.700
140.42,0.967,-1.374,0,10,0.491,7,0.254,-1.700
140.54,0.982,-1.373,0,10,0.491,7,0.254,-1.700
140.67,0.997,-1.373,0,10,0.491,7,0.254,-1.700
140.80,1.012,-1.373,0,10,0.491,7,0.254,-1.700
140.93,1.027,-1.372,0,10,0.491,7,0.254,-1.700
141.06,1.042,-1.372,0,10,0.491,7,0.254,-1.700
141.18,1.058,-1.371,0,10,0.491,7,0.254,-1.700
141.31,1.073,-1.371,0,10,0.491,7,0.254,-1.700
141.44,1.088,-1.370,0,10,0.491,7,0.254,-1.700
141.57,1.103,-1.370,0,10,0.491,7,0.254,-1.700
141.70,1.118,-1.370,0,10,0.491,7,0.254,-1.700
141.82,1.133,-1.369,0,10,0.491,7,0.254,-1.700
141.95,1.148,-1.369,0,10,0.491,7,0.254,-1.700
142.08,1.163,-1.368,0,10,0.491,7,0.254,-1.700
142.21,1.178,-1.368,0,10,0.491,7,0.254,-1.700
142.34,1.193,-1.367,0,10,0.491,7,0.254,-1.700
142.46,1.208,-1.367,0,11,0.491,7,0.254,-1.700
142.59,1.223,-1.367,0,11,0.491,7,0.060,-1.364
142.72,1.228,-1.368,0,11,0.491,7,0.066,-0.916
142.85,1.231,-1.370,0,11,0.491,7,0.073,-0.468
142.98,1.239,-1.372,0,11,0.491,7,0.080,-0.020
143.10,1.249,-1.373,0,11,0.491,7,0.074,0.428
143.23,1.258,-1.374,0,11,0.491,7,0.067,0.876
143.36,1.263,-1.374,0,11,0.491,7,0.060,1.324
143.49,1.269,-1.373,0,11,0.491,7,0.053,1.772
143.62,1.273,-1.369,0,11,0.491,7,0.047,2.220
143.74,1.273,-1.363,0,11,0.491,7,0.040,2.668
143.87,1.268,-1.354,0,11,0.491,7,0.037,2.850
144.00,1.265,-1.347,0,11,0.491,7,0.117,2.514
144.13,1.268,-1.337,0,11,0.491,7,0.192,2.066
144.26,1.273,-1.320,0,11,0.491,7,0.268,1.618
144.38,1.278,-1.295,0,11,0.491,7,0.343,1.170
144.51,1.283,-1.268,0,11,0.491,7,0.418,0.722
144.64,1.289,-1.240,0,11,0.491,7,0.494,0.274
144.77,1.295,-1.212,0,11,0.491,7,0.511,-0.174
144.90,1.300,-1.185,0,11,0.491,7,0.435,-0.622
145.02,1.306,-1.157,0,11,0.491,7,0.360,-1.070
145.15,1.311,-1.130,0,11,0.491,7,0.284,-1.518
145.28,1.317,-1.109,0,11,0.491,7,0.253,-1.705
145.41,1.323,-1.089,0,11,0.491,7,0.254,-1.700
145.54,1.329,-1.080,1,11,0.491,7,0.061,-1.252
145.66,1.335,-1.077,1,11,0.491,7,0.068,-0.804
145.79,1.340,-1.070,1,11,0.491,7,0.075,-0.356
145.92,1.346,-1.063,1,11,0.491,7,0.079,0.092
146.05,1.352,-1.055,1,11,0.491,7,0.072,0.540
146.18,1.356,-1.048,1,11,0.491,7,0.065,0.988
146.30,1.360,-1.041,1,11,0.491,7,0.058,1.436
146.43,1.361,-1.034,1,11,0.491,7,0.052,1.884
146.56,1.362,-1.023,1,11,0.491,7,0.261,1.660
146.69,1.364,-1.003,1,11,0.491,7,0.336,1.212
146.82,1.368,-0.975,1,11,0.491,7,0.411,0.764
146.94,1.371,-0.947,1,11,0.491,7,0.487,0.316
147.07,1.374,-0.919,1,11,0.491,7,0.518,-0.132
147.20,1.377,-0.891,1,11,0.491,7,0.074,-0.367
147.33,1.378,-0.882,1,11,0.491,7,0.079,0.081
147.46,1.380,-0.873,1,11,0.491,7,0.072,0.529
147.58,1.381,-0.858,2,11,0.491,7,0.451,0.529
147.71,1.383,-0.840,2,11,0.491,7,0.489,0.305
147.84,1.385,-0.814,2,11,0.491,7,0.516,-0.143
147.97,1.386,-0.799,2,11,0.491,7,0.078,0.119
148.10,1.387,-0.791,2,11,0.491,7,0.071,0.567
148.22,1.387,-0.784,2,11,0.491,7,0.425,0.683
148.35,1.389,-0.763,2,11,0.491,7,0.465,0.444
148.48,1.390,-0.740,2,11,0.491,7,0.539,-0.004
148.61,1.391,-0.724,2,11,0.491,7,0.076,0.292
148.74,1.392,-0.707,2,11,0.491,7,0.517,0.134
148.86,1.393,-0.685,2,11,0.491,7,0.079,0.079
148.99,1.394,-0.672,2,11,0.491,7,0.075,0.303
149.12,1.395,-0.657,2,11,0.491,7,0.502,0.224
149.25,1.395,-0.633,2,11,0.491,7,0.080,0.023
149.38,1.396,-0.616,2,11,0.491,7,0.076,0.247
149.50,1.397,-0.600,2,11,0.491,7,0.536,0.023
149.63,1.398,-0.582,3,11,0.491,7,0.536,0.023
149.76,1.398,-0.565,3,11,0.491,7,0.076,0.247
149.89,1.399,-0.550,3,11,0.491,7,0.073,0.471
150.02,1.399,-0.528,3,11,0.491,7,0.079,0.068
150.14,1.400,-0.511,3,11,0.491,7,0.079,0.068
150.27,1.400,-0.489,3,11,0.491,7,0.078,-0.156
150.40,1.400,-0.479,3,11,0.491,7,0.076,0.292
150.53,1.401,-0.475,3,11,0.491,7,0.069,0.740
150.66,1.401,-0.470,3,11,0.491,7,0.066,0.964
150.78,1.401,-0.448,3,11,0.491,7,0.453,0.516
150.91,1.400,-0.420,3,11,0.491,7,0.528,0.068
151.04,1.400,-0.392,3,11,0.491,7,0.476,-0.380
151.17,1.400,-0.364,3,11,0.491,7,0.401,-0.828
151.30,1.399,-0.336,3,11,0.491,7,0.325,-1.276
151.42,1.399,-0.313,3,11,0.491,7,0.250,-1.724
151.55,1.399,-0.298,3,11,0.491,7,0.252,-1.710
151.68,1.399,-0.283,4,11,0.491,7,0.254,-1.701
151.81,1.399,-0.268,4,11,0.491,7,0.254,-1.700
151.94,1.399,-0.253,4,11,0.491,7,0.254,-1.700
152.06,1.399,-0.237,4,11,0.491,7,0.254,-1.700
152.19,1.399,-0.222,4,11,0.491,7,0.254,-1.700
152.32,1.399,-0.207,4,11,0.491,7,0.254,-1.700
152.45,1.399,-0.192,4,11,0.491,7,0.254,-1.700
152.58,1.399,-0.177,4,11,0.491,7,0.254,-1.700
152.70,1.399,-0.162,5,11,0.491,7,0.254,-1.700
152.83,1.399,-0.147,5,11,0.491,7,0.254,-1.700
152.96,1.400,-0.131,5,11,0.491,7,0.254,-1.700
153.09,1.400,-0.116,5,11,0.491,7,0.254,-1.700
153.22,1.400,-0.101,5,11,0.491,7,0.254,-1.700
153.34,1.401,-0.085,5,11,0.491,7,0.254,-1.700
153.47,1.401,-0.074,5,11,0.491,7,0.060,-1.364
153.60,1.403,-0.071,5,11,0.491,7,0.066,-0.916
153.73,1.406,-0.068,5,11,0.491,7,0.073,-0.468
153.86,1.407,-0.061,5,11,0.491,7,0.080,-0.020
153.98,1.407,-0.051,5,11,0.491,7,0.074,0.428
154.11,1.408,-0.043,5,11,0.491,7,0.067,0.876
154.24,1.408,-0.035,5,11,0.491,7,0.060,1.324
154.37,1.407,-0.022,5,11,0.491,7,0.242,1.772
154.50,1.405,-0.008,5,11,0.491,7,0.250,1.724
154.62,1.403,0.008,5,11,0.491,7,0.253,1.702
154.75,1.400,0.026,6,11,0.491,7,0.254,1.700
154.88,1.396,0.045,6,11,0.491,7,0.254,1.700
155.01,1.391,0.068,6,11,0.491,7,0.329,1.252
155.14,1.385,0.095,6,11,0.491,7,0.387,0.907
155.26,1.379,0.123,6,11,0.491,7,0.388,0.901
155.39,1.373,0.150,6,11,0.491,7,0.388,0.900
155.52,1.367,0.178,6,11,0.491,7,0.388,0.900
155.65,1.362,0.205,6,11,0.491,7,0.313,1.348
155.78,1.356,0.229,6,11,0.491,7,0.255,1.693
155.90,1.349,0.249,6,11,0.491,7,0.254,1.699
156.03,1.341,0.269,6,11,0.491,7,0.254,1.700
156.16,1.332,0.287,6,11,0.491,7,0.254,1.700
156.29,1.321,0.305,6,11,0.491,7,0.254,1.700
156.42,1.309,0.322,6,11,0.491,7,0.254,1.700
156.54,1.295,0.338,6,11,0.491,7,0.254,1.700
156.67,1.280,0.353,6,11,0.491,7,0.254,1.700
156.80,1.264,0.366,7,11,0.491,7,0.254,1.700
156.93,1.247,0.378,7,11,0.491,7,0.254,1.700
157.06,1.229,0.389,7,11,0.491,7,0.254,1.700
157.18,1.210,0.398,7,11,0.491,7,0.254,1.700
157.31,1.191,0.406,7,11,0.491,7,0.254,1.700
157.44,1.168,0.413,7,11,0.491,7,0.329,1.252
157.57,1.141,0.421,7,11,0.491,7,0.387,0.907
157.70,1.114,0.430,7,11,0.491,8,0.388,0.901
157.82,1.087,0.438,7,10,0.500,8,0.388,0.900
157.95,1.060,0.446,7,10,0.500,8,0.388,0.900
158.08,1.033,0.454,7,10,0.500,8,0.388,0.900
158.21,1.006,0.462,7,10,0.500,8,0.388,0.900
158.34,0.979,0.470,7,10,0.500,8,0.388,0.900
158.46,0.952,0.478,7,10,0.500,8,0.388,0.900
158.59,0.925,0.487,7,10,0.500,8,0.388,0.900
158.72,0.898,0.495,7,10,0.500,8,0.388,0.900
158.85,0.871,0.503,8,9,0.500,8,0.388,0.900
158.98,0.844,0.511,8,9,0.500,8,0.388,0.900
159.10,0.817,0.519,8,9,0.500,8,0.388,0.900
159.23,0.790,0.527,8,9,0.500,8,0.389,0.900
159.36,0.763,0.535,8,9,0.500,8,0.389,0.900
159.49,0.737,0.543,8,9,0.500,8,0.389,0.900
159.62,0.710,0.552,8,9,0.500,8,0.389,0.900
159.74,0.683,0.560,8,9,0.500,8,0.389,0.900
159.87,0.656,0.568,8,9,0.500,8,0.389,0.900
160.00,0.629,0.576,8,9,0.500,8,0.389,0.900
160.13,0.602,0.584,8,9,0.500,8,0.389,0.900
160.26,0.575,0.592,8,9,0.500,8,0.389,0.900
160.38,0.548,0.600,8,9,0.500,8,0.389,0.900
160.51,0.521,0.609,8,9,0.500,8,0.613,1.124
160.64,0.494,0.617,8,9,0.500,8,0.475,1.572
160.77,0.467,0.625,8,9,0.500,8,0.344,1.997
160.90,0.442,0.632,8,8,0.509,8,0.343,2.000
161.02,0.417,0.638,8,8,0.509,8,0.343,2.000
161.15,0.392,0.644,8,8,0.509,8,0.343,2.000
161.28,0.367,0.649,8,8,0.509,8,0.343,2.000
161.41,0.342,0.653,8,8,0.509,8,0.343,2.000
161.54,0.316,0.656,8,8,0.509,8,0.343,2.000
161.66,0.290,0.659,8,8,0.509,8,0.343,2.000
161.79,0.266,0.662,8,8,0.509,8,0.343,2.000
161.92,0.243,0.664,8,7,0.519,8,0.343,2.000
162.05,0.219,0.666,8,7,0.519,8,0.343,2.000
162.18,0.196,0.668,8,7,0.519,8,0.343,2.000
162.30,0.172,0.670,8,7,0.519,8,0.343,2.000
162.43,0.149,0.672,8,7,0.519,8,0.343,2.000
162.56,0.126,0.674,8,7,0.519,8,0.343,2.000
162.69,0.102,0.676,8,7,0.519,8,0.343,2.000
162.82,0.079,0.678,8,7,0.519,8,0.343,2.000
162.94,0.056,0.680,9,6,0.528,8,0.343,2.000
163.07,0.032,0.682,9,6,0.528,8,0.343,2.000
163.20,0.009,0.684,9,6,0.528,8,0.343,2.000
163.33,-0.015,0.686,9,6,0.528,8,0.343,2.000
163.46,-0.038,0.688,9,6,0.528,8,0.343,2.000
163.58,-0.061,0.690,9,6,0.528,8,0.343,2.000
163.71,-0.085,0.692,9,6,0.528,8,0.343,2.000
163.84,-0.108,0.694,9,6,0.528,8,0.343,2.000
163.97,-0.132,0.696,9,5,0.528,8,0.343,2.000
164.10,-0.155,0.699,9,5,0.528,8,0.343,2.000
164.22,-0.178,0.701,9,5,0.528,8,0.343,2.000
164.35,-0.202,0.703,9,5,0.528,8,0.343,2.000
164.48,-0.225,0.705,9,5,0.528,8,0.343,2.000
164.61,-0.248,0.707,9,5,0.528,8,0.343,2.000
164.74,-0.272,0.709,9,5,0.528,8,0.343,2.000
164.86,-0.295,0.711,9,5,0.528,8,0.343,2.000
164.99,-0.319,0.713,9,4,0.537,8,0.343,2.000
165.12,-0.342,0.715,9,4,0.537,8,0.343,2.000
165.25,-0.365,0.717,9,4,0.537,8,0.343,2.000
165.38,-0.389,0.719,9,4,0.537,8,0.343,2.000
165.50,-0.412,0.721,9,4,0.537,8,0.343,2.000
165.63,-0.436,0.723,9,4,0.537,8,0.343,2.000
165.76,-0.459,0.725,9,4,0.537,8,0.343,2.000
165.89,-0.482,0.727,9,4,0.537,8,0.343,2.000
166.02,-0.506,0.729,9,3,0.546,8,0.343,2.000
166.14,-0.529,0.731,9,3,0.546,8,0.343,2.000
166.27,-0.553,0.733,9,3,0.546,8,0.343,2.000
166.40,-0.576,0.735,9,3,0.546,8,0.343,2.000
166.53,-0.599,0.737,9,3,0.546,8,0.343,2.000
166.66,-0.623,0.739,9,3,0.546,8,0.343,2.000
166.78,-0.646,0.741,9,3,0.546,8,0.343,2.000
166.91,-0.669,0.743,9,3,0.546,8,0.343,2.000
167.04,-0.693,0.745,9,2,0.556,8,0.343,2.000
167.17,-0.716,0.747,9,2,0.556,8,0.343,2.000
167.30,-0.740,0.749,9,2,0.556,8,0.343,2.000
167.42,-0.763,0.751,9,2,0.556,8,0.343,2.000
167.55,-0.786,0.753,9,2,0.556,8,0.343,2.000
167.68,-0.810,0.755,9,2,0.556,8,0.343,2.000
167.81,-0.833,0.757,9,2,0.556,8,0.343,2.000
167.94,-0.857,0.759,9,2,0.556,8,0.343,2.000
168.06,-0.880,0.761,9,2,0.556,8,0.467,1.888
168.19,-0.906,0.763,9,2,0.556,8,0.641,1.440
168.32,-0.932,0.765,9,2,0.556,8,0.641,1.440
168.45,-0.957,0.766,9,2,0.556,8,0.622,1.488
168.58,-0.982,0.767,9,2,0.556,8,0.249,1.727
168.70,-0.999,0.766,9,2,0.556,8,0.251,1.716
168.83,-1.015,0.766,9,2,0.556,8,0.254,1.701
168.96,-1.031,0.765,9,2,0.556,8,0.254,1.700
169.09,-1.047,0.764,9,1,0.565,8,0.254,1.700
169.22,-1.063,0.762,9,1,0.565,8,0.254,1.700
169.34,-1.080,0.760,9,1,0.565,8,0.254,1.700
169.47,-1.097,0.758,9,1,0.565,8,0.254,1.700
169.60,-1.115,0.755,9,1,0.565,8,0.254,1.700
169.73,-1.134,0.751,9,1,0.565,8,0.254,1.700
169.86,-1.153,0.746,9,1,0.565,8,0.254,1.700
169.98,-1.174,0.740,9,1,0.565,8,0.254,1.700
170.11,-1.193,0.732,9,0,0.565,8,0.254,1.700
170.24,-1.212,0.723,9,0,0.565,8,0.254,1.700
170.37,-1.230,0.712,9,0,0.565,8,0.053,1.812
170.50,-1.237,0.703,9,0,0.565,8,0.231,1.833
170.62,-1.251,0.689,9,0,0.565,8,0.052,1.834
170.75,-1.261,0.677,9,0,0.565,8,0.246,1.748
170.88,-1.272,0.659,9,0,0.565,8,0.253,1.704
171.01,-1.282,0.641,9,0,0.565,8,0.254,1.700
171.14,-1.290,0.622,8,0,0.565,8,0.254,1.700
171.26,-1.297,0.602,8,0,0.565,8,0.254,1.700
171.39,-1.302,0.582,8,0,0.565,8,0.254,1.700
171.52,-1.306,0.561,8,0,0.565,8,0.254,1.700
171.65,-1.308,0.539,8,0,0.565,8,0.254,1.700
171.78,-1.308,0.521,8,0,0.565,8,0.254,1.700
171.90,-1.309,0.506,8,0,0.565,8,0.254,1.700
172.03,-1.309,0.491,8,0,0.565,8,0.254,1.700
172.16,-1.310,0.476,8,0,0.565,8,0.254,1.700
172.29,-1.310,0.461,8,0,0.565,8,0.254,1.700
172.42,-1.311,0.446,8,0,0.565,8,0.254,1.700
172.54,-1.311,0.431,8,0,0.565,8,0.254,1.700
172.67,-1.312,0.416,8,0,0.565,8,0.254,1.700
172.80,-1.313,0.401,8,0,0.565,9,0.254,1.700
172.93,-1.313,0.386,8,0,0.565,9,0.254,1.700
173.06,-1.314,0.371,8,0,0.565,9,0.254,1.700
173.18,-1.314,0.356,7,0,0.565,9,0.254,1.700
173.31,-1.315,0.341,7,0,0.565,9,0.254,1.700
173.44,-1.315,0.326,7,0,0.565,9,0.254,1.700
173.57,-1.316,0.311,7,0,0.565,9,0.254,1.700
173.70,-1.317,0.295,7,0,0.565,9,0.254,1.700
173.82,-1.317,0.280,7,0,0.565,9,0.254,1.700
173.95,-1.318,0.265,7,0,0.565,9,0.254,1.700
174.08,-1.318,0.250,7,0,0.565,9,0.254,1.700
174.21,-1.319,0.235,7,0,0.565,9,0.254,1.700
174.34,-1.319,0.220,7,0,0.565,9,0.254,1.700
174.46,-1.320,0.205,7,0,0.565,9,0.254,1.700
174.59,-1.321,0.190,7,0,0.565,9,0.254,1.700
174.72,-1.321,0.175,7,0,0.565,9,0.254,1.700
174.85,-1.322,0.160,7,0,0.565,9,0.254,1.700
174.98,-1.322,0.145,7,0,0.565,9,0.254,1.700
175.10,-1.323,0.130,7,0,0.565,9,0.254,1.700
175.23,-1.323,0.115,6,0,0.565,9,0.254,1.700
175.36,-1.324,0.100,6,0,0.565,9,0.254,1.700
175.49,-1.325,0.085,6,0,0.565,9,0.254,1.700
175.62,-1.325,0.070,6,0,0.565,9,0.254,1.700
175.74,-1.326,0.055,6,0,0.565,9,0.254,1.700
175.87,-1.326,0.039,6,0,0.565,9,0.254,1.700
176.00,-1.327,0.024,6,0,0.565,9,0.254,1.700
176.13,-1.328,0.009,6,0,0.565,9,0.254,1.700
176.26,-1.328,-0.006,6,0,0.565,9,0.254,1.700
176.38,-1.329,-0.021,6,0,0.565,9,0.254,1.700
176.51,-1.329,-0.036,6,0,0.565,9,0.254,1.700
176.64,-1.330,-0.051,6,0,0.565,9,0.254,1.700
176.77,-1.331,-0.066,6,0,0.565,9,0.254,1.700
176.90,-1.331,-0.081,6,0,0.565,9,0.254,1.700
177.02,-1.332,-0.096,6,0,0.565,9,0.254,1.700
177.15,-1.333,-0.111,6,0,0.565,9,0.254,1.700
177.28,-1.333,-0.126,5,0,0.565,9,0.254,1.700
177.41,-1.334,-0.141,5,0,0.565,9,0.254,1.700
177.54,-1.334,-0.156,5,0,0.565,9,0.254,1.700
177.66,-1.335,-0.171,5,0,0.565,9,0.254,1.700
177.79,-1.336,-0.186,5,0,0.565,9,0.254,1.700
177.92,-1.336,-0.202,5,0,0.565,9,0.254,1.700
178.05,-1.337,-0.217,5,0,0.565,9,0.254,1.700
178.18,-1.338,-0.232,5,0,0.565,9,0.254,1.700
178.30,-1.338,-0.247,4,0,0.565,9,0.254,1.700
178.43,-1.339,-0.262,4,0,0.565,9,0.254,1.700
178.56,-1.339,-0.277,4,0,0.565,9,0.254,1.700
178.69,-1.340,-0.292,4,0,0.565,9,0.254,1.700
178.82,-1.341,-0.307,4,0,0.565,9,0.254,1.700
178.94,-1.341,-0.322,4,0,0.565,9,0.254,1.700
179.07,-1.342,-0.337,4,0,0.565,9,0.254,1.700
179.20,-1.343,-0.352,4,0,0.565,9,0.254,1.700
179.33,-1.343,-0.367,4,0,0.565,9,0.254,1.700
179.46,-1.344,-0.382,4,0,0.565,9,0.254,1.700
179.58,-1.345,-0.397,4,0,0.565,9,0.254,1.700
179.71,-1.345,-0.412,4,0,0.565,9,0.254,1.700
179.84,-1.346,-0.427,4,0,0.565,9,0.254,1.700
179.97,-1.347,-0.442,4,0,0.565,9,0.254,1.700
180.10,-1.347,-0.458,4,0,0.565,9,0.254,1.700
180.22,-1.348,-0.473,4,0,0.565,9,0.254,1.700
180.35,-1.349,-0.488,3,0,0.565,9,0.254,1.700
180.48,-1.349,-0.503,3,0,0.565,9,0.254,1.700
180.61,-1.350,-0.518,3,0,0.565,9,0.254,1.700
180.74,-1.351,-0.533,3,0,0.565,9,0.254,1.700
180.86,-1.351,-0.548,3,0,0.565,9,0.254,1.700
180.99,-1.352,-0.563,3,0,0.565,9,0.254,1.700
181.12,-1.353,-0.578,3,0,0.565,9,0.254,1.700
181.25,-1.353,-0.593,3,0,0.565,9,0.254,1.700
181.38,-1.354,-0.608,3,0,0.565,9,0.254,1.700
181.50,-1.355,-0.623,3,0,0.565,9,0.254,1.700
181.63,-1.355,-0.638,3,0,0.565,9,0.254,1.700
181.76,-1.356,-0.653,3,0,0.565,9,0.254,1.700
181.89,-1.357,-0.668,3,0,0.565,9,0.254,1.700
182.02,-1.357,-0.683,3,0,0.565,9,0.254,1.700
182.14,-1.358,-0.698,3,0,0.565,9,0.254,1.700
182.27,-1.359,-0.714,3,0,0.565,9,0.254,1.700
182.40,-1.359,-0.729,2,0,0.565,9,0.254,1.700
182.53,-1.360,-0.744,2,0,0.565,9,0.254,1.700
182.66,-1.361,-0.759,2,0,0.565,9,0.254,1.700
182.78,-1.361,-0.774,2,0,0.565,9,0.254,1.700
182.91,-1.362,-0.789,2,0,0.565,9,0.254,1.700
183.04,-1.363,-0.804,2,0,0.565,9,0.254,1.700
183.17,-1.364,-0.819,2,0,0.565,9,0.254,1.700
183.30,-1.364,-0.834,2,0,0.565,9,0.254,1.700
183.42,-1.365,-0.849,2,0,0.565,9,0.254,1.700
183.55,-1.366,-0.864,2,0,0.565,9,0.254,1.700
183.68,-1.366,-0.879,2,0,0.565,9,0.254,1.700
183.81,-1.367,-0.894,2,0,0.565,9,0.254,1.700
183.94,-1.368,-0.909,2,0,0.565,9,0.254,1.700
184.06,-1.368,-0.924,2,0,0.565,9,0.254,1.700
184.19,-1.369,-0.939,2,0,0.565,9,0.254,1.700
184.32,-1.370,-0.954,2,0,0.565,9,0.254,1.700
184.45,-1.371,-0.970,1,0,0.565,9,0.254,1.700
184.58,-1.371,-0.985,1,0,0.565,9,0.254,1.700
184.70,-1.372,-1.000,1,0,0.565,9,0.254,1.700
184.83,-1.373,-1.015,1,0,0.565,9,0.254,1.700
184.96,-1.373,-1.030,1,0,0.565,9,0.254,1.700
185.09,-1.374,-1.045,1,0,0.565,9,0.254,1.700
185.22,-1.375,-1.060,1,0,0.565,9,0.254,1.700
185.34,-1.376,-1.075,1,0,0.565,9,0.254,1.700
185.47,-1.377,-1.095,1,0,0.565,9,0.329,1.252
185.60,-1.378,-1.122,1,0,0.565,9,0.405,0.804
185.73,-1.380,-1.150,1,0,0.565,9,0.480,0.356
185.86,-1.382,-1.179,1,0,0.565,9,0.525,-0.092
185.98,-1.383,-1.207,1,0,0.565,9,0.449,-0.540
186.11,-1.385,-1.225,1,0,0.565,9,0.075,-0.316
186.24,-1.386,-1.234,1,0,0.565,9,0.078,0.132
186.37,-1.386,-1.241,1,0,0.565,9,0.071,0.580
186.50,-1.387,-1.244,0,0,0.565,9,0.065,1.028
186.62,-1.386,-1.250,0,0,0.565,9,0.058,1.476
186.75,-1.384,-1.256,0,0,0.565,9,0.051,1.924
186.88,-1.380,-1.259,0,0,0.565,9,0.044,2.372
187.01,-1.373,-1.257,0,0,0.565,9,0.038,2.820
187.14,-1.365,-1.252,0,0,0.565,9,0.098,2.626
187.26,-1.356,-1.255,0,0,0.565,9,0.173,2.178
187.39,-1.342,-1.261,0,0,0.565,9,0.249,1.730
187.52,-1.319,-1.268,0,0,0.565,9,0.324,1.282
187.65,-1.293,-1.277,0,0,0.565,9,0.400,0.834
187.78,-1.266,-1.286,0,0,0.565,9,0.475,0.386
187.90,-1.239,-1.294,0,0,0.565,9,0.530,-0.062
188.03,-1.212,-1.303,0,0,0.565,9,0.454,-0.510
188.16,-1.185,-1.312,0,0,0.565,9,0.379,-0.958
188.29,-1.159,-1.320,0,0,0.565,9,0.303,-1.406
188.42,-1.140,-1.327,0,0,0.565,9,0.059,-1.406
188.54,-1.136,-1.332,0,0,0.565,9,0.066,-0.958
188.67,-1.131,-1.337,0,0,0.565,9,0.072,-0.510
188.80,-1.123,-1.343,0,0,0.565,9,0.079,-0.062
188.93,-1.115,-1.349,0,0,0.565,9,0.074,0.386
189.06,-1.108,-1.353,0,0,0.565,9,0.067,0.834
189.18,-1.100,-1.357,0,0,0.565,9,0.061,1.282
189.31,-1.093,-1.359,0,0,0.565,9,0.054,1.730
189.44,-1.081,-1.361,0,0,0.565,9,0.286,1.506
189.57,-1.056,-1.364,0,1,0.565,9,0.362,1.058
189.70,-1.028,-1.368,0,1,0.565,9,0.437,0.610
189.82,-1.011,-1.371,0,1,0.565,9,0.475,0.386
189.95,-0.995,-1.373,0,1,0.565,9,0.475,0.386
190.08,-0.974,-1.375,0,1,0.565,9,0.077,0.226
190.21,-0.961,-1.377,0,1,0.565,9,0.482,0.347
190.34,-0.945,-1.379,0,1,0.565,9,0.482,0.347
190.46,-0.925,-1.381,0,1,0.565,9,0.519,0.123
190.59,-0.903,-1.383,0,1,0.565,9,0.080,0.006
190.72,-0.894,-1.384,0,1,0.565,9,0.073,0.454
190.85,-0.879,-1.385,0,1,0.565,9,0.464,0.454
190.98,-0.858,-1.387,0,1,0.565,9,0.501,0.230
191.10,-0.839,-1.388,0,1,0.565,9,0.077,0.230
191.23,-0.828,-1.389,0,1,0.565,9,0.470,0.418
191.36,-0.807,-1.390,0,1,0.565,9,0.507,0.194
191.49,-0.789,-1.391,0,1,0.565,9,0.076,0.288
191.62,-0.779,-1.392,0,2,0.565,9,0.454,0.512
191.74,-0.757,-1.393,0,2,0.565,9,0.529,0.064
191.87,-0.730,-1.394,0,2,0.565,9,0.475,-0.384
192.00,-0.712,-1.395,0,2,0.565,9,0.078,-0.160
192.13,-0.703,-1.396,0,2,0.565,9,0.076,0.288
192.26,-0.698,-1.396,0,2,0.565,9,0.069,0.736
192.38,-0.696,-1.396,0,2,0.565,9,0.378,0.960
192.51,-0.677,-1.397,0,2,0.565,9,0.439,0.597
192.64,-0.649,-1.397,0,3,0.565,9,0.515,0.149
192.77,-0.621,-1.398,0,3,0.565,9,0.076,-0.299
192.90,-0.612,-1.398,0,3,0.565,9,0.515,0.149
193.02,-0.595,-1.399,0,3,0.565,9,0.515,0.149
193.15,-0.574,-1.399,0,3,0.565,9,0.527,-0.075
193.28,-0.556,-1.400,0,3,0.565,9,0.078,0.149
193.41,-0.539,-1.400,0,3,0.565,9,0.075,0.324
193.54,-0.518,-1.400,0,3,0.565,9,0.078,0.100
193.66,-0.501,-1.401,0,3,0.565,9,0.519,-0.124
193.79,-0.478,-1.401,0,3,0.565,9,0.481,-0.348
193.92,-0.465,-1.401,0,3,0.565,9,0.078,0.100
194.05,-0.458,-1.402,0,3,0.565,9,0.072,0.548
194.18,-0.456,-1.402,0,3,0.565,9,0.065,0.996
194.30,-0.443,-1.402,0,3,0.565,9,0.410,0.772
194.43,-0.415,-1.402,0,3,0.565,9,0.485,0.324
194.56,-0.387,-1.401,0,3,0.565,9,0.519,-0.124
194.69,-0.359,-1.401,0,4,0.565,9,0.444,-0.572
194.82,-0.330,-1.401,0,4,0.565,9,0.368,-1.020
194.94,-0.303,-1.401,0,4,0.565,9,0.293,-1.468
195.07,-0.284,-1.401,0,4,0.565,9,0.243,-1.762
195.20,-0.270,-1.401,0,4,0.565,9,0.253,-1.706
195.33,-0.255,-1.401,0,4,0.565,9,0.254,-1.701
195.46,-0.241,-1.402,0,4,0.565,9,0.058,-1.476
195.58,-0.237,-1.404,0,4,0.565,9,0.065,-1.028
195.71,-0.235,-1.406,0,4,0.565,9,0.071,-0.580
195.84,-0.229,-1.407,0,4,0.565,9,0.078,-0.132
195.97,-0.220,-1.407,0,4,0.565,9,0.075,0.316
196.10,-0.211,-1.407,0,4,0.565,9,0.069,0.764
196.22,-0.204,-1.408,0,4,0.565,9,0.062,1.212
196.35,-0.188,-1.407,0,4,0.565,9,0.374,0.988
196.48,-0.161,-1.407,0,4,0.565,9,0.449,0.540
196.61,-0.132,-1.406,0,4,0.565,9,0.525,0.092
196.74,-0.104,-1.405,0,5,0.565,9,0.480,-0.356
196.86,-0.076,-1.405,0,5,0.565,9,0.405,-0.804
196.99,-0.048,-1.404,0,5,0.565,9,0.329,-1.252
197.12,-0.024,-1.403,0,5,0.565,9,0.254,-1.700
197.25,-0.008,-1.403,0,5,0.565,9,0.252,-1.712
197.38,0.007,-1.403,0,5,0.565,9,0.254,-1.701
197.50,0.022,-1.403,0,5,0.565,9,0.254,-1.700
197.63,0.037,-1.403,0,5,0.565,9,0.254,-1.700
197.76,0.052,-1.403,0,6,0.565,9,0.254,-1.700
197.89,0.067,-1.403,0,6,0.565,9,0.254,-1.700
198.02,0.082,-1.402,0,6,0.565,9,0.254,-1.700
198.14,0.097,-1.402,0,6,0.565,9,0.254,-1.700
198.27,0.111,-1.402,0,6,0.565,9,0.254,-1.700
198.40,0.126,-1.402,0,6,0.565,9,0.254,-1.700
198.53,0.141,-1.402,0,6,0.565,9,0.254,-1.700
198.66,0.157,-1.401,0,6,0.565,9,0.254,-1.700
198.78,0.172,-1.401,0,6,0.565,9,0.254,-1.700
198.91,0.187,-1.401,0,6,0.565,9,0.254,-1.700
199.04,0.202,-1.401,0,6,0.565,9,0.254,-1.700
199.17,0.217,-1.400,0,6,0.565,9,0.254,-1.700
199.30,0.232,-1.400,0,6,0.565,9,0.254,-1.700
199.42,0.247,-1.400,0,6,0.565,9,0.254,-1.700
199.55,0.262,-1.400,0,6,0.565,9,0.254,-1.700
199.68,0.277,-1.399,0,6,0.565,9,0.254,-1.700
199.81,0.292,-1.399,0,7,0.565,9,0.254,-1.700
199.94,0.307,-1.399,0,7,0.565,9,0.254,-1.700
200.06,0.322,-1.398,0,7,0.565,9,0.254,-1.700
200.19,0.337,-1.398,0,7,0.565,9,0.254,-1.700
200.32,0.352,-1.398,0,7,0.565,9,0.254,-1.700
200.45,0.367,-1.398,0,7,0.565,9,0.254,-1.700
200.58,0.382,-1.397,0,7,0.565,9,0.254,-1.700
200.70,0.398,-1.397,0,7,0.565,9,0.254,-1.700
200.83,0.413,-1.397,0,7,0.565,9,0.254,-1.700
200.96,0.428,-1.396,0,7,0.565,9,0.254,-1.700
201.09,0.443,-1.396,0,7,0.565,9,0.254,-1.700
201.22,0.458,-1.396,0,7,0.565,9,0.254,-1.700
201.34,0.473,-1.395,0,7,0.565,9,0.254,-1.700
201.47,0.488,-1.395,0,7,0.565,9,0.254,-1.700
201.60,0.503,-1.395,0,7,0.565,9,0.254,-1.700
201.73,0.518,-1.394,0,7,0.565,9,0.254,-1.700
201.86,0.533,-1.394,0,8,0.565,9,0.254,-1.700
201.98,0.548,-1.394,0,8,0.565,9,0.254,-1.700
202.11,0.563,-1.393,0,8,0.565,9,0.254,-1.700
202.24,0.578,-1.393,0,8,0.565,9,0.254,-1.700
202.37,0.593,-1.393,0,8,0.565,9,0.254,-1.700
202.50,0.608,-1.392,0,8,0.565,9,0.254,-1.700
202.62,0.623,-1.392,0,8,0.565,9,0.254,-1.700
202.75,0.639,-1.392,0,8,0.565,9,0.254,-1.700
202.88,0.654,-1.391,0,8,0.565,9,0.254,-1.700
203.01,0.669,-1.391,0,8,0.565,9,0.254,-1.700
203.14,0.684,-1.391,0,8,0.565,9,0.254,-1.700
203.26,0.699,-1.390,0,8,0.565,9,0.254,-1.700
203.39,0.714,-1.390,0,8,0.565,9,0.254,-1.700
203.52,0.729,-1.390,0,8,0.565,9,0.254,-1.700
203.65,0.744,-1.389,0,8,0.565,9,0.254,-1.700
203.78,0.759,-1.389,0,8,0.565,9,0.254,-1.700
203.90,0.774,-1.388,0,9,0.565,9,0.254,-1.700
204.03,0.789,-1.388,0,9,0.565,9,0.254,-1.700
204.16,0.804,-1.388,0,9,0.565,9,0.254,-1.700
204.29,0.819,-1.387,0,9,0.565,9,0.254,-1.700
204.42,0.834,-1.387,0,9,0.565,9,0.254,-1.700
204.54,0.849,-1.387,0,9,0.565,9,0.254,-1.700
204.67,0.864,-1.386,0,9,0.565,9,0.254,-1.700
204.80,0.880,-1.386,0,9,0.565,9,0.254,-1.700
204.93,0.895,-1.385,0,9,0.565,9,0.254,-1.700
205.06,0.910,-1.385,0,9,0.565,9,0.254,-1.700
205.18,0.925,-1.385,0,9,0.565,9,0.254,-1.700
205.31,0.940,-1.384,0,9,0.565,9,0.254,-1.700
205.44,0.955,-1.384,0,9,0.565,9,0.254,-1.700
205.57,0.970,-1.383,0,9,0.565,9,0.254,-1.700
205.70,0.985,-1.383,0,9,0.565,9,0.254,-1.700
205.82,1.000,-1.382,0,9,0.565,9,0.254,-1.700
205.95,1.015,-1.382,0,10,0.565,9,0.254,-1.700
206.08,1.030,-1.382,0,10,0.565,9,0.254,-1.700
206.21,1.045,-1.381,0,10,0.565,9,0.254,-1.700
206.34,1.060,-1.381,0,10,0.565,9,0.254,-1.700
206.46,1.075,-1.380,0,10,0.565,9,0.254,-1.700
206.59,1.090,-1.380,0,10,0.565,9,0.254,-1.700
206.72,1.105,-1.380,0,10,0.565,9,0.254,-1.700
206.85,1.121,-1.379,0,10,0.565,9,0.254,-1.700
206.98,1.136,-1.379,0,10,0.565,9,0.254,-1.700
207.10,1.151,-1.378,0,10,0.565,9,0.254,-1.700
207.23,1.166,-1.378,0,10,0.565,9,0.254,-1.700
207.36,1.181,-1.377,0,10,0.565,9,0.254,-1.700
207.49,1.196,-1.377,0,10,0.565,9,0.254,-1.700
207.62,1.211,-1.376,0,10,0.565,9,0.254,-1.700
207.74,1.220,-1.377,0,10,0.565,9,0.329,-1.252
207.87,1.230,-1.379,0,10,0.565,9,0.068,-0.804
208.00,1.234,-1.381,0,11,0.565,9,0.075,-0.356
208.13,1.243,-1.383,0,11,0.565,9,0.079,0.092
208.26,1.252,-1.385,0,11,0.565,9,0.072,0.540
208.38,1.261,-1.386,0,11,0.565,9,0.065,0.988
208.51,1.268,-1.386,0,11,0.565,9,0.058,1.436
208.64,1.275,-1.385,0,11,0.565,9,0.052,1.884
208.77,1.278,-1.381,0,11,0.565,9,0.045,2.332
208.90,1.277,-1.374,0,11,0.565,9,0.038,2.780
209.02,1.271,-1.365,0,11,0.565,9,0.037,2.850
209.15,1.269,-1.359,0,11,0.565,9,0.117,2.514
209.28,1.271,-1.349,0,11,0.565,9,0.192,2.066
209.41,1.275,-1.332,0,11,0.565,9,0.268,1.618
209.54,1.279,-1.307,0,11,0.565,9,0.343,1.170
209.66,1.283,-1.279,0,11,0.565,9,0.418,0.722
209.79,1.286,-1.251,0,11,0.565,9,0.494,0.274
209.92,1.290,-1.223,0,11,0.565,9,0.511,-0.174
210.05,1.294,-1.195,0,11,0.565,9,0.435,-0.622
210.18,1.298,-1.167,0,11,0.565,9,0.360,-1.070
210.30,1.302,-1.145,0,11,0.565,9,0.284,-1.518
210.43,1.306,-1.124,0,11,0.565,9,0.254,-1.701
210.56,1.311,-1.104,0,11,0.565,9,0.254,-1.700
210.69,1.318,-1.084,0,11,0.565,9,0.254,-1.700
210.82,1.324,-1.071,0,11,0.565,9,0.060,-1.364
210.94,1.330,-1.068,0,11,0.565,9,0.066,-0.916
211.07,1.335,-1.062,1,11,0.565,9,0.073,-0.468
211.20,1.341,-1.055,1,11,0.565,9,0.080,-0.020
211.33,1.347,-1.047,1,11,0.565,9,0.074,0.428
211.46,1.352,-1.040,1,11,0.565,9,0.067,0.876
211.58,1.356,-1.033,1,11,0.565,9,0.060,1.324
211.71,1.358,-1.026,1,11,0.565,9,0.053,1.772
211.84,1.359,-1.017,1,11,0.565,9,0.242,1.772
211.97,1.361,-0.999,1,11,0.565,9,0.317,1.324
212.10,1.364,-0.973,1,11,0.565,9,0.393,0.876
212.22,1.367,-0.945,1,11,0.565,9,0.468,0.428
212.35,1.371,-0.917,1,11,0.565,9,0.537,-0.020
212.48,1.374,-0.889,1,11,0.565,9,0.074,-0.367
212.61,1.376,-0.879,1,11,0.565,9,0.079,0.081
212.74,1.377,-0.866,1,11,0.565,9,0.072,0.529
212.86,1.379,-0.854,1,11,0.565,9,0.451,0.529
212.99,1.381,-0.834,1,11,0.565,9,0.489,0.305
213.12,1.383,-0.812,2,11,0.565,9,0.079,0.081
213.25,1.384,-0.795,2,11,0.565,9,0.077,0.193
213.38,1.386,-0.783,2,11,0.565,9,0.487,0.316
213.50,1.387,-0.766,2,11,0.565,9,0.487,0.316
213.63,1.388,-0.749,2,11,0.565,9,0.487,0.316
213.76,1.390,-0.728,2,11,0.565,9,0.539,0.004
213.89,1.391,-0.711,2,11,0.565,9,0.077,0.228
214.02,1.391,-0.699,2,11,0.565,9,0.464,0.452
214.14,1.392,-0.679,2,11,0.565,9,0.502,0.228
214.27,1.393,-0.651,2,11,0.565,9,0.503,-0.220
214.40,1.394,-0.623,2,11,0.565,9,0.428,-0.668
214.53,1.395,-0.594,2,11,0.565,9,0.352,-1.116
214.66,1.396,-0.582,2,11,0.565,9,0.070,-0.668
214.78,1.398,-0.577,2,11,0.565,9,0.077,-0.220
214.91,1.399,-0.567,2,11,0.565,9,0.077,0.228
215.04,1.400,-0.559,2,11,0.565,9,0.070,0.676
215.17,1.400,-0.555,3,11,0.565,9,0.063,1.124
215.30,1.400,-0.541,3,11,0.565,9,0.275,1.572
215.42,1.399,-0.525,3,11,0.565,9,0.249,1.727
215.55,1.398,-0.510,3,11,0.565,9,0.253,1.703
215.68,1.397,-0.494,3,11,0.565,9,0.254,1.700
215.81,1.395,-0.478,3,11,0.565,9,0.254,1.700
215.94,1.393,-0.461,3,11,0.565,9,0.254,1.700
216.06,1.391,-0.443,3,11,0.565,9,0.254,1.700
216.19,1.388,-0.425,4,11,0.565,9,0.254,1.700
216.32,1.384,-0.406,4,11,0.565,9,0.292,1.476
216.45,1.378,-0.379,4,11,0.565,9,0.367,1.028
216.58,1.373,-0.352,4,11,0.565,9,0.317,1.323
216.70,1.367,-0.328,4,11,0.565,9,0.258,1.675
216.83,1.361,-0.307,4,11,0.565,9,0.254,1.698
216.96,1.353,-0.288,4,11,0.565,9,0.254,1.700
217.09,1.344,-0.269,4,11,0.565,9,0.254,1.700
217.22,1.334,-0.251,4,11,0.565,9,0.254,1.700
217.34,1.322,-0.233,4,11,0.565,9,0.254,1.700
217.47,1.309,-0.217,4,11,0.565,9,0.254,1.700
217.60,1.294,-0.202,4,11,0.565,9,0.254,1.700
217.73,1.278,-0.188,4,11,0.565,9,0.254,1.700
217.86,1.261,-0.176,4,11,0.565,9,0.056,1.588
217.98,1.254,-0.173,4,11,0.565,9,0.063,1.140
218.11,1.247,-0.170,4,11,0.565,9,0.070,0.692
218.24,1.238,-0.168,5,11,0.565,9,0.070,0.692
218.37,1.231,-0.166,5,11,0.565,9,0.063,1.140
218.50,1.223,-0.166,5,11,0.565,9,0.056,1.588
218.62,1.213,-0.168,5,11,0.565,9,0.222,1.891
218.75,1.199,-0.171,5,11,0.565,9,0.251,1.717
218.88,1.181,-0.175,5,11,0.565,9,0.254,1.702
219.01,1.160,-0.180,5,11,0.565,9,0.310,1.365
219.14,1.133,-0.186,5,11,0.565,9,0.386,0.917
219.26,1.106,-0.193,5,11,0.565,10,0.388,0.901
219.39,1.078,-0.200,5,11,0.565,10,0.388,0.900
219.52,1.051,-0.207,5,11,0.565,10,0.388,0.900
219.65,1.024,-0.213,5,11,0.565,10,0.388,0.900
219.78,0.996,-0.220,5,11,0.565,10,0.388,0.900
219.90,0.969,-0.227,5,11,0.565,10,0.388,0.900
220.03,0.942,-0.233,5,11,0.565,10,0.388,0.900
220.16,0.914,-0.240,5,11,0.565,10,0.388,0.900
220.29,0.887,-0.247,4,10,0.583,10,0.388,0.900
220.42,0.860,-0.253,4,10,0.583,10,0.388,0.900
220.54,0.832,-0.260,4,10,0.583,10,0.388,0.900
220.67,0.805,-0.267,4,10,0.583,10,0.388,0.900
220.80,0.777,-0.274,4,10,0.583,10,0.388,0.900
220.93,0.750,-0.280,4,10,0.583,10,0.389,0.900
221.06,0.723,-0.287,4,10,0.583,10,0.389,0.900
221.18,0.695,-0.294,4,10,0.583,10,0.389,0.900
221.31,0.668,-0.300,4,9,0.593,10,0.389,0.900
221.44,0.641,-0.307,4,9,0.593,10,0.389,0.900
221.57,0.613,-0.314,4,9,0.593,10,0.389,0.900
221.70,0.586,-0.321,4,9,0.593,10,0.389,0.900
221.82,0.559,-0.327,4,9,0.593,10,0.389,0.900
221.95,0.531,-0.334,4,9,0.593,10,0.389,0.900
222.08,0.504,-0.341,4,9,0.593,10,0.389,0.900
222.21,0.476,-0.347,4,9,0.593,10,0.389,0.900
222.34,0.449,-0.354,4,8,0.602,10,0.389,0.900
222.46,0.422,-0.361,4,8,0.602,10,0.389,0.900
222.59,0.394,-0.368,4,8,0.602,10,0.389,0.900
222.72,0.367,-0.374,4,8,0.602,10,0.389,0.900
222.85,0.340,-0.381,4,8,0.602,10,0.389,0.900
222.98,0.312,-0.388,4,8,0.602,10,0.544,1.348
223.10,0.285,-0.394,4,8,0.602,10,0.406,1.796
223.23,0.259,-0.401,4,8,0.602,10,0.344,1.999
223.36,0.234,-0.408,4,7,0.611,10,0.343,2.000
223.49,0.210,-0.415,4,7,0.611,10,0.343,2.000
223.62,0.186,-0.424,4,7,0.611,10,0.343,2.000
223.74,0.162,-0.433,4,7,0.611,10,0.343,2.000
223.87,0.138,-0.442,4,7,0.611,10,0.343,2.000
224.00,0.115,-0.453,4,7,0.611,10,0.343,2.000
224.13,0.092,-0.464,4,7,0.611,10,0.343,2.000
224.26,0.069,-0.476,4,7,0.611,10,0.343,2.000
224.38,0.047,-0.488,3,6,0.630,10,0.343,2.000
224.51,0.025,-0.501,3,6,0.630,10,0.343,2.000
224.64,0.003,-0.515,3,6,0.630,10,0.343,2.000
224.77,-0.018,-0.529,3,6,0.630,10,0.343,2.000
224.90,-0.034,-0.542,3,6,0.630,10,0.248,1.735
225.02,-0.050,-0.556,3,6,0.630,10,0.253,1.703
225.15,-0.064,-0.571,3,6,0.630,10,0.254,1.700
225.28,-0.077,-0.588,3,6,0.630,10,0.254,1.700
225.41,-0.088,-0.605,3,5,0.639,10,0.254,1.700
225.54,-0.098,-0.623,3,5,0.639,10,0.254,1.700
225.66,-0.107,-0.643,3,5,0.639,10,0.292,1.476
225.79,-0.117,-0.668,3,5,0.639,10,0.367,1.028
225.92,-0.127,-0.694,3,5,0.639,10,0.388,0.902
226.05,-0.138,-0.720,3,5,0.639,10,0.388,0.900
226.18,-0.148,-0.747,3,5,0.639,10,0.351,1.124
226.30,-0.158,-0.772,3,5,0.639,10,0.275,1.572
226.43,-0.165,-0.792,2,5,0.648,10,0.254,1.698
226.56,-0.170,-0.813,2,5,0.648,10,0.254,1.700
226.69,-0.174,-0.834,2,5,0.648,11,0.254,1.700
226.82,-0.176,-0.855,2,5,0.648,11,0.254,1.700
226.94,-0.176,-0.873,2,5,0.648,11,0.254,1.700
227.07,-0.177,-0.888,2,5,0.648,11,0.254,1.700
227.20,-0.177,-0.903,2,5,0.648,11,0.254,1.700
227.33,-0.178,-0.921,2,5,0.648,11,0.371,1.909
227.46,-0.179,-0.946,1,5,0.657,11,0.346,1.992
227.58,-0.180,-0.970,1,5,0.657,11,0.344,1.999
227.71,-0.181,-0.993,1,5,0.657,11,0.343,2.000
227.84,-0.182,-1.017,1,5,0.657,11,0.343,2.000
227.97,-0.183,-1.040,1,5,0.657,11,0.343,2.000
228.10,-0.184,-1.064,1,5,0.657,11,0.343,2.000
228.22,-0.184,-1.087,1,5,0.657,11,0.343,2.000
228.35,-0.185,-1.111,1,5,0.657,11,0.343,2.000
228.48,-0.186,-1.131,1,5,0.657,11,0.244,1.759
228.61,-0.186,-1.146,1,5,0.657,11,0.253,1.705
228.74,-0.186,-1.161,1,5,0.657,11,0.254,1.700
228.86,-0.185,-1.176,1,5,0.657,11,0.254,1.700
228.99,-0.185,-1.191,1,5,0.657,11,0.254,1.700
229.12,-0.185,-1.207,1,5,0.657,11,0.254,1.700
229.25,-0.183,-1.217,1,5,0.657,11,0.213,1.943
229.38,-0.180,-1.224,1,5,0.657,11,0.044,2.391
229.50,-0.175,-1.224,0,5,0.657,11,0.100,2.615
229.63,-0.166,-1.227,0,5,0.657,11,0.175,2.167
229.76,-0.154,-1.237,0,5,0.657,11,0.251,1.719
229.89,-0.138,-1.250,0,5,0.657,11,0.254,1.700
230.02,-0.120,-1.261,0,5,0.657,11,0.254,1.700
230.14,-0.101,-1.271,0,5,0.657,11,0.254,1.700
230.27,-0.082,-1.279,0,5,0.657,11,0.254,1.700
230.40,-0.062,-1.286,0,5,0.657,11,0.254,1.700
230.53,-0.039,-1.292,0,5,0.657,11,0.329,1.252
230.66,-0.012,-1.298,0,5,0.657,11,0.405,0.804
230.78,0.016,-1.305,0,5,0.657,11,0.480,0.356
230.91,0.043,-1.312,0,5,0.657,12,0.525,-0.092
231.04,0.070,-1.318,0,5,0.657,12,0.449,-0.540
231.17,0.098,-1.325,0,5,0.657,12,0.374,-0.988
231.30,0.125,-1.331,0,5,0.657,12,0.298,-1.436
231.42,0.147,-1.338,0,5,0.657,12,0.055,-1.660
231.55,0.151,-1.342,0,6,0.657,12,0.062,-1.212
231.68,0.154,-1.347,0,6,0.657,12,0.069,-0.764
231.81,0.161,-1.352,0,6,0.657,12,0.075,-0.316
231.94,0.169,-1.358,0,6,0.657,12,0.078,0.132
232.06,0.177,-1.363,0,6,0.657,12,0.071,0.580
232.19,0.184,-1.367,0,6,0.657,12,0.065,1.028
232.32,0.192,-1.370,0,6,0.657,12,0.058,1.476
232.45,0.199,-1.372,0,6,0.657,12,0.051,1.924
232.58,0.212,-1.373,0,6,0.657,12,0.292,1.476
232.70,0.236,-1.375,0,6,0.657,12,0.367,1.028
232.83,0.260,-1.377,0,6,0.657,12,0.442,0.580
232.96,0.280,-1.380,0,6,0.657,12,0.518,0.132
233.09,0.303,-1.382,0,6,0.657,12,0.079,-0.037
233.22,0.312,-1.383,0,6,0.657,12,0.074,0.411
233.34,0.323,-1.384,0,6,0.657,12,0.433,0.635
233.47,0.349,-1.386,0,6,0.657,12,0.077,0.187
233.60,0.366,-1.387,0,7,0.657,12,0.077,0.187
233.73,0.383,-1.389,0,7,0.657,12,0.074,0.378
233.86,0.394,-1.389,0,7,0.657,12,0.476,0.378
233.98,0.421,-1.391,0,7,0.657,12,0.528,-0.070
234.11,0.436,-1.392,0,7,0.657,12,0.078,0.154
234.24,0.448,-1.392,0,7,0.657,12,0.470,0.414
234.37,0.469,-1.393,0,7,0.657,12,0.075,0.313
234.50,0.485,-1.394,0,7,0.657,12,0.525,0.089
234.62,0.503,-1.395,0,8,0.657,12,0.525,0.089
234.75,0.519,-1.396,0,8,0.657,12,0.504,0.213
234.88,0.541,-1.396,0,8,0.657,12,0.077,0.213
235.01,0.563,-1.397,0,8,0.657,12,0.500,-0.235
235.14,0.582,-1.397,0,8,0.657,12,0.080,-0.020
235.26,0.594,-1.398,0,8,0.657,12,0.074,0.428
235.39,0.610,-1.398,0,8,0.657,12,0.504,0.212
235.52,0.634,-1.399,0,8,0.657,12,0.080,-0.012
235.65,0.646,-1.399,0,8,0.657,12,0.073,0.436
235.78,0.668,-1.400,0,8,0.657,12,0.077,0.194
235.90,0.690,-1.400,0,8,0.657,12,0.497,-0.254
236.03,0.718,-1.400,0,8,0.657,12,0.073,-0.478
236.16,0.726,-1.401,0,8,0.657,12,0.080,-0.030
236.29,0.735,-1.401,0,8,0.657,12,0.074,0.418
236.42,0.738,-1.401,0,8,0.657,12,0.067,0.866
236.54,0.744,-1.401,0,8,0.657,12,0.394,0.866
236.67,0.767,-1.401,0,9,0.657,12,0.470,0.418
236.80,0.794,-1.401,0,9,0.657,12,0.535,-0.030
236.93,0.822,-1.401,0,9,0.657,12,0.460,-0.478
237.06,0.850,-1.401,0,9,0.657,12,0.384,-0.926
237.18,0.878,-1.400,0,9,0.657,12,0.309,-1.374
237.31,0.899,-1.400,0,9,0.657,12,0.238,-1.795
237.44,0.913,-1.400,0,9,0.657,12,0.252,-1.709
237.57,0.928,-1.400,0,9,0.657,12,0.254,-1.701
237.70,0.943,-1.400,0,10,0.657,12,0.254,-1.700
237.82,0.958,-1.400,0,10,0.657,12,0.254,-1.700
237.95,0.974,-1.401,0,10,0.657,12,0.254,-1.700
238.08,0.989,-1.401,0,10,0.657,12,0.254,-1.700
238.21,1.002,-1.401,0,10,0.657,12,0.058,-1.476
238.34,1.007,-1.403,0,10,0.657,12,0.065,-1.028
238.46,1.009,-1.406,0,10,0.657,12,0.071,-0.580
238.59,1.015,-1.407,0,10,0.657,12,0.078,-0.132
238.72,1.024,-1.407,0,10,0.657,12,0.075,0.316
238.85,1.033,-1.407,0,10,0.657,12,0.069,0.764
238.98,1.041,-1.408,0,10,0.657,12,0.062,1.212
239.10,1.056,-1.408,0,10,0.657,12,0.374,0.988
239.23,1.084,-1.407,0,10,0.657,12,0.449,0.540
239.36,1.112,-1.406,0,10,0.657,12,0.525,0.092
239.49,1.140,-1.406,0,10,0.657,12,0.480,-0.356
239.62,1.169,-1.405,0,10,0.657,12,0.405,-0.804
239.74,1.197,-1.404,0,11,0.657,12,0.329,-1.252
239.87,1.221,-1.404,0,11,0.657,12,0.058,-1.476
240.00,1.227,-1.405,0,11,0.657,12,0.065,-1.028
240.13,1.229,-1.407,0,11,0.657,12,0.071,-0.580
240.26,1.235,-1.408,0,11,0.657,12,0.078,-0.132
240.38,1.244,-1.408,0,11,0.657,12,0.075,0.316
240.51,1.253,-1.408,0,11,0.657,12,0.069,0.764
240.64,1.258,-1.408,0,11,0.657,12,0.062,1.212
240.77,1.264,-1.408,0,11,0.657,12,0.055,1.660
240.90,1.267,-1.404,0,11,0.657,12,0.048,2.108
241.02,1.264,-1.398,0,11,0.657,12,0.042,2.556
241.15,1.258,-1.390,0,11,0.657,12,0.037,2.850
241.28,1.253,-1.382,0,11,0.657,12,0.098,2.626
241.41,1.256,-1.374,0,11,0.657,12,0.173,2.178
241.54,1.262,-1.359,0,11,0.657,12,0.249,1.730
241.66,1.271,-1.338,0,11,0.657,12,0.324,1.282
241.79,1.280,-1.311,0,11,0.657,12,0.400,0.834
241.92,1.290,-1.285,0,11,0.657,12,0.475,0.386
242.05,1.300,-1.258,0,11,0.657,12,0.530,-0.062
242.18,1.309,-1.232,0,11,0.657,12,0.454,-0.510
242.30,1.319,-1.205,0,11,0.657,12,0.379,-0.958
242.43,1.326,-1.188,0,11,0.657,12,0.069,-0.734
242.56,1.330,-1.181,0,11,0.657,12,0.076,-0.286
242.69,1.335,-1.172,0,11,0.657,12,0.078,0.162
242.82,1.338,-1.164,0,11,0.657,12,0.071,0.610
242.94,1.341,-1.156,0,11,0.657,12,0.064,1.058
243.07,1.344,-1.146,0,11,0.657,12,0.362,1.058
243.20,1.349,-1.126,0,11,0.657,12,0.071,0.610
243.33,1.352,-1.110,0,11,0.657,12,0.072,0.564
243.46,1.356,-1.094,0,11,0.657,12,0.483,0.340
243.58,1.358,-1.081,0,11,0.657,12,0.445,0.564
243.71,1.362,-1.062,0,11,0.657,12,0.483,0.340
243.84,1.365,-1.045,1,11,0.657,12,0.072,0.531
243.97,1.367,-1.029,1,11,0.657,12,0.488,0.307
244.10,1.371,-1.007,1,11,0.657,12,0.078,0.165
244.22,1.372,-0.997,1,11,0.657,12,0.071,0.613
244.35,1.375,-0.977,1,11,0.657,12,0.475,0.389
244.48,1.378,-0.949,1,11,0.657,12,0.079,-0.059
244.61,1.379,-0.939,1,11,0.657,12,0.475,0.389
244.74,1.381,-0.924,1,11,0.657,12,0.475,0.389
244.86,1.383,-0.903,1,11,0.657,12,0.399,0.837
244.99,1.384,-0.882,1,11,0.657,12,0.061,1.285
245.12,1.385,-0.864,1,11,0.657,12,0.248,1.733
245.25,1.386,-0.850,1,11,0.657,12,0.252,1.713
245.38,1.386,-0.835,1,11,0.657,12,0.254,1.701
245.50,1.387,-0.820,1,11,0.657,12,0.254,1.700
245.63,1.387,-0.805,1,11,0.657,12,0.254,1.700
245.76,1.388,-0.790,1,11,0.657,12,0.254,1.700
245.89,1.388,-0.774,2,11,0.657,12,0.254,1.700
246.02,1.389,-0.759,2,11,0.657,12,0.254,1.700
246.14,1.389,-0.744,2,11,0.657,12,0.254,1.700
246.27,1.390,-0.729,2,11,0.657,12,0.254,1.700
246.40,1.390,-0.714,2,11,0.657,12,0.254,1.700
246.53,1.391,-0.699,2,11,0.657,12,0.254,1.700
246.66,1.391,-0.684,2,11,0.657,12,0.254,1.700
246.78,1.392,-0.669,2,11,0.657,12,0.254,1.700
246.91,1.392,-0.654,3,11,0.657,12,0.254,1.700
247.04,1.393,-0.639,3,11,0.657,12,0.254,1.700
247.17,1.393,-0.624,3,11,0.657,12,0.254,1.700
247.30,1.394,-0.609,3,11,0.657,12,0.254,1.700
247.42,1.394,-0.594,3,11,0.657,12,0.254,1.700
247.55,1.395,-0.579,3,11,0.657,12,0.254,1.700
247.68,1.395,-0.564,3,11,0.657,12,0.254,1.700
247.81,1.395,-0.552,3,11,0.657,12,0.239,1.786
247.94,1.394,-0.538,3,11,0.657,12,0.253,1.708
248.06,1.393,-0.522,3,11,0.657,12,0.254,1.701
248.19,1.392,-0.506,3,11,0.657,12,0.254,1.700
248.32,1.390,-0.489,3,11,0.657,12,0.254,1.700
248.45,1.388,-0.472,3,11,0.657,12,0.254,1.700
248.58,1.385,-0.454,3,11,0.657,12,0.254,1.700
248.70,1.382,-0.436,3,11,0.657,12,0.254,1.700
248.83,1.377,-0.413,3,11,0.657,12,0.329,1.252
248.96,1.372,-0.387,4,11,0.657,12,0.265,1.633
249.09,1.366,-0.366,4,11,0.657,12,0.255,1.694
249.22,1.359,-0.346,4,11,0.657,12,0.254,1.699
249.34,1.350,-0.327,4,11,0.657,12,0.254,1.700
249.47,1.340,-0.309,4,11,0.657,12,0.254,1.700
249.60,1.329,-0.291,4,11,0.657,12,0.254,1.700
249.73,1.316,-0.275,4,11,0.657,12,0.254,1.700
249.86,1.302,-0.259,4,11,0.657,12,0.254,1.700
249.98,1.286,-0.245,4,11,0.657,12,0.254,1.700
250.11,1.270,-0.232,4,11,0.657,12,0.254,1.700
250.24,1.252,-0.220,4,11,0.657,12,0.254,1.700
250.37,1.240,-0.215,4,11,0.657,12,0.049,2.036
250.50,1.234,-0.215,4,11,0.657,12,0.043,2.484
250.62,1.226,-0.215,4,11,0.657,12,0.197,2.036
250.75,1.215,-0.216,4,11,0.657,12,0.252,1.709
250.88,1.200,-0.216,4,11,0.657,12,0.254,1.701
251.01,1.184,-0.217,5,11,0.657,12,0.254,1.700
251.14,1.168,-0.218,5,11,0.657,12,0.254,1.700
251.26,1.152,-0.219,5,11,0.657,12,0.254,1.700
251.39,1.135,-0.220,5,11,0.657,12,0.254,1.700
251.52,1.119,-0.223,5,11,0.657,12,0.254,1.700
251.65,1.101,-0.225,5,11,0.657,12,0.254,1.700
251.78,1.082,-0.229,5,11,0.657,13,0.292,1.476
251.90,1.056,-0.233,5,11,0.657,13,0.367,1.028
252.03,1.028,-0.238,4,10,0.657,13,0.388,0.902
252.16,1.000,-0.242,4,10,0.657,13,0.388,0.900
252.29,0.972,-0.247,4,10,0.657,13,0.388,0.900
252.42,0.944,-0.252,4,10,0.657,13,0.388,0.900
252.54,0.917,-0.257,4,10,0.657,13,0.388,0.900
252.67,0.889,-0.261,4,10,0.657,13,0.388,0.900
252.80,0.861,-0.266,4,10,0.657,13,0.388,0.900
252.93,0.833,-0.271,4,10,0.657,13,0.388,0.900
253.06,0.806,-0.275,4,9,0.657,13,0.388,0.900
253.18,0.778,-0.280,4,9,0.657,13,0.388,0.900
253.31,0.750,-0.285,4,9,0.657,13,0.388,0.900
253.44,0.722,-0.289,4,9,0.657,13,0.388,0.900
253.57,0.694,-0.294,4,9,0.657,13,0.388,0.900
253.70,0.667,-0.299,4,9,0.657,13,0.389,0.900
253.82,0.639,-0.303,4,9,0.657,13,0.389,0.900
253.95,0.611,-0.308,4,9,0.657,13,0.389,0.900
254.08,0.583,-0.313,4,8,0.657,13,0.389,0.900
254.21,0.556,-0.318,4,8,0.657,13,0.389,0.900
254.34,0.528,-0.322,4,8,0.657,13,0.389,0.900
254.46,0.500,-0.327,4,8,0.657,13,0.389,0.900
254.59,0.472,-0.332,4,8,0.657,13,0.389,0.900
254.72,0.444,-0.336,4,8,0.657,13,0.389,0.900
254.85,0.417,-0.341,4,8,0.657,13,0.389,0.900
254.98,0.389,-0.346,4,8,0.657,13,0.389,0.900
255.10,0.361,-0.350,4,7,0.657,13,0.389,0.900
255.23,0.333,-0.355,4,7,0.657,13,0.389,0.900
255.36,0.306,-0.360,4,7,0.657,13,0.332,1.236
255.49,0.280,-0.364,4,7,0.657,13,0.257,1.684
255.62,0.260,-0.369,4,7,0.657,13,0.254,1.699
255.74,0.238,-0.376,4,7,0.657,13,0.371,1.909
255.87,0.213,-0.384,4,7,0.657,13,0.346,1.992
256.00,0.189,-0.393,4,7,0.657,13,0.344,1.999
256.13,0.165,-0.402,4,6,0.657,13,0.343,2.000
256.26,0.141,-0.412,4,6,0.657,13,0.343,2.000
256.38,0.118,-0.423,4,6,0.657,13,0.343,2.000
256.51,0.095,-0.434,4,6,0.657,13,0.343,2.000
256.64,0.072,-0.446,4,6,0.657,13,0.343,2.000
256.77,0.050,-0.458,4,6,0.657,13,0.343,2.000
256.90,0.028,-0.472,4,6,0.657,13,0.343,2.000
257.02,0.007,-0.486,4,6,0.657,13,0.343,2.000
257.15,-0.014,-0.500,3,6,0.657,13,0.343,2.000
257.28,-0.033,-0.514,3,6,0.657,13,0.239,1.791
257.41,-0.049,-0.528,3,6,0.657,13,0.252,1.708
257.54,-0.063,-0.543,3,6,0.657,13,0.254,1.701
257.66,-0.076,-0.559,3,6,0.657,13,0.254,1.700
257.79,-0.088,-0.576,3,6,0.657,13,0.254,1.700
257.92,-0.099,-0.594,3,6,0.657,13,0.254,1.700
258.05,-0.108,-0.613,3,6,0.657,13,0.254,1.700
258.18,-0.116,-0.634,3,5,0.657,13,0.310,1.364
258.30,-0.125,-0.660,3,5,0.657,13,0.386,0.916
258.43,-0.134,-0.687,3,5,0.657,13,0.388,0.901
258.56,-0.143,-0.713,3,5,0.657,13,0.388,0.900
258.69,-0.153,-0.740,3,5,0.657,13,0.370,1.012
258.82,-0.162,-0.766,3,5,0.657,13,0.294,1.460
258.94,-0.169,-0.788,3,5,0.657,13,0.254,1.696
259.07,-0.174,-0.808,3,5,0.657,14,0.254,1.700
259.20,-0.177,-0.829,2,5,0.657,14,0.254,1.700
259.33,-0.178,-0.850,2,5,0.657,14,0.254,1.700
259.46,-0.179,-0.867,2,5,0.657,14,0.254,1.700
259.58,-0.179,-0.882,2,5,0.657,14,0.254,1.700
259.71,-0.180,-0.897,2,5,0.657,14,0.254,1.700
259.84,-0.180,-0.912,2,5,0.657,14,0.254,1.700
259.97,-0.181,-0.935,2,5,0.657,14,0.254,1.700
260.10,-0.181,-0.960,2,5,0.657,14,0.254,1.700
260.22,-0.180,-0.984,1,5,0.657,14,0.254,1.700
260.35,-0.177,-1.002,1,5,0.657,14,0.250,1.721
260.48,-0.174,-1.020,1,5,0.657,14,0.254,1.702
260.61,-0.170,-1.039,1,5,0.657,14,0.254,1.700
260.74,-0.165,-1.058,1,5,0.657,14,0.254,1.700
260.86,-0.158,-1.079,1,5,0.657,14,0.254,1.700
260.99,-0.150,-1.098,1,5,0.657,14,0.254,1.700
261.12,-0.141,-1.117,1,5,0.657,14,0.254,1.700
261.25,-0.130,-1.135,1,5,0.657,14,0.254,1.700
261.38,-0.117,-1.152,1,5,0.657,14,0.254,1.700
261.50,-0.104,-1.168,1,5,0.657,14,0.254,1.700
261.63,-0.089,-1.182,1,5,0.657,14,0.254,1.700
261.76,-0.073,-1.196,1,5,0.657,14,0.254,1.700
261.89,-0.056,-1.208,1,5,0.657,14,0.254,1.700
262.02,-0.038,-1.219,1,5,0.657,14,0.254,1.700
262.14,-0.019,-1.228,1,5,0.657,14,0.254,1.700
262.27,0.000,-1.236,0,5,0.657,14,0.254,1.700
262.40,0.020,-1.242,0,5,0.657,14,0.254,1.700
262.53,0.041,-1.246,0,5,0.657,14,0.254,1.700
262.66,0.062,-1.249,0,5,0.657,14,0.254,1.700
262.78,0.083,-1.251,0,5,0.657,14,0.254,1.700
262.91,0.099,-1.251,0,5,0.657,14,0.254,1.700
263.04,0.114,-1.251,0,5,0.657,14,0.254,1.700
263.17,0.129,-1.252,0,5,0.657,14,0.254,1.700
263.30,0.144,-1.253,0,6,0.657,14,0.254,1.700
263.42,0.159,-1.253,0,6,0.657,14,0.254,1.700
263.55,0.174,-1.254,0,6,0.657,14,0.254,1.700
263.68,0.189,-1.254,0,6,0.657,14,0.254,1.700
263.81,0.204,-1.255,0,6,0.657,14,0.254,1.700
263.94,0.219,-1.255,0,6,0.657,14,0.254,1.700
264.06,0.234,-1.256,0,6,0.657,14,0.254,1.700
264.19,0.249,-1.257,0,6,0.657,14,0.254,1.700
264.32,0.264,-1.257,0,7,0.657,14,0.254,1.700
264.45,0.279,-1.258,0,7,0.657,14,0.254,1.700
264.58,0.294,-1.258,0,7,0.657,14,0.254,1.700
264.70,0.310,-1.259,0,7,0.657,14,0.254,1.700
264.83,0.325,-1.259,0,7,0.657,14,0.254,1.700
264.96,0.340,-1.260,0,7,0.657,14,0.254,1.700
265.09,0.355,-1.261,0,7,0.657,14,0.254,1.700
265.22,0.370,-1.261,0,7,0.657,14,0.254,1.700
265.34,0.385,-1.262,0,7,0.657,14,0.254,1.700
265.47,0.400,-1.262,0,7,0.657,14,0.254,1.700
265.60,0.415,-1.263,0,7,0.657,14,0.254,1.700
265.73,0.430,-1.264,0,7,0.657,14,0.254,1.700
265.86,0.445,-1.264,0,7,0.657,14,0.254,1.700
265.98,0.460,-1.265,0,7,0.657,14,0.254,1.700
266.11,0.475,-1.265,0,7,0.657,14,0.254,1.700
266.24,0.490,-1.266,0,7,0.657,14,0.254,1.700
266.37,0.505,-1.266,0,8,0.657,14,0.254,1.700
266.50,0.520,-1.267,0,8,0.657,14,0.254,1.700
266.62,0.535,-1.268,0,8,0.657,14,0.254,1.700
266.75,0.551,-1.268,0,8,0.657,14,0.254,1.700
266.88,0.566,-1.269,0,8,0.657,14,0.254,1.700
267.01,0.581,-1.270,0,8,0.657,14,0.254,1.700
267.14,0.596,-1.270,0,8,0.657,14,0.254,1.700
267.26,0.611,-1.271,0,8,0.657,14,0.254,1.700
267.39,0.626,-1.271,0,8,0.657,14,0.254,1.700
267.52,0.641,-1.272,0,8,0.657,14,0.254,1.700
267.65,0.656,-1.273,0,8,0.657,14,0.254,1.700
267.78,0.671,-1.273,0,8,0.657,14,0.254,1.700
267.90,0.686,-1.274,0,8,0.657,14,0.254,1.700
268.03,0.701,-1.274,0,8,0.657,14,0.254,1.700
268.16,0.716,-1.275,0,8,0.657,14,0.254,1.700
268.29,0.731,-1.276,0,8,0.657,14,0.254,1.700
268.42,0.746,-1.276,0,9,0.657,14,0.254,1.700
268.54,0.761,-1.277,0,9,0.657,14,0.254,1.700
268.67,0.776,-1.278,0,9,0.657,14,0.254,1.700
268.80,0.791,-1.278,0,9,0.657,14,0.254,1.700
268.93,0.807,-1.279,0,9,0.657,14,0.254,1.700
269.06,0.822,-1.280,0,9,0.657,14,0.254,1.700
269.18,0.837,-1.280,0,9,0.657,14,0.254,1.700
269.31,0.852,-1.281,0,9,0.657,14,0.254,1.700
269.44,0.867,-1.281,0,9,0.657,14,0.254,1.700
269.57,0.882,-1.282,0,9,0.657,14,0.254,1.700
269.70,0.897,-1.283,0,9,0.657,14,0.254,1.700
269.82,0.912,-1.283,0,9,0.657,14,0.254,1.700
269.95,0.927,-1.284,0,9,0.657,14,0.254,1.700
270.08,0.942,-1.285,0,9,0.657,14,0.254,1.700
270.21,0.957,-1.285,0,9,0.657,14,0.254,1.700
270.34,0.972,-1.286,0,9,0.657,14,0.254,1.700
270.46,0.987,-1.287,0,10,0.657,14,0.254,1.700
270.59,1.002,-1.287,0,10,0.657,14,0.254,1.700
270.72,1.017,-1.288,0,10,0.657,14,0.254,1.700
270.85,1.032,-1.289,0,10,0.657,14,0.254,1.700
270.98,1.048,-1.289,0,10,0.657,14,0.254,1.700
271.10,1.063,-1.290,0,10,0.657,14,0.254,1.700
271.23,1.078,-1.291,0,10,0.657,14,0.254,1.700
271.36,1.093,-1.291,0,10,0.657,14,0.254,1.700
271.49,1.108,-1.292,0,10,0.657,14,0.254,1.700
271.62,1.123,-1.293,0,10,0.657,14,0.254,1.700
271.74,1.138,-1.293,0,10,0.657,14,0.254,1.700
271.87,1.153,-1.294,0,10,0.657,14,0.254,1.700
272.00,1.168,-1.295,0,10,0.657,14,0.254,1.700
272.13,1.183,-1.295,0,10,0.657,14,0.254,1.700
272.26,1.198,-1.296,0,10,0.657,14,0.254,1.700
272.38,1.213,-1.297,0,10,0.657,14,0.254,1.700
272.51,1.225,-1.297,0,11,0.657,14,0.049,2.036
272.64,1.230,-1.295,0,11,0.657,14,0.043,2.484
272.77,1.231,-1.290,0,11,0.657,15,0.037,2.848
272.90,1.230,-1.282,0,11,0.657,15,0.136,2.400
273.02,1.236,-1.272,0,11,0.657,15,0.211,1.952
273.15,1.246,-1.255,0,11,0.657,15,0.254,1.701
273.28,1.256,-1.237,0,11,0.657,15,0.254,1.700
273.41,1.264,-1.218,0,11,0.657,15,0.254,1.700
273.54,1.271,-1.198,0,11,0.657,15,0.254,1.700
273.66,1.276,-1.177,0,11,0.657,15,0.254,1.700
273.79,1.279,-1.156,0,11,0.657,15,0.254,1.700
273.92,1.281,-1.135,0,11,0.657,15,0.254,1.700
274.05,1.282,-1.118,0,11,0.657,15,0.254,1.700
274.18,1.282,-1.103,0,11,0.657,15,0.254,1.700
274.30,1.283,-1.088,0,11,0.657,15,0.254,1.700
274.43,1.283,-1.073,0,11,0.657,15,0.254,1.700
274.56,1.284,-1.058,1,11,0.657,15,0.254,1.700
274.69,1.284,-1.043,1,11,0.657,15,0.254,1.700
274.82,1.285,-1.028,1,11,0.657,15,0.254,1.700
274.94,1.286,-1.013,1,11,0.657,15,0.254,1.700
275.07,1.286,-0.997,1,11,0.657,15,0.254,1.700
275.20,1.287,-0.982,1,11,0.657,15,0.254,1.700
275.33,1.287,-0.967,1,11,0.657,15,0.254,1.700
275.46,1.288,-0.952,1,11,0.657,15,0.254,1.700
275.58,1.288,-0.937,1,11,0.657,15,0.254,1.700
275.71,1.289,-0.922,1,11,0.657,15,0.254,1.700
275.84,1.289,-0.907,1,11,0.657,15,0.254,1.700
275.97,1.290,-0.892,1,11,0.657,15,0.254,1.700
276.10,1.291,-0.877,1,11,0.657,15,0.254,1.700
276.22,1.291,-0.862,1,11,0.657,15,0.254,1.700
276.35,1.292,-0.847,1,11,0.657,15,0.254,1.700
276.48,1.292,-0.832,1,11,0.657,15,0.254,1.700
276.61,1.293,-0.817,2,11,0.657,15,0.254,1.700
276.74,1.294,-0.802,2,11,0.657,15,0.254,1.700
276.86,1.294,-0.787,2,11,0.657,15,0.254,1.700
276.99,1.295,-0.772,2,11,0.657,15,0.254,1.700
277.12,1.295,-0.757,2,11,0.657,15,0.254,1.700
277.25,1.296,-0.741,2,11,0.657,15,0.254,1.700
277.38,1.297,-0.726,2,11,0.657,15,0.254,1.700
277.50,1.297,-0.711,2,11,0.657,15,0.254,1.700
277.63,1.298,-0.696,2,11,0.657,15,0.254,1.700
277.76,1.298,-0.681,2,11,0.657,15,0.254,1.700
277.89,1.299,-0.666,2,11,0.657,15,0.254,1.700
278.02,1.300,-0.651,2,11,0.657,15,0.254,1.700
278.14,1.300,-0.636,2,11,0.657,15,0.254,1.700
278.27,1.301,-0.621,2,11,0.657,15,0.254,1.700
278.40,1.301,-0.606,2,11,0.657,15,0.254,1.700
278.53,1.302,-0.591,2,11,0.657,15,0.254,1.700
278.66,1.303,-0.576,3,11,0.657,15,0.254,1.700
278.78,1.303,-0.561,3,11,0.657,15,0.254,1.700
278.91,1.304,-0.546,3,11,0.657,15,0.254,1.700
279.04,1.305,-0.531,3,11,0.657,16,0.254,1.700
279.17,1.305,-0.516,3,11,0.657,16,0.254,1.700
279.30,1.306,-0.500,3,11,0.657,16,0.254,1.700
279.42,1.306,-0.485,3,11,0.657,16,0.254,1.700
279.55,1.307,-0.470,3,11,0.657,16,0.254,1.700
279.68,1.308,-0.455,3,11,0.657,16,0.254,1.700
279.81,1.308,-0.440,3,11,0.657,16,0.254,1.700
279.94,1.309,-0.425,3,11,0.657,16,0.254,1.700
280.06,1.310,-0.410,3,11,0.657,16,0.254,1.700
280.19,1.310,-0.395,3,11,0.657,16,0.254,1.700
280.32,1.311,-0.380,3,11,0.657,16,0.254,1.700
280.45,1.312,-0.365,3,11,0.657,16,0.254,1.700
280.58,1.312,-0.350,3,11,0.657,16,0.254,1.700
280.70,1.313,-0.335,4,11,0.657,16,0.254,1.700
280.83,1.313,-0.320,4,11,0.657,16,0.254,1.700
280.96,1.314,-0.305,4,11,0.657,16,0.254,1.700
281.09,1.315,-0.290,4,11,0.657,16,0.254,1.700
281.22,1.315,-0.275,4,11,0.657,16,0.254,1.700
281.34,1.316,-0.260,4,11,0.657,16,0.254,1.700
281.47,1.317,-0.244,4,11,0.657,16,0.254,1.700
281.60,1.317,-0.229,4,11,0.657,16,0.254,1.700
281.73,1.318,-0.214,4,11,0.657,16,0.254,1.700
281.86,1.319,-0.199,4,11,0.657,16,0.254,1.700
281.98,1.319,-0.184,4,11,0.657,16,0.254,1.700
282.11,1.320,-0.169,4,11,0.657,16,0.254,1.700
282.24,1.321,-0.154,4,11,0.657,16,0.254,1.700
282.37,1.321,-0.139,4,11,0.657,16,0.254,1.700
282.50,1.322,-0.124,4,11,0.657,16,0.254,1.700
282.62,1.323,-0.109,4,11,0.657,16,0.254,1.700
282.75,1.323,-0.094,5,11,0.657,16,0.254,1.700
282.88,1.324,-0.079,5,11,0.657,16,0.254,1.700
283.01,1.325,-0.064,5,11,0.657,16,0.254,1.700
283.14,1.325,-0.049,5,11,0.657,16,0.254,1.700
283.26,1.326,-0.034,5,11,0.657,16,0.254,1.700
283.39,1.327,-0.019,5,11,0.657,16,0.254,1.700
283.52,1.327,-0.004,5,11,0.657,16,0.254,1.700
283.65,1.328,0.012,5,11,0.657,16,0.254,1.700
283.78,1.329,0.027,6,11,0.657,16,0.254,1.700
283.90,1.329,0.042,6,11,0.657,16,0.254,1.700
284.03,1.330,0.057,6,11,0.657,16,0.254,1.700
284.16,1.331,0.072,6,11,0.657,16,0.254,1.700
284.29,1.332,0.087,6,11,0.657,16,0.254,1.700
284.42,1.332,0.102,6,11,0.657,16,0.254,1.700
284.54,1.333,0.117,6,11,0.657,16,0.254,1.700
284.67,1.334,0.132,6,11,0.657,16,0.254,1.700
284.80,1.334,0.147,6,11,0.657,16,0.254,1.700
284.93,1.335,0.162,6,11,0.657,16,0.254,1.700
285.06,1.336,0.177,6,11,0.657,16,0.254,1.700
285.18,1.336,0.192,6,11,0.657,16,0.254,1.700
285.31,1.337,0.207,6,11,0.657,16,0.254,1.700
285.44,1.338,0.222,6,11,0.657,16,0.254,1.700
285.57,1.339,0.237,6,11,0.657,16,0.254,1.700
285.70,1.339,0.252,6,11,0.657,16,0.254,1.700
285.82,1.340,0.268,7,11,0.657,16,0.254,1.700
285.95,1.341,0.283,7,11,0.657,16,0.254,1.700
286.08,1.341,0.298,7,11,0.657,16,0.254,1.700
286.21,1.342,0.313,7,11,0.657,16,0.254,1.700
286.34,1.343,0.328,7,11,0.657,16,0.254,1.700
286.46,1.344,0.343,7,11,0.657,16,0.254,1.700
286.59,1.344,0.358,7,11,0.657,16,0.254,1.700
286.72,1.345,0.373,7,11,0.657,16,0.254,1.700
286.85,1.346,0.388,7,11,0.657,16,0.254,1.700
286.98,1.346,0.403,7,11,0.657,16,0.254,1.700
287.10,1.347,0.418,7,11,0.657,16,0.254,1.700
287.23,1.348,0.433,7,11,0.657,16,0.254,1.700
287.36,1.349,0.448,7,11,0.657,16,0.254,1.700
287.49,1.349,0.463,7,11,0.657,16,0.254,1.700
287.62,1.350,0.478,7,11,0.657,16,0.254,1.700
287.74,1.351,0.493,7,11,0.657,16,0.254,1.700
287.87,1.351,0.508,8,11,0.657,16,0.254,1.700
288.00,1.352,0.524,8,11,0.657,16,0.254,1.700
288.13,1.353,0.539,8,11,0.657,16,0.254,1.700
288.26,1.354,0.554,8,11,0.657,16,0.254,1.700
288.38,1.354,0.569,8,11,0.657,16,0.254,1.700
288.51,1.355,0.584,8,11,0.657,16,0.254,1.700
288.64,1.356,0.599,8,11,0.657,16,0.254,1.700
288.77,1.357,0.614,8,11,0.657,16,0.254,1.700
288.90,1.357,0.629,8,11,0.657,16,0.254,1.700
289.02,1.358,0.644,8,11,0.657,16,0.254,1.700
289.15,1.359,0.659,8,11,0.657,16,0.254,1.700
289.28,1.360,0.674,8,11,0.657,16,0.254,1.700
289.41,1.360,0.689,8,11,0.657,16,0.254,1.700
289.54,1.361,0.704,8,11,0.657,16,0.254,1.700
289.66,1.362,0.719,8,11,0.657,16,0.254,1.700
289.79,1.363,0.734,8,11,0.657,16,0.254,1.700
289.92,1.363,0.749,9,11,0.657,16,0.254,1.700
290.05,1.364,0.764,9,11,0.657,16,0.254,1.700
290.18,1.365,0.780,9,11,0.657,16,0.254,1.700
290.30,1.366,0.795,9,11,0.657,16,0.254,1.700
290.43,1.366,0.810,9,11,0.657,16,0.254,1.700
290.56,1.367,0.825,9,11,0.657,16,0.254,1.700
290.69,1.368,0.840,9,11,0.657,16,0.254,1.700
290.82,1.369,0.855,9,11,0.657,16,0.254,1.700
290.94,1.369,0.870,9,11,0.657,16,0.254,1.700
291.07,1.370,0.885,9,11,0.657,16,0.254,1.700
291.20,1.371,0.900,9,11,0.657,16,0.254,1.700
291.33,1.372,0.915,9,11,0.657,16,0.254,1.700
291.46,1.372,0.930,9,11,0.657,16,0.254,1.700
291.58,1.373,0.945,9,11,0.657,16,0.254,1.700
291.71,1.374,0.960,9,11,0.657,16,0.254,1.700
291.84,1.375,0.975,9,11,0.657,16,0.254,1.700
291.97,1.375,0.990,10,11,0.657,16,0.254,1.700
292.10,1.376,1.005,10,11,0.657,16,0.254,1.700
292.22,1.377,1.020,10,11,0.657,16,0.254,1.700
292.35,1.378,1.035,10,11,0.657,16,0.254,1.700
292.48,1.379,1.051,10,11,0.657,16,0.254,1.700
292.61,1.379,1.066,10,11,0.657,16,0.254,1.700
292.74,1.380,1.081,10,11,0.657,16,0.254,1.700
292.86,1.381,1.096,10,11,0.657,16,0.254,1.700
292.99,1.382,1.111,10,11,0.657,16,0.254,1.700
293.12,1.382,1.126,10,11,0.657,16,0.254,1.700
293.25,1.383,1.141,10,11,0.657,16,0.254,1.700
293.38,1.384,1.156,10,11,0.657,16,0.254,1.700
293.50,1.385,1.171,10,11,0.657,16,0.254,1.700
293.63,1.386,1.186,10,11,0.657,16,0.254,1.700
293.76,1.386,1.201,10,11,0.657,16,0.254,1.700
293.89,1.387,1.216,10,11,0.657,16,0.254,1.700
294.02,1.387,1.226,11,11,0.667,16,0.048,2.148
294.14,1.384,1.230,11,11,0.667,16,0.041,2.596
294.27,1.379,1.230,11,11,0.667,16,0.079,2.736
294.40,1.370,1.230,11,11,0.667,16,0.155,2.288
294.53,1.359,1.238,11,11,0.667,16,0.230,1.840
294.66,1.341,1.248,11,11,0.667,16,0.254,1.700
294.78,1.323,1.258,11,11,0.667,16,0.254,1.700
294.91,1.303,1.266,11,11,0.667,16,0.254,1.700
295.04,1.283,1.272,11,11,0.667,16,0.254,1.700
295.17,1.263,1.277,11,11,0.667,16,0.254,1.700
295.30,1.242,1.280,11,11,0.667,16,0.254,1.700
295.42,1.221,1.281,11,11,0.667,16,0.254,1.700
295.55,1.204,1.282,11,11,0.667,16,0.254,1.700
295.68,1.189,1.282,11,11,0.667,16,0.254,1.700
295.81,1.174,1.283,11,11,0.667,16,0.254,1.700
295.94,1.159,1.284,11,11,0.667,16,0.254,1.700
296.06,1.144,1.284,11,11,0.667,16,0.254,1.700
296.19,1.129,1.285,11,11,0.667,16,0.254,1.700
296.32,1.114,1.285,11,11,0.667,16,0.254,1.700
296.45,1.099,1.286,11,11,0.667,16,0.254,1.700
296.58,1.084,1.286,11,11,0.667,16,0.254,1.700
296.70,1.069,1.287,11,11,0.667,16,0.254,1.700
296.83,1.054,1.287,11,11,0.667,16,0.254,1.700
296.96,1.039,1.288,11,11,0.667,16,0.254,1.700
297.09,1.024,1.289,11,10,0.667,16,0.254,1.700
297.22,1.009,1.289,11,10,0.667,16,0.254,1.700
297.34,0.994,1.290,11,10,0.667,16,0.254,1.700
297.47,0.979,1.290,11,10,0.667,16,0.254,1.700
297.60,0.964,1.291,11,10,0.667,16,0.254,1.700
297.73,0.948,1.291,11,10,0.667,16,0.254,1.700
297.86,0.933,1.292,11,10,0.667,16,0.254,1.700
297.98,0.918,1.293,11,10,0.667,16,0.254,1.700
298.11,0.903,1.293,11,10,0.667,16,0.254,1.700
298.24,0.888,1.294,11,10,0.667,16,0.254,1.700
298.37,0.873,1.294,11,10,0.667,16,0.254,1.700
298.50,0.858,1.295,11,10,0.667,16,0.254,1.700
298.62,0.843,1.295,11,10,0.667,16,0.254,1.700
298.75,0.828,1.296,11,10,0.667,16,0.254,1.700
298.88,0.813,1.297,11,10,0.667,16,0.254,1.700
299.01,0.798,1.297,11,10,0.667,16,0.254,1.700
299.14,0.783,1.298,11,9,0.667,16,0.254,1.700
299.26,0.768,1.298,11,9,0.667,16,0.254,1.700
299.39,0.753,1.299,11,9,0.667,16,0.254,1.700
299.52,0.738,1.300,11,9,0.667,16,0.254,1.700
299.65,0.723,1.300,11,9,0.667,16,0.254,1.700
299.78,0.707,1.301,11,9,0.667,16,0.254,1.700
299.90,0.692,1.301,11,9,0.667,16,0.254,1.700
