time,x,y,row,col,coverage,collision_count,v,w
0.13,-1.344,-1.350,0,0,0.009,1,0.116,0.128
0.26,-1.330,-1.349,0,0,0.009,1,0.131,0.256
0.38,-1.314,-1.347,0,0,0.009,1,0.202,0.384
0.51,-1.292,-1.345,0,0,0.009,1,0.195,0.512
0.64,-1.271,-1.342,0,0,0.009,1,0.178,0.576
0.77,-1.250,-1.339,0,0,0.009,1,0.203,0.482
0.90,-1.227,-1.334,0,0,0.009,1,0.188,0.539
1.02,-1.205,-1.329,0,0,0.009,1,0.162,0.636
1.15,-1.188,-1.323,0,0,0.009,1,0.127,0.764
1.28,-1.176,-1.317,0,0,0.009,1,0.079,0.871
1.41,-1.172,-1.312,0,0,0.009,1,0.035,0.924
1.54,-1.172,-1.308,0,0,0.009,1,0.018,0.912
1.66,-1.173,-1.304,0,0,0.009,1,0.015,0.885
1.79,-1.174,-1.301,0,0,0.009,1,0.015,0.955
1.92,-1.174,-1.297,0,0,0.009,1,0.018,0.827
2.05,-1.174,-1.295,0,0,0.009,1,0.020,0.699
2.18,-1.173,-1.293,0,0,0.009,1,0.013,0.699
2.30,-1.172,-1.291,0,0,0.009,1,0.012,0.812
2.43,-1.171,-1.290,0,0,0.009,1,0.011,0.920
2.56,-1.171,-1.288,0,0,0.009,1,0.012,0.792
2.69,-1.170,-1.284,0,0,0.009,1,0.085,0.664
2.82,-1.167,-1.269,0,0,0.009,1,0.187,0.536
2.94,-1.163,-1.245,0,0,0.009,1,0.223,0.408
3.07,-1.159,-1.218,0,0,0.009,1,0.257,0.280
3.20,-1.156,-1.190,0,0,0.009,1,0.292,0.152
3.33,-1.152,-1.162,0,0,0.009,1,0.309,0.088
3.46,-1.148,-1.134,0,0,0.009,1,0.274,0.216
3.58,-1.144,-1.106,1,0,0.019,1,0.240,0.344
3.71,-1.141,-1.080,1,0,0.019,1,0.216,0.433
3.84,-1.139,-1.055,1,0,0.019,1,0.214,0.442
3.97,-1.137,-1.032,1,0,0.019,1,0.210,0.456
4.10,-1.135,-1.011,1,0,0.019,1,0.208,0.464
4.22,-1.133,-0.990,1,0,0.019,1,0.203,0.482
4.35,-1.132,-0.970,1,0,0.019,1,0.200,0.495
4.48,-1.130,-0.951,1,0,0.019,1,0.195,0.510
4.61,-1.129,-0.932,1,0,0.019,1,0.188,0.539
4.74,-1.128,-0.914,1,0,0.019,1,0.190,0.530
4.86,-1.126,-0.896,2,0,0.028,1,0.184,0.554
4.99,-1.125,-0.879,2,0,0.028,1,0.178,0.574
5.12,-1.124,-0.863,2,1,0.037,1,0.179,0.573
5.25,-1.123,-0.846,2,1,0.037,1,0.168,0.613
5.38,-1.122,-0.832,2,1,0.037,1,0.152,0.672
5.50,-1.121,-0.820,2,1,0.037,1,0.141,0.712
5.63,-1.120,-0.810,2,1,0.037,1,0.137,0.727
5.76,-1.120,-0.800,2,1,0.037,1,0.133,0.742
5.89,-1.119,-0.790,2,1,0.037,1,0.157,0.652
6.02,-1.118,-0.774,2,1,0.037,1,0.192,0.524
6.14,-1.116,-0.753,2,1,0.037,1,0.226,0.396
6.27,-1.114,-0.726,2,1,0.037,1,0.260,0.268
6.40,-1.112,-0.698,2,1,0.037,1,0.234,0.140
6.53,-1.110,-0.670,3,1,0.046,1,0.220,0.012
6.66,-1.109,-0.647,3,1,0.046,1,0.143,-0.116
6.78,-1.107,-0.632,3,1,0.046,1,0.105,-0.244
6.91,-1.106,-0.623,3,1,0.046,1,0.063,-0.370
7.04,-1.105,-0.617,3,1,0.046,1,0.058,-0.449
7.17,-1.103,-0.614,3,1,0.046,1,0.046,-0.423
7.30,-1.102,-0.610,3,1,0.046,1,0.049,-0.355
7.42,-1.101,-0.606,3,1,0.046,1,0.053,-0.320
7.55,-1.099,-0.603,3,1,0.046,1,0.029,-0.305
7.68,-1.098,-0.600,3,1,0.046,1,0.028,-0.301
7.81,-1.097,-0.598,3,1,0.046,1,0.039,-0.302
7.94,-1.096,-0.596,3,1,0.046,1,0.030,-0.305
8.06,-1.094,-0.594,3,1,0.046,1,0.020,-0.313
8.19,-1.093,-0.592,3,1,0.046,1,0.026,-0.321
8.32,-1.092,-0.591,3,1,0.046,1,0.019,-0.331
8.45,-1.090,-0.590,3,1,0.046,1,0.018,-0.368
8.58,-1.089,-0.590,3,1,0.046,1,0.017,-0.378
8.70,-1.088,-0.589,3,1,0.046,1,0.020,-0.468
8.83,-1.086,-0.589,3,1,0.046,1,0.013,-0.556
8.96,-1.085,-0.589,3,1,0.046,1,0.013,-0.684
9.09,-1.083,-0.589,3,1,0.046,1,0.012,-0.812
9.22,-1.081,-0.589,3,1,0.046,1,0.017,-0.875
9.34,-1.078,-0.590,3,1,0.046,1,0.023,-0.920
9.47,-1.074,-0.591,3,1,0.046,1,0.033,-0.839
9.60,-1.070,-0.588,3,1,0.046,1,0.059,-0.711
9.73,-1.063,-0.583,3,1,0.046,1,0.109,-0.583
9.86,-1.051,-0.574,3,1,0.046,1,0.133,-0.455
9.98,-1.035,-0.563,3,1,0.046,1,0.181,-0.327
10.11,-1.014,-0.550,3,1,0.046,1,0.212,-0.199
10.24,-0.990,-0.537,3,1,0.046,1,0.220,-0.071
10.37,-0.967,-0.524,3,1,0.046,1,0.179,0.057
10.50,-0.950,-0.513,3,1,0.046,1,0.106,0.185
10.62,-0.939,-0.507,3,1,0.046,1,0.066,0.263
10.75,-0.934,-0.503,3,1,0.046,1,0.031,0.314
10.88,-0.931,-0.501,3,1,0.046,1,0.015,0.229
11.01,-0.930,-0.500,3,1,0.046,1,0.015,0.101
11.14,-0.928,-0.499,3,1,0.046,1,0.016,-0.027
11.26,-0.927,-0.498,3,1,0.046,1,0.015,-0.155
11.39,-0.925,-0.496,3,1,0.046,1,0.015,-0.283
11.52,-0.923,-0.495,3,1,0.046,1,0.018,-0.411
11.65,-0.920,-0.493,3,1,0.046,1,0.050,-0.283
11.78,-0.913,-0.489,3,1,0.046,1,0.091,-0.155
11.90,-0.904,-0.484,3,1,0.046,1,0.090,-0.027
12.03,-0.894,-0.479,3,2,0.046,1,0.048,0.101
12.16,-0.888,-0.476,3,2,0.046,1,0.035,-0.027
12.29,-0.884,-0.474,3,2,0.046,1,0.044,-0.091
12.42,-0.879,-0.471,3,2,0.046,1,0.054,-0.219
12.54,-0.872,-0.468,3,2,0.046,1,0.058,-0.283
12.67,-0.863,-0.464,3,2,0.046,1,0.109,-0.155
12.80,-0.850,-0.458,3,2,0.046,1,0.099,-0.091
12.93,-0.838,-0.453,3,2,0.046,1,0.097,-0.091
13.06,-0.826,-0.448,4,2,0.056,1,0.103,-0.219
13.18,-0.813,-0.443,4,2,0.056,1,0.127,-0.283
13.31,-0.797,-0.438,4,2,0.056,1,0.142,-0.411
13.44,-0.778,-0.433,4,2,0.056,1,0.204,-0.475
13.57,-0.753,-0.427,4,2,0.056,1,0.222,-0.411
13.70,-0.728,-0.422,4,2,0.056,1,0.222,-0.411
13.82,-0.702,-0.417,4,2,0.056,1,0.222,-0.411
13.95,-0.677,-0.413,4,2,0.056,1,0.188,-0.539
14.08,-0.655,-0.410,4,3,0.065,1,0.188,-0.539
14.21,-0.633,-0.409,4,3,0.065,1,0.222,-0.411
14.34,-0.607,-0.407,4,3,0.065,1,0.257,-0.283
14.46,-0.578,-0.405,4,3,0.065,1,0.291,-0.155
14.59,-0.550,-0.403,4,3,0.065,1,0.274,-0.219
14.72,-0.522,-0.401,4,3,0.065,1,0.257,-0.283
14.85,-0.495,-0.399,4,3,0.065,1,0.222,-0.411
14.98,-0.472,-0.398,4,3,0.065,1,0.188,-0.539
15.10,-0.455,-0.397,4,3,0.065,1,0.171,-0.599
15.23,-0.439,-0.396,4,4,0.074,1,0.174,-0.589
15.36,-0.423,-0.395,4,4,0.074,1,0.174,-0.590
15.49,-0.407,-0.394,4,4,0.074,1,0.176,-0.583
15.62,-0.390,-0.393,4,4,0.074,1,0.177,-0.578
15.74,-0.374,-0.392,4,4,0.074,1,0.174,-0.590
15.87,-0.357,-0.391,4,4,0.074,1,0.173,-0.593
16.00,-0.341,-0.390,4,4,0.074,1,0.173,-0.593
16.13,-0.325,-0.390,4,4,0.074,1,0.170,-0.606
16.26,-0.309,-0.389,4,4,0.074,1,0.176,-0.582
16.38,-0.293,-0.388,4,4,0.074,1,0.171,-0.600
16.51,-0.277,-0.387,4,4,0.074,1,0.169,-0.608
16.64,-0.261,-0.386,4,4,0.074,1,0.168,-0.612
16.77,-0.245,-0.385,4,4,0.074,1,0.173,-0.595
16.90,-0.229,-0.384,4,4,0.074,1,0.169,-0.608
17.02,-0.213,-0.383,4,5,0.083,1,0.168,-0.613
17.15,-0.197,-0.382,4,5,0.083,1,0.167,-0.614
17.28,-0.181,-0.381,4,5,0.083,1,0.167,-0.614
17.41,-0.166,-0.380,4,5,0.083,1,0.166,-0.621
17.54,-0.150,-0.379,4,5,0.083,1,0.166,-0.621
17.66,-0.135,-0.379,4,5,0.083,1,0.166,-0.621
17.79,-0.119,-0.378,4,5,0.083,1,0.168,-0.613
17.92,-0.104,-0.377,4,5,0.083,1,0.164,-0.625
18.05,-0.089,-0.376,4,5,0.083,1,0.164,-0.625
18.18,-0.073,-0.375,4,5,0.083,1,0.163,-0.629
18.30,-0.058,-0.374,4,5,0.083,1,0.163,-0.629
18.43,-0.043,-0.373,4,5,0.083,1,0.164,-0.628
18.56,-0.028,-0.372,4,5,0.083,1,0.163,-0.632
18.69,-0.013,-0.371,4,5,0.083,1,0.163,-0.632
18.82,0.001,-0.371,4,6,0.093,1,0.163,-0.632
18.94,0.014,-0.370,4,6,0.093,1,0.163,-0.632
19.07,0.027,-0.369,4,6,0.093,1,0.145,-0.696
19.20,0.041,-0.368,4,6,0.093,1,0.163,-0.632
19.33,0.053,-0.367,4,6,0.093,1,0.128,-0.760
19.46,0.060,-0.367,4,6,0.093,1,0.128,-0.760
19.58,0.067,-0.367,4,6,0.093,1,0.096,-0.880
19.71,0.069,-0.366,4,6,0.093,1,0.089,-0.908
19.84,0.071,-0.366,4,6,0.093,1,0.084,-0.923
19.97,0.071,-0.366,4,6,0.093,1,0.073,-0.967
20.10,0.073,-0.366,4,6,0.093,1,0.093,-0.892
20.22,0.078,-0.366,4,6,0.093,1,0.110,-0.828
20.35,0.085,-0.366,4,6,0.093,1,0.110,-0.827
20.48,0.089,-0.365,4,6,0.093,1,0.089,-0.906
20.61,0.092,-0.365,4,6,0.093,1,0.085,-0.919
20.74,0.092,-0.365,4,6,0.093,1,0.076,-0.954
20.86,0.093,-0.365,4,6,0.093,1,0.079,-0.945
20.99,0.094,-0.365,4,6,0.093,1,0.080,-0.939
21.12,0.094,-0.365,4,6,0.093,1,0.073,-0.964
21.25,0.096,-0.365,4,6,0.093,1,0.108,-0.836
21.38,0.102,-0.365,4,6,0.093,1,0.110,-0.828
21.50,0.108,-0.364,4,6,0.093,1,0.100,-0.866
21.63,0.111,-0.364,4,6,0.093,1,0.087,-0.914
21.76,0.114,-0.364,4,6,0.093,1,0.095,-0.882
21.89,0.116,-0.364,4,6,0.093,1,0.095,-0.882
22.02,0.119,-0.364,4,6,0.093,1,0.085,-0.922
22.14,0.120,-0.364,4,6,0.093,1,0.079,-0.942
22.27,0.120,-0.364,4,6,0.093,1,0.084,-0.923
22.40,0.122,-0.364,4,6,0.093,1,0.088,-0.911
22.53,0.123,-0.363,4,6,0.093,1,0.082,-0.932
22.66,0.124,-0.363,4,6,0.093,1,0.079,-0.942
22.78,0.124,-0.363,4,6,0.093,1,0.078,-0.948
22.91,0.125,-0.363,4,6,0.093,1,0.077,-0.951
23.04,0.125,-0.363,4,6,0.093,1,0.077,-0.952
23.17,0.125,-0.363,4,6,0.093,1,0.076,-0.953
23.30,0.125,-0.363,4,6,0.093,1,0.076,-0.954
23.42,0.125,-0.363,4,6,0.093,1,0.076,-0.954
23.55,0.125,-0.363,4,6,0.093,1,0.077,-0.952
23.68,0.125,-0.363,4,6,0.093,1,0.077,-0.950
23.81,0.125,-0.363,4,6,0.093,1,0.077,-0.950
23.94,0.125,-0.363,4,6,0.093,1,0.077,-0.949
24.06,0.125,-0.363,4,6,0.093,1,0.078,-0.949
24.19,0.126,-0.363,4,6,0.093,1,0.078,-0.948
24.32,0.126,-0.363,4,6,0.093,1,0.077,-0.950
24.45,0.126,-0.363,4,6,0.093,1,0.077,-0.951
24.58,0.126,-0.363,4,6,0.093,1,0.077,-0.952
24.70,0.126,-0.363,4,6,0.093,1,0.076,-0.953
24.83,0.126,-0.363,4,6,0.093,1,0.076,-0.953
24.96,0.126,-0.363,4,6,0.093,1,0.077,-0.951
25.09,0.126,-0.363,4,6,0.093,1,0.077,-0.952
25.22,0.126,-0.363,4,6,0.093,1,0.077,-0.953
25.34,0.127,-0.363,4,6,0.093,1,0.083,-0.929
25.47,0.128,-0.363,4,6,0.093,1,0.081,-0.936
25.60,0.129,-0.363,4,6,0.093,1,0.081,-0.937
25.73,0.129,-0.363,4,6,0.093,1,0.081,-0.938
25.86,0.130,-0.363,4,6,0.093,1,0.080,-0.938
25.98,0.131,-0.363,4,6,0.093,1,0.080,-0.938
26.11,0.131,-0.363,4,6,0.093,1,0.080,-0.938
26.24,0.132,-0.363,4,6,0.093,1,0.080,-0.938
26.37,0.133,-0.363,4,6,0.093,1,0.081,-0.938
26.50,0.133,-0.363,4,6,0.093,1,0.079,-0.941
26.62,0.134,-0.363,4,6,0.093,1,0.079,-0.943
26.75,0.134,-0.363,4,6,0.093,1,0.079,-0.944
26.88,0.135,-0.363,4,6,0.093,1,0.079,-0.945
27.01,0.135,-0.363,4,6,0.093,1,0.079,-0.945
27.14,0.135,-0.363,4,6,0.093,1,0.079,-0.945
27.26,0.136,-0.363,4,6,0.093,1,0.079,-0.945
27.39,0.136,-0.363,4,6,0.093,1,0.079,-0.945
27.52,0.136,-0.363,4,6,0.093,1,0.079,-0.945
27.65,0.137,-0.363,4,6,0.093,1,0.079,-0.945
27.78,0.137,-0.363,4,6,0.093,1,0.079,-0.945
27.90,0.138,-0.363,4,6,0.093,1,0.079,-0.944
28.03,0.138,-0.363,4,6,0.093,1,0.079,-0.944
28.16,0.138,-0.363,4,6,0.093,1,0.079,-0.944
28.29,0.139,-0.363,4,6,0.093,1,0.079,-0.944
28.42,0.139,-0.363,4,6,0.093,1,0.079,-0.944
28.54,0.140,-0.363,4,6,0.093,1,0.079,-0.944
28.67,0.140,-0.363,4,6,0.093,1,0.080,-0.941
28.80,0.141,-0.362,4,6,0.093,1,0.080,-0.938
28.93,0.141,-0.362,4,6,0.093,1,0.081,-0.936
29.06,0.142,-0.362,4,6,0.093,1,0.081,-0.936
29.18,0.143,-0.362,4,6,0.093,1,0.081,-0.935
29.31,0.144,-0.362,4,6,0.093,1,0.081,-0.934
29.44,0.145,-0.362,4,6,0.093,1,0.081,-0.934
29.57,0.145,-0.362,4,6,0.093,1,0.081,-0.934
29.70,0.146,-0.362,4,6,0.093,1,0.082,-0.931
29.82,0.147,-0.362,4,6,0.093,1,0.083,-0.928
29.95,0.149,-0.362,4,6,0.093,1,0.084,-0.926
30.08,0.150,-0.362,4,6,0.093,1,0.084,-0.925
30.21,0.151,-0.362,4,6,0.093,1,0.084,-0.924
30.34,0.152,-0.362,4,6,0.093,1,0.084,-0.924
30.46,0.154,-0.362,4,6,0.093,1,0.084,-0.923
30.59,0.155,-0.362,4,6,0.093,1,0.084,-0.923
30.72,0.156,-0.362,4,6,0.093,1,0.084,-0.925
30.85,0.158,-0.361,4,6,0.093,1,0.083,-0.927
30.98,0.159,-0.361,4,6,0.093,1,0.083,-0.927
31.10,0.160,-0.361,4,6,0.093,1,0.084,-0.924
31.23,0.161,-0.361,4,6,0.093,1,0.085,-0.922
31.36,0.163,-0.361,4,6,0.093,1,0.085,-0.921
31.49,0.164,-0.361,4,6,0.093,1,0.085,-0.920
31.62,0.166,-0.361,4,6,0.093,1,0.086,-0.917
31.74,0.167,-0.361,4,6,0.093,1,0.087,-0.913
31.87,0.169,-0.361,4,6,0.093,1,0.088,-0.911
32.00,0.171,-0.361,4,6,0.093,1,0.088,-0.910
32.13,0.173,-0.361,4,6,0.093,1,0.088,-0.909
32.26,0.175,-0.360,4,6,0.093,1,0.088,-0.908
32.38,0.177,-0.360,4,6,0.093,1,0.089,-0.907
32.51,0.179,-0.360,4,6,0.093,1,0.089,-0.904
32.64,0.181,-0.360,4,6,0.093,1,0.090,-0.901
32.77,0.184,-0.360,4,6,0.093,1,0.090,-0.901
32.90,0.186,-0.360,4,6,0.093,1,0.091,-0.899
33.02,0.189,-0.360,4,6,0.093,1,0.092,-0.897
33.15,0.191,-0.359,4,6,0.093,1,0.092,-0.895
33.28,0.194,-0.359,4,6,0.093,1,0.092,-0.893
33.41,0.197,-0.359,4,6,0.093,1,0.093,-0.892
33.54,0.199,-0.359,4,6,0.093,1,0.093,-0.891
33.66,0.202,-0.359,4,6,0.093,1,0.093,-0.890
33.79,0.205,-0.359,4,6,0.093,1,0.094,-0.889
33.92,0.208,-0.359,4,6,0.093,1,0.094,-0.888
34.05,0.211,-0.358,4,6,0.093,1,0.094,-0.889
34.18,0.214,-0.358,4,6,0.093,1,0.094,-0.889
34.30,0.216,-0.358,4,6,0.093,1,0.094,-0.888
34.43,0.219,-0.358,4,6,0.093,1,0.094,-0.888
34.56,0.222,-0.358,4,6,0.093,1,0.094,-0.887
34.69,0.225,-0.357,4,7,0.102,1,0.094,-0.886
34.82,0.228,-0.357,4,7,0.102,1,0.095,-0.885
34.94,0.231,-0.357,4,7,0.102,1,0.094,-0.886
35.07,0.235,-0.357,4,7,0.102,1,0.099,-0.868
35.20,0.239,-0.357,4,7,0.102,1,0.105,-0.845
35.33,0.244,-0.356,4,7,0.102,1,0.116,-0.805
35.46,0.252,-0.356,4,7,0.102,1,0.119,-0.793
35.58,0.260,-0.355,4,7,0.102,1,0.134,-0.740
35.71,0.269,-0.355,4,7,0.102,1,0.142,-0.708
35.84,0.281,-0.354,4,7,0.102,1,0.151,-0.676
35.97,0.293,-0.353,4,7,0.102,1,0.148,-0.688
36.10,0.305,-0.353,4,7,0.102,1,0.151,-0.677
36.22,0.317,-0.352,4,7,0.102,1,0.153,-0.668
36.35,0.329,-0.351,4,7,0.102,1,0.152,-0.671
36.48,0.342,-0.350,4,7,0.102,1,0.151,-0.675
36.61,0.354,-0.350,4,7,0.102,1,0.168,-0.612
36.74,0.371,-0.349,4,7,0.102,1,0.202,-0.484
36.86,0.394,-0.347,4,7,0.102,1,0.237,-0.356
36.99,0.420,-0.345,4,7,0.102,1,0.229,-0.383
37.12,0.445,-0.344,4,7,0.102,1,0.228,-0.388
37.25,0.469,-0.342,4,8,0.111,1,0.220,-0.418
37.38,0.492,-0.341,4,8,0.111,1,0.216,-0.433
37.50,0.515,-0.339,4,8,0.111,1,0.210,-0.456
37.63,0.536,-0.338,4,8,0.111,1,0.209,-0.459
37.76,0.557,-0.336,4,8,0.111,1,0.201,-0.490
37.89,0.577,-0.335,4,8,0.111,1,0.201,-0.491
38.02,0.597,-0.334,4,8,0.111,1,0.195,-0.512
38.14,0.616,-0.333,4,8,0.111,1,0.192,-0.523
38.27,0.635,-0.331,4,8,0.111,1,0.189,-0.534
38.40,0.652,-0.330,4,8,0.111,1,0.186,-0.547
38.53,0.670,-0.329,4,8,0.111,1,0.180,-0.567
38.66,0.686,-0.328,4,9,0.120,1,0.180,-0.567
38.78,0.702,-0.327,4,9,0.120,1,0.173,-0.592
38.91,0.718,-0.326,4,9,0.120,1,0.174,-0.588
39.04,0.733,-0.325,4,9,0.120,1,0.167,-0.617
39.17,0.746,-0.324,4,9,0.120,1,0.132,-0.745
39.30,0.754,-0.324,4,9,0.120,1,0.102,-0.857
39.42,0.757,-0.324,4,9,0.120,1,0.086,-0.917
39.55,0.758,-0.324,4,9,0.120,1,0.078,-0.948
39.68,0.758,-0.324,4,9,0.120,1,0.074,-0.962
39.81,0.759,-0.324,4,9,0.120,1,0.072,-0.969
39.94,0.760,-0.324,4,9,0.120,1,0.071,-0.974
40.06,0.761,-0.324,4,9,0.120,1,0.070,-0.976
40.19,0.762,-0.324,4,9,0.120,1,0.070,-0.978
40.32,0.763,-0.325,4,9,0.120,1,0.069,-0.980
40.45,0.765,-0.326,4,9,0.120,1,0.069,-0.981
40.58,0.765,-0.328,4,9,0.120,1,0.070,-0.979
40.70,0.766,-0.329,4,9,0.120,1,0.070,-0.978
40.83,0.767,-0.332,4,9,0.120,1,0.070,-0.977
40.96,0.769,-0.334,4,9,0.120,1,0.070,-0.976
41.09,0.771,-0.338,4,9,0.120,1,0.071,-0.973
41.22,0.774,-0.341,4,9,0.120,1,0.072,-0.970
41.34,0.777,-0.345,4,9,0.120,1,0.090,-0.904
41.47,0.786,-0.351,4,9,0.120,1,0.112,-0.820
41.60,0.796,-0.357,4,9,0.120,1,0.096,-0.880
41.73,0.805,-0.363,4,9,0.120,1,0.078,-0.949
41.86,0.812,-0.369,4,9,0.120,1,0.066,-0.992
41.98,0.819,-0.375,4,9,0.120,1,0.090,-0.904
42.11,0.827,-0.384,4,9,0.120,1,0.124,-0.776
42.24,0.837,-0.398,4,9,0.120,1,0.158,-0.648
42.37,0.849,-0.415,4,9,0.120,1,0.193,-0.520
42.50,0.861,-0.437,4,9,0.120,1,0.227,-0.392
42.62,0.874,-0.461,3,9,0.130,1,0.262,-0.264
42.75,0.887,-0.486,3,9,0.130,1,0.296,-0.136
42.88,0.900,-0.511,3,10,0.139,1,0.330,-0.008
43.01,0.914,-0.535,3,10,0.139,2,0.317,0.056
43.14,0.927,-0.560,3,10,0.139,2,0.313,-0.072
43.26,0.940,-0.585,3,10,0.139,2,0.279,-0.200
43.39,0.954,-0.610,3,10,0.139,2,0.244,-0.328
43.52,0.966,-0.634,3,10,0.139,2,0.210,-0.456
43.65,0.977,-0.655,3,10,0.139,2,0.176,-0.584
43.78,0.985,-0.675,2,10,0.148,2,0.182,-0.559
43.90,0.992,-0.696,2,10,0.148,2,0.177,-0.580
44.03,0.997,-0.717,2,10,0.148,2,0.176,-0.584
44.16,1.000,-0.738,2,10,0.148,2,0.155,-0.661
44.29,1.002,-0.756,2,10,0.148,2,0.124,-0.775
44.42,1.002,-0.769,2,10,0.148,2,0.105,-0.845
44.54,1.002,-0.775,2,10,0.148,2,0.102,-0.856
44.67,1.001,-0.779,2,10,0.148,2,0.093,-0.890
44.80,1.001,-0.782,2,10,0.148,2,0.089,-0.907
44.93,1.000,-0.785,2,10,0.148,2,0.086,-0.917
45.06,0.999,-0.787,2,10,0.148,2,0.085,-0.923
45.18,0.998,-0.791,2,10,0.148,2,0.119,-0.795
45.31,0.997,-0.800,2,10,0.148,2,0.110,-0.829
45.44,0.995,-0.807,2,10,0.148,2,0.131,-0.749
45.57,0.993,-0.819,2,10,0.148,2,0.131,-0.749
45.70,0.991,-0.833,2,10,0.148,2,0.166,-0.621
45.82,0.987,-0.852,2,10,0.148,2,0.196,-0.493
45.95,0.982,-0.876,2,10,0.148,2,0.163,-0.493
46.08,0.976,-0.895,2,10,0.148,2,0.164,-0.365
46.21,0.970,-0.914,1,10,0.157,2,0.142,-0.237
46.34,0.964,-0.931,1,10,0.157,2,0.105,-0.301
46.46,0.960,-0.942,1,10,0.157,2,0.102,-0.301
46.59,0.955,-0.953,1,10,0.157,2,0.091,-0.173
46.72,0.950,-0.963,1,10,0.157,2,0.081,-0.109
46.85,0.946,-0.970,1,10,0.157,2,0.066,-0.237
46.98,0.943,-0.976,1,10,0.157,2,0.055,-0.237
47.10,0.940,-0.982,1,10,0.157,2,0.042,-0.109
47.23,0.937,-0.988,1,10,0.157,2,0.044,0.019
47.36,0.934,-0.992,1,10,0.157,2,0.029,-0.045
47.49,0.932,-0.995,1,10,0.157,2,0.029,-0.173
47.62,0.931,-0.997,1,10,0.157,2,0.028,-0.109
47.74,0.929,-1.000,1,10,0.157,2,0.016,0.019
47.87,0.928,-1.002,1,10,0.157,2,0.016,-0.045
48.00,0.927,-1.004,1,10,0.157,2,0.015,-0.109
48.13,0.925,-1.006,1,10,0.157,2,0.016,0.019
48.26,0.924,-1.007,1,10,0.157,2,0.021,-0.045
48.38,0.923,-1.009,1,10,0.157,2,0.015,-0.173
48.51,0.922,-1.011,1,10,0.157,2,0.021,-0.045
48.64,0.921,-1.012,1,10,0.157,2,0.016,0.083
48.77,0.920,-1.014,1,10,0.157,2,0.016,-0.045
48.90,0.918,-1.016,1,10,0.157,2,0.015,-0.173
49.02,0.917,-1.017,1,10,0.157,2,0.016,-0.045
49.15,0.916,-1.019,1,10,0.157,2,0.016,0.083
49.28,0.915,-1.020,1,10,0.157,2,0.016,-0.045
49.41,0.914,-1.022,1,10,0.157,2,0.015,-0.173
49.54,0.913,-1.024,1,10,0.157,2,0.016,-0.045
49.66,0.911,-1.025,1,10,0.157,2,0.016,0.083
49.79,0.910,-1.027,1,10,0.157,2,0.016,-0.045
49.92,0.909,-1.028,1,10,0.157,2,0.015,-0.173
50.05,0.908,-1.030,1,10,0.157,2,0.016,-0.045
50.18,0.907,-1.031,1,10,0.157,2,0.016,0.019
50.30,0.905,-1.033,1,10,0.157,2,0.015,-0.109
50.43,0.904,-1.034,1,10,0.157,2,0.016,-0.045
50.56,0.903,-1.036,1,10,0.157,2,0.016,0.019
50.69,0.902,-1.037,1,10,0.157,2,0.015,-0.109
50.82,0.900,-1.039,1,10,0.157,2,0.016,-0.045
50.94,0.899,-1.040,1,9,0.167,2,0.016,0.019
51.07,0.898,-1.042,1,9,0.167,2,0.015,-0.109
51.20,0.896,-1.043,1,9,0.167,2,0.016,-0.045
51.33,0.895,-1.045,1,9,0.167,2,0.016,0.019
51.46,0.894,-1.046,1,9,0.167,2,0.015,-0.109
51.58,0.893,-1.048,1,9,0.167,2,0.015,-0.109
51.71,0.891,-1.049,1,9,0.167,2,0.016,0.019
51.84,0.890,-1.051,1,9,0.167,2,0.016,0.019
51.97,0.889,-1.052,1,9,0.167,2,0.015,-0.109
52.10,0.887,-1.054,1,9,0.167,2,0.015,-0.109
52.22,0.886,-1.055,1,9,0.167,2,0.016,0.019
52.35,0.884,-1.056,1,9,0.167,2,0.016,-0.045
52.48,0.883,-1.058,1,9,0.167,2,0.015,-0.109
52.61,0.882,-1.059,1,9,0.167,2,0.016,0.019
52.74,0.880,-1.061,1,9,0.167,2,0.016,-0.045
52.86,0.879,-1.062,1,9,0.167,2,0.015,-0.109
52.99,0.878,-1.063,1,9,0.167,2,0.016,0.019
53.12,0.876,-1.065,1,9,0.167,2,0.016,-0.045
53.25,0.875,-1.066,1,9,0.167,2,0.015,-0.173
53.38,0.873,-1.067,1,9,0.167,2,0.016,-0.045
53.50,0.872,-1.069,1,9,0.167,2,0.016,0.083
53.63,0.870,-1.070,1,9,0.167,2,0.016,-0.045
53.76,0.869,-1.071,1,9,0.167,2,0.015,-0.173
53.89,0.868,-1.073,1,9,0.167,2,0.016,-0.045
54.02,0.866,-1.074,1,9,0.167,2,0.016,0.019
54.14,0.865,-1.075,1,9,0.167,2,0.015,-0.109
54.27,0.863,-1.077,1,9,0.167,2,0.016,-0.045
54.40,0.862,-1.078,1,9,0.167,2,0.016,0.019
54.53,0.860,-1.079,1,9,0.167,2,0.015,-0.109
54.66,0.859,-1.080,1,9,0.167,2,0.015,-0.109
54.78,0.857,-1.082,1,9,0.167,2,0.016,0.019
54.91,0.856,-1.083,1,9,0.167,2,0.016,0.019
55.04,0.854,-1.084,1,9,0.167,2,0.015,-0.109
55.17,0.853,-1.085,1,9,0.167,2,0.015,-0.173
55.30,0.851,-1.086,1,9,0.167,2,0.016,-0.045
55.42,0.849,-1.088,1,9,0.167,2,0.016,0.083
55.55,0.848,-1.089,1,9,0.167,2,0.016,0.019
55.68,0.846,-1.090,1,9,0.167,2,0.015,-0.109
55.81,0.845,-1.091,1,9,0.167,2,0.015,-0.237
55.94,0.843,-1.092,1,9,0.167,2,0.015,-0.109
56.06,0.842,-1.093,1,9,0.167,2,0.016,0.019
56.19,0.840,-1.095,1,9,0.167,2,0.015,0.147
56.32,0.839,-1.096,1,9,0.167,2,0.016,0.019
56.45,0.837,-1.097,1,9,0.167,2,0.015,-0.109
56.58,0.835,-1.098,1,9,0.167,2,0.015,-0.237
56.70,0.834,-1.099,1,9,0.167,2,0.015,-0.173
56.83,0.832,-1.100,1,9,0.167,2,0.016,-0.045
56.96,0.830,-1.101,1,9,0.167,2,0.022,0.045
57.09,0.828,-1.102,1,9,0.167,2,0.015,0.109
57.22,0.827,-1.104,1,9,0.167,2,0.016,-0.019
57.34,0.825,-1.105,1,9,0.167,2,0.015,-0.147
57.47,0.823,-1.106,1,9,0.167,2,0.019,-0.211
57.60,0.821,-1.107,1,9,0.167,2,0.034,-0.094
57.73,0.818,-1.109,1,9,0.167,2,0.020,-0.034
57.86,0.814,-1.111,1,9,0.167,2,0.016,-0.040
57.98,0.812,-1.112,1,9,0.167,2,0.030,-0.168
58.11,0.808,-1.115,1,9,0.167,2,0.059,-0.122
58.24,0.803,-1.117,1,9,0.167,2,0.056,-0.186
58.37,0.795,-1.121,1,9,0.167,2,0.078,-0.253
58.50,0.786,-1.125,0,9,0.176,2,0.091,-0.381
58.62,0.774,-1.130,0,9,0.176,2,0.138,-0.381
58.75,0.758,-1.135,0,9,0.176,2,0.152,-0.509
58.88,0.737,-1.141,0,9,0.176,2,0.213,-0.445
59.01,0.713,-1.147,0,9,0.176,2,0.178,-0.573
59.14,0.691,-1.151,0,9,0.176,2,0.196,-0.509
59.26,0.667,-1.154,0,8,0.185,2,0.196,-0.509
59.39,0.644,-1.155,0,8,0.185,2,0.189,-0.534
59.52,0.624,-1.157,0,8,0.185,2,0.195,-0.512
59.65,0.605,-1.158,0,8,0.185,2,0.195,-0.510
59.78,0.585,-1.159,0,8,0.185,3,0.196,-0.508
59.90,0.565,-1.160,0,8,0.185,3,0.195,-0.511
60.03,0.546,-1.161,0,8,0.185,3,0.196,-0.507
60.16,0.526,-1.162,0,8,0.185,3,0.192,-0.522
60.29,0.507,-1.163,0,8,0.185,3,0.194,-0.515
60.42,0.488,-1.164,0,8,0.185,3,0.194,-0.516
60.54,0.469,-1.166,0,8,0.185,3,0.194,-0.517
60.67,0.450,-1.167,0,7,0.194,3,0.193,-0.518
60.80,0.431,-1.168,0,7,0.194,3,0.191,-0.526
60.93,0.412,-1.169,0,7,0.194,3,0.189,-0.535
61.06,0.393,-1.170,0,7,0.194,3,0.186,-0.544
61.18,0.374,-1.171,0,7,0.194,3,0.192,-0.522
61.31,0.355,-1.172,0,7,0.194,3,0.193,-0.520
61.44,0.336,-1.173,0,7,0.194,3,0.192,-0.524
61.57,0.318,-1.175,0,7,0.194,3,0.191,-0.526
61.70,0.299,-1.176,0,7,0.194,3,0.191,-0.526
61.82,0.281,-1.177,0,7,0.194,3,0.191,-0.527
61.95,0.262,-1.178,0,7,0.194,3,0.191,-0.528
62.08,0.244,-1.179,0,7,0.194,3,0.189,-0.534
62.21,0.226,-1.180,0,7,0.194,3,0.188,-0.536
62.34,0.208,-1.181,0,6,0.204,3,0.191,-0.526
62.46,0.189,-1.182,0,6,0.204,3,0.188,-0.537
62.59,0.172,-1.183,0,6,0.204,3,0.188,-0.537
62.72,0.154,-1.184,0,6,0.204,3,0.185,-0.548
62.85,0.136,-1.185,0,6,0.204,3,0.188,-0.537
62.98,0.118,-1.186,0,6,0.204,3,0.188,-0.537
63.10,0.100,-1.187,0,6,0.204,3,0.188,-0.537
63.23,0.083,-1.189,0,6,0.204,3,0.187,-0.540
63.36,0.065,-1.190,0,6,0.204,3,0.187,-0.540
63.49,0.047,-1.191,0,6,0.204,3,0.186,-0.544
63.62,0.030,-1.192,0,6,0.204,3,0.183,-0.556
63.74,0.013,-1.193,0,6,0.204,3,0.185,-0.549
63.87,-0.005,-1.194,0,5,0.213,3,0.185,-0.549
64.00,-0.022,-1.195,0,5,0.213,3,0.185,-0.549
64.13,-0.039,-1.196,0,5,0.213,3,0.185,-0.550
64.26,-0.056,-1.197,0,5,0.213,3,0.183,-0.556
64.38,-0.073,-1.198,0,5,0.213,3,0.182,-0.559
64.51,-0.090,-1.199,0,5,0.213,3,0.182,-0.559
64.64,-0.108,-1.200,0,5,0.213,3,0.182,-0.560
64.77,-0.125,-1.201,0,5,0.213,3,0.186,-0.546
64.90,-0.143,-1.202,0,5,0.213,3,0.186,-0.546
65.02,-0.160,-1.203,0,5,0.213,3,0.177,-0.578
65.15,-0.177,-1.204,0,5,0.213,3,0.173,-0.592
65.28,-0.194,-1.205,0,5,0.213,3,0.175,-0.585
65.41,-0.211,-1.206,0,5,0.213,3,0.173,-0.592
65.54,-0.228,-1.207,0,4,0.222,3,0.173,-0.592
65.66,-0.245,-1.208,0,4,0.222,3,0.173,-0.592
65.79,-0.261,-1.210,0,4,0.222,3,0.172,-0.596
65.92,-0.278,-1.211,0,4,0.222,3,0.172,-0.599
66.05,-0.294,-1.212,0,4,0.222,3,0.172,-0.599
66.18,-0.311,-1.213,0,4,0.222,3,0.172,-0.599
66.30,-0.327,-1.214,0,4,0.222,3,0.171,-0.601
66.43,-0.344,-1.215,0,4,0.222,3,0.168,-0.612
66.56,-0.359,-1.215,0,4,0.222,3,0.169,-0.610
66.69,-0.375,-1.216,0,4,0.222,3,0.167,-0.614
66.82,-0.390,-1.217,0,4,0.222,3,0.168,-0.614
66.94,-0.404,-1.218,0,4,0.222,3,0.172,-0.596
67.07,-0.419,-1.219,0,4,0.222,3,0.153,-0.669
67.20,-0.432,-1.220,0,4,0.222,3,0.154,-0.663
67.33,-0.444,-1.221,0,4,0.222,3,0.147,-0.689
67.46,-0.456,-1.221,0,3,0.231,3,0.143,-0.705
67.58,-0.466,-1.222,0,3,0.231,3,0.141,-0.714
67.71,-0.476,-1.223,0,3,0.231,3,0.134,-0.739
67.84,-0.485,-1.223,0,3,0.231,3,0.129,-0.759
67.97,-0.494,-1.224,0,3,0.231,3,0.132,-0.746
68.10,-0.503,-1.224,0,3,0.231,3,0.126,-0.770
68.22,-0.512,-1.225,0,3,0.231,3,0.121,-0.788
68.35,-0.518,-1.225,0,3,0.231,3,0.100,-0.863
68.48,-0.523,-1.226,0,3,0.231,3,0.097,-0.876
68.61,-0.527,-1.226,0,3,0.231,3,0.106,-0.842
68.74,-0.532,-1.226,0,3,0.231,3,0.110,-0.829
68.86,-0.538,-1.226,0,3,0.231,3,0.101,-0.861
68.99,-0.543,-1.227,0,3,0.231,3,0.105,-0.848
69.12,-0.546,-1.227,0,3,0.231,3,0.084,-0.925
69.25,-0.547,-1.227,0,3,0.231,3,0.083,-0.927
69.38,-0.547,-1.227,0,3,0.231,3,0.073,-0.965
69.50,-0.548,-1.227,0,3,0.231,3,0.083,-0.930
69.63,-0.549,-1.227,0,3,0.231,3,0.073,-0.966
69.76,-0.550,-1.227,0,3,0.231,3,0.097,-0.876
69.89,-0.555,-1.227,0,3,0.231,3,0.114,-0.812
70.02,-0.564,-1.228,0,3,0.231,3,0.131,-0.748
70.14,-0.571,-1.228,0,3,0.231,3,0.118,-0.797
70.27,-0.577,-1.228,0,3,0.231,3,0.103,-0.853
70.40,-0.580,-1.229,0,3,0.231,3,0.093,-0.892
70.53,-0.582,-1.229,0,3,0.231,3,0.095,-0.885
70.66,-0.585,-1.229,0,3,0.231,3,0.083,-0.927
70.78,-0.586,-1.229,0,3,0.231,3,0.082,-0.934
70.91,-0.588,-1.229,0,3,0.231,3,0.097,-0.875
71.04,-0.591,-1.229,0,3,0.231,3,0.089,-0.907
71.17,-0.592,-1.229,0,3,0.231,3,0.075,-0.960
71.30,-0.594,-1.229,0,3,0.231,3,0.102,-0.856
71.42,-0.598,-1.229,0,3,0.231,3,0.091,-0.897
71.55,-0.601,-1.230,0,3,0.231,3,0.085,-0.923
71.68,-0.602,-1.230,0,3,0.231,3,0.078,-0.946
71.81,-0.602,-1.230,0,3,0.231,3,0.089,-0.905
71.94,-0.606,-1.230,0,3,0.231,3,0.124,-0.777
72.06,-0.615,-1.230,0,3,0.231,3,0.114,-0.814
72.19,-0.620,-1.230,0,3,0.231,3,0.098,-0.874
72.32,-0.623,-1.231,0,3,0.231,3,0.083,-0.928
72.45,-0.625,-1.231,0,3,0.231,3,0.086,-0.919
72.58,-0.625,-1.231,0,3,0.231,3,0.088,-0.909
72.70,-0.626,-1.231,0,3,0.231,3,0.071,-0.973
72.83,-0.628,-1.231,0,3,0.231,3,0.105,-0.845
72.96,-0.635,-1.231,0,3,0.231,3,0.140,-0.717
73.09,-0.647,-1.232,0,3,0.231,3,0.140,-0.717
73.22,-0.656,-1.232,0,3,0.231,3,0.112,-0.822
73.34,-0.660,-1.232,0,3,0.231,3,0.094,-0.886
73.47,-0.661,-1.232,0,3,0.231,3,0.071,-0.974
73.60,-0.663,-1.232,0,3,0.231,3,0.105,-0.846
73.73,-0.669,-1.232,0,3,0.231,3,0.122,-0.782
73.86,-0.677,-1.233,0,2,0.241,3,0.105,-0.846
73.98,-0.679,-1.233,0,2,0.241,3,0.075,-0.958
74.11,-0.680,-1.233,0,2,0.241,3,0.096,-0.881
74.24,-0.686,-1.233,0,2,0.241,3,0.130,-0.753
74.37,-0.696,-1.233,0,2,0.241,3,0.165,-0.625
74.50,-0.710,-1.234,0,2,0.241,3,0.147,-0.689
74.62,-0.720,-1.234,0,2,0.241,3,0.113,-0.817
74.75,-0.724,-1.235,0,2,0.241,3,0.082,-0.930
74.88,-0.724,-1.235,0,2,0.241,3,0.090,-0.902
75.01,-0.728,-1.235,0,2,0.241,3,0.091,-0.899
75.14,-0.730,-1.235,0,2,0.241,3,0.095,-0.884
75.26,-0.733,-1.235,0,2,0.241,3,0.082,-0.931
75.39,-0.734,-1.235,0,2,0.241,3,0.077,-0.952
75.52,-0.735,-1.235,0,2,0.241,3,0.073,-0.965
75.65,-0.736,-1.235,0,2,0.241,3,0.071,-0.974
75.78,-0.737,-1.235,0,2,0.241,3,0.068,-0.986
75.90,-0.738,-1.234,0,2,0.241,3,0.066,-0.991
76.03,-0.740,-1.233,0,2,0.241,3,0.054,-1.036
76.16,-0.742,-1.231,0,2,0.241,3,0.081,-0.935
76.29,-0.746,-1.228,0,2,0.241,3,0.097,-0.877
76.42,-0.755,-1.224,0,2,0.241,3,0.131,-0.749
76.54,-0.770,-1.219,0,2,0.241,3,0.166,-0.621
76.67,-0.791,-1.211,0,2,0.241,3,0.200,-0.493
76.80,-0.814,-1.202,0,2,0.241,3,0.234,-0.365
76.93,-0.840,-1.191,0,2,0.241,3,0.269,-0.237
77.06,-0.865,-1.180,0,2,0.241,3,0.225,-0.365
77.18,-0.887,-1.171,0,2,0.241,3,0.158,-0.493
77.31,-0.903,-1.163,0,1,0.250,3,0.121,-0.621
77.44,-0.915,-1.155,0,1,0.250,3,0.092,-0.749
77.57,-0.925,-1.147,0,1,0.250,3,0.119,-0.621
77.70,-0.938,-1.136,0,1,0.250,3,0.164,-0.493
77.82,-0.953,-1.121,1,1,0.259,3,0.168,-0.365
77.95,-0.969,-1.103,1,1,0.259,3,0.209,-0.237
78.08,-0.987,-1.084,1,1,0.259,3,0.185,-0.109
78.21,-1.003,-1.065,1,1,0.259,3,0.178,0.019
78.34,-1.016,-1.049,1,1,0.259,3,0.141,-0.045
78.46,-1.027,-1.036,1,1,0.259,3,0.105,-0.173
78.59,-1.035,-1.026,1,1,0.259,3,0.087,-0.301
78.72,-1.042,-1.017,1,1,0.259,3,0.101,-0.429
78.85,-1.049,-1.006,1,1,0.259,3,0.102,-0.557
78.98,-1.057,-0.992,1,1,0.259,3,0.157,-0.429
79.10,-1.067,-0.972,1,1,0.259,3,0.221,-0.301
79.23,-1.078,-0.948,1,1,0.259,3,0.203,-0.365
79.36,-1.087,-0.926,1,1,0.259,3,0.194,-0.493
79.49,-1.095,-0.905,1,1,0.259,3,0.166,-0.621
79.62,-1.100,-0.886,2,1,0.259,3,0.131,-0.749
79.74,-1.103,-0.869,2,1,0.259,3,0.166,-0.621
79.87,-1.106,-0.848,2,1,0.259,3,0.200,-0.493
80.00,-1.107,-0.827,2,1,0.259,3,0.183,-0.557
80.13,-1.108,-0.809,2,1,0.259,3,0.148,-0.685
80.26,-1.109,-0.797,2,1,0.259,3,0.125,-0.772
80.38,-1.109,-0.790,2,1,0.259,3,0.113,-0.815
80.51,-1.110,-0.784,2,1,0.259,3,0.106,-0.841
80.64,-1.110,-0.779,2,1,0.259,3,0.099,-0.869
80.77,-1.110,-0.776,2,1,0.259,3,0.092,-0.896
80.90,-1.110,-0.774,2,1,0.259,3,0.087,-0.913
81.02,-1.110,-0.772,2,1,0.259,3,0.084,-0.923
81.15,-1.110,-0.771,2,1,0.259,3,0.083,-0.927
81.28,-1.110,-0.770,2,1,0.259,3,0.085,-0.922
81.41,-1.110,-0.768,2,1,0.259,3,0.087,-0.914
81.54,-1.110,-0.766,2,1,0.259,3,0.089,-0.907
81.66,-1.110,-0.764,2,1,0.259,3,0.094,-0.888
81.79,-1.110,-0.761,2,1,0.259,3,0.097,-0.877
81.92,-1.111,-0.757,2,1,0.259,3,0.102,-0.857
82.05,-1.111,-0.753,2,1,0.259,3,0.105,-0.845
82.18,-1.111,-0.748,2,1,0.259,3,0.107,-0.838
82.30,-1.111,-0.742,2,1,0.259,3,0.109,-0.832
82.43,-1.111,-0.737,2,1,0.259,3,0.110,-0.829
82.56,-1.112,-0.731,2,1,0.259,3,0.111,-0.825
82.69,-1.112,-0.726,2,1,0.259,3,0.109,-0.822
82.82,-1.112,-0.720,2,1,0.259,3,0.105,-0.818
82.94,-1.112,-0.715,2,1,0.259,3,0.108,-0.815
83.07,-1.113,-0.710,2,1,0.259,3,0.106,-0.812
83.20,-1.113,-0.705,2,1,0.259,3,0.100,-0.809
83.33,-1.113,-0.700,2,1,0.259,3,0.097,-0.807
83.46,-1.113,-0.696,2,1,0.259,3,0.092,-0.804
83.58,-1.113,-0.692,2,1,0.259,3,0.088,-0.802
83.71,-1.113,-0.689,2,1,0.259,3,0.086,-0.800
83.84,-1.114,-0.686,2,1,0.259,3,0.084,-0.798
83.97,-1.114,-0.683,2,1,0.259,3,0.085,-0.796
84.10,-1.114,-0.681,2,1,0.259,3,0.082,-0.795
84.22,-1.114,-0.678,2,1,0.259,3,0.078,-0.794
84.35,-1.114,-0.676,2,1,0.259,3,0.076,-0.793
84.48,-1.114,-0.674,3,1,0.259,3,0.083,-0.791
84.61,-1.114,-0.672,3,1,0.259,3,0.079,-0.790
84.74,-1.114,-0.670,3,1,0.259,3,0.075,-0.789
84.86,-1.114,-0.669,3,1,0.259,3,0.080,-0.788
84.99,-1.114,-0.667,3,1,0.259,3,0.079,-0.787
85.12,-1.115,-0.666,3,1,0.259,3,0.074,-0.787
85.25,-1.115,-0.664,3,1,0.259,3,0.074,-0.786
85.38,-1.115,-0.663,3,1,0.259,3,0.071,-0.785
85.50,-1.115,-0.662,3,1,0.259,3,0.075,-0.784
85.63,-1.115,-0.660,3,1,0.259,3,0.073,-0.784
85.76,-1.115,-0.660,3,1,0.259,3,0.070,-0.789
85.89,-1.115,-0.659,3,1,0.259,3,0.068,-0.791
86.02,-1.115,-0.658,3,1,0.259,3,0.072,-0.792
86.14,-1.115,-0.658,3,1,0.259,3,0.067,-0.788
86.27,-1.115,-0.657,3,1,0.259,3,0.065,-0.784
86.40,-1.115,-0.657,3,1,0.259,3,0.075,-0.782
86.53,-1.115,-0.656,3,1,0.259,3,0.067,-0.781
86.66,-1.115,-0.655,3,1,0.259,3,0.064,-0.780
86.78,-1.115,-0.655,3,1,0.259,3,0.066,-0.779
86.91,-1.115,-0.654,3,1,0.259,3,0.063,-0.779
87.04,-1.115,-0.653,3,1,0.259,3,0.064,-0.778
87.17,-1.115,-0.653,3,1,0.259,3,0.059,-0.778
87.30,-1.115,-0.652,3,1,0.259,3,0.067,-0.776
87.42,-1.115,-0.652,3,1,0.259,3,0.070,-0.775
87.55,-1.115,-0.651,3,1,0.259,3,0.068,-0.775
87.68,-1.115,-0.651,3,1,0.259,3,0.063,-0.774
87.81,-1.115,-0.650,3,1,0.259,3,0.064,-0.774
87.94,-1.115,-0.650,3,1,0.259,3,0.068,-0.774
88.06,-1.115,-0.650,3,1,0.259,3,0.061,-0.774
88.19,-1.115,-0.649,3,1,0.259,3,0.060,-0.773
88.32,-1.115,-0.649,3,1,0.259,3,0.066,-0.772
88.45,-1.115,-0.648,3,1,0.259,3,0.062,-0.771
88.58,-1.115,-0.648,3,1,0.259,3,0.062,-0.771
88.70,-1.115,-0.647,3,1,0.259,3,0.064,-0.768
88.83,-1.115,-0.647,3,1,0.259,3,0.063,-0.759
88.96,-1.115,-0.647,3,1,0.259,3,0.069,-0.754
89.09,-1.115,-0.646,3,1,0.259,3,0.064,-0.749
89.22,-1.115,-0.645,3,1,0.259,3,0.063,-0.745
89.34,-1.115,-0.644,3,1,0.259,3,0.062,-0.737
89.47,-1.115,-0.643,3,1,0.259,3,0.065,-0.727
89.60,-1.115,-0.643,3,1,0.259,3,0.057,-0.720
89.73,-1.115,-0.642,3,1,0.259,3,0.061,-0.713
89.86,-1.115,-0.642,3,1,0.259,3,0.060,-0.710
89.98,-1.115,-0.641,3,1,0.259,3,0.066,-0.707
90.11,-1.115,-0.640,3,1,0.259,3,0.058,-0.706
90.24,-1.115,-0.639,3,1,0.259,3,0.055,-0.704
90.37,-1.115,-0.638,3,1,0.259,3,0.049,-0.702
90.50,-1.115,-0.637,3,1,0.259,3,0.060,-0.692
90.62,-1.114,-0.636,3,1,0.259,3,0.058,-0.684
90.75,-1.114,-0.635,3,1,0.259,3,0.060,-0.679
90.88,-1.114,-0.634,3,1,0.259,3,0.058,-0.675
91.01,-1.113,-0.633,3,1,0.259,3,0.062,-0.669
91.14,-1.113,-0.632,3,1,0.259,3,0.061,-0.660
91.26,-1.112,-0.630,3,1,0.259,3,0.047,-0.652
91.39,-1.112,-0.629,3,1,0.259,3,0.058,-0.643
91.52,-1.111,-0.628,3,1,0.259,3,0.058,-0.630
91.65,-1.110,-0.627,3,1,0.259,3,0.061,-0.618
91.78,-1.110,-0.626,3,1,0.259,3,0.060,-0.603
91.90,-1.108,-0.624,3,1,0.259,3,0.058,-0.588
92.03,-1.107,-0.622,3,1,0.259,3,0.051,-0.572
92.16,-1.106,-0.620,3,1,0.259,3,0.050,-0.559
92.29,-1.105,-0.618,3,1,0.259,3,0.053,-0.501
92.42,-1.104,-0.615,3,1,0.259,3,0.052,-0.455
92.54,-1.102,-0.612,3,1,0.259,3,0.058,-0.401
92.67,-1.101,-0.609,3,1,0.259,3,0.059,-0.347
92.80,-1.099,-0.605,3,1,0.259,3,0.029,-0.322
92.93,-1.098,-0.602,3,1,0.259,3,0.039,-0.311
93.06,-1.097,-0.600,3,1,0.259,3,0.036,-0.309
93.18,-1.095,-0.598,3,1,0.259,3,0.025,-0.312
93.31,-1.094,-0.595,3,1,0.259,3,0.033,-0.319
93.44,-1.093,-0.594,3,1,0.259,3,0.028,-0.330
93.57,-1.091,-0.593,3,1,0.259,3,0.014,-0.371
93.70,-1.090,-0.592,3,1,0.259,3,0.023,-0.403
93.82,-1.088,-0.592,3,1,0.259,3,0.020,-0.427
93.95,-1.087,-0.591,3,1,0.259,3,0.017,-0.461
94.08,-1.085,-0.591,3,1,0.259,3,0.013,-0.500
94.21,-1.084,-0.591,3,1,0.259,3,0.013,-0.628
94.34,-1.082,-0.591,3,1,0.259,3,0.012,-0.756
94.46,-1.080,-0.592,3,1,0.259,3,0.016,-0.850
94.59,-1.077,-0.592,3,1,0.259,3,0.023,-0.904
94.72,-1.073,-0.592,3,1,0.259,3,0.029,-0.828
94.85,-1.069,-0.590,3,1,0.259,3,0.059,-0.700
94.98,-1.062,-0.584,3,1,0.259,3,0.103,-0.572
95.10,-1.051,-0.576,3,1,0.259,3,0.134,-0.444
95.23,-1.036,-0.565,3,1,0.259,3,0.166,-0.316
95.36,-1.016,-0.552,3,1,0.259,3,0.201,-0.188
95.49,-0.994,-0.539,3,1,0.259,3,0.191,-0.060
95.62,-0.972,-0.526,3,1,0.259,3,0.172,0.068
95.74,-0.957,-0.517,3,1,0.259,3,0.103,0.175
95.87,-0.947,-0.510,3,1,0.259,3,0.066,0.257
96.00,-0.942,-0.507,3,1,0.259,3,0.030,0.324
96.13,-0.940,-0.505,3,1,0.259,3,0.014,0.302
96.26,-0.939,-0.503,3,1,0.259,3,0.015,0.174
96.38,-0.937,-0.502,3,1,0.259,3,0.016,0.046
96.51,-0.936,-0.501,3,1,0.259,3,0.016,-0.082
96.64,-0.934,-0.500,3,1,0.259,3,0.015,-0.210
96.77,-0.933,-0.499,3,1,0.259,3,0.014,-0.338
96.90,-0.931,-0.498,3,1,0.259,3,0.031,-0.466
97.02,-0.927,-0.496,3,1,0.259,3,0.047,-0.338
97.15,-0.921,-0.492,3,1,0.259,3,0.068,-0.210
97.28,-0.912,-0.487,3,1,0.259,3,0.098,-0.082
97.41,-0.901,-0.481,3,1,0.259,3,0.096,0.046
97.54,-0.892,-0.477,3,2,0.259,3,0.062,0.110
97.66,-0.887,-0.474,3,2,0.259,3,0.040,-0.018
97.79,-0.883,-0.471,3,2,0.259,3,0.042,-0.146
97.92,-0.878,-0.469,3,2,0.259,3,0.061,-0.274
98.05,-0.871,-0.465,3,2,0.259,3,0.075,-0.274
98.18,-0.860,-0.461,3,2,0.259,3,0.111,-0.210
98.30,-0.845,-0.455,3,2,0.259,3,0.147,-0.146
98.43,-0.829,-0.449,4,2,0.259,3,0.145,-0.210
98.56,-0.811,-0.443,4,2,0.259,3,0.146,-0.274
98.69,-0.792,-0.437,4,2,0.259,3,0.182,-0.338
98.82,-0.769,-0.430,4,2,0.259,3,0.215,-0.338
98.94,-0.744,-0.424,4,2,0.259,3,0.207,-0.466
99.07,-0.720,-0.420,4,2,0.259,3,0.173,-0.594
99.20,-0.697,-0.416,4,2,0.259,3,0.207,-0.466
99.33,-0.672,-0.414,4,3,0.259,3,0.242,-0.338
99.46,-0.644,-0.411,4,3,0.259,3,0.242,-0.338
99.58,-0.617,-0.408,4,3,0.259,3,0.242,-0.338
99.71,-0.591,-0.406,4,3,0.259,3,0.224,-0.402
99.84,-0.567,-0.404,4,3,0.259,4,0.190,-0.530
99.97,-0.547,-0.402,4,3,0.259,4,0.190,-0.530
100.10,-0.529,-0.401,4,3,0.259,4,0.176,-0.584
100.22,-0.511,-0.400,4,3,0.259,4,0.175,-0.587
100.35,-0.495,-0.399,4,3,0.259,4,0.168,-0.614
100.48,-0.480,-0.398,4,3,0.259,4,0.165,-0.622
100.61,-0.465,-0.397,4,3,0.259,4,0.168,-0.611
100.74,-0.450,-0.397,4,3,0.259,4,0.170,-0.603
100.86,-0.434,-0.396,4,4,0.259,4,0.174,-0.591
100.99,-0.418,-0.395,4,4,0.259,4,0.174,-0.591
101.12,-0.402,-0.394,4,4,0.259,4,0.176,-0.583
101.25,-0.386,-0.393,4,4,0.259,4,0.176,-0.583
101.38,-0.370,-0.392,4,4,0.259,4,0.174,-0.591
101.50,-0.354,-0.391,4,4,0.259,4,0.174,-0.588
101.63,-0.338,-0.390,4,4,0.259,4,0.172,-0.595
101.76,-0.322,-0.389,4,4,0.259,4,0.174,-0.591
101.89,-0.306,-0.388,4,4,0.259,4,0.168,-0.613
102.02,-0.290,-0.387,4,4,0.259,4,0.167,-0.616
102.14,-0.275,-0.386,4,4,0.259,4,0.172,-0.598
102.27,-0.259,-0.385,4,4,0.259,4,0.167,-0.617
102.40,-0.243,-0.384,4,4,0.259,4,0.166,-0.620
102.53,-0.228,-0.383,4,4,0.259,4,0.164,-0.625
102.66,-0.213,-0.382,4,5,0.259,4,0.164,-0.627
102.78,-0.197,-0.381,4,5,0.259,4,0.166,-0.619
102.91,-0.182,-0.380,4,5,0.259,4,0.164,-0.628
103.04,-0.166,-0.379,4,5,0.259,4,0.165,-0.624
103.17,-0.151,-0.378,4,5,0.259,4,0.165,-0.624
103.30,-0.136,-0.377,4,5,0.259,4,0.162,-0.635
103.42,-0.121,-0.377,4,5,0.259,4,0.164,-0.627
103.55,-0.106,-0.376,4,5,0.259,4,0.164,-0.627
103.68,-0.091,-0.375,4,5,0.259,4,0.164,-0.626
103.81,-0.076,-0.374,4,5,0.259,4,0.164,-0.627
103.94,-0.061,-0.373,4,5,0.259,4,0.160,-0.640
104.06,-0.047,-0.372,4,5,0.259,4,0.144,-0.701
104.19,-0.036,-0.371,4,5,0.259,4,0.161,-0.637
104.32,-0.021,-0.370,4,5,0.259,4,0.161,-0.637
104.45,-0.009,-0.370,4,5,0.259,4,0.144,-0.701
104.58,0.000,-0.369,4,6,0.259,4,0.110,-0.829
104.70,0.006,-0.369,4,6,0.259,4,0.110,-0.829
104.83,0.011,-0.368,4,6,0.259,4,0.093,-0.892
104.96,0.013,-0.368,4,6,0.259,4,0.095,-0.883
105.09,0.016,-0.368,4,6,0.259,4,0.081,-0.936
105.22,0.018,-0.368,4,6,0.259,4,0.083,-0.929
105.34,0.019,-0.368,4,6,0.259,4,0.077,-0.952
105.47,0.022,-0.368,4,6,0.259,4,0.111,-0.824
105.60,0.029,-0.368,4,6,0.259,4,0.145,-0.696
105.73,0.042,-0.367,4,6,0.259,4,0.163,-0.632
105.86,0.057,-0.366,4,6,0.259,4,0.163,-0.632
105.98,0.070,-0.365,4,6,0.259,4,0.128,-0.760
106.11,0.076,-0.365,4,6,0.259,4,0.098,-0.874
106.24,0.078,-0.365,4,6,0.259,4,0.081,-0.937
106.37,0.079,-0.365,4,6,0.259,4,0.081,-0.936
106.50,0.081,-0.365,4,6,0.259,4,0.088,-0.908
106.62,0.082,-0.365,4,6,0.259,4,0.076,-0.954
106.75,0.083,-0.365,4,6,0.259,4,0.076,-0.954
106.88,0.084,-0.365,4,6,0.259,4,0.088,-0.908
107.01,0.086,-0.365,4,6,0.259,4,0.084,-0.925
107.14,0.087,-0.364,4,6,0.259,4,0.085,-0.922
107.26,0.087,-0.364,4,6,0.259,4,0.085,-0.921
107.39,0.089,-0.364,4,6,0.259,4,0.094,-0.886
107.52,0.093,-0.364,4,6,0.259,4,0.089,-0.907
107.65,0.095,-0.364,4,6,0.259,4,0.086,-0.916
107.78,0.096,-0.364,4,6,0.259,4,0.086,-0.918
107.90,0.098,-0.364,4,6,0.259,4,0.085,-0.923
108.03,0.099,-0.364,4,6,0.259,4,0.076,-0.955
108.16,0.099,-0.364,4,6,0.259,4,0.089,-0.905
108.29,0.101,-0.364,4,6,0.259,4,0.088,-0.910
108.42,0.102,-0.364,4,6,0.259,4,0.089,-0.905
108.54,0.105,-0.363,4,6,0.259,4,0.087,-0.914
108.67,0.106,-0.363,4,6,0.259,4,0.079,-0.945
108.80,0.107,-0.363,4,6,0.259,4,0.084,-0.926
108.93,0.108,-0.363,4,6,0.259,4,0.084,-0.926
109.06,0.109,-0.363,4,6,0.259,4,0.088,-0.910
109.18,0.111,-0.363,4,6,0.259,4,0.081,-0.937
109.31,0.111,-0.363,4,6,0.259,4,0.086,-0.917
109.44,0.112,-0.363,4,6,0.259,4,0.080,-0.941
109.57,0.114,-0.363,4,6,0.259,4,0.102,-0.858
109.70,0.118,-0.363,4,6,0.259,4,0.088,-0.910
109.82,0.119,-0.363,4,6,0.259,4,0.081,-0.937
109.95,0.120,-0.363,4,6,0.259,4,0.077,-0.950
110.08,0.120,-0.363,4,6,0.259,4,0.075,-0.957
110.21,0.121,-0.363,4,6,0.259,4,0.090,-0.903
110.34,0.124,-0.363,4,6,0.259,4,0.101,-0.863
110.46,0.128,-0.362,4,6,0.259,4,0.098,-0.872
110.59,0.131,-0.362,4,6,0.259,4,0.089,-0.905
110.72,0.133,-0.362,4,6,0.259,4,0.085,-0.920
110.85,0.134,-0.362,4,6,0.259,4,0.083,-0.928
110.98,0.135,-0.362,4,6,0.259,4,0.082,-0.932
111.10,0.136,-0.362,4,6,0.259,4,0.081,-0.934
111.23,0.137,-0.362,4,6,0.259,4,0.080,-0.938
111.36,0.137,-0.362,4,6,0.259,4,0.080,-0.941
111.49,0.138,-0.362,4,6,0.259,4,0.079,-0.943
111.62,0.138,-0.362,4,6,0.259,4,0.079,-0.943
111.74,0.140,-0.362,4,6,0.259,4,0.084,-0.924
111.87,0.141,-0.362,4,6,0.259,4,0.082,-0.933
112.00,0.142,-0.362,4,6,0.259,4,0.080,-0.938
112.13,0.142,-0.362,4,6,0.259,4,0.081,-0.937
112.26,0.143,-0.361,4,6,0.259,4,0.081,-0.935
112.38,0.144,-0.361,4,6,0.259,4,0.081,-0.934
112.51,0.145,-0.361,4,6,0.259,4,0.082,-0.934
112.64,0.146,-0.361,4,6,0.259,4,0.082,-0.934
112.77,0.146,-0.361,4,6,0.259,4,0.082,-0.933
112.90,0.147,-0.361,4,6,0.259,4,0.082,-0.933
113.02,0.148,-0.361,4,6,0.259,4,0.082,-0.931
113.15,0.149,-0.361,4,6,0.259,4,0.083,-0.928
113.28,0.150,-0.361,4,6,0.259,4,0.084,-0.925
113.41,0.152,-0.361,4,6,0.259,4,0.084,-0.924
113.54,0.153,-0.361,4,6,0.259,4,0.084,-0.923
113.66,0.154,-0.361,4,6,0.259,4,0.084,-0.923
113.79,0.156,-0.361,4,6,0.259,4,0.085,-0.923
113.92,0.157,-0.361,4,6,0.259,4,0.085,-0.922
114.05,0.158,-0.361,4,6,0.259,4,0.085,-0.922
114.18,0.160,-0.361,4,6,0.259,4,0.085,-0.921
114.30,0.161,-0.360,4,6,0.259,4,0.085,-0.921
114.43,0.163,-0.360,4,6,0.259,4,0.085,-0.920
114.56,0.164,-0.360,4,6,0.259,4,0.085,-0.920
114.69,0.166,-0.360,4,6,0.259,4,0.085,-0.919
114.82,0.167,-0.360,4,6,0.259,4,0.086,-0.917
114.94,0.169,-0.360,4,6,0.259,4,0.087,-0.913
115.07,0.171,-0.360,4,6,0.259,4,0.088,-0.911
115.20,0.173,-0.360,4,6,0.259,4,0.088,-0.909
115.33,0.175,-0.360,4,6,0.259,4,0.088,-0.908
115.46,0.177,-0.360,4,6,0.259,4,0.089,-0.907
115.58,0.179,-0.360,4,6,0.259,4,0.089,-0.907
115.71,0.181,-0.359,4,6,0.259,4,0.090,-0.903
115.84,0.183,-0.359,4,6,0.259,4,0.091,-0.900
115.97,0.186,-0.359,4,6,0.259,4,0.091,-0.898
116.10,0.188,-0.359,4,6,0.259,4,0.092,-0.897
116.22,0.191,-0.359,4,6,0.259,4,0.092,-0.895
116.35,0.193,-0.359,4,6,0.259,4,0.092,-0.894
116.48,0.196,-0.359,4,6,0.259,4,0.093,-0.892
116.61,0.199,-0.358,4,6,0.259,4,0.094,-0.888
116.74,0.202,-0.358,4,6,0.259,4,0.094,-0.886
116.86,0.205,-0.358,4,6,0.259,4,0.095,-0.885
116.99,0.208,-0.358,4,6,0.259,4,0.095,-0.884
117.12,0.211,-0.358,4,6,0.259,4,0.095,-0.884
117.25,0.214,-0.358,4,6,0.259,4,0.094,-0.886
117.38,0.217,-0.357,4,6,0.259,4,0.094,-0.887
117.50,0.220,-0.357,4,6,0.259,4,0.094,-0.887
117.63,0.223,-0.357,4,6,0.259,4,0.094,-0.886
117.76,0.226,-0.357,4,7,0.259,4,0.095,-0.885
117.89,0.229,-0.357,4,7,0.259,4,0.095,-0.885
118.02,0.232,-0.357,4,7,0.259,4,0.095,-0.884
118.14,0.235,-0.356,4,7,0.259,4,0.094,-0.886
118.27,0.239,-0.356,4,7,0.259,4,0.110,-0.828
118.40,0.244,-0.356,4,7,0.259,4,0.102,-0.857
118.53,0.248,-0.356,4,7,0.259,4,0.098,-0.871
118.66,0.251,-0.355,4,7,0.259,4,0.097,-0.878
118.78,0.257,-0.355,4,7,0.259,4,0.127,-0.764
118.91,0.266,-0.355,4,7,0.259,4,0.135,-0.736
119.04,0.277,-0.354,4,7,0.259,4,0.148,-0.686
119.17,0.289,-0.353,4,7,0.259,4,0.145,-0.697
119.30,0.301,-0.352,4,7,0.259,4,0.150,-0.677
119.42,0.314,-0.352,4,7,0.259,4,0.153,-0.669
119.55,0.326,-0.351,4,7,0.259,4,0.147,-0.691
119.68,0.338,-0.350,4,7,0.259,4,0.152,-0.672
119.81,0.350,-0.350,4,7,0.259,4,0.163,-0.630
119.94,0.366,-0.349,4,7,0.259,4,0.198,-0.502
120.06,0.388,-0.347,4,7,0.259,4,0.232,-0.374
120.19,0.414,-0.345,4,7,0.259,4,0.232,-0.374
120.32,0.439,-0.344,4,7,0.259,4,0.226,-0.398
120.45,0.463,-0.342,4,8,0.259,4,0.222,-0.411
120.58,0.486,-0.341,4,8,0.259,4,0.220,-0.418
120.70,0.509,-0.339,4,8,0.259,4,0.209,-0.459
120.83,0.531,-0.338,4,8,0.259,4,0.201,-0.488
120.96,0.552,-0.336,4,8,0.259,4,0.198,-0.500
121.09,0.573,-0.335,4,8,0.259,4,0.196,-0.507
121.22,0.592,-0.334,4,8,0.259,4,0.194,-0.516
121.34,0.611,-0.333,4,8,0.259,4,0.194,-0.515
121.47,0.630,-0.331,4,8,0.259,4,0.189,-0.534
121.60,0.648,-0.330,4,8,0.259,4,0.183,-0.556
121.73,0.665,-0.329,4,8,0.259,4,0.179,-0.571
121.86,0.682,-0.328,4,9,0.259,4,0.181,-0.563
121.98,0.698,-0.327,4,9,0.259,4,0.179,-0.572
122.11,0.714,-0.326,4,9,0.259,4,0.167,-0.616
122.24,0.729,-0.325,4,9,0.259,4,0.163,-0.632
122.37,0.744,-0.324,4,9,0.259,4,0.145,-0.696
122.50,0.753,-0.324,4,9,0.259,4,0.112,-0.821
122.62,0.758,-0.323,4,9,0.259,4,0.091,-0.898
122.75,0.759,-0.323,4,9,0.259,4,0.081,-0.936
122.88,0.760,-0.323,4,9,0.259,4,0.076,-0.955
123.01,0.760,-0.323,4,9,0.259,4,0.073,-0.965
123.14,0.761,-0.323,4,9,0.259,4,0.072,-0.970
123.26,0.762,-0.323,4,9,0.259,4,0.071,-0.973
123.39,0.763,-0.323,4,9,0.259,4,0.070,-0.976
123.52,0.764,-0.324,4,9,0.259,4,0.070,-0.978
123.65,0.765,-0.324,4,9,0.259,4,0.069,-0.980
123.78,0.766,-0.326,4,9,0.259,4,0.069,-0.980
123.90,0.767,-0.327,4,9,0.259,4,0.070,-0.978
124.03,0.768,-0.329,4,9,0.259,4,0.070,-0.977
124.16,0.769,-0.332,4,9,0.259,4,0.070,-0.977
124.29,0.771,-0.334,4,9,0.259,4,0.071,-0.975
124.42,0.773,-0.338,4,9,0.259,4,0.072,-0.971
124.54,0.776,-0.341,4,9,0.259,4,0.073,-0.967
124.67,0.780,-0.346,4,9,0.259,4,0.090,-0.903
124.80,0.788,-0.351,4,9,0.259,4,0.112,-0.821
124.93,0.800,-0.357,4,9,0.259,4,0.102,-0.859
125.06,0.809,-0.363,4,9,0.259,4,0.080,-0.939
125.18,0.817,-0.369,4,9,0.259,4,0.067,-0.989
125.31,0.823,-0.376,4,9,0.259,4,0.090,-0.902
125.44,0.832,-0.385,4,9,0.259,4,0.125,-0.774
125.57,0.841,-0.399,4,9,0.259,4,0.159,-0.646
125.70,0.853,-0.417,4,9,0.259,4,0.193,-0.518
125.82,0.864,-0.439,4,9,0.259,4,0.228,-0.390
125.95,0.877,-0.463,3,9,0.259,4,0.262,-0.262
126.08,0.890,-0.488,3,9,0.259,4,0.297,-0.134
126.21,0.903,-0.513,3,10,0.259,4,0.331,-0.006
126.34,0.915,-0.538,3,10,0.259,5,0.300,0.122
126.46,0.928,-0.563,3,10,0.259,5,0.331,-0.006
126.59,0.941,-0.588,3,10,0.259,5,0.297,-0.134
126.72,0.954,-0.613,3,10,0.259,5,0.262,-0.262
126.85,0.967,-0.638,3,10,0.259,5,0.228,-0.390
126.98,0.978,-0.661,3,10,0.259,5,0.193,-0.518
127.10,0.987,-0.681,2,10,0.259,5,0.177,-0.580
127.23,0.994,-0.702,2,10,0.259,5,0.170,-0.604
127.36,0.999,-0.723,2,10,0.259,5,0.169,-0.607
127.49,1.003,-0.743,2,10,0.259,5,0.152,-0.671
127.62,1.005,-0.761,2,10,0.259,5,0.123,-0.780
127.74,1.005,-0.774,2,10,0.259,5,0.105,-0.846
127.87,1.005,-0.779,2,10,0.259,5,0.095,-0.883
128.00,1.004,-0.782,2,10,0.259,5,0.090,-0.903
128.13,1.004,-0.785,2,10,0.259,5,0.087,-0.914
128.26,1.003,-0.787,2,10,0.259,5,0.085,-0.919
128.38,1.003,-0.789,2,10,0.259,5,0.084,-0.923
128.51,1.002,-0.791,2,10,0.259,5,0.084,-0.926
128.64,1.001,-0.793,2,10,0.259,5,0.083,-0.929
128.77,1.000,-0.796,2,10,0.259,5,0.108,-0.834
128.90,0.998,-0.805,2,10,0.259,5,0.143,-0.706
129.02,0.995,-0.820,2,10,0.259,5,0.177,-0.578
129.15,0.992,-0.837,2,10,0.259,5,0.143,-0.706
129.28,0.989,-0.853,2,10,0.259,5,0.174,-0.578
129.41,0.984,-0.874,2,10,0.259,5,0.168,-0.450
129.54,0.978,-0.894,2,10,0.259,5,0.178,-0.322
129.66,0.971,-0.915,1,10,0.259,5,0.141,-0.194
129.79,0.965,-0.932,1,10,0.259,5,0.113,-0.258
129.92,0.960,-0.944,1,10,0.259,5,0.085,-0.386
130.05,0.956,-0.953,1,10,0.259,5,0.089,-0.322
130.18,0.951,-0.962,1,10,0.259,5,0.064,-0.194
130.30,0.947,-0.971,1,10,0.259,5,0.049,-0.066
130.43,0.943,-0.977,1,10,0.259,5,0.062,0.062
130.56,0.940,-0.983,1,10,0.259,5,0.042,-0.066
130.69,0.938,-0.987,1,10,0.259,5,0.044,-0.194
130.82,0.936,-0.991,1,10,0.259,5,0.037,-0.258
130.94,0.933,-0.995,1,10,0.259,5,0.033,-0.130
131.07,0.931,-0.997,1,10,0.259,5,0.032,-0.002
131.20,0.929,-1.001,1,10,0.259,5,0.019,0.124
131.33,0.928,-1.003,1,10,0.259,5,0.023,-0.004
131.46,0.927,-1.005,1,10,0.259,5,0.028,-0.132
131.58,0.925,-1.007,1,10,0.259,5,0.015,-0.260
131.71,0.924,-1.008,1,10,0.259,5,0.015,-0.132
131.84,0.923,-1.010,1,10,0.259,5,0.016,-0.004
131.97,0.922,-1.011,1,10,0.259,5,0.015,0.124
132.10,0.921,-1.013,1,10,0.259,5,0.016,0.060
132.22,0.919,-1.015,1,10,0.259,5,0.016,-0.068
132.35,0.918,-1.016,1,10,0.259,5,0.015,-0.196
132.48,0.917,-1.018,1,10,0.259,5,0.015,-0.196
132.61,0.916,-1.019,1,10,0.259,5,0.016,-0.068
132.74,0.915,-1.021,1,10,0.259,5,0.016,0.060
132.86,0.914,-1.022,1,10,0.259,5,0.015,0.124
132.99,0.912,-1.024,1,10,0.259,5,0.016,-0.004
133.12,0.911,-1.025,1,10,0.259,5,0.015,-0.132
133.25,0.910,-1.027,1,10,0.259,5,0.015,-0.196
133.38,0.909,-1.028,1,10,0.259,5,0.016,-0.068
133.50,0.908,-1.030,1,10,0.259,5,0.016,0.060
133.63,0.906,-1.032,1,10,0.259,5,0.016,0.060
133.76,0.905,-1.033,1,10,0.259,5,0.016,-0.068
133.89,0.904,-1.035,1,10,0.259,5,0.015,-0.196
134.02,0.903,-1.036,1,10,0.259,5,0.015,-0.132
134.14,0.901,-1.038,1,10,0.259,5,0.016,-0.004
134.27,0.900,-1.039,1,10,0.259,5,0.015,0.124
134.40,0.899,-1.041,1,9,0.259,5,0.016,-0.004
134.53,0.898,-1.042,1,9,0.259,5,0.015,-0.132
134.66,0.896,-1.044,1,9,0.259,5,0.015,-0.196
134.78,0.895,-1.045,1,9,0.259,5,0.016,-0.068
134.91,0.894,-1.046,1,9,0.259,5,0.016,0.060
135.04,0.892,-1.048,1,9,0.259,5,0.015,0.124
135.17,0.891,-1.049,1,9,0.259,5,0.016,-0.004
135.30,0.890,-1.051,1,9,0.259,5,0.015,-0.132
135.42,0.889,-1.052,1,9,0.259,5,0.015,-0.260
135.55,0.887,-1.054,1,9,0.259,5,0.015,-0.132
135.68,0.886,-1.055,1,9,0.259,5,0.016,-0.004
135.81,0.885,-1.056,1,9,0.259,5,0.015,0.124
135.94,0.883,-1.058,1,9,0.259,5,0.016,0.060
136.06,0.882,-1.059,1,9,0.259,5,0.016,-0.068
136.19,0.880,-1.061,1,9,0.259,5,0.015,-0.196
136.32,0.879,-1.062,1,9,0.259,5,0.015,-0.196
136.45,0.878,-1.063,1,9,0.259,5,0.016,-0.068
136.58,0.876,-1.065,1,9,0.259,5,0.016,0.060
136.70,0.875,-1.066,1,9,0.259,5,0.015,0.124
136.83,0.873,-1.067,1,9,0.259,5,0.016,-0.004
136.96,0.872,-1.069,1,9,0.259,5,0.015,-0.132
137.09,0.871,-1.070,1,9,0.259,5,0.015,-0.260
137.22,0.869,-1.071,1,9,0.259,5,0.015,-0.132
137.34,0.868,-1.072,1,9,0.259,5,0.016,-0.004
137.47,0.866,-1.074,1,9,0.259,5,0.015,0.124
137.60,0.865,-1.075,1,9,0.259,5,0.016,0.060
137.73,0.863,-1.076,1,9,0.259,5,0.016,-0.068
137.86,0.862,-1.078,1,9,0.259,5,0.015,-0.196
137.98,0.860,-1.079,1,9,0.259,5,0.015,-0.196
138.11,0.859,-1.080,1,9,0.259,5,0.016,-0.068
138.24,0.857,-1.081,1,9,0.259,5,0.016,0.060
138.37,0.856,-1.083,1,9,0.259,5,0.015,0.124
138.50,0.854,-1.084,1,9,0.259,5,0.016,-0.004
138.62,0.853,-1.085,1,9,0.259,5,0.015,-0.132
138.75,0.851,-1.086,1,9,0.259,5,0.015,-0.260
138.88,0.850,-1.087,1,9,0.259,5,0.015,-0.132
139.01,0.848,-1.089,1,9,0.259,5,0.016,-0.004
139.14,0.847,-1.090,1,9,0.259,5,0.015,0.124
139.26,0.845,-1.091,1,9,0.259,5,0.016,0.060
139.39,0.844,-1.092,1,9,0.259,5,0.016,-0.068
139.52,0.842,-1.093,1,9,0.259,5,0.015,-0.196
139.65,0.841,-1.094,1,9,0.259,5,0.015,-0.196
139.78,0.839,-1.095,1,9,0.259,5,0.016,-0.068
139.90,0.837,-1.097,1,9,0.259,5,0.016,0.060
140.03,0.836,-1.098,1,9,0.259,5,0.015,0.124
140.16,0.834,-1.099,1,9,0.259,5,0.016,-0.004
140.29,0.832,-1.100,1,9,0.259,5,0.015,-0.132
140.42,0.831,-1.101,1,9,0.259,5,0.015,-0.260
140.54,0.829,-1.102,1,9,0.259,5,0.015,-0.132
140.67,0.827,-1.103,1,9,0.259,5,0.020,-0.024
140.80,0.825,-1.105,1,9,0.259,5,0.016,0.078
140.93,0.823,-1.106,1,9,0.259,5,0.016,0.014
141.06,0.822,-1.107,1,9,0.259,5,0.015,-0.114
141.18,0.819,-1.108,1,9,0.259,5,0.015,-0.242
141.31,0.816,-1.110,1,9,0.259,5,0.035,-0.119
141.44,0.811,-1.113,1,9,0.259,5,0.046,-0.048
141.57,0.806,-1.116,1,9,0.259,5,0.042,-0.176
141.70,0.801,-1.118,1,9,0.259,5,0.063,-0.304
141.82,0.792,-1.122,1,9,0.259,5,0.087,-0.240
141.95,0.782,-1.127,0,9,0.259,5,0.116,-0.368
142.08,0.769,-1.132,0,9,0.259,5,0.090,-0.496
142.21,0.752,-1.137,0,9,0.259,5,0.179,-0.496
142.34,0.729,-1.143,0,9,0.259,5,0.199,-0.496
142.46,0.706,-1.148,0,9,0.259,5,0.165,-0.624
142.59,0.686,-1.151,0,9,0.259,5,0.182,-0.560
142.72,0.663,-1.153,0,8,0.259,5,0.216,-0.432
142.85,0.639,-1.155,0,8,0.259,5,0.199,-0.496
142.98,0.619,-1.157,0,8,0.259,5,0.191,-0.526
143.10,0.600,-1.158,0,8,0.259,5,0.189,-0.535
143.23,0.582,-1.159,0,8,0.259,6,0.187,-0.541
143.36,0.563,-1.161,0,8,0.259,6,0.191,-0.527
143.49,0.545,-1.162,0,8,0.259,6,0.188,-0.539
143.62,0.526,-1.163,0,8,0.259,6,0.189,-0.533
143.74,0.508,-1.165,0,8,0.259,6,0.188,-0.537
143.87,0.490,-1.166,0,8,0.259,6,0.186,-0.545
144.00,0.471,-1.167,0,8,0.259,6,0.180,-0.569
144.13,0.453,-1.168,0,8,0.259,6,0.186,-0.545
144.26,0.435,-1.170,0,7,0.259,6,0.182,-0.559
144.38,0.417,-1.171,0,7,0.259,6,0.179,-0.570
144.51,0.399,-1.172,0,7,0.259,6,0.182,-0.561
144.64,0.381,-1.173,0,7,0.259,6,0.182,-0.559
144.77,0.363,-1.174,0,7,0.259,6,0.182,-0.561
144.90,0.346,-1.176,0,7,0.259,6,0.181,-0.565
145.02,0.328,-1.177,0,7,0.259,6,0.182,-0.561
145.15,0.310,-1.178,0,7,0.259,6,0.179,-0.571
145.28,0.293,-1.179,0,7,0.259,6,0.178,-0.575
145.41,0.275,-1.180,0,7,0.259,6,0.178,-0.575
145.54,0.257,-1.181,0,7,0.259,6,0.179,-0.572
145.66,0.240,-1.183,0,7,0.259,6,0.179,-0.573
145.79,0.222,-1.184,0,6,0.259,6,0.178,-0.576
145.92,0.205,-1.185,0,6,0.259,6,0.178,-0.576
146.05,0.187,-1.186,0,6,0.259,6,0.177,-0.580
146.18,0.170,-1.187,0,6,0.259,6,0.176,-0.583
146.30,0.153,-1.188,0,6,0.259,6,0.176,-0.583
146.43,0.135,-1.189,0,6,0.259,6,0.176,-0.581
146.56,0.118,-1.190,0,6,0.259,6,0.176,-0.584
146.69,0.101,-1.192,0,6,0.259,6,0.176,-0.582
146.82,0.084,-1.193,0,6,0.259,6,0.175,-0.586
146.94,0.067,-1.194,0,6,0.259,6,0.175,-0.588
147.07,0.050,-1.195,0,6,0.259,6,0.175,-0.588
147.20,0.033,-1.196,0,6,0.259,6,0.175,-0.588
147.33,0.016,-1.197,0,6,0.259,6,0.175,-0.588
147.46,-0.001,-1.198,0,5,0.259,6,0.176,-0.582
147.58,-0.018,-1.199,0,5,0.259,6,0.174,-0.590
147.71,-0.034,-1.200,0,5,0.259,6,0.172,-0.597
147.84,-0.051,-1.201,0,5,0.259,6,0.173,-0.593
147.97,-0.068,-1.202,0,5,0.259,6,0.173,-0.593
148.10,-0.084,-1.203,0,5,0.259,6,0.181,-0.564
148.22,-0.101,-1.204,0,5,0.259,6,0.179,-0.571
148.35,-0.117,-1.205,0,5,0.259,6,0.178,-0.575
148.48,-0.134,-1.206,0,5,0.259,6,0.176,-0.582
148.61,-0.151,-1.207,0,5,0.259,6,0.174,-0.591
148.74,-0.168,-1.208,0,5,0.259,6,0.172,-0.597
148.86,-0.184,-1.209,0,5,0.259,6,0.172,-0.595
148.99,-0.201,-1.210,0,5,0.259,6,0.170,-0.603
149.12,-0.217,-1.211,0,5,0.259,6,0.170,-0.603
149.25,-0.233,-1.212,0,4,0.259,6,0.170,-0.603
149.38,-0.250,-1.213,0,4,0.259,6,0.169,-0.608
149.50,-0.266,-1.214,0,4,0.259,6,0.169,-0.607
149.63,-0.282,-1.215,0,4,0.259,6,0.169,-0.609
149.76,-0.298,-1.216,0,4,0.259,6,0.168,-0.614
149.89,-0.312,-1.217,0,4,0.259,6,0.157,-0.653
150.02,-0.326,-1.218,0,4,0.259,6,0.154,-0.664
150.14,-0.340,-1.219,0,4,0.259,6,0.171,-0.600
150.27,-0.353,-1.220,0,4,0.259,6,0.151,-0.675
150.40,-0.366,-1.220,0,4,0.259,6,0.148,-0.688
150.53,-0.376,-1.221,0,4,0.259,6,0.140,-0.715
150.66,-0.387,-1.222,0,4,0.259,6,0.141,-0.713
150.78,-0.398,-1.222,0,4,0.259,6,0.141,-0.712
150.91,-0.409,-1.223,0,4,0.259,6,0.141,-0.713
151.04,-0.419,-1.224,0,4,0.259,6,0.134,-0.739
151.17,-0.428,-1.224,0,4,0.259,6,0.136,-0.730
151.30,-0.436,-1.225,0,4,0.259,6,0.116,-0.806
151.42,-0.443,-1.225,0,4,0.259,6,0.119,-0.794
151.55,-0.450,-1.226,0,3,0.259,6,0.127,-0.764
151.68,-0.459,-1.226,0,3,0.259,6,0.113,-0.815
151.81,-0.464,-1.226,0,3,0.259,6,0.098,-0.873
151.94,-0.468,-1.227,0,3,0.259,6,0.101,-0.862
152.06,-0.472,-1.227,0,3,0.259,6,0.093,-0.893
152.19,-0.475,-1.227,0,3,0.259,6,0.097,-0.876
152.32,-0.477,-1.227,0,3,0.259,6,0.083,-0.929
152.45,-0.478,-1.227,0,3,0.259,6,0.075,-0.958
152.58,-0.478,-1.227,0,3,0.259,6,0.077,-0.950
152.70,-0.480,-1.227,0,3,0.259,6,0.097,-0.876
152.83,-0.482,-1.228,0,3,0.259,6,0.083,-0.930
152.96,-0.483,-1.228,0,3,0.259,6,0.084,-0.926
153.09,-0.484,-1.228,0,3,0.259,6,0.076,-0.955
153.22,-0.484,-1.228,0,3,0.259,6,0.081,-0.935
153.34,-0.485,-1.228,0,3,0.259,6,0.076,-0.955
153.47,-0.485,-1.228,0,3,0.259,6,0.092,-0.897
153.60,-0.489,-1.228,0,3,0.259,6,0.111,-0.823
153.73,-0.495,-1.228,0,3,0.259,6,0.124,-0.775
153.86,-0.501,-1.228,0,3,0.259,6,0.111,-0.823
153.98,-0.506,-1.229,0,3,0.259,6,0.090,-0.902
154.11,-0.508,-1.229,0,3,0.259,6,0.098,-0.873
154.24,-0.511,-1.229,0,3,0.259,6,0.091,-0.900
154.37,-0.513,-1.229,0,3,0.259,6,0.096,-0.879
154.50,-0.515,-1.229,0,3,0.259,6,0.082,-0.933
154.62,-0.517,-1.229,0,3,0.259,6,0.080,-0.939
154.75,-0.518,-1.229,0,3,0.259,6,0.079,-0.941
154.88,-0.519,-1.229,0,3,0.259,6,0.092,-0.896
155.01,-0.520,-1.229,0,3,0.259,6,0.089,-0.907
155.14,-0.522,-1.230,0,3,0.259,6,0.084,-0.926
155.26,-0.525,-1.230,0,3,0.259,6,0.099,-0.867
155.39,-0.528,-1.230,0,3,0.259,6,0.090,-0.903
155.52,-0.529,-1.230,0,3,0.259,6,0.078,-0.948
155.65,-0.530,-1.230,0,3,0.259,6,0.090,-0.903
155.78,-0.532,-1.230,0,3,0.259,6,0.085,-0.921
155.90,-0.533,-1.230,0,3,0.259,6,0.083,-0.927
156.03,-0.535,-1.230,0,3,0.259,6,0.080,-0.939
156.16,-0.535,-1.230,0,3,0.259,6,0.072,-0.968
156.29,-0.537,-1.230,0,3,0.259,6,0.107,-0.840
156.42,-0.543,-1.230,0,3,0.259,6,0.124,-0.776
156.54,-0.549,-1.231,0,3,0.259,6,0.095,-0.885
156.67,-0.553,-1.231,0,3,0.259,6,0.099,-0.869
156.80,-0.555,-1.231,0,3,0.259,6,0.081,-0.934
156.93,-0.557,-1.231,0,3,0.259,6,0.089,-0.907
157.06,-0.558,-1.231,0,3,0.259,6,0.075,-0.957
157.18,-0.559,-1.231,0,3,0.259,6,0.099,-0.868
157.31,-0.563,-1.231,0,3,0.259,6,0.105,-0.848
157.44,-0.566,-1.231,0,3,0.259,6,0.095,-0.884
157.57,-0.570,-1.232,0,3,0.259,6,0.099,-0.869
157.70,-0.574,-1.232,0,3,0.259,6,0.098,-0.871
157.82,-0.577,-1.232,0,3,0.259,6,0.087,-0.913
157.95,-0.578,-1.232,0,3,0.259,6,0.074,-0.963
158.08,-0.580,-1.232,0,3,0.259,6,0.093,-0.891
158.21,-0.582,-1.232,0,3,0.259,6,0.088,-0.911
158.34,-0.583,-1.232,0,3,0.259,6,0.074,-0.961
158.46,-0.584,-1.232,0,3,0.259,6,0.098,-0.873
158.59,-0.590,-1.232,0,3,0.259,6,0.115,-0.809
158.72,-0.596,-1.233,0,3,0.259,6,0.132,-0.744
158.85,-0.605,-1.233,0,3,0.259,6,0.115,-0.808
158.98,-0.610,-1.233,0,3,0.259,6,0.101,-0.862
159.10,-0.612,-1.233,0,3,0.259,6,0.079,-0.943
159.23,-0.613,-1.233,0,3,0.259,6,0.090,-0.903
159.36,-0.617,-1.234,0,3,0.259,6,0.107,-0.839
159.49,-0.624,-1.234,0,3,0.259,6,0.131,-0.751
159.62,-0.631,-1.234,0,3,0.259,6,0.113,-0.815
159.74,-0.635,-1.234,0,3,0.259,6,0.083,-0.927
159.87,-0.636,-1.234,0,3,0.259,6,0.091,-0.898
160.00,-0.637,-1.234,0,3,0.259,6,0.083,-0.930
160.13,-0.638,-1.234,0,3,0.259,6,0.076,-0.954
160.26,-0.639,-1.234,0,3,0.259,6,0.098,-0.872
160.38,-0.644,-1.235,0,3,0.259,6,0.115,-0.808
160.51,-0.651,-1.235,0,3,0.259,6,0.115,-0.808
160.64,-0.655,-1.235,0,3,0.259,6,0.099,-0.869
160.77,-0.658,-1.235,0,3,0.259,6,0.084,-0.924
160.90,-0.659,-1.235,0,3,0.259,6,0.089,-0.906
161.02,-0.660,-1.235,0,3,0.259,6,0.080,-0.939
161.15,-0.663,-1.235,0,3,0.259,6,0.098,-0.872
161.28,-0.668,-1.236,0,3,0.259,6,0.132,-0.744
161.41,-0.677,-1.236,0,2,0.259,6,0.115,-0.808
161.54,-0.682,-1.236,0,2,0.259,6,0.082,-0.932
161.66,-0.682,-1.236,0,2,0.259,6,0.072,-0.968
161.79,-0.683,-1.236,0,2,0.259,6,0.092,-0.895
161.92,-0.688,-1.236,0,2,0.259,6,0.126,-0.767
162.05,-0.694,-1.236,0,2,0.259,6,0.109,-0.831
162.18,-0.702,-1.237,0,2,0.259,6,0.126,-0.767
162.30,-0.709,-1.237,0,2,0.259,6,0.109,-0.831
162.43,-0.713,-1.237,0,2,0.259,6,0.079,-0.942
162.56,-0.714,-1.237,0,2,0.259,6,0.087,-0.914
162.69,-0.717,-1.237,0,2,0.259,6,0.121,-0.786
162.82,-0.726,-1.238,0,2,0.259,6,0.121,-0.786
162.94,-0.736,-1.238,0,2,0.259,6,0.139,-0.722
163.07,-0.744,-1.238,0,2,0.259,6,0.104,-0.850
163.20,-0.747,-1.238,0,2,0.259,6,0.078,-0.946
163.33,-0.748,-1.238,0,2,0.259,6,0.065,-0.997
163.46,-0.750,-1.238,0,2,0.259,6,0.056,-1.028
163.58,-0.753,-1.237,0,2,0.259,6,0.049,-1.054
163.71,-0.756,-1.235,0,2,0.259,6,0.070,-0.975
163.84,-0.759,-1.231,0,2,0.259,6,0.094,-0.889
163.97,-0.767,-1.227,0,2,0.259,6,0.128,-0.761
164.10,-0.782,-1.221,0,2,0.259,6,0.162,-0.633
164.22,-0.802,-1.212,0,2,0.259,6,0.197,-0.505
164.35,-0.824,-1.202,0,2,0.259,6,0.231,-0.377
164.48,-0.849,-1.189,0,2,0.259,6,0.266,-0.249
164.61,-0.874,-1.176,0,2,0.259,6,0.236,-0.249
164.74,-0.897,-1.165,0,2,0.259,6,0.174,-0.377
164.86,-0.914,-1.155,0,1,0.259,6,0.136,-0.505
164.99,-0.927,-1.146,0,1,0.259,6,0.111,-0.633
165.12,-0.938,-1.138,0,1,0.259,6,0.123,-0.569
165.25,-0.951,-1.126,0,1,0.259,6,0.158,-0.441
165.38,-0.966,-1.111,1,1,0.259,6,0.183,-0.313
165.50,-0.981,-1.094,1,1,0.259,6,0.181,-0.185
165.63,-0.997,-1.076,1,1,0.259,6,0.182,-0.057
165.76,-1.011,-1.059,1,1,0.259,6,0.159,0.007
165.89,-1.022,-1.046,1,1,0.259,6,0.125,-0.121
166.02,-1.031,-1.036,1,1,0.259,6,0.089,-0.249
166.14,-1.039,-1.026,1,1,0.259,6,0.094,-0.377
166.27,-1.046,-1.016,1,1,0.259,6,0.103,-0.505
166.40,-1.053,-1.004,1,1,0.259,6,0.148,-0.441
166.53,-1.063,-0.986,1,1,0.259,6,0.195,-0.313
166.66,-1.074,-0.963,1,1,0.259,6,0.209,-0.313
166.78,-1.084,-0.941,1,1,0.259,6,0.185,-0.441
166.91,-1.092,-0.919,1,1,0.259,6,0.180,-0.569
167.04,-1.099,-0.899,2,1,0.259,6,0.145,-0.697
167.17,-1.102,-0.882,2,1,0.259,6,0.162,-0.633
167.30,-1.105,-0.861,2,1,0.259,6,0.197,-0.505
167.42,-1.107,-0.837,2,1,0.259,6,0.197,-0.505
167.55,-1.109,-0.816,2,1,0.259,6,0.162,-0.633
167.68,-1.109,-0.801,2,1,0.259,6,0.133,-0.744
167.81,-1.110,-0.793,2,1,0.259,6,0.117,-0.802
167.94,-1.110,-0.787,2,1,0.259,6,0.109,-0.831
168.06,-1.110,-0.781,2,1,0.259,6,0.106,-0.844
168.19,-1.110,-0.777,2,1,0.259,6,0.100,-0.867
168.32,-1.110,-0.773,2,1,0.259,6,0.094,-0.888
168.45,-1.110,-0.771,2,1,0.259,6,0.095,-0.882
168.58,-1.110,-0.767,2,1,0.259,6,0.100,-0.863
168.70,-1.110,-0.763,2,1,0.259,6,0.108,-0.837
168.83,-1.110,-0.757,2,1,0.259,6,0.111,-0.823
168.96,-1.111,-0.751,2,1,0.259,6,0.114,-0.814
169.09,-1.111,-0.745,2,1,0.259,6,0.115,-0.808
169.22,-1.111,-0.738,2,1,0.259,6,0.117,-0.803
169.34,-1.111,-0.732,2,1,0.259,6,0.118,-0.798
169.47,-1.111,-0.725,2,1,0.259,6,0.119,-0.794
169.60,-1.111,-0.718,2,1,0.259,6,0.119,-0.790
169.73,-1.112,-0.712,2,1,0.259,6,0.110,-0.787
169.86,-1.112,-0.706,2,1,0.259,6,0.109,-0.783
169.98,-1.112,-0.700,2,1,0.259,6,0.097,-0.780
170.11,-1.112,-0.696,2,1,0.259,6,0.100,-0.777
170.24,-1.112,-0.691,2,1,0.259,6,0.094,-0.774
170.37,-1.112,-0.687,2,1,0.259,6,0.093,-0.772
170.50,-1.112,-0.683,2,1,0.259,6,0.093,-0.769
170.62,-1.112,-0.679,2,1,0.259,6,0.089,-0.767
170.75,-1.113,-0.676,2,1,0.259,6,0.083,-0.766
170.88,-1.113,-0.673,3,1,0.259,6,0.082,-0.764
171.01,-1.113,-0.671,3,1,0.259,6,0.084,-0.762
171.14,-1.113,-0.668,3,1,0.259,6,0.075,-0.761
171.26,-1.113,-0.666,3,1,0.259,6,0.080,-0.764
171.39,-1.113,-0.663,3,1,0.259,6,0.078,-0.766
171.52,-1.113,-0.662,3,1,0.259,6,0.077,-0.767
171.65,-1.113,-0.660,3,1,0.259,6,0.070,-0.767
171.78,-1.113,-0.659,3,1,0.259,6,0.072,-0.767
171.90,-1.113,-0.658,3,1,0.259,6,0.073,-0.766
172.03,-1.113,-0.657,3,1,0.259,6,0.069,-0.766
172.16,-1.113,-0.655,3,1,0.259,6,0.061,-0.765
172.29,-1.113,-0.655,3,1,0.259,6,0.070,-0.765
172.42,-1.113,-0.653,3,1,0.259,6,0.061,-0.765
172.54,-1.113,-0.653,3,1,0.259,6,0.068,-0.764
172.67,-1.113,-0.652,3,1,0.259,6,0.071,-0.764
172.80,-1.113,-0.652,3,1,0.259,6,0.067,-0.763
172.93,-1.113,-0.651,3,1,0.259,6,0.068,-0.763
173.06,-1.113,-0.650,3,1,0.259,6,0.066,-0.763
173.18,-1.113,-0.650,3,1,0.259,6,0.060,-0.763
173.31,-1.113,-0.649,3,1,0.259,6,0.064,-0.761
173.44,-1.113,-0.648,3,1,0.259,6,0.063,-0.761
173.57,-1.113,-0.648,3,1,0.259,6,0.069,-0.760
173.70,-1.113,-0.647,3,1,0.259,6,0.062,-0.759
173.82,-1.113,-0.647,3,1,0.259,6,0.061,-0.753
173.95,-1.113,-0.647,3,1,0.259,6,0.064,-0.748
174.08,-1.113,-0.646,3,1,0.259,6,0.067,-0.745
174.21,-1.113,-0.646,3,1,0.259,6,0.067,-0.743
174.34,-1.113,-0.645,3,1,0.259,6,0.070,-0.742
174.46,-1.113,-0.644,3,1,0.259,6,0.067,-0.741
174.59,-1.113,-0.644,3,1,0.259,6,0.058,-0.740
174.72,-1.113,-0.643,3,1,0.259,6,0.068,-0.739
174.85,-1.113,-0.642,3,1,0.259,6,0.059,-0.738
174.98,-1.113,-0.642,3,1,0.259,6,0.056,-0.735
175.10,-1.113,-0.642,3,1,0.259,6,0.061,-0.732
175.23,-1.113,-0.641,3,1,0.259,6,0.062,-0.730
175.36,-1.113,-0.641,3,1,0.259,6,0.049,-0.726
175.49,-1.113,-0.640,3,1,0.259,6,0.065,-0.717
175.62,-1.113,-0.639,3,1,0.259,6,0.058,-0.710
175.74,-1.113,-0.638,3,1,0.259,6,0.058,-0.706
175.87,-1.113,-0.638,3,1,0.259,6,0.054,-0.704
176.00,-1.113,-0.637,3,1,0.259,6,0.058,-0.701
176.13,-1.113,-0.636,3,1,0.259,6,0.057,-0.695
176.26,-1.113,-0.636,3,1,0.259,6,0.063,-0.684
176.38,-1.112,-0.635,3,1,0.259,6,0.059,-0.677
176.51,-1.112,-0.634,3,1,0.259,6,0.065,-0.668
176.64,-1.112,-0.633,3,1,0.259,6,0.061,-0.658
176.77,-1.111,-0.632,3,1,0.259,6,0.046,-0.650
176.90,-1.111,-0.631,3,1,0.259,6,0.061,-0.636
177.02,-1.110,-0.629,3,1,0.259,6,0.059,-0.625
177.15,-1.109,-0.628,3,1,0.259,6,0.059,-0.613
177.28,-1.108,-0.625,3,1,0.259,6,0.052,-0.599
177.41,-1.107,-0.623,3,1,0.259,6,0.056,-0.582
177.54,-1.106,-0.622,3,1,0.259,6,0.060,-0.567
177.66,-1.105,-0.619,3,1,0.259,6,0.048,-0.554
177.79,-1.103,-0.617,3,1,0.259,6,0.055,-0.521
177.92,-1.102,-0.615,3,1,0.259,6,0.047,-0.409
178.05,-1.101,-0.612,3,1,0.259,6,0.047,-0.349
178.18,-1.099,-0.607,3,1,0.259,6,0.041,-0.320
178.30,-1.098,-0.604,3,1,0.259,6,0.026,-0.309
178.43,-1.097,-0.601,3,1,0.259,6,0.040,-0.306
178.56,-1.095,-0.599,3,1,0.259,6,0.036,-0.307
178.69,-1.094,-0.596,3,1,0.259,6,0.029,-0.313
178.82,-1.093,-0.595,3,1,0.259,6,0.027,-0.321
178.94,-1.091,-0.593,3,1,0.259,6,0.032,-0.332
179.07,-1.090,-0.592,3,1,0.259,6,0.025,-0.346
179.20,-1.088,-0.592,3,1,0.259,6,0.023,-0.386
179.33,-1.087,-0.591,3,1,0.259,6,0.018,-0.417
179.46,-1.085,-0.591,3,1,0.259,6,0.014,-0.486
179.58,-1.084,-0.590,3,1,0.259,6,0.016,-0.542
179.71,-1.082,-0.590,3,1,0.259,6,0.013,-0.632
179.84,-1.081,-0.590,3,1,0.259,6,0.012,-0.760
179.97,-1.078,-0.591,3,1,0.259,6,0.017,-0.816
180.10,-1.075,-0.592,3,1,0.259,6,0.022,-0.887
180.22,-1.072,-0.592,3,1,0.259,6,0.030,-0.815
180.35,-1.067,-0.589,3,1,0.259,6,0.063,-0.687
180.48,-1.061,-0.584,3,1,0.259,6,0.092,-0.559
180.61,-1.050,-0.575,3,1,0.259,6,0.140,-0.431
180.74,-1.034,-0.564,3,1,0.259,6,0.169,-0.303
180.86,-1.015,-0.552,3,1,0.259,6,0.185,-0.175
180.99,-0.994,-0.539,3,1,0.259,6,0.200,-0.047
181.12,-0.974,-0.527,3,1,0.259,6,0.147,0.081
181.25,-0.960,-0.518,3,1,0.259,6,0.097,0.161
181.38,-0.950,-0.512,3,1,0.259,6,0.055,0.260
181.50,-0.946,-0.508,3,1,0.259,6,0.014,0.350
181.63,-0.945,-0.507,3,1,0.259,6,0.015,0.286
181.76,-0.944,-0.505,3,1,0.259,6,0.015,0.158
181.89,-0.942,-0.504,3,1,0.259,6,0.016,0.030
182.02,-0.941,-0.503,3,1,0.259,6,0.016,-0.098
182.14,-0.939,-0.502,3,1,0.259,6,0.015,-0.226
182.27,-0.938,-0.500,3,1,0.259,6,0.014,-0.354
182.40,-0.936,-0.500,3,1,0.259,6,0.014,-0.418
182.53,-0.932,-0.497,3,1,0.259,6,0.061,-0.290
182.66,-0.926,-0.494,3,1,0.259,6,0.064,-0.162
182.78,-0.917,-0.489,3,1,0.259,6,0.095,-0.034
182.91,-0.907,-0.483,3,1,0.259,6,0.040,0.094
183.04,-0.902,-0.480,3,1,0.259,6,0.051,0.030
183.17,-0.897,-0.477,3,2,0.259,6,0.039,-0.098
183.30,-0.892,-0.475,3,2,0.259,6,0.032,-0.162
183.42,-0.888,-0.473,3,2,0.259,6,0.041,-0.290
183.55,-0.881,-0.469,3,2,0.259,6,0.094,-0.162
183.68,-0.871,-0.464,3,2,0.259,6,0.101,-0.098
183.81,-0.860,-0.460,3,2,0.259,6,0.099,-0.162
183.94,-0.848,-0.454,3,2,0.259,6,0.119,-0.162
184.06,-0.835,-0.449,4,2,0.259,6,0.107,-0.226
184.19,-0.822,-0.444,4,2,0.259,6,0.130,-0.354
184.32,-0.804,-0.439,4,2,0.259,6,0.168,-0.354
184.45,-0.781,-0.432,4,2,0.259,6,0.224,-0.290
184.58,-0.755,-0.426,4,2,0.259,6,0.244,-0.290
184.70,-0.729,-0.420,4,2,0.259,6,0.213,-0.418
184.83,-0.705,-0.415,4,2,0.259,6,0.186,-0.546
184.96,-0.683,-0.411,4,2,0.259,6,0.169,-0.610
185.09,-0.662,-0.409,4,3,0.259,6,0.203,-0.482
185.22,-0.639,-0.408,4,3,0.259,6,0.237,-0.354
185.34,-0.611,-0.405,4,3,0.259,6,0.272,-0.226
185.47,-0.583,-0.403,4,3,0.259,7,0.255,-0.290
185.60,-0.556,-0.401,4,3,0.259,7,0.220,-0.418
185.73,-0.532,-0.399,4,3,0.259,7,0.203,-0.482
185.86,-0.512,-0.398,4,3,0.259,7,0.170,-0.604
185.98,-0.496,-0.397,4,3,0.259,7,0.165,-0.624
186.11,-0.482,-0.396,4,3,0.259,7,0.164,-0.628
186.24,-0.467,-0.395,4,3,0.259,7,0.167,-0.618
186.37,-0.452,-0.394,4,3,0.259,7,0.169,-0.607
186.50,-0.437,-0.394,4,4,0.259,7,0.173,-0.595
186.62,-0.420,-0.393,4,4,0.259,7,0.174,-0.590
186.75,-0.404,-0.392,4,4,0.259,7,0.175,-0.585
186.88,-0.388,-0.391,4,4,0.259,7,0.170,-0.604
187.01,-0.372,-0.390,4,4,0.259,7,0.172,-0.596
187.14,-0.356,-0.389,4,4,0.259,7,0.176,-0.582
187.26,-0.341,-0.388,4,4,0.259,7,0.172,-0.597
187.39,-0.325,-0.387,4,4,0.259,7,0.168,-0.613
187.52,-0.309,-0.386,4,4,0.259,7,0.172,-0.595
187.65,-0.293,-0.385,4,4,0.259,7,0.174,-0.590
187.78,-0.278,-0.384,4,4,0.259,7,0.174,-0.592
187.90,-0.262,-0.383,4,4,0.259,7,0.174,-0.590
188.03,-0.246,-0.382,4,4,0.259,7,0.173,-0.594
188.16,-0.231,-0.382,4,4,0.259,7,0.172,-0.599
188.29,-0.215,-0.381,4,5,0.259,7,0.167,-0.614
188.42,-0.200,-0.380,4,5,0.259,7,0.165,-0.623
188.54,-0.185,-0.379,4,5,0.259,7,0.165,-0.623
188.67,-0.169,-0.378,4,5,0.259,7,0.165,-0.623
188.80,-0.154,-0.377,4,5,0.259,7,0.162,-0.635
188.93,-0.139,-0.376,4,5,0.259,7,0.164,-0.629
189.06,-0.124,-0.375,4,5,0.259,7,0.162,-0.634
189.18,-0.109,-0.374,4,5,0.259,7,0.162,-0.634
189.31,-0.094,-0.373,4,5,0.259,7,0.162,-0.634
189.44,-0.079,-0.372,4,5,0.259,7,0.162,-0.634
189.57,-0.064,-0.372,4,5,0.259,7,0.162,-0.634
189.70,-0.050,-0.371,4,5,0.259,7,0.145,-0.699
189.82,-0.037,-0.370,4,5,0.259,7,0.162,-0.635
189.95,-0.022,-0.369,4,5,0.259,7,0.161,-0.636
190.08,-0.008,-0.368,4,5,0.259,7,0.144,-0.700
190.21,0.001,-0.368,4,6,0.259,7,0.110,-0.828
190.34,0.005,-0.367,4,6,0.259,7,0.094,-0.888
190.46,0.009,-0.367,4,6,0.259,7,0.094,-0.888
190.59,0.010,-0.367,4,6,0.259,7,0.083,-0.927
190.72,0.013,-0.367,4,6,0.259,7,0.100,-0.863
190.85,0.015,-0.367,4,6,0.259,7,0.073,-0.966
190.98,0.016,-0.367,4,6,0.259,7,0.093,-0.890
191.10,0.019,-0.367,4,6,0.259,7,0.095,-0.885
191.23,0.022,-0.366,4,6,0.259,7,0.082,-0.934
191.36,0.023,-0.366,4,6,0.259,7,0.087,-0.913
191.49,0.025,-0.366,4,6,0.259,7,0.078,-0.946
191.62,0.026,-0.366,4,6,0.259,7,0.084,-0.923
191.74,0.028,-0.366,4,6,0.259,7,0.088,-0.910
191.87,0.030,-0.366,4,6,0.259,7,0.079,-0.945
192.00,0.031,-0.366,4,6,0.259,7,0.088,-0.911
192.13,0.035,-0.366,4,6,0.259,7,0.122,-0.783
192.26,0.044,-0.365,4,6,0.259,7,0.156,-0.655
192.38,0.057,-0.365,4,6,0.259,7,0.139,-0.719
192.51,0.066,-0.364,4,6,0.259,7,0.122,-0.783
192.64,0.071,-0.364,4,6,0.259,7,0.092,-0.894
192.77,0.073,-0.364,4,6,0.259,7,0.078,-0.949
192.90,0.073,-0.364,4,6,0.259,7,0.090,-0.901
193.02,0.075,-0.364,4,6,0.259,7,0.085,-0.919
193.15,0.078,-0.363,4,6,0.259,7,0.091,-0.897
193.28,0.080,-0.363,4,6,0.259,7,0.089,-0.907
193.41,0.081,-0.363,4,6,0.259,7,0.076,-0.954
193.54,0.082,-0.363,4,6,0.259,7,0.100,-0.865
193.66,0.086,-0.363,4,6,0.259,7,0.091,-0.899
193.79,0.089,-0.363,4,6,0.259,7,0.099,-0.868
193.92,0.091,-0.363,4,6,0.259,7,0.083,-0.928
194.05,0.092,-0.363,4,6,0.259,7,0.096,-0.882
194.18,0.094,-0.363,4,6,0.259,7,0.093,-0.892
194.30,0.096,-0.363,4,6,0.259,7,0.080,-0.940
194.43,0.097,-0.362,4,6,0.259,7,0.080,-0.940
194.56,0.098,-0.362,4,6,0.259,7,0.083,-0.928
194.69,0.101,-0.362,4,6,0.259,7,0.103,-0.855
194.82,0.105,-0.362,4,6,0.259,7,0.097,-0.876
194.94,0.107,-0.362,4,6,0.259,7,0.084,-0.925
195.07,0.108,-0.362,4,6,0.259,7,0.078,-0.947
195.20,0.108,-0.362,4,6,0.259,7,0.075,-0.959
195.33,0.109,-0.362,4,6,0.259,7,0.100,-0.866
195.46,0.114,-0.362,4,6,0.259,7,0.119,-0.794
195.58,0.120,-0.361,4,6,0.259,7,0.098,-0.874
195.71,0.124,-0.361,4,6,0.259,7,0.107,-0.841
195.84,0.128,-0.361,4,6,0.259,7,0.093,-0.893
195.97,0.131,-0.361,4,6,0.259,7,0.094,-0.889
196.10,0.133,-0.361,4,6,0.259,7,0.087,-0.912
196.22,0.135,-0.361,4,6,0.259,7,0.083,-0.927
196.35,0.136,-0.360,4,6,0.259,7,0.081,-0.936
196.48,0.137,-0.360,4,6,0.259,7,0.080,-0.941
196.61,0.137,-0.360,4,6,0.259,7,0.079,-0.943
196.74,0.138,-0.360,4,6,0.259,7,0.087,-0.912
196.86,0.139,-0.360,4,6,0.259,7,0.083,-0.928
196.99,0.140,-0.360,4,6,0.259,7,0.081,-0.936
197.12,0.141,-0.360,4,6,0.259,7,0.080,-0.940
197.25,0.141,-0.360,4,6,0.259,7,0.079,-0.942
197.38,0.142,-0.360,4,6,0.259,7,0.080,-0.941
197.50,0.142,-0.360,4,6,0.259,7,0.080,-0.938
197.63,0.143,-0.360,4,6,0.259,7,0.081,-0.937
197.76,0.144,-0.360,4,6,0.259,7,0.081,-0.936
197.89,0.145,-0.360,4,6,0.259,7,0.081,-0.935
198.02,0.145,-0.360,4,6,0.259,7,0.081,-0.935
198.14,0.146,-0.360,4,6,0.259,7,0.081,-0.935
198.27,0.147,-0.360,4,6,0.259,7,0.081,-0.935
198.40,0.148,-0.360,4,6,0.259,7,0.082,-0.933
198.53,0.149,-0.360,4,6,0.259,7,0.083,-0.929
198.66,0.150,-0.360,4,6,0.259,7,0.083,-0.927
198.78,0.151,-0.360,4,6,0.259,7,0.084,-0.926
198.91,0.152,-0.360,4,6,0.259,7,0.084,-0.925
199.04,0.154,-0.360,4,6,0.259,7,0.084,-0.924
199.17,0.155,-0.359,4,6,0.259,7,0.084,-0.924
199.30,0.156,-0.359,4,6,0.259,7,0.084,-0.924
199.42,0.157,-0.359,4,6,0.259,7,0.083,-0.927
199.55,0.159,-0.359,4,6,0.259,7,0.083,-0.929
199.68,0.160,-0.359,4,6,0.259,7,0.083,-0.929
199.81,0.161,-0.359,4,6,0.259,7,0.084,-0.925
199.94,0.162,-0.359,4,6,0.259,7,0.084,-0.923
200.06,0.163,-0.359,4,6,0.259,7,0.085,-0.922
200.19,0.165,-0.359,4,6,0.259,7,0.085,-0.921
200.32,0.166,-0.359,4,6,0.259,7,0.085,-0.919
200.45,0.168,-0.359,4,6,0.259,7,0.087,-0.915
200.58,0.170,-0.359,4,6,0.259,7,0.087,-0.913
200.70,0.172,-0.359,4,6,0.259,7,0.088,-0.911
200.83,0.173,-0.358,4,6,0.259,7,0.088,-0.910
200.96,0.175,-0.358,4,6,0.259,7,0.088,-0.909
201.09,0.177,-0.358,4,6,0.259,7,0.088,-0.909
201.22,0.179,-0.358,4,6,0.259,7,0.089,-0.907
201.34,0.182,-0.358,4,6,0.259,7,0.090,-0.902
201.47,0.184,-0.358,4,6,0.259,7,0.090,-0.902
201.60,0.186,-0.358,4,6,0.259,7,0.090,-0.902
201.73,0.188,-0.358,4,6,0.259,7,0.091,-0.899
201.86,0.191,-0.357,4,6,0.259,7,0.092,-0.897
201.98,0.193,-0.357,4,6,0.259,7,0.092,-0.895
202.11,0.196,-0.357,4,6,0.259,7,0.092,-0.894
202.24,0.199,-0.357,4,6,0.259,7,0.093,-0.893
202.37,0.201,-0.357,4,6,0.259,7,0.093,-0.891
202.50,0.204,-0.357,4,6,0.259,7,0.094,-0.888
202.62,0.207,-0.357,4,6,0.259,7,0.094,-0.887
202.75,0.210,-0.356,4,6,0.259,7,0.094,-0.889
202.88,0.213,-0.356,4,6,0.259,7,0.093,-0.889
203.01,0.216,-0.356,4,6,0.259,7,0.093,-0.890
203.14,0.219,-0.356,4,6,0.259,7,0.094,-0.889
203.26,0.222,-0.356,4,6,0.259,7,0.094,-0.888
203.39,0.225,-0.356,4,6,0.259,7,0.094,-0.887
203.52,0.228,-0.355,4,7,0.259,7,0.099,-0.867
203.65,0.232,-0.355,4,7,0.259,7,0.096,-0.879
203.78,0.235,-0.355,4,7,0.259,7,0.095,-0.886
203.90,0.238,-0.355,4,7,0.259,7,0.094,-0.888
204.03,0.242,-0.355,4,7,0.259,7,0.108,-0.834
204.16,0.248,-0.354,4,7,0.259,7,0.108,-0.837
204.29,0.253,-0.354,4,7,0.259,7,0.110,-0.829
204.42,0.258,-0.354,4,7,0.259,7,0.111,-0.824
204.54,0.265,-0.353,4,7,0.259,7,0.129,-0.758
204.67,0.275,-0.353,4,7,0.259,7,0.145,-0.698
204.80,0.287,-0.352,4,7,0.259,7,0.150,-0.679
204.93,0.299,-0.351,4,7,0.259,7,0.146,-0.695
205.06,0.311,-0.350,4,7,0.259,7,0.150,-0.680
205.18,0.324,-0.350,4,7,0.259,7,0.154,-0.665
205.31,0.336,-0.349,4,7,0.259,7,0.149,-0.683
205.44,0.348,-0.348,4,7,0.259,7,0.147,-0.692
205.57,0.362,-0.348,4,7,0.259,7,0.181,-0.564
205.70,0.381,-0.346,4,7,0.259,7,0.215,-0.436
205.82,0.405,-0.345,4,7,0.259,7,0.231,-0.378
205.95,0.431,-0.343,4,7,0.259,7,0.228,-0.390
206.08,0.455,-0.341,4,8,0.259,7,0.218,-0.425
206.21,0.479,-0.340,4,8,0.259,7,0.215,-0.438
206.34,0.502,-0.338,4,8,0.259,7,0.210,-0.456
206.46,0.524,-0.337,4,8,0.259,7,0.204,-0.479
206.59,0.545,-0.335,4,8,0.259,7,0.203,-0.483
206.72,0.566,-0.334,4,8,0.259,7,0.193,-0.519
206.85,0.586,-0.333,4,8,0.259,7,0.189,-0.533
206.98,0.605,-0.332,4,8,0.259,7,0.186,-0.546
207.10,0.624,-0.330,4,8,0.259,7,0.183,-0.557
207.23,0.642,-0.329,4,8,0.259,7,0.179,-0.571
207.36,0.659,-0.328,4,8,0.259,7,0.175,-0.587
207.49,0.676,-0.327,4,9,0.259,7,0.174,-0.591
207.62,0.693,-0.326,4,9,0.259,7,0.169,-0.610
207.74,0.709,-0.325,4,9,0.259,7,0.167,-0.614
207.87,0.724,-0.324,4,9,0.259,7,0.164,-0.628
208.00,0.739,-0.323,4,9,0.259,7,0.146,-0.692
208.13,0.749,-0.322,4,9,0.259,7,0.113,-0.818
208.26,0.753,-0.322,4,9,0.259,7,0.091,-0.897
208.38,0.755,-0.322,4,9,0.259,7,0.080,-0.939
208.51,0.755,-0.322,4,9,0.259,7,0.075,-0.960
208.64,0.756,-0.322,4,9,0.259,7,0.072,-0.971
208.77,0.757,-0.322,4,9,0.259,7,0.070,-0.977
208.90,0.758,-0.322,4,9,0.259,7,0.069,-0.980
209.02,0.760,-0.323,4,9,0.259,7,0.069,-0.982
209.15,0.761,-0.323,4,9,0.259,7,0.068,-0.985
209.28,0.762,-0.325,4,9,0.259,7,0.068,-0.983
209.41,0.763,-0.327,4,9,0.259,7,0.068,-0.983
209.54,0.764,-0.329,4,9,0.259,7,0.069,-0.982
209.66,0.765,-0.331,4,9,0.259,7,0.069,-0.982
209.79,0.767,-0.334,4,9,0.259,7,0.069,-0.979
209.92,0.769,-0.338,4,9,0.259,7,0.070,-0.976
210.05,0.772,-0.342,4,9,0.259,7,0.071,-0.972
210.18,0.778,-0.347,4,9,0.259,7,0.102,-0.858
210.30,0.788,-0.353,4,9,0.259,7,0.098,-0.874
210.43,0.797,-0.359,4,9,0.259,7,0.079,-0.943
210.56,0.804,-0.365,4,9,0.259,7,0.067,-0.986
210.69,0.811,-0.371,4,9,0.259,7,0.102,-0.858
210.82,0.820,-0.381,4,9,0.259,7,0.136,-0.730
210.94,0.832,-0.396,4,9,0.259,7,0.171,-0.602
211.07,0.845,-0.414,4,9,0.259,7,0.205,-0.474
211.20,0.859,-0.435,4,9,0.259,7,0.239,-0.346
211.33,0.874,-0.459,3,9,0.259,7,0.274,-0.218
211.46,0.889,-0.483,3,9,0.259,7,0.308,-0.090
211.58,0.904,-0.506,3,10,0.259,7,0.274,-0.218
211.71,0.919,-0.530,3,10,0.259,7,0.239,-0.346
211.84,0.933,-0.552,3,10,0.259,7,0.205,-0.474
211.97,0.945,-0.573,3,10,0.259,8,0.171,-0.602
212.10,0.954,-0.592,3,10,0.259,8,0.179,-0.571
212.22,0.962,-0.613,3,10,0.259,8,0.186,-0.545
212.35,0.970,-0.635,3,10,0.259,8,0.183,-0.556
212.48,0.975,-0.656,3,10,0.259,8,0.180,-0.568
212.61,0.980,-0.679,2,10,0.259,8,0.214,-0.440
212.74,0.984,-0.705,2,10,0.259,8,0.197,-0.504
212.86,0.987,-0.727,2,10,0.259,8,0.168,-0.613
212.99,0.988,-0.748,2,10,0.259,8,0.185,-0.549
213.12,0.989,-0.764,2,10,0.259,8,0.151,-0.677
213.25,0.989,-0.775,2,10,0.259,8,0.122,-0.783
213.38,0.990,-0.781,2,10,0.259,8,0.107,-0.837
213.50,0.990,-0.786,2,10,0.259,8,0.100,-0.865
213.63,0.990,-0.789,2,10,0.259,8,0.096,-0.879
213.76,0.990,-0.793,2,10,0.259,8,0.095,-0.885
213.89,0.990,-0.796,2,10,0.259,8,0.094,-0.888
214.02,0.991,-0.798,2,10,0.259,8,0.093,-0.889
214.14,0.991,-0.801,2,10,0.259,8,0.093,-0.890
214.27,0.991,-0.804,2,10,0.259,8,0.094,-0.889
214.40,0.991,-0.807,2,10,0.259,8,0.094,-0.888
214.53,0.991,-0.810,2,10,0.259,8,0.094,-0.887
214.66,0.991,-0.813,2,10,0.259,8,0.094,-0.886
214.78,0.991,-0.816,2,10,0.259,8,0.095,-0.885
214.91,0.992,-0.819,2,10,0.259,8,0.095,-0.884
215.04,0.992,-0.822,2,10,0.259,8,0.095,-0.883
215.17,0.992,-0.825,2,10,0.259,8,0.095,-0.882
215.30,0.992,-0.828,2,10,0.259,8,0.096,-0.881
215.42,0.992,-0.832,2,10,0.259,8,0.096,-0.880
215.55,0.992,-0.835,2,10,0.259,8,0.096,-0.878
215.68,0.993,-0.838,2,10,0.259,8,0.097,-0.877
215.81,0.993,-0.842,2,10,0.259,8,0.097,-0.876
215.94,0.993,-0.845,2,10,0.259,8,0.097,-0.875
216.06,0.993,-0.849,2,10,0.259,8,0.098,-0.874
216.19,0.993,-0.852,2,10,0.259,8,0.096,-0.872
216.32,0.993,-0.855,2,10,0.259,8,0.090,-0.871
216.45,0.994,-0.858,2,10,0.259,8,0.093,-0.870
216.58,0.994,-0.861,2,10,0.259,8,0.089,-0.869
216.70,0.994,-0.864,2,10,0.259,8,0.091,-0.868
216.83,0.994,-0.866,2,10,0.259,8,0.089,-0.867
216.96,0.994,-0.869,2,10,0.259,8,0.086,-0.866
217.09,0.994,-0.871,2,10,0.259,8,0.086,-0.866
217.22,0.994,-0.873,2,10,0.259,8,0.087,-0.838
217.34,0.995,-0.876,2,10,0.259,8,0.086,-0.850
217.47,0.995,-0.878,2,10,0.259,8,0.084,-0.856
217.60,0.995,-0.881,2,10,0.259,8,0.090,-0.811
217.73,0.995,-0.885,2,10,0.259,8,0.103,-0.742
217.86,0.995,-0.890,2,10,0.259,8,0.101,-0.701
217.98,0.996,-0.896,2,10,0.259,8,0.103,-0.656
218.11,0.996,-0.902,1,10,0.259,8,0.104,-0.631
218.24,0.996,-0.909,1,10,0.259,8,0.095,-0.617
218.37,0.997,-0.915,1,10,0.259,8,0.092,-0.609
218.50,0.997,-0.920,1,10,0.259,8,0.090,-0.604
218.62,0.997,-0.925,1,10,0.259,8,0.080,-0.601
218.75,0.997,-0.928,1,10,0.259,8,0.081,-0.599
218.88,0.997,-0.932,1,10,0.259,8,0.082,-0.597
219.01,0.998,-0.935,1,10,0.259,8,0.064,-0.596
219.14,0.998,-0.937,1,10,0.259,8,0.070,-0.595
219.26,0.998,-0.940,1,10,0.259,8,0.060,-0.594
219.39,0.998,-0.942,1,10,0.259,8,0.065,-0.594
219.52,0.998,-0.944,1,10,0.259,8,0.062,-0.593
219.65,0.998,-0.945,1,10,0.259,8,0.056,-0.592
219.78,0.998,-0.947,1,10,0.259,8,0.058,-0.592
219.90,0.998,-0.948,1,10,0.259,8,0.054,-0.592
220.03,0.998,-0.949,1,10,0.259,8,0.051,-0.592
220.16,0.998,-0.950,1,10,0.259,8,0.051,-0.592
220.29,0.998,-0.951,1,10,0.259,8,0.056,-0.591
220.42,0.998,-0.952,1,10,0.259,8,0.055,-0.591
220.54,0.998,-0.952,1,10,0.259,8,0.049,-0.591
220.67,0.998,-0.953,1,10,0.259,8,0.050,-0.591
220.80,0.998,-0.953,1,10,0.259,8,0.052,-0.569
220.93,0.998,-0.954,1,10,0.259,8,0.052,-0.580
221.06,0.998,-0.955,1,10,0.259,8,0.054,-0.586
221.18,0.998,-0.955,1,10,0.259,8,0.049,-0.588
221.31,0.998,-0.955,1,10,0.259,8,0.042,-0.558
221.44,0.999,-0.956,1,10,0.259,8,0.045,-0.575
221.57,0.998,-0.957,1,10,0.259,8,0.047,-0.584
221.70,0.998,-0.957,1,10,0.259,8,0.047,-0.589
221.82,0.998,-0.957,1,10,0.259,8,0.041,-0.532
221.95,0.999,-0.958,1,10,0.259,8,0.049,-0.491
222.08,0.999,-0.959,1,10,0.259,8,0.048,-0.541
222.21,0.999,-0.960,1,10,0.259,8,0.050,-0.502
222.34,0.999,-0.961,1,10,0.259,8,0.050,-0.374
222.46,0.999,-0.963,1,10,0.259,8,0.051,-0.310
222.59,0.999,-0.967,1,10,0.259,8,0.057,-0.246
222.72,0.999,-0.970,1,10,0.259,8,0.044,-0.182
222.85,0.999,-0.973,1,10,0.259,8,0.040,-0.182
222.98,0.999,-0.976,1,10,0.259,8,0.038,-0.054
223.10,0.999,-0.980,1,10,0.259,8,0.022,0.010
223.23,0.999,-0.983,1,10,0.259,8,0.015,0.138
223.36,0.999,-0.983,1,10,0.259,8,0.015,0.202
223.49,0.999,-0.984,1,10,0.259,8,0.028,0.138
223.62,0.999,-0.985,1,10,0.259,8,0.015,0.266
223.74,0.999,-0.986,1,10,0.259,8,0.014,0.394
223.87,1.000,-0.988,1,10,0.259,8,0.013,0.522
224.00,1.000,-0.990,1,10,0.259,8,0.013,0.522
224.13,1.001,-0.991,1,10,0.259,8,0.014,0.394
224.26,1.001,-0.992,1,10,0.259,8,0.015,0.266
224.38,1.002,-0.992,1,10,0.259,8,0.015,0.138
224.51,1.003,-0.994,1,10,0.259,8,0.016,0.010
224.64,1.003,-0.996,1,10,0.259,8,0.015,-0.118
224.77,1.004,-0.998,1,10,0.259,8,0.015,-0.182
224.90,1.004,-0.999,1,10,0.259,8,0.015,-0.246
225.02,1.004,-1.001,1,10,0.259,8,0.015,-0.246
225.15,1.005,-1.003,1,10,0.259,8,0.015,-0.118
225.28,1.005,-1.005,1,10,0.259,8,0.016,0.010
225.41,1.005,-1.007,1,10,0.259,8,0.015,0.138
225.54,1.006,-1.008,1,10,0.259,8,0.015,0.202
225.66,1.006,-1.008,1,10,0.259,8,0.014,0.330
225.79,1.007,-1.009,1,10,0.259,8,0.014,0.394
225.92,1.007,-1.010,1,10,0.259,8,0.014,0.394
226.05,1.008,-1.010,1,10,0.259,8,0.014,0.394
226.18,1.009,-1.011,1,10,0.259,8,0.015,0.266
226.30,1.010,-1.012,1,10,0.259,8,0.015,0.138
226.43,1.011,-1.013,1,10,0.259,8,0.016,0.010
226.56,1.012,-1.015,1,10,0.259,8,0.015,-0.118
226.69,1.012,-1.017,1,10,0.259,8,0.015,-0.246
226.82,1.012,-1.019,1,10,0.259,8,0.015,-0.246
226.94,1.013,-1.021,1,10,0.259,8,0.015,-0.182
227.07,1.013,-1.022,1,10,0.259,8,0.016,-0.054
227.20,1.014,-1.024,1,10,0.259,8,0.016,0.010
227.33,1.014,-1.026,1,10,0.259,8,0.016,0.074
227.46,1.015,-1.027,1,10,0.259,8,0.015,0.202
227.58,1.016,-1.028,1,10,0.259,8,0.014,0.330
227.71,1.016,-1.028,1,10,0.259,8,0.014,0.394
227.84,1.017,-1.029,1,10,0.259,8,0.013,0.522
227.97,1.018,-1.030,1,10,0.259,8,0.014,0.458
228.10,1.020,-1.030,1,10,0.259,8,0.013,0.522
228.22,1.021,-1.030,1,10,0.259,8,0.014,0.394
228.35,1.023,-1.030,1,10,0.259,8,0.014,0.330
228.48,1.024,-1.031,1,10,0.259,8,0.015,0.202
228.61,1.025,-1.032,1,10,0.259,8,0.015,0.202
228.74,1.026,-1.034,1,10,0.259,8,0.016,0.074
228.86,1.027,-1.035,1,10,0.259,8,0.016,-0.054
228.99,1.028,-1.037,1,10,0.259,8,0.015,-0.118
229.12,1.029,-1.039,1,10,0.259,8,0.015,-0.246
229.25,1.030,-1.041,1,10,0.259,8,0.015,-0.246
229.38,1.031,-1.042,1,10,0.259,8,0.014,-0.310
229.50,1.031,-1.044,1,10,0.259,8,0.014,-0.374
229.63,1.032,-1.046,1,10,0.259,8,0.014,-0.374
229.76,1.032,-1.048,1,10,0.259,8,0.014,-0.310
229.89,1.033,-1.049,1,10,0.259,8,0.015,-0.182
230.02,1.033,-1.051,1,10,0.259,8,0.016,-0.054
230.14,1.034,-1.053,1,10,0.259,8,0.016,0.074
230.27,1.034,-1.054,1,10,0.259,8,0.015,0.202
230.40,1.035,-1.055,1,10,0.259,8,0.014,0.330
230.53,1.036,-1.055,1,10,0.259,8,0.014,0.458
230.66,1.037,-1.056,1,10,0.259,8,0.013,0.586
230.78,1.039,-1.056,1,10,0.259,8,0.013,0.650
230.91,1.040,-1.056,1,10,0.259,8,0.012,0.714
231.04,1.042,-1.056,1,10,0.259,8,0.012,0.714
231.17,1.044,-1.055,1,10,0.259,8,0.013,0.650
231.30,1.047,-1.054,1,10,0.259,8,0.013,0.586
231.42,1.049,-1.054,1,10,0.259,8,0.014,0.458
231.55,1.051,-1.055,1,10,0.259,8,0.013,0.522
231.68,1.053,-1.055,1,10,0.259,8,0.013,0.650
231.81,1.055,-1.055,1,10,0.259,8,0.012,0.778
231.94,1.057,-1.055,1,10,0.259,8,0.011,0.906
232.06,1.059,-1.055,1,10,0.259,8,0.011,1.016
232.19,1.061,-1.056,1,10,0.259,8,0.011,1.075
232.32,1.062,-1.056,1,10,0.259,8,0.010,1.106
232.45,1.063,-1.056,1,10,0.259,8,0.011,1.015
232.58,1.065,-1.056,1,10,0.259,8,0.011,0.943
232.70,1.066,-1.055,1,10,0.259,8,0.011,0.998
232.83,1.068,-1.055,1,10,0.259,8,0.011,1.066
232.96,1.069,-1.054,1,10,0.259,8,0.010,1.101
233.09,1.070,-1.052,1,10,0.259,8,0.010,1.120
233.22,1.070,-1.051,1,10,0.259,8,0.010,1.129
233.34,1.068,-1.048,1,10,0.259,8,0.010,1.134
233.47,1.066,-1.045,1,10,0.259,8,0.010,1.137
233.60,1.064,-1.041,1,10,0.259,8,0.010,1.138
233.73,1.062,-1.038,1,10,0.259,8,0.011,1.156
233.86,1.061,-1.036,1,10,0.259,8,0.013,1.177
233.98,1.060,-1.034,1,10,0.259,8,0.019,1.166
234.11,1.060,-1.032,1,10,0.259,8,0.024,1.147
234.24,1.060,-1.027,1,10,0.259,8,0.059,1.019
234.37,1.060,-1.020,1,10,0.259,8,0.093,0.891
234.50,1.061,-1.014,1,10,0.259,8,0.127,0.763
234.62,1.061,-1.003,1,10,0.259,8,0.162,0.635
234.75,1.062,-0.988,1,10,0.259,8,0.196,0.507
234.88,1.063,-0.967,1,10,0.259,8,0.231,0.379
235.01,1.065,-0.940,1,10,0.259,8,0.265,0.251
235.14,1.067,-0.912,1,10,0.259,8,0.299,0.123
235.26,1.070,-0.884,2,10,0.259,8,0.331,-0.005
235.39,1.072,-0.856,2,10,0.259,8,0.297,-0.133
235.52,1.074,-0.828,2,10,0.259,8,0.262,-0.261
235.65,1.076,-0.800,2,10,0.259,8,0.228,-0.389
235.78,1.078,-0.775,2,10,0.259,8,0.228,-0.389
235.90,1.081,-0.747,2,10,0.259,8,0.262,-0.261
236.03,1.085,-0.719,2,10,0.259,8,0.270,-0.133
236.16,1.088,-0.691,2,10,0.259,8,0.246,-0.005
236.29,1.091,-0.664,3,10,0.259,8,0.168,0.123
236.42,1.092,-0.646,3,10,0.259,8,0.117,0.251
236.54,1.093,-0.634,3,10,0.259,8,0.086,0.379
236.67,1.093,-0.627,3,10,0.259,8,0.062,0.507
236.80,1.094,-0.625,3,10,0.259,8,0.057,0.610
236.93,1.094,-0.625,3,10,0.259,8,0.053,0.664
237.06,1.094,-0.624,3,10,0.259,8,0.048,0.686
237.18,1.094,-0.623,3,10,0.259,8,0.044,0.682
237.31,1.093,-0.622,3,10,0.259,8,0.048,0.665
237.44,1.093,-0.621,3,10,0.259,8,0.051,0.641
237.57,1.092,-0.620,3,10,0.259,8,0.047,0.615
237.70,1.092,-0.619,3,10,0.259,8,0.050,0.598
237.82,1.091,-0.618,3,10,0.259,8,0.049,0.585
237.95,1.090,-0.618,3,10,0.259,8,0.046,0.607
238.08,1.089,-0.617,3,10,0.259,8,0.047,0.616
238.21,1.088,-0.616,3,10,0.259,8,0.042,0.698
238.34,1.087,-0.614,3,10,0.259,8,0.036,0.741
238.46,1.086,-0.613,3,10,0.259,8,0.029,0.774
238.59,1.084,-0.611,3,10,0.259,8,0.026,0.790
238.72,1.082,-0.610,3,10,0.259,8,0.024,0.760
238.85,1.080,-0.610,3,10,0.259,8,0.027,0.632
238.98,1.077,-0.609,3,10,0.259,8,0.032,0.504
239.10,1.074,-0.606,3,10,0.259,8,0.040,0.376
239.23,1.072,-0.603,3,10,0.259,8,0.037,0.248
239.36,1.070,-0.599,3,10,0.259,8,0.036,0.120
239.49,1.067,-0.595,3,10,0.259,8,0.039,-0.008
239.62,1.065,-0.591,3,10,0.259,8,0.035,-0.136
239.74,1.064,-0.589,3,10,0.259,8,0.015,-0.264
239.87,1.063,-0.587,3,10,0.259,8,0.014,-0.392
240.00,1.062,-0.586,3,10,0.259,8,0.013,-0.520
240.13,1.062,-0.584,3,10,0.259,8,0.013,-0.520
240.26,1.062,-0.582,3,10,0.259,8,0.014,-0.392
240.38,1.061,-0.580,3,10,0.259,8,0.015,-0.264
240.51,1.061,-0.579,3,10,0.259,8,0.015,-0.136
240.64,1.060,-0.577,3,10,0.259,8,0.016,-0.008
240.77,1.060,-0.575,3,10,0.259,8,0.015,0.120
240.90,1.059,-0.574,3,10,0.259,8,0.015,0.248
241.02,1.058,-0.574,3,10,0.259,8,0.014,0.376
241.15,1.057,-0.573,3,10,0.259,8,0.013,0.504
241.28,1.056,-0.572,3,10,0.259,8,0.013,0.632
241.41,1.055,-0.572,3,10,0.259,8,0.012,0.760
241.54,1.054,-0.572,3,10,0.259,8,0.013,0.632
241.66,1.052,-0.572,3,10,0.259,8,0.013,0.504
241.79,1.050,-0.572,3,10,0.259,8,0.014,0.376
241.92,1.048,-0.572,3,10,0.259,8,0.015,0.248
242.05,1.047,-0.570,3,10,0.259,8,0.015,0.120
242.18,1.046,-0.569,3,10,0.259,8,0.016,-0.008
242.30,1.045,-0.567,3,10,0.259,8,0.015,-0.136
242.43,1.044,-0.565,3,10,0.259,8,0.015,-0.264
242.56,1.043,-0.564,3,10,0.259,8,0.014,-0.392
242.69,1.042,-0.562,3,10,0.259,8,0.013,-0.520
242.82,1.041,-0.561,3,10,0.259,8,0.013,-0.584
242.94,1.041,-0.559,3,10,0.259,8,0.014,-0.456
243.07,1.040,-0.557,3,10,0.259,8,0.014,-0.328
243.20,1.040,-0.555,3,10,0.259,8,0.015,-0.200
243.33,1.039,-0.554,3,10,0.259,8,0.016,-0.072
243.46,1.039,-0.552,3,10,0.259,8,0.016,0.056
243.58,1.038,-0.550,3,10,0.259,8,0.015,0.184
243.71,1.037,-0.550,3,10,0.259,8,0.014,0.312
243.84,1.036,-0.549,3,10,0.259,8,0.014,0.440
243.97,1.035,-0.549,3,10,0.259,8,0.013,0.568
244.10,1.034,-0.549,3,10,0.259,8,0.013,0.696
244.22,1.032,-0.549,3,10,0.259,8,0.012,0.824
244.35,1.030,-0.549,3,10,0.259,8,0.013,0.696
244.48,1.028,-0.550,3,10,0.259,8,0.013,0.568
244.61,1.026,-0.550,3,10,0.259,8,0.014,0.440
244.74,1.024,-0.549,3,10,0.259,8,0.014,0.312
244.86,1.023,-0.548,3,10,0.259,8,0.015,0.184
244.99,1.021,-0.547,3,10,0.259,8,0.016,0.056
245.12,1.020,-0.545,3,10,0.259,8,0.016,-0.072
245.25,1.019,-0.544,3,10,0.259,8,0.015,-0.200
245.38,1.018,-0.542,3,10,0.259,8,0.014,-0.328
245.50,1.017,-0.541,3,10,0.259,8,0.014,-0.456
245.63,1.016,-0.539,3,10,0.259,8,0.013,-0.584
245.76,1.015,-0.538,3,10,0.259,8,0.013,-0.584
245.89,1.014,-0.536,3,10,0.259,8,0.014,-0.456
246.02,1.014,-0.534,3,10,0.259,8,0.014,-0.328
246.14,1.013,-0.533,3,10,0.259,8,0.015,-0.200
246.27,1.013,-0.531,3,10,0.259,8,0.016,-0.072
246.40,1.012,-0.529,3,10,0.259,8,0.016,0.056
246.53,1.011,-0.527,3,10,0.259,8,0.015,0.184
246.66,1.010,-0.527,3,10,0.259,8,0.014,0.312
246.78,1.009,-0.526,3,10,0.259,8,0.014,0.440
246.91,1.007,-0.526,3,10,0.259,8,0.013,0.568
247.04,1.006,-0.526,3,10,0.259,8,0.013,0.696
247.17,1.004,-0.527,3,10,0.259,8,0.012,0.824
247.30,1.001,-0.528,3,10,0.259,8,0.012,0.760
247.42,0.999,-0.529,3,10,0.259,8,0.013,0.632
247.55,0.996,-0.529,3,10,0.259,8,0.013,0.504
247.68,0.994,-0.528,3,10,0.259,8,0.014,0.376
247.81,0.993,-0.527,3,10,0.259,8,0.015,0.248
247.94,0.992,-0.526,3,10,0.259,8,0.015,0.120
248.06,0.990,-0.525,3,10,0.259,8,0.016,-0.008
248.19,0.989,-0.523,3,10,0.259,8,0.015,-0.136
248.32,0.987,-0.522,3,10,0.259,8,0.015,-0.264
248.45,0.986,-0.520,3,10,0.259,8,0.014,-0.392
248.58,0.985,-0.519,3,10,0.259,8,0.013,-0.520
248.70,0.984,-0.517,3,10,0.259,8,0.013,-0.648
248.83,0.984,-0.516,3,10,0.259,8,0.013,-0.648
248.96,0.983,-0.514,3,10,0.259,8,0.013,-0.520
249.09,0.982,-0.512,3,10,0.259,8,0.014,-0.392
249.22,0.982,-0.511,3,10,0.259,8,0.015,-0.264
249.34,0.981,-0.509,3,10,0.259,8,0.015,-0.136
249.47,0.980,-0.507,3,10,0.259,8,0.016,-0.008
249.60,0.980,-0.505,3,10,0.259,8,0.015,0.120
249.73,0.979,-0.504,3,10,0.259,8,0.015,0.248
249.86,0.977,-0.504,3,10,0.259,8,0.014,0.376
249.98,0.976,-0.504,3,10,0.259,8,0.013,0.504
250.11,0.974,-0.504,3,10,0.259,8,0.013,0.632
250.24,0.972,-0.504,3,10,0.259,8,0.012,0.760
250.37,0.970,-0.505,3,10,0.259,8,0.012,0.888
250.50,0.967,-0.507,3,10,0.259,8,0.012,0.888
250.62,0.964,-0.508,3,10,0.259,8,0.012,0.760
250.75,0.961,-0.508,3,10,0.259,8,0.013,0.632
250.88,0.960,-0.507,3,10,0.259,8,0.013,0.504
251.01,0.958,-0.506,3,10,0.259,8,0.014,0.376
251.14,0.956,-0.505,3,10,0.259,8,0.037,0.248
251.26,0.953,-0.503,3,10,0.259,8,0.060,0.120
251.39,0.947,-0.499,3,10,0.259,8,0.037,-0.008
251.52,0.942,-0.496,3,10,0.259,8,0.047,-0.135
251.65,0.940,-0.494,3,10,0.259,8,0.015,-0.255
251.78,0.939,-0.493,3,10,0.259,8,0.014,-0.383
251.90,0.938,-0.491,3,10,0.259,8,0.013,-0.511
252.03,0.938,-0.489,3,10,0.259,8,0.013,-0.639
252.16,0.939,-0.486,3,10,0.259,8,0.012,-0.767
252.29,0.939,-0.484,3,10,0.259,8,0.012,-0.767
252.42,0.939,-0.482,3,10,0.259,8,0.013,-0.639
252.54,0.938,-0.480,3,10,0.259,8,0.013,-0.511
252.67,0.937,-0.479,3,10,0.259,8,0.014,-0.383
252.80,0.936,-0.477,3,10,0.259,8,0.015,-0.255
252.93,0.936,-0.475,3,10,0.259,8,0.015,-0.127
253.06,0.935,-0.474,3,10,0.259,8,0.016,0.001
253.18,0.934,-0.472,3,10,0.259,8,0.015,0.129
253.31,0.933,-0.470,3,10,0.259,8,0.015,0.257
253.44,0.931,-0.470,3,10,0.259,8,0.014,0.385
253.57,0.929,-0.470,3,10,0.259,8,0.013,0.513
253.70,0.927,-0.470,3,10,0.259,8,0.013,0.641
253.82,0.925,-0.471,3,10,0.259,8,0.012,0.769
253.95,0.922,-0.473,3,10,0.259,8,0.012,0.897
254.08,0.919,-0.474,3,10,0.259,8,0.011,1.010
254.21,0.916,-0.475,3,10,0.259,8,0.011,0.934
254.34,0.913,-0.475,3,10,0.259,8,0.012,0.806
254.46,0.912,-0.474,3,10,0.259,8,0.013,0.678
254.59,0.909,-0.474,3,10,0.259,8,0.053,0.550
254.72,0.902,-0.470,3,10,0.259,8,0.100,0.422
254.85,0.887,-0.464,3,9,0.259,8,0.172,0.294
254.98,0.865,-0.456,3,9,0.259,8,0.201,0.166
255.10,0.840,-0.448,4,9,0.259,9,0.211,0.038
255.23,0.815,-0.440,4,9,0.259,9,0.199,-0.090
255.36,0.797,-0.434,4,9,0.259,9,0.124,-0.191
255.49,0.785,-0.429,4,9,0.259,9,0.049,-0.207
255.62,0.780,-0.427,4,9,0.259,9,0.040,-0.180
255.74,0.778,-0.426,4,9,0.259,9,0.015,-0.271
255.87,0.778,-0.424,4,9,0.259,9,0.014,-0.399
256.00,0.778,-0.423,4,9,0.259,9,0.013,-0.527
256.13,0.778,-0.421,4,9,0.259,9,0.013,-0.655
256.26,0.778,-0.419,4,9,0.259,9,0.013,-0.527
256.38,0.778,-0.417,4,9,0.259,9,0.014,-0.399
256.51,0.778,-0.415,4,9,0.259,9,0.015,-0.271
256.64,0.776,-0.414,4,9,0.259,9,0.015,-0.143
256.77,0.775,-0.413,4,9,0.259,9,0.016,-0.015
256.90,0.773,-0.412,4,9,0.259,9,0.015,0.113
257.02,0.772,-0.411,4,9,0.259,9,0.015,0.241
257.15,0.770,-0.410,4,9,0.259,9,0.014,0.369
257.28,0.769,-0.409,4,9,0.259,9,0.014,0.497
257.41,0.767,-0.408,4,9,0.259,9,0.013,0.625
257.54,0.766,-0.408,4,9,0.259,9,0.013,0.561
257.66,0.764,-0.407,4,9,0.259,9,0.014,0.433
257.79,0.760,-0.406,4,9,0.259,9,0.063,0.305
257.92,0.750,-0.403,4,9,0.259,9,0.102,0.217
258.05,0.735,-0.399,4,9,0.259,9,0.145,0.147
258.18,0.715,-0.394,4,9,0.259,9,0.146,0.019
258.30,0.696,-0.390,4,9,0.259,9,0.131,-0.109
258.43,0.683,-0.387,4,9,0.259,9,0.112,-0.045
258.56,0.672,-0.384,4,8,0.259,9,0.068,0.073
258.69,0.664,-0.382,4,8,0.259,9,0.095,0.186
258.82,0.652,-0.379,4,8,0.259,9,0.121,0.275
258.94,0.636,-0.376,4,8,0.259,9,0.166,0.403
259.07,0.616,-0.373,4,8,0.259,9,0.190,0.531
259.20,0.594,-0.370,4,8,0.259,9,0.155,0.659
259.33,0.577,-0.370,4,8,0.259,9,0.165,0.623
259.46,0.562,-0.369,4,8,0.259,9,0.179,0.570
259.58,0.546,-0.369,4,8,0.259,9,0.172,0.597
259.71,0.530,-0.368,4,8,0.259,9,0.168,0.612
259.84,0.514,-0.368,4,8,0.259,9,0.165,0.622
259.97,0.499,-0.367,4,8,0.259,9,0.165,0.623
260.10,0.484,-0.367,4,8,0.259,9,0.168,0.613
260.22,0.469,-0.366,4,8,0.259,9,0.169,0.609
260.35,0.454,-0.366,4,8,0.259,9,0.168,0.614
260.48,0.439,-0.365,4,7,0.259,9,0.166,0.621
260.61,0.424,-0.365,4,7,0.259,9,0.162,0.636
260.74,0.409,-0.364,4,7,0.259,9,0.171,0.602
260.86,0.395,-0.363,4,7,0.259,9,0.168,0.612
260.99,0.380,-0.363,4,7,0.259,9,0.150,0.678
261.12,0.369,-0.362,4,7,0.259,9,0.150,0.678
261.25,0.357,-0.362,4,7,0.259,9,0.150,0.678
261.38,0.345,-0.361,4,7,0.259,9,0.150,0.678
261.50,0.333,-0.360,4,7,0.259,9,0.133,0.742
261.63,0.325,-0.360,4,7,0.259,9,0.099,0.870
261.76,0.323,-0.360,4,7,0.259,9,0.064,0.998
261.89,0.321,-0.360,4,7,0.259,9,0.099,0.870
262.02,0.316,-0.360,4,7,0.259,9,0.133,0.742
262.14,0.304,-0.359,4,7,0.259,9,0.168,0.614
262.27,0.290,-0.359,4,7,0.259,9,0.165,0.623
262.40,0.275,-0.358,4,7,0.259,9,0.167,0.617
262.53,0.260,-0.358,4,7,0.259,9,0.159,0.647
262.66,0.247,-0.357,4,7,0.259,9,0.141,0.711
262.78,0.239,-0.357,4,7,0.259,9,0.107,0.839
262.91,0.234,-0.357,4,7,0.259,9,0.090,0.903
263.04,0.233,-0.357,4,7,0.259,9,0.090,0.903
263.17,0.229,-0.356,4,7,0.259,9,0.124,0.775
263.30,0.219,-0.356,4,6,0.259,9,0.141,0.711
263.42,0.211,-0.356,4,6,0.259,9,0.107,0.839
263.55,0.208,-0.355,4,6,0.259,9,0.090,0.903
263.68,0.206,-0.355,4,6,0.259,9,0.073,0.967
263.81,0.205,-0.355,4,6,0.259,9,0.074,0.962
263.94,0.203,-0.355,4,6,0.259,9,0.108,0.834
264.06,0.196,-0.355,4,6,0.259,9,0.143,0.706
264.19,0.183,-0.355,4,6,0.259,9,0.173,0.595
264.32,0.168,-0.355,4,6,0.259,9,0.167,0.616
264.45,0.153,-0.354,4,6,0.259,9,0.164,0.629
264.58,0.137,-0.354,4,6,0.259,9,0.164,0.627
264.70,0.122,-0.353,4,6,0.259,9,0.162,0.634
264.83,0.108,-0.353,4,6,0.259,9,0.145,0.698
264.96,0.097,-0.352,4,6,0.259,9,0.145,0.698
265.09,0.088,-0.352,4,6,0.259,9,0.128,0.762
265.22,0.078,-0.352,4,6,0.259,9,0.145,0.698
265.34,0.068,-0.351,4,6,0.259,9,0.111,0.826
265.47,0.065,-0.351,4,6,0.259,9,0.081,0.936
265.60,0.064,-0.351,4,6,0.259,9,0.077,0.952
265.73,0.061,-0.351,4,6,0.259,9,0.111,0.824
265.86,0.054,-0.351,4,6,0.259,9,0.146,0.696
265.98,0.040,-0.351,4,6,0.259,9,0.163,0.632
266.11,0.026,-0.350,4,6,0.259,9,0.146,0.696
266.24,0.016,-0.350,4,6,0.259,9,0.128,0.760
266.37,0.008,-0.350,4,6,0.259,9,0.111,0.824
266.50,0.004,-0.349,4,6,0.259,9,0.100,0.865
266.62,0.001,-0.349,4,6,0.259,9,0.092,0.894
266.75,-0.002,-0.349,4,5,0.259,9,0.098,0.872
266.88,-0.004,-0.349,4,5,0.259,9,0.081,0.935
267.01,-0.005,-0.349,4,5,0.259,9,0.072,0.968
267.14,-0.005,-0.349,4,5,0.259,9,0.085,0.922
267.26,-0.008,-0.349,4,5,0.259,9,0.105,0.847
267.39,-0.013,-0.349,4,5,0.259,9,0.108,0.834
267.52,-0.017,-0.349,4,5,0.259,9,0.101,0.863
267.65,-0.021,-0.349,4,5,0.259,9,0.093,0.892
267.78,-0.024,-0.349,4,5,0.259,9,0.088,0.909
267.90,-0.026,-0.349,4,5,0.259,9,0.098,0.874
268.03,-0.028,-0.348,4,5,0.259,9,0.082,0.932
268.16,-0.029,-0.348,4,5,0.259,9,0.083,0.929
268.29,-0.030,-0.348,4,5,0.259,9,0.083,0.927
268.42,-0.032,-0.348,4,5,0.259,9,0.093,0.891
268.54,-0.034,-0.348,4,5,0.259,9,0.081,0.937
268.67,-0.035,-0.348,4,5,0.259,9,0.082,0.933
268.80,-0.035,-0.348,4,5,0.259,9,0.075,0.959
268.93,-0.036,-0.348,4,5,0.259,9,0.090,0.901
269.06,-0.040,-0.348,4,5,0.259,9,0.125,0.773
269.18,-0.049,-0.348,4,5,0.259,9,0.125,0.773
269.31,-0.057,-0.348,4,5,0.259,9,0.110,0.829
269.44,-0.063,-0.347,4,5,0.259,9,0.101,0.861
269.57,-0.066,-0.347,4,5,0.259,9,0.110,0.828
269.70,-0.070,-0.347,4,5,0.259,9,0.092,0.896
269.82,-0.074,-0.347,4,5,0.259,9,0.089,0.905
269.95,-0.076,-0.347,4,5,0.259,9,0.099,0.868
270.08,-0.081,-0.347,4,5,0.259,9,0.106,0.842
270.21,-0.084,-0.347,4,5,0.259,9,0.089,0.906
270.34,-0.086,-0.347,4,5,0.259,9,0.089,0.905
270.46,-0.089,-0.347,4,5,0.259,9,0.099,0.870
270.59,-0.093,-0.347,4,5,0.259,9,0.093,0.890
270.72,-0.095,-0.346,4,5,0.259,9,0.083,0.930
270.85,-0.096,-0.346,4,5,0.259,9,0.077,0.950
270.98,-0.096,-0.346,4,5,0.259,9,0.074,0.960
271.10,-0.097,-0.346,4,5,0.259,9,0.089,0.907
271.23,-0.101,-0.346,4,5,0.259,9,0.097,0.877
271.36,-0.105,-0.346,4,5,0.259,9,0.105,0.847
271.49,-0.110,-0.346,4,5,0.259,9,0.098,0.872
271.62,-0.113,-0.346,4,5,0.259,9,0.096,0.879
271.74,-0.116,-0.346,4,5,0.259,9,0.096,0.879
271.87,-0.120,-0.346,4,5,0.259,9,0.104,0.851
272.00,-0.124,-0.346,4,5,0.259,9,0.100,0.866
272.13,-0.129,-0.346,4,5,0.259,9,0.105,0.846
272.26,-0.133,-0.345,4,5,0.259,9,0.091,0.900
272.38,-0.135,-0.345,4,5,0.259,9,0.092,0.896
272.51,-0.137,-0.345,4,5,0.259,9,0.083,0.929
272.64,-0.138,-0.345,4,5,0.259,9,0.078,0.947
272.77,-0.138,-0.345,4,5,0.259,9,0.076,0.955
272.90,-0.138,-0.345,4,5,0.259,9,0.075,0.958
273.02,-0.139,-0.345,4,5,0.259,9,0.083,0.930
273.15,-0.140,-0.345,4,5,0.259,9,0.079,0.942
273.28,-0.141,-0.345,4,5,0.259,9,0.083,0.927
273.41,-0.143,-0.345,4,5,0.259,9,0.107,0.840
273.54,-0.148,-0.345,4,5,0.259,9,0.101,0.861
273.66,-0.152,-0.345,4,5,0.259,9,0.089,0.906
273.79,-0.154,-0.345,4,5,0.259,9,0.100,0.865
273.92,-0.158,-0.345,4,5,0.259,9,0.097,0.877
274.05,-0.162,-0.345,4,5,0.259,9,0.106,0.843
274.18,-0.167,-0.345,4,5,0.259,9,0.099,0.869
274.30,-0.170,-0.344,4,5,0.259,9,0.087,0.913
274.43,-0.173,-0.344,4,5,0.259,9,0.087,0.912
274.56,-0.174,-0.344,4,5,0.259,9,0.091,0.899
274.69,-0.177,-0.344,4,5,0.259,9,0.101,0.862
274.82,-0.181,-0.344,4,5,0.259,9,0.088,0.909
274.94,-0.182,-0.344,4,5,0.259,9,0.082,0.934
275.07,-0.183,-0.344,4,5,0.259,9,0.078,0.946
275.20,-0.183,-0.344,4,5,0.259,9,0.076,0.953
275.33,-0.184,-0.344,4,5,0.259,9,0.081,0.936
275.46,-0.184,-0.344,4,5,0.259,9,0.078,0.948
275.58,-0.184,-0.344,4,5,0.259,9,0.076,0.954
275.71,-0.185,-0.344,4,5,0.259,9,0.084,0.924
275.84,-0.187,-0.344,4,5,0.259,9,0.086,0.918
275.97,-0.188,-0.344,4,5,0.259,9,0.080,0.939
276.10,-0.189,-0.344,4,5,0.259,9,0.083,0.930
276.22,-0.191,-0.344,4,5,0.259,9,0.084,0.925
276.35,-0.192,-0.344,4,5,0.259,9,0.088,0.909
276.48,-0.193,-0.344,4,5,0.259,9,0.081,0.936
276.61,-0.194,-0.344,4,5,0.259,9,0.077,0.951
276.74,-0.194,-0.344,4,5,0.259,9,0.075,0.958
276.86,-0.195,-0.344,4,5,0.259,9,0.089,0.906
276.99,-0.199,-0.344,4,5,0.259,9,0.124,0.778
277.12,-0.205,-0.344,4,5,0.259,9,0.113,0.818
277.25,-0.210,-0.343,4,5,0.259,9,0.095,0.885
277.38,-0.212,-0.343,4,5,0.259,9,0.085,0.920
277.50,-0.214,-0.343,4,5,0.259,9,0.089,0.908
277.63,-0.215,-0.343,4,5,0.259,9,0.082,0.932
277.76,-0.216,-0.343,4,5,0.259,9,0.079,0.944
277.89,-0.217,-0.343,4,5,0.259,9,0.084,0.926
278.02,-0.218,-0.343,4,5,0.259,9,0.080,0.941
278.14,-0.218,-0.343,4,5,0.259,9,0.077,0.949
278.27,-0.218,-0.343,4,5,0.259,9,0.076,0.953
278.40,-0.219,-0.343,4,5,0.259,9,0.084,0.923
278.53,-0.221,-0.343,4,5,0.259,9,0.086,0.917
278.66,-0.222,-0.343,4,5,0.259,9,0.091,0.900
278.78,-0.224,-0.343,4,5,0.259,9,0.083,0.927
278.91,-0.225,-0.343,4,5,0.259,9,0.080,0.941
279.04,-0.225,-0.343,4,5,0.259,9,0.078,0.949
279.17,-0.225,-0.343,4,4,0.259,9,0.076,0.953
279.30,-0.225,-0.343,4,4,0.259,9,0.076,0.955
279.42,-0.225,-0.343,4,4,0.259,9,0.076,0.955
279.55,-0.225,-0.343,4,4,0.259,9,0.076,0.956
279.68,-0.226,-0.343,4,4,0.259,9,0.101,0.860
279.81,-0.231,-0.343,4,4,0.259,9,0.110,0.827
279.94,-0.235,-0.343,4,4,0.259,9,0.094,0.888
280.06,-0.237,-0.343,4,4,0.259,9,0.085,0.922
280.19,-0.239,-0.343,4,4,0.259,9,0.098,0.873
280.32,-0.243,-0.343,4,4,0.259,9,0.106,0.843
280.45,-0.247,-0.342,4,4,0.259,9,0.091,0.900
280.58,-0.249,-0.342,4,4,0.259,9,0.093,0.891
280.70,-0.252,-0.342,4,4,0.259,9,0.103,0.855
280.83,-0.256,-0.342,4,4,0.259,9,0.089,0.906
280.96,-0.257,-0.342,4,4,0.259,9,0.082,0.933
281.09,-0.258,-0.342,4,4,0.259,9,0.078,0.947
281.22,-0.258,-0.342,4,4,0.259,9,0.076,0.954
281.34,-0.258,-0.342,4,4,0.259,9,0.075,0.957
281.47,-0.259,-0.342,4,4,0.259,9,0.075,0.957
281.60,-0.261,-0.342,4,4,0.259,9,0.110,0.829
281.73,-0.265,-0.342,4,4,0.259,9,0.105,0.846
281.86,-0.269,-0.342,4,4,0.259,9,0.102,0.857
281.98,-0.272,-0.342,4,4,0.259,9,0.100,0.864
282.11,-0.277,-0.342,4,4,0.259,9,0.096,0.881
282.24,-0.281,-0.342,4,4,0.259,9,0.103,0.853
282.37,-0.287,-0.342,4,4,0.259,9,0.138,0.725
282.50,-0.299,-0.341,4,4,0.259,9,0.172,0.597
282.62,-0.317,-0.341,4,4,0.259,9,0.206,0.469
282.75,-0.340,-0.340,4,4,0.259,9,0.240,0.344
282.88,-0.367,-0.339,4,4,0.259,9,0.236,0.360
283.01,-0.393,-0.338,4,4,0.259,9,0.230,0.382
283.14,-0.419,-0.337,4,4,0.259,9,0.225,0.402
283.26,-0.444,-0.336,4,4,0.259,9,0.220,0.419
283.39,-0.468,-0.335,4,3,0.259,9,0.216,0.433
283.52,-0.491,-0.334,4,3,0.259,9,0.213,0.444
283.65,-0.513,-0.333,4,3,0.259,9,0.208,0.463
283.78,-0.535,-0.332,4,3,0.259,9,0.201,0.487
283.90,-0.556,-0.331,4,3,0.259,9,0.198,0.500
284.03,-0.576,-0.330,4,3,0.259,9,0.193,0.518
284.16,-0.596,-0.330,4,3,0.259,9,0.189,0.533
284.29,-0.615,-0.329,4,3,0.259,9,0.186,0.546
284.42,-0.634,-0.328,4,3,0.259,9,0.181,0.564
284.54,-0.651,-0.327,4,3,0.259,9,0.177,0.577
284.67,-0.669,-0.326,4,3,0.259,9,0.176,0.582
284.80,-0.686,-0.325,4,2,0.259,9,0.173,0.592
284.93,-0.702,-0.324,4,2,0.259,9,0.170,0.604
285.06,-0.718,-0.324,4,2,0.259,9,0.166,0.619
285.18,-0.733,-0.323,4,2,0.259,9,0.163,0.632
285.31,-0.745,-0.322,4,2,0.259,9,0.128,0.760
285.44,-0.752,-0.322,4,2,0.259,9,0.099,0.867
285.57,-0.755,-0.322,4,2,0.259,9,0.084,0.924
285.70,-0.755,-0.322,4,2,0.259,9,0.076,0.953
285.82,-0.756,-0.322,4,2,0.259,9,0.072,0.968
285.95,-0.757,-0.322,4,2,0.259,9,0.071,0.975
286.08,-0.758,-0.322,4,2,0.259,9,0.070,0.978
286.21,-0.759,-0.322,4,2,0.259,9,0.069,0.981
286.34,-0.761,-0.323,4,2,0.259,9,0.068,0.983
286.46,-0.762,-0.324,4,2,0.259,9,0.068,0.983
286.59,-0.763,-0.326,4,2,0.259,9,0.068,0.982
286.72,-0.763,-0.328,4,2,0.259,9,0.069,0.981
286.85,-0.765,-0.330,4,2,0.259,9,0.069,0.980
286.98,-0.766,-0.333,4,2,0.259,9,0.070,0.978
287.10,-0.768,-0.336,4,2,0.259,9,0.054,1.036
287.23,-0.770,-0.339,4,2,0.259,9,0.035,1.108
287.36,-0.771,-0.343,4,2,0.259,9,0.069,0.980
287.49,-0.777,-0.349,4,2,0.259,9,0.103,0.852
287.62,-0.788,-0.356,4,2,0.259,9,0.138,0.724
287.74,-0.803,-0.367,4,2,0.259,9,0.172,0.596
287.87,-0.821,-0.381,4,2,0.259,9,0.207,0.468
288.00,-0.840,-0.398,4,2,0.259,9,0.241,0.340
288.13,-0.861,-0.416,4,2,0.259,9,0.275,0.212
288.26,-0.882,-0.435,4,2,0.259,9,0.310,0.084
288.38,-0.904,-0.454,3,1,0.259,9,0.321,-0.044
288.51,-0.925,-0.472,3,1,0.259,9,0.248,-0.172
288.64,-0.944,-0.489,3,1,0.259,9,0.179,-0.300
288.77,-0.959,-0.502,3,1,0.259,9,0.135,-0.236
288.90,-0.972,-0.511,3,1,0.259,9,0.108,-0.108
289.02,-0.983,-0.519,3,1,0.259,9,0.096,0.020
289.15,-0.991,-0.525,3,1,0.259,9,0.065,0.148
289.28,-0.997,-0.530,3,1,0.259,9,0.050,0.276
289.41,-1.002,-0.534,3,1,0.259,9,0.056,0.404
289.54,-1.008,-0.539,3,1,0.259,9,0.062,0.532
289.66,-1.012,-0.545,3,1,0.259,9,0.064,0.660
289.79,-1.018,-0.551,3,1,0.259,9,0.077,0.660
289.92,-1.025,-0.562,3,1,0.259,9,0.130,0.532
290.05,-1.034,-0.577,3,1,0.259,9,0.182,0.404
290.18,-1.046,-0.600,3,1,0.259,9,0.225,0.276
290.30,-1.059,-0.623,3,1,0.259,9,0.215,0.148
290.43,-1.071,-0.647,3,1,0.259,9,0.187,0.276
290.56,-1.081,-0.668,3,1,0.259,9,0.173,0.404
290.69,-1.090,-0.690,2,1,0.259,9,0.189,0.532
290.82,-1.097,-0.710,2,1,0.259,9,0.155,0.660
290.94,-1.101,-0.727,2,1,0.259,9,0.155,0.660
291.07,-1.104,-0.747,2,1,0.259,9,0.138,0.724
291.20,-1.105,-0.764,2,1,0.259,9,0.172,0.596
291.33,-1.106,-0.779,2,1,0.259,9,0.138,0.724
291.46,-1.107,-0.788,2,1,0.259,9,0.110,0.829
291.58,-1.107,-0.792,2,1,0.259,9,0.095,0.884
291.71,-1.107,-0.795,2,1,0.259,9,0.087,0.912
291.84,-1.107,-0.796,2,1,0.259,9,0.084,0.926
291.97,-1.107,-0.797,2,1,0.259,9,0.082,0.933
292.10,-1.107,-0.798,2,1,0.259,9,0.081,0.936
292.22,-1.107,-0.799,2,1,0.259,9,0.080,0.938
292.35,-1.107,-0.800,2,1,0.259,9,0.080,0.939
292.48,-1.107,-0.800,2,1,0.259,9,0.080,0.939
292.61,-1.107,-0.801,2,1,0.259,9,0.080,0.939
292.74,-1.107,-0.802,2,1,0.259,9,0.080,0.939
292.86,-1.107,-0.802,2,1,0.259,9,0.080,0.939
292.99,-1.107,-0.803,2,1,0.259,9,0.080,0.939
293.12,-1.108,-0.804,2,1,0.259,9,0.080,0.938
293.25,-1.108,-0.804,2,1,0.259,9,0.080,0.938
293.38,-1.108,-0.805,2,1,0.259,9,0.080,0.938
293.50,-1.108,-0.806,2,1,0.259,9,0.081,0.937
293.63,-1.108,-0.806,2,1,0.259,9,0.081,0.937
293.76,-1.108,-0.807,2,1,0.259,9,0.081,0.936
293.89,-1.108,-0.808,2,1,0.259,9,0.081,0.936
294.02,-1.108,-0.808,2,1,0.259,9,0.081,0.936
294.14,-1.108,-0.809,2,1,0.259,9,0.081,0.936
294.27,-1.108,-0.810,2,1,0.259,9,0.081,0.935
294.40,-1.108,-0.811,2,1,0.259,9,0.081,0.935
294.53,-1.108,-0.812,2,1,0.259,9,0.081,0.935
294.66,-1.108,-0.812,2,1,0.259,9,0.081,0.934
294.78,-1.108,-0.813,2,1,0.259,9,0.082,0.934
294.91,-1.108,-0.814,2,1,0.259,9,0.082,0.933
295.04,-1.108,-0.815,2,1,0.259,9,0.082,0.933
295.17,-1.108,-0.816,2,1,0.259,9,0.082,0.932
295.30,-1.108,-0.817,2,1,0.259,9,0.082,0.932
295.42,-1.108,-0.818,2,1,0.259,9,0.082,0.932
295.55,-1.108,-0.819,2,1,0.259,9,0.082,0.931
295.68,-1.108,-0.820,2,1,0.259,9,0.082,0.931
295.81,-1.108,-0.821,2,1,0.259,9,0.082,0.930
295.94,-1.109,-0.822,2,1,0.259,9,0.083,0.930
296.06,-1.109,-0.823,2,1,0.259,9,0.083,0.929
296.19,-1.109,-0.824,2,1,0.259,9,0.083,0.929
296.32,-1.109,-0.825,2,1,0.259,9,0.083,0.928
296.45,-1.109,-0.826,2,1,0.259,9,0.083,0.928
296.58,-1.109,-0.827,2,1,0.259,9,0.083,0.927
296.70,-1.109,-0.828,2,1,0.259,9,0.083,0.927
296.83,-1.109,-0.830,2,1,0.259,9,0.084,0.926
296.96,-1.109,-0.831,2,1,0.259,9,0.084,0.926
297.09,-1.109,-0.832,2,1,0.259,9,0.084,0.925
297.22,-1.109,-0.833,2,1,0.259,9,0.084,0.925
297.34,-1.109,-0.835,2,1,0.259,9,0.084,0.924
297.47,-1.109,-0.836,2,1,0.259,9,0.084,0.924
297.60,-1.109,-0.837,2,1,0.259,9,0.084,0.923
297.73,-1.110,-0.838,2,1,0.259,9,0.085,0.923
297.86,-1.110,-0.840,2,1,0.259,9,0.085,0.922
297.98,-1.110,-0.841,2,1,0.259,9,0.085,0.921
298.11,-1.110,-0.843,2,1,0.259,9,0.085,0.921
298.24,-1.110,-0.844,2,1,0.259,9,0.085,0.920
298.37,-1.110,-0.846,2,1,0.259,9,0.085,0.920
298.50,-1.110,-0.847,2,1,0.259,9,0.086,0.919
298.62,-1.110,-0.849,2,1,0.259,9,0.085,0.918
298.75,-1.110,-0.850,2,1,0.259,9,0.085,0.918
298.88,-1.110,-0.852,2,1,0.259,9,0.085,0.917
299.01,-1.110,-0.853,2,1,0.259,9,0.086,0.916
299.14,-1.111,-0.855,2,1,0.259,9,0.086,0.916
299.26,-1.111,-0.856,2,1,0.259,9,0.084,0.915
299.39,-1.111,-0.858,2,1,0.259,9,0.085,0.914
299.52,-1.111,-0.859,2,1,0.259,9,0.083,0.914
299.65,-1.111,-0.860,2,1,0.259,9,0.082,0.913
299.78,-1.111,-0.861,2,1,0.259,9,0.084,0.913
299.90,-1.111,-0.862,2,1,0.259,9,0.082,0.912
