time,x,y,row,col,coverage,collision_count,v,w
0.13,-1.344,-1.350,0,0,0.009,1,0.116,0.128
0.26,-1.330,-1.349,0,0,0.009,1,0.131,0.256
0.38,-1.314,-1.347,0,0,0.009,1,0.202,0.384
0.51,-1.292,-1.345,0,0,0.009,1,0.195,0.512
0.64,-1.271,-1.342,0,0,0.009,1,0.178,0.576
0.77,-1.250,-1.339,0,0,0.009,1,0.203,0.482
0.90,-1.227,-1.334,0,0,0.009,1,0.188,0.539
1.02,-1.205,-1.329,0,0,0.009,1,0.162,0.636
1.15,-1.188,-1.323,0,0,0.009,1,0.127,0.764
1.28,-1.176,-1.317,0,0,0.009,1,0.079,0.871
1.41,-1.172,-1.312,0,0,0.009,1,0.035,0.924
1.54,-1.172,-1.308,0,0,0.009,1,0.018,0.912
1.66,-1.173,-1.304,0,0,0.009,1,0.015,0.885
1.79,-1.174,-1.301,0,0,0.009,1,0.015,0.955
1.92,-1.174,-1.297,0,0,0.009,1,0.018,0.827
2.05,-1.174,-1.295,0,0,0.009,1,0.020,0.699
2.18,-1.173,-1.293,0,0,0.009,1,0.013,0.699
2.30,-1.172,-1.291,0,0,0.009,1,0.012,0.812
2.43,-1.171,-1.290,0,0,0.009,1,0.011,0.920
2.56,-1.171,-1.288,0,0,0.009,1,0.012,0.792
2.69,-1.170,-1.284,0,0,0.009,1,0.085,0.664
2.82,-1.167,-1.269,0,0,0.009,1,0.187,0.536
2.94,-1.163,-1.245,0,0,0.009,1,0.223,0.408
3.07,-1.159,-1.218,0,0,0.009,1,0.257,0.280
3.20,-1.156,-1.190,0,0,0.009,1,0.292,0.152
3.33,-1.152,-1.162,0,0,0.009,1,0.309,0.088
3.46,-1.148,-1.134,0,0,0.009,1,0.274,0.216
3.58,-1.144,-1.106,1,0,0.019,1,0.240,0.344
3.71,-1.141,-1.080,1,0,0.019,1,0.216,0.433
3.84,-1.139,-1.055,1,0,0.019,1,0.214,0.442
3.97,-1.137,-1.032,1,0,0.019,1,0.210,0.456
4.10,-1.135,-1.011,1,0,0.019,1,0.208,0.464
4.22,-1.133,-0.990,1,0,0.019,1,0.203,0.482
4.35,-1.132,-0.970,1,0,0.019,1,0.200,0.495
4.48,-1.130,-0.951,1,0,0.019,1,0.195,0.510
4.61,-1.129,-0.932,1,0,0.019,1,0.188,0.539
4.74,-1.128,-0.914,1,0,0.019,1,0.190,0.530
4.86,-1.126,-0.896,2,0,0.028,1,0.184,0.554
4.99,-1.125,-0.879,2,0,0.028,1,0.178,0.574
5.12,-1.124,-0.863,2,1,0.037,1,0.179,0.573
5.25,-1.123,-0.846,2,1,0.037,1,0.168,0.613
5.38,-1.122,-0.832,2,1,0.037,1,0.152,0.672
5.50,-1.121,-0.820,2,1,0.037,1,0.141,0.712
5.63,-1.120,-0.810,2,1,0.037,1,0.137,0.727
5.76,-1.120,-0.800,2,1,0.037,1,0.133,0.742
5.89,-1.119,-0.790,2,1,0.037,1,0.157,0.652
6.02,-1.118,-0.774,2,1,0.037,1,0.192,0.524
6.14,-1.116,-0.753,2,1,0.037,1,0.226,0.396
6.27,-1.114,-0.726,2,1,0.037,1,0.260,0.268
6.40,-1.112,-0.698,2,1,0.037,1,0.234,0.140
6.53,-1.110,-0.670,3,1,0.046,1,0.220,0.012
6.66,-1.109,-0.647,3,1,0.046,1,0.143,-0.116
6.78,-1.107,-0.632,3,1,0.046,1,0.105,-0.244
6.91,-1.106,-0.623,3,1,0.046,1,0.063,-0.370
7.04,-1.105,-0.617,3,1,0.046,1,0.057,-0.449
7.17,-1.103,-0.614,3,1,0.046,1,0.046,-0.423
7.30,-1.102,-0.610,3,1,0.046,1,0.049,-0.355
7.42,-1.101,-0.606,3,1,0.046,1,0.053,-0.320
7.55,-1.099,-0.603,3,1,0.046,1,0.029,-0.305
7.68,-1.098,-0.600,3,1,0.046,1,0.028,-0.301
7.81,-1.097,-0.598,3,1,0.046,1,0.039,-0.302
7.94,-1.096,-0.596,3,1,0.046,1,0.030,-0.305
8.06,-1.094,-0.594,3,1,0.046,1,0.020,-0.313
8.19,-1.093,-0.592,3,1,0.046,1,0.026,-0.321
8.32,-1.092,-0.591,3,1,0.046,1,0.019,-0.331
8.45,-1.090,-0.590,3,1,0.046,1,0.018,-0.368
8.58,-1.089,-0.590,3,1,0.046,1,0.017,-0.378
8.70,-1.088,-0.589,3,1,0.046,1,0.020,-0.468
8.83,-1.086,-0.589,3,1,0.046,1,0.013,-0.556
8.96,-1.085,-0.589,3,1,0.046,1,0.013,-0.684
9.09,-1.083,-0.589,3,1,0.046,1,0.012,-0.812
9.22,-1.081,-0.589,3,1,0.046,1,0.017,-0.875
9.34,-1.078,-0.590,3,1,0.046,1,0.023,-0.920
9.47,-1.074,-0.591,3,1,0.046,1,0.033,-0.839
9.60,-1.070,-0.588,3,1,0.046,1,0.059,-0.711
9.73,-1.063,-0.583,3,1,0.046,1,0.109,-0.583
9.86,-1.051,-0.574,3,1,0.046,1,0.133,-0.455
9.98,-1.035,-0.563,3,1,0.046,1,0.182,-0.327
10.11,-1.014,-0.550,3,1,0.046,1,0.212,-0.199
10.24,-0.990,-0.537,3,1,0.046,1,0.220,-0.071
10.37,-0.967,-0.524,3,1,0.046,1,0.179,0.057
10.50,-0.950,-0.513,3,1,0.046,1,0.106,0.185
10.62,-0.939,-0.507,3,1,0.046,1,0.066,0.263
10.75,-0.934,-0.503,3,1,0.046,1,0.031,0.314
10.88,-0.931,-0.501,3,1,0.046,1,0.015,0.229
11.01,-0.930,-0.500,3,1,0.046,1,0.015,0.101
11.14,-0.928,-0.499,3,1,0.046,1,0.016,-0.027
11.26,-0.927,-0.497,3,1,0.046,1,0.015,-0.155
11.39,-0.925,-0.496,3,1,0.046,1,0.015,-0.283
11.52,-0.923,-0.495,3,1,0.046,1,0.018,-0.411
11.65,-0.920,-0.493,3,1,0.046,1,0.050,-0.283
11.78,-0.913,-0.489,3,1,0.046,1,0.091,-0.155
11.90,-0.904,-0.484,3,1,0.046,1,0.090,-0.027
12.03,-0.894,-0.479,3,2,0.046,1,0.048,0.101
12.16,-0.888,-0.476,3,2,0.046,1,0.035,-0.027
12.29,-0.884,-0.474,3,2,0.046,1,0.044,-0.091
12.42,-0.879,-0.471,3,2,0.046,1,0.054,-0.219
12.54,-0.872,-0.468,3,2,0.046,1,0.058,-0.283
12.67,-0.863,-0.463,3,2,0.046,1,0.109,-0.155
12.80,-0.850,-0.458,3,2,0.046,1,0.099,-0.091
12.93,-0.838,-0.453,3,2,0.046,1,0.097,-0.091
13.06,-0.826,-0.448,4,2,0.056,1,0.103,-0.219
13.18,-0.813,-0.443,4,2,0.056,1,0.122,-0.347
13.31,-0.798,-0.438,4,2,0.056,1,0.145,-0.475
13.44,-0.777,-0.433,4,2,0.056,1,0.222,-0.411
13.57,-0.751,-0.427,4,2,0.056,1,0.239,-0.347
13.70,-0.725,-0.421,4,2,0.056,1,0.205,-0.475
13.82,-0.701,-0.416,4,2,0.056,1,0.188,-0.539
13.95,-0.679,-0.413,4,2,0.056,1,0.188,-0.539
14.08,-0.656,-0.412,4,3,0.065,1,0.222,-0.411
14.21,-0.630,-0.410,4,3,0.065,1,0.257,-0.283
14.34,-0.602,-0.407,4,3,0.065,1,0.274,-0.219
14.46,-0.574,-0.405,4,3,0.065,2,0.291,-0.155
14.59,-0.546,-0.403,4,3,0.065,2,0.257,-0.283
14.72,-0.519,-0.401,4,3,0.065,2,0.222,-0.411
14.85,-0.495,-0.399,4,3,0.065,2,0.188,-0.539
14.98,-0.477,-0.398,4,3,0.065,2,0.172,-0.598
15.10,-0.461,-0.397,4,3,0.065,2,0.172,-0.598
15.23,-0.445,-0.396,4,4,0.074,2,0.174,-0.589
15.36,-0.429,-0.395,4,4,0.074,2,0.178,-0.575
15.49,-0.412,-0.395,4,4,0.074,2,0.179,-0.572
15.62,-0.395,-0.394,4,4,0.074,2,0.179,-0.570
15.74,-0.379,-0.393,4,4,0.074,2,0.177,-0.580
15.87,-0.362,-0.392,4,4,0.074,2,0.175,-0.585
16.00,-0.345,-0.391,4,4,0.074,2,0.176,-0.583
16.13,-0.328,-0.390,4,4,0.074,2,0.172,-0.598
16.26,-0.312,-0.389,4,4,0.074,2,0.181,-0.565
16.38,-0.295,-0.388,4,4,0.074,2,0.176,-0.582
16.51,-0.279,-0.388,4,4,0.074,2,0.171,-0.599
16.64,-0.262,-0.387,4,4,0.074,2,0.171,-0.602
16.77,-0.246,-0.386,4,4,0.074,2,0.176,-0.583
16.90,-0.230,-0.385,4,4,0.074,2,0.174,-0.591
17.02,-0.214,-0.384,4,5,0.083,2,0.178,-0.575
17.15,-0.198,-0.383,4,5,0.083,2,0.177,-0.577
17.28,-0.182,-0.383,4,5,0.083,2,0.177,-0.577
17.41,-0.166,-0.382,4,5,0.083,2,0.177,-0.577
17.54,-0.150,-0.381,4,5,0.083,2,0.175,-0.586
17.66,-0.134,-0.380,4,5,0.083,2,0.175,-0.586
17.79,-0.118,-0.379,4,5,0.083,2,0.176,-0.584
17.92,-0.103,-0.378,4,5,0.083,2,0.175,-0.584
18.05,-0.087,-0.377,4,5,0.083,2,0.174,-0.589
18.18,-0.071,-0.376,4,5,0.083,2,0.174,-0.589
18.30,-0.056,-0.375,4,5,0.083,2,0.173,-0.595
18.43,-0.041,-0.375,4,5,0.083,2,0.173,-0.594
18.56,-0.025,-0.374,4,5,0.083,2,0.173,-0.594
18.69,-0.010,-0.373,4,5,0.083,2,0.173,-0.594
18.82,0.005,-0.372,4,6,0.093,2,0.172,-0.597
18.94,0.020,-0.371,4,6,0.093,2,0.171,-0.602
19.07,0.035,-0.370,4,6,0.093,2,0.171,-0.602
19.20,0.050,-0.369,4,6,0.093,2,0.171,-0.602
19.33,0.064,-0.368,4,6,0.093,2,0.154,-0.666
19.46,0.075,-0.368,4,6,0.093,2,0.154,-0.666
19.58,0.086,-0.367,4,6,0.093,2,0.119,-0.794
19.71,0.092,-0.367,4,6,0.093,2,0.106,-0.843
19.84,0.096,-0.366,4,6,0.093,2,0.098,-0.872
19.97,0.098,-0.366,4,6,0.093,2,0.083,-0.928
20.10,0.099,-0.366,4,6,0.093,2,0.075,-0.957
20.22,0.100,-0.366,4,6,0.093,2,0.088,-0.911
20.35,0.103,-0.366,4,6,0.093,2,0.095,-0.883
20.48,0.106,-0.366,4,6,0.093,2,0.083,-0.928
20.61,0.107,-0.366,4,6,0.093,2,0.084,-0.925
20.74,0.109,-0.366,4,6,0.093,2,0.086,-0.918
20.86,0.111,-0.366,4,6,0.093,2,0.086,-0.917
20.99,0.113,-0.365,4,6,0.093,2,0.087,-0.913
21.12,0.114,-0.365,4,6,0.093,2,0.080,-0.938
21.25,0.115,-0.365,4,6,0.093,2,0.077,-0.951
21.38,0.115,-0.365,4,6,0.093,2,0.083,-0.929
21.50,0.116,-0.365,4,6,0.093,2,0.078,-0.946
21.63,0.116,-0.365,4,6,0.093,2,0.076,-0.955
21.76,0.116,-0.365,4,6,0.093,2,0.084,-0.926
21.89,0.118,-0.365,4,6,0.093,2,0.108,-0.835
22.02,0.124,-0.365,4,6,0.093,2,0.115,-0.808
22.14,0.130,-0.365,4,6,0.093,2,0.107,-0.839
22.27,0.135,-0.364,4,6,0.093,2,0.104,-0.850
22.40,0.139,-0.364,4,6,0.093,2,0.092,-0.894
22.53,0.141,-0.364,4,6,0.093,2,0.086,-0.917
22.66,0.142,-0.364,4,6,0.093,2,0.084,-0.925
22.78,0.143,-0.364,4,6,0.093,2,0.083,-0.928
22.91,0.145,-0.364,4,6,0.093,2,0.083,-0.930
23.04,0.146,-0.364,4,6,0.093,2,0.082,-0.931
23.17,0.147,-0.364,4,6,0.093,2,0.082,-0.931
23.30,0.148,-0.364,4,6,0.093,2,0.082,-0.931
23.42,0.149,-0.363,4,6,0.093,2,0.083,-0.927
23.55,0.150,-0.363,4,6,0.093,2,0.084,-0.924
23.68,0.151,-0.363,4,6,0.093,2,0.085,-0.923
23.81,0.153,-0.363,4,6,0.093,2,0.085,-0.922
23.94,0.154,-0.363,4,6,0.093,2,0.085,-0.921
24.06,0.155,-0.363,4,6,0.093,2,0.085,-0.921
24.19,0.157,-0.363,4,6,0.093,2,0.085,-0.920
24.32,0.158,-0.363,4,6,0.093,2,0.085,-0.920
24.45,0.160,-0.363,4,6,0.093,2,0.086,-0.919
24.58,0.161,-0.363,4,6,0.093,2,0.086,-0.916
24.70,0.163,-0.363,4,6,0.093,2,0.087,-0.912
24.83,0.165,-0.363,4,6,0.093,2,0.087,-0.914
24.96,0.167,-0.362,4,6,0.093,2,0.087,-0.915
25.09,0.168,-0.362,4,6,0.093,2,0.087,-0.912
25.22,0.170,-0.362,4,6,0.093,2,0.088,-0.909
25.34,0.172,-0.362,4,6,0.093,2,0.089,-0.907
25.47,0.174,-0.362,4,6,0.093,2,0.089,-0.906
25.60,0.177,-0.362,4,6,0.093,2,0.089,-0.905
25.73,0.179,-0.362,4,6,0.093,2,0.089,-0.904
25.86,0.181,-0.362,4,6,0.093,2,0.090,-0.902
25.98,0.183,-0.361,4,6,0.093,2,0.091,-0.898
26.11,0.186,-0.361,4,6,0.093,2,0.092,-0.896
26.24,0.188,-0.361,4,6,0.093,2,0.093,-0.891
26.37,0.191,-0.361,4,6,0.093,2,0.094,-0.888
26.50,0.194,-0.361,4,6,0.093,2,0.094,-0.887
26.62,0.197,-0.361,4,6,0.093,2,0.095,-0.885
26.75,0.200,-0.361,4,6,0.093,2,0.095,-0.884
26.88,0.203,-0.360,4,6,0.093,2,0.095,-0.883
27.01,0.206,-0.360,4,6,0.093,2,0.096,-0.882
27.14,0.210,-0.360,4,6,0.093,2,0.096,-0.881
27.26,0.213,-0.360,4,6,0.093,2,0.096,-0.880
27.39,0.216,-0.360,4,6,0.093,2,0.095,-0.882
27.52,0.219,-0.359,4,6,0.093,2,0.095,-0.883
27.65,0.222,-0.359,4,6,0.093,2,0.095,-0.884
27.78,0.226,-0.359,4,7,0.102,2,0.095,-0.883
27.90,0.229,-0.359,4,7,0.102,2,0.095,-0.882
28.03,0.232,-0.359,4,7,0.102,2,0.096,-0.882
28.16,0.235,-0.358,4,7,0.102,2,0.096,-0.881
28.29,0.238,-0.358,4,7,0.102,2,0.104,-0.850
28.42,0.244,-0.358,4,7,0.102,2,0.125,-0.772
28.54,0.252,-0.357,4,7,0.102,2,0.136,-0.731
28.67,0.263,-0.357,4,7,0.102,2,0.149,-0.681
28.80,0.276,-0.356,4,7,0.102,2,0.153,-0.668
28.93,0.288,-0.355,4,7,0.102,2,0.151,-0.677
29.06,0.300,-0.355,4,7,0.102,2,0.154,-0.664
29.18,0.313,-0.354,4,7,0.102,2,0.150,-0.678
29.31,0.325,-0.353,4,7,0.102,2,0.150,-0.680
29.44,0.338,-0.352,4,7,0.102,2,0.152,-0.671
29.57,0.352,-0.352,4,7,0.102,2,0.187,-0.543
29.70,0.372,-0.350,4,7,0.102,2,0.221,-0.415
29.82,0.398,-0.349,4,7,0.102,2,0.236,-0.359
29.95,0.424,-0.347,4,7,0.102,2,0.231,-0.379
30.08,0.448,-0.345,4,7,0.102,2,0.226,-0.395
30.21,0.472,-0.344,4,8,0.111,2,0.222,-0.412
30.34,0.495,-0.342,4,8,0.111,2,0.210,-0.456
30.46,0.518,-0.341,4,8,0.111,2,0.206,-0.472
30.59,0.540,-0.339,4,8,0.111,2,0.199,-0.495
30.72,0.561,-0.338,4,8,0.111,2,0.213,-0.446
30.85,0.583,-0.337,4,8,0.111,2,0.213,-0.446
30.98,0.604,-0.335,4,8,0.111,2,0.195,-0.512
31.10,0.623,-0.334,4,8,0.111,2,0.192,-0.524
31.23,0.641,-0.333,4,8,0.111,2,0.187,-0.540
31.36,0.658,-0.332,4,8,0.111,2,0.178,-0.577
31.49,0.675,-0.331,4,9,0.120,2,0.174,-0.589
31.62,0.692,-0.330,4,9,0.120,2,0.170,-0.603
31.74,0.708,-0.329,4,9,0.120,2,0.167,-0.617
31.87,0.723,-0.328,4,9,0.120,2,0.165,-0.624
32.00,0.738,-0.327,4,9,0.120,2,0.162,-0.634
32.13,0.751,-0.327,4,9,0.120,2,0.128,-0.762
32.26,0.757,-0.326,4,9,0.120,2,0.100,-0.865
32.38,0.760,-0.326,4,9,0.120,2,0.086,-0.917
32.51,0.761,-0.326,4,9,0.120,2,0.079,-0.944
32.64,0.762,-0.326,4,9,0.120,2,0.075,-0.957
32.77,0.762,-0.326,4,9,0.120,2,0.074,-0.963
32.90,0.763,-0.326,4,9,0.120,2,0.072,-0.968
33.02,0.764,-0.326,4,9,0.120,2,0.072,-0.970
33.15,0.765,-0.326,4,9,0.120,2,0.072,-0.971
33.28,0.765,-0.326,4,9,0.120,2,0.071,-0.973
33.41,0.766,-0.327,4,9,0.120,2,0.071,-0.975
33.54,0.767,-0.328,4,9,0.120,2,0.070,-0.975
33.66,0.768,-0.329,4,9,0.120,2,0.071,-0.974
33.79,0.769,-0.331,4,9,0.120,2,0.071,-0.973
33.92,0.770,-0.333,4,9,0.120,2,0.071,-0.972
34.05,0.771,-0.335,4,9,0.120,2,0.072,-0.971
34.18,0.773,-0.337,4,9,0.120,2,0.072,-0.970
34.30,0.775,-0.341,4,9,0.120,2,0.073,-0.967
34.43,0.778,-0.344,4,9,0.120,2,0.074,-0.963
34.56,0.783,-0.348,4,9,0.120,2,0.098,-0.871
34.69,0.792,-0.354,4,9,0.120,2,0.117,-0.803
34.82,0.804,-0.360,4,9,0.120,2,0.105,-0.848
34.94,0.814,-0.366,4,9,0.120,2,0.082,-0.932
35.07,0.822,-0.372,4,9,0.120,2,0.068,-0.984
35.20,0.828,-0.378,4,9,0.120,2,0.080,-0.938
35.33,0.836,-0.387,4,9,0.120,2,0.115,-0.810
35.46,0.845,-0.400,4,9,0.120,2,0.149,-0.682
35.58,0.855,-0.417,4,9,0.120,2,0.184,-0.554
35.71,0.867,-0.437,4,9,0.120,2,0.218,-0.426
35.84,0.878,-0.462,3,9,0.130,2,0.252,-0.298
35.97,0.891,-0.487,3,9,0.130,2,0.287,-0.170
36.10,0.903,-0.512,3,10,0.139,2,0.321,-0.042
36.22,0.915,-0.537,3,10,0.139,2,0.309,0.086
36.35,0.928,-0.563,3,10,0.139,3,0.327,0.022
36.48,0.940,-0.588,3,10,0.139,3,0.304,-0.106
36.61,0.953,-0.613,3,10,0.139,3,0.270,-0.234
36.74,0.965,-0.639,3,10,0.139,3,0.235,-0.362
36.86,0.976,-0.662,3,10,0.139,3,0.201,-0.490
36.99,0.985,-0.683,2,10,0.148,3,0.181,-0.565
37.12,0.992,-0.704,2,10,0.148,3,0.177,-0.578
37.25,0.997,-0.724,2,10,0.148,3,0.174,-0.590
37.38,1.001,-0.745,2,10,0.148,3,0.140,-0.718
37.50,1.002,-0.761,2,10,0.148,3,0.116,-0.806
37.63,1.003,-0.773,2,10,0.148,3,0.102,-0.860
37.76,1.002,-0.777,2,10,0.148,3,0.093,-0.890
37.89,1.002,-0.780,2,10,0.148,3,0.089,-0.906
38.02,1.002,-0.782,2,10,0.148,3,0.087,-0.915
38.14,1.001,-0.784,2,10,0.148,3,0.085,-0.920
38.27,1.001,-0.786,2,10,0.148,3,0.085,-0.923
38.40,1.000,-0.788,2,10,0.148,3,0.084,-0.925
38.53,0.999,-0.790,2,10,0.148,3,0.083,-0.927
38.66,0.998,-0.793,2,10,0.148,3,0.109,-0.832
38.78,0.996,-0.802,2,10,0.148,3,0.143,-0.704
38.91,0.994,-0.815,2,10,0.148,3,0.126,-0.767
39.04,0.992,-0.825,2,10,0.148,3,0.145,-0.697
39.17,0.989,-0.841,2,10,0.148,3,0.179,-0.569
39.30,0.984,-0.863,2,10,0.148,3,0.197,-0.441
39.42,0.979,-0.886,2,10,0.148,3,0.161,-0.441
39.55,0.973,-0.905,1,10,0.157,3,0.153,-0.313
39.68,0.967,-0.923,1,10,0.157,3,0.128,-0.313
39.81,0.962,-0.936,1,10,0.157,3,0.102,-0.313
39.94,0.957,-0.947,1,10,0.157,3,0.102,-0.185
40.06,0.952,-0.958,1,10,0.157,3,0.087,-0.121
40.19,0.948,-0.966,1,10,0.157,3,0.057,-0.249
40.32,0.945,-0.973,1,10,0.157,3,0.063,-0.121
40.45,0.941,-0.979,1,10,0.157,3,0.036,-0.121
40.58,0.939,-0.984,1,10,0.157,3,0.041,-0.121
40.70,0.936,-0.989,1,10,0.157,3,0.047,-0.121
40.83,0.933,-0.993,1,10,0.157,3,0.044,0.007
40.96,0.931,-0.996,1,10,0.157,3,0.030,-0.121
41.09,0.930,-0.999,1,10,0.157,3,0.016,-0.057
41.22,0.928,-1.002,1,10,0.157,3,0.025,-0.057
41.34,0.927,-1.004,1,10,0.157,3,0.015,-0.121
41.47,0.925,-1.006,1,10,0.157,3,0.016,0.007
41.60,0.924,-1.008,1,10,0.157,3,0.016,-0.057
41.73,0.923,-1.010,1,10,0.157,3,0.016,-0.057
41.86,0.921,-1.012,1,10,0.157,3,0.016,-0.057
41.98,0.920,-1.013,1,10,0.157,3,0.016,0.007
42.11,0.919,-1.015,1,10,0.157,3,0.016,-0.057
42.24,0.918,-1.017,1,10,0.157,3,0.016,-0.057
42.37,0.917,-1.018,1,10,0.157,3,0.016,0.007
42.50,0.916,-1.020,1,10,0.157,3,0.015,-0.121
42.62,0.914,-1.021,1,10,0.157,3,0.016,0.007
42.75,0.913,-1.023,1,10,0.157,3,0.016,-0.057
42.88,0.912,-1.025,1,10,0.157,3,0.016,-0.057
43.01,0.911,-1.026,1,10,0.157,3,0.016,0.007
43.14,0.910,-1.028,1,10,0.157,3,0.015,-0.121
43.26,0.908,-1.029,1,10,0.157,3,0.016,-0.057
43.39,0.907,-1.031,1,10,0.157,3,0.016,0.071
43.52,0.906,-1.032,1,10,0.157,3,0.016,-0.057
43.65,0.905,-1.034,1,10,0.157,3,0.015,-0.121
43.78,0.903,-1.035,1,10,0.157,3,0.016,0.007
43.90,0.902,-1.037,1,10,0.157,3,0.016,-0.057
44.03,0.901,-1.038,1,10,0.157,3,0.016,-0.057
44.16,0.900,-1.040,1,9,0.167,3,0.016,0.007
44.29,0.898,-1.041,1,9,0.167,3,0.015,-0.121
44.42,0.897,-1.043,1,9,0.167,3,0.016,-0.057
44.54,0.896,-1.044,1,9,0.167,3,0.016,0.071
44.67,0.894,-1.046,1,9,0.167,3,0.016,-0.057
44.80,0.893,-1.047,1,9,0.167,3,0.015,-0.121
44.93,0.892,-1.049,1,9,0.167,3,0.016,0.007
45.06,0.891,-1.050,1,9,0.167,3,0.016,-0.057
45.18,0.889,-1.052,1,9,0.167,3,0.016,-0.057
45.31,0.888,-1.053,1,9,0.167,3,0.016,0.007
45.44,0.887,-1.055,1,9,0.167,3,0.015,-0.121
45.57,0.885,-1.056,1,9,0.167,3,0.016,-0.057
45.70,0.884,-1.057,1,9,0.167,3,0.016,0.071
45.82,0.882,-1.059,1,9,0.167,3,0.016,-0.057
45.95,0.881,-1.060,1,9,0.167,3,0.015,-0.185
46.08,0.880,-1.061,1,9,0.167,3,0.016,-0.057
46.21,0.878,-1.063,1,9,0.167,3,0.016,0.071
46.34,0.877,-1.064,1,9,0.167,3,0.016,0.007
46.46,0.875,-1.066,1,9,0.167,3,0.015,-0.121
46.59,0.874,-1.067,1,9,0.167,3,0.015,-0.185
46.72,0.873,-1.068,1,9,0.167,3,0.016,-0.057
46.85,0.871,-1.070,1,9,0.167,3,0.016,0.071
46.98,0.870,-1.071,1,9,0.167,3,0.016,0.007
47.10,0.868,-1.072,1,9,0.167,3,0.015,-0.121
47.23,0.867,-1.073,1,9,0.167,3,0.015,-0.121
47.36,0.865,-1.075,1,9,0.167,3,0.016,0.007
47.49,0.864,-1.076,1,9,0.167,3,0.016,0.007
47.62,0.862,-1.077,1,9,0.167,3,0.015,-0.121
47.74,0.861,-1.079,1,9,0.167,3,0.016,-0.057
47.87,0.859,-1.080,1,9,0.167,3,0.016,0.007
48.00,0.858,-1.081,1,9,0.167,3,0.015,-0.121
48.13,0.856,-1.082,1,9,0.167,3,0.016,0.007
48.26,0.855,-1.084,1,9,0.167,3,0.016,-0.057
48.38,0.853,-1.085,1,9,0.167,3,0.016,-0.057
48.51,0.852,-1.086,1,9,0.167,3,0.016,-0.057
48.64,0.850,-1.087,1,9,0.167,3,0.016,0.007
48.77,0.849,-1.088,1,9,0.167,3,0.015,-0.121
48.90,0.847,-1.090,1,9,0.167,3,0.016,-0.057
49.02,0.846,-1.091,1,9,0.167,3,0.016,0.071
49.15,0.844,-1.092,1,9,0.167,3,0.016,-0.057
49.28,0.842,-1.093,1,9,0.167,3,0.015,-0.185
49.41,0.841,-1.094,1,9,0.167,3,0.016,-0.057
49.54,0.839,-1.095,1,9,0.167,3,0.016,0.071
49.66,0.838,-1.096,1,9,0.167,3,0.016,-0.057
49.79,0.836,-1.098,1,9,0.167,3,0.015,-0.121
49.92,0.834,-1.099,1,9,0.167,3,0.016,0.001
50.05,0.833,-1.100,1,9,0.167,3,0.016,-0.063
50.18,0.831,-1.101,1,9,0.167,3,0.016,-0.063
50.30,0.829,-1.102,1,9,0.167,3,0.016,-0.063
50.43,0.828,-1.103,1,9,0.167,3,0.016,-0.007
50.56,0.826,-1.104,1,9,0.167,3,0.016,-0.071
50.69,0.824,-1.105,1,9,0.167,3,0.016,-0.088
50.82,0.822,-1.107,1,9,0.167,3,0.015,-0.104
50.94,0.820,-1.108,1,9,0.167,3,0.024,-0.073
51.07,0.817,-1.109,1,9,0.167,3,0.027,-0.089
51.20,0.814,-1.111,1,9,0.167,3,0.023,-0.073
51.33,0.811,-1.113,1,9,0.167,3,0.037,-0.141
51.46,0.806,-1.116,1,9,0.167,3,0.038,-0.111
51.58,0.802,-1.118,1,9,0.167,3,0.055,-0.239
51.71,0.794,-1.122,1,9,0.167,3,0.066,-0.303
51.84,0.785,-1.126,0,9,0.176,3,0.101,-0.303
51.97,0.772,-1.131,0,9,0.176,3,0.121,-0.431
52.10,0.757,-1.136,0,9,0.176,3,0.156,-0.559
52.22,0.735,-1.142,0,9,0.176,3,0.217,-0.431
52.35,0.711,-1.147,0,9,0.176,3,0.182,-0.559
52.48,0.690,-1.151,0,9,0.176,3,0.165,-0.623
52.61,0.669,-1.153,0,8,0.185,3,0.187,-0.543
52.74,0.648,-1.154,0,8,0.185,3,0.193,-0.519
52.86,0.629,-1.156,0,8,0.185,4,0.190,-0.530
52.99,0.610,-1.157,0,8,0.185,4,0.192,-0.524
53.12,0.591,-1.158,0,8,0.185,4,0.185,-0.547
53.25,0.572,-1.160,0,8,0.185,4,0.191,-0.525
53.38,0.554,-1.161,0,8,0.185,4,0.191,-0.525
53.50,0.535,-1.162,0,8,0.185,4,0.187,-0.541
53.63,0.516,-1.163,0,8,0.185,4,0.184,-0.553
53.76,0.498,-1.165,0,8,0.185,4,0.188,-0.536
53.89,0.479,-1.166,0,8,0.185,4,0.188,-0.539
54.02,0.461,-1.167,0,8,0.185,4,0.185,-0.547
54.14,0.443,-1.168,0,7,0.194,4,0.184,-0.551
54.27,0.425,-1.170,0,7,0.194,4,0.190,-0.529
54.40,0.407,-1.171,0,7,0.194,4,0.186,-0.544
54.53,0.389,-1.172,0,7,0.194,4,0.187,-0.542
54.66,0.371,-1.173,0,7,0.194,4,0.185,-0.551
54.78,0.353,-1.174,0,7,0.194,4,0.186,-0.544
54.91,0.335,-1.176,0,7,0.194,4,0.183,-0.556
55.04,0.317,-1.177,0,7,0.194,4,0.186,-0.546
55.17,0.300,-1.178,0,7,0.194,4,0.183,-0.556
55.30,0.282,-1.179,0,7,0.194,4,0.184,-0.552
55.42,0.264,-1.180,0,7,0.194,4,0.178,-0.574
55.55,0.246,-1.181,0,7,0.194,4,0.178,-0.574
55.68,0.229,-1.183,0,7,0.194,4,0.179,-0.573
55.81,0.211,-1.184,0,6,0.204,4,0.178,-0.575
55.94,0.194,-1.185,0,6,0.204,4,0.179,-0.570
56.06,0.177,-1.186,0,6,0.204,4,0.185,-0.550
56.19,0.159,-1.187,0,6,0.204,4,0.185,-0.550
56.32,0.142,-1.188,0,6,0.204,4,0.186,-0.546
56.45,0.125,-1.189,0,6,0.204,4,0.181,-0.563
56.58,0.107,-1.190,0,6,0.204,4,0.181,-0.564
56.70,0.091,-1.192,0,6,0.204,4,0.185,-0.550
56.83,0.073,-1.193,0,6,0.204,4,0.180,-0.567
56.96,0.056,-1.194,0,6,0.204,4,0.184,-0.552
57.09,0.039,-1.195,0,6,0.204,4,0.182,-0.559
57.22,0.022,-1.196,0,6,0.204,4,0.182,-0.559
57.34,0.006,-1.197,0,6,0.204,4,0.182,-0.559
57.47,-0.011,-1.198,0,5,0.213,4,0.180,-0.566
57.60,-0.028,-1.199,0,5,0.213,4,0.182,-0.560
57.73,-0.045,-1.200,0,5,0.213,4,0.180,-0.567
57.86,-0.061,-1.201,0,5,0.213,4,0.180,-0.569
57.98,-0.078,-1.202,0,5,0.213,4,0.180,-0.569
58.11,-0.094,-1.203,0,5,0.213,4,0.180,-0.569
58.24,-0.111,-1.204,0,5,0.213,4,0.179,-0.569
58.37,-0.128,-1.205,0,5,0.213,4,0.173,-0.593
58.50,-0.145,-1.206,0,5,0.213,4,0.173,-0.592
58.62,-0.162,-1.207,0,5,0.213,4,0.173,-0.592
58.75,-0.178,-1.208,0,5,0.213,4,0.171,-0.600
58.88,-0.195,-1.209,0,5,0.213,4,0.173,-0.595
59.01,-0.211,-1.210,0,5,0.213,4,0.170,-0.603
59.14,-0.228,-1.211,0,4,0.222,4,0.170,-0.603
59.26,-0.244,-1.212,0,4,0.222,4,0.170,-0.603
59.39,-0.260,-1.213,0,4,0.222,4,0.169,-0.608
59.52,-0.276,-1.214,0,4,0.222,4,0.169,-0.607
59.65,-0.292,-1.215,0,4,0.222,4,0.168,-0.613
59.78,-0.308,-1.216,0,4,0.222,4,0.168,-0.613
59.90,-0.323,-1.217,0,4,0.222,4,0.168,-0.613
60.03,-0.339,-1.218,0,4,0.222,4,0.168,-0.613
60.16,-0.354,-1.219,0,4,0.222,4,0.156,-0.656
60.29,-0.367,-1.220,0,4,0.222,4,0.153,-0.669
60.42,-0.380,-1.221,0,4,0.222,4,0.148,-0.686
60.54,-0.391,-1.221,0,4,0.222,4,0.145,-0.698
60.67,-0.402,-1.222,0,4,0.222,4,0.138,-0.722
60.80,-0.412,-1.223,0,4,0.222,4,0.131,-0.751
60.93,-0.421,-1.223,0,4,0.222,4,0.127,-0.766
61.06,-0.429,-1.224,0,4,0.222,4,0.107,-0.840
61.18,-0.434,-1.224,0,4,0.222,4,0.096,-0.878
61.31,-0.438,-1.224,0,4,0.222,4,0.109,-0.831
61.44,-0.443,-1.225,0,4,0.222,4,0.108,-0.835
61.57,-0.449,-1.225,0,4,0.222,4,0.122,-0.785
61.70,-0.457,-1.225,0,3,0.231,4,0.129,-0.758
61.82,-0.465,-1.226,0,3,0.231,4,0.124,-0.776
61.95,-0.472,-1.226,0,3,0.231,4,0.104,-0.852
62.08,-0.476,-1.227,0,3,0.231,4,0.095,-0.882
62.21,-0.478,-1.227,0,3,0.231,4,0.082,-0.932
62.34,-0.479,-1.227,0,3,0.231,4,0.093,-0.890
62.46,-0.482,-1.227,0,3,0.231,4,0.087,-0.914
62.59,-0.485,-1.227,0,3,0.231,4,0.094,-0.888
62.72,-0.488,-1.227,0,3,0.231,4,0.096,-0.880
62.85,-0.491,-1.228,0,3,0.231,4,0.099,-0.870
62.98,-0.494,-1.228,0,3,0.231,4,0.093,-0.891
63.10,-0.497,-1.228,0,3,0.231,4,0.096,-0.881
63.23,-0.499,-1.228,0,3,0.231,4,0.082,-0.934
63.36,-0.500,-1.228,0,3,0.231,4,0.074,-0.961
63.49,-0.501,-1.228,0,3,0.231,4,0.080,-0.939
63.62,-0.503,-1.228,0,3,0.231,4,0.111,-0.826
63.74,-0.508,-1.228,0,3,0.231,4,0.115,-0.811
63.87,-0.514,-1.229,0,3,0.231,4,0.104,-0.850
64.00,-0.520,-1.229,0,3,0.231,4,0.117,-0.801
64.13,-0.527,-1.229,0,3,0.231,4,0.111,-0.823
64.26,-0.532,-1.230,0,3,0.231,4,0.105,-0.847
64.38,-0.536,-1.230,0,3,0.231,4,0.085,-0.920
64.51,-0.537,-1.230,0,3,0.231,4,0.094,-0.888
64.64,-0.539,-1.230,0,3,0.231,4,0.091,-0.900
64.77,-0.540,-1.230,0,3,0.231,4,0.077,-0.949
64.90,-0.541,-1.230,0,3,0.231,4,0.081,-0.937
65.02,-0.543,-1.230,0,3,0.231,4,0.113,-0.818
65.15,-0.549,-1.230,0,3,0.231,4,0.099,-0.870
65.28,-0.555,-1.231,0,3,0.231,4,0.133,-0.742
65.41,-0.562,-1.231,0,3,0.231,4,0.100,-0.863
65.54,-0.566,-1.231,0,3,0.231,4,0.088,-0.911
65.66,-0.567,-1.231,0,3,0.231,4,0.075,-0.959
65.79,-0.567,-1.231,0,3,0.231,4,0.085,-0.919
65.92,-0.570,-1.231,0,3,0.231,4,0.091,-0.899
66.05,-0.572,-1.231,0,3,0.231,4,0.084,-0.924
66.18,-0.574,-1.231,0,3,0.231,4,0.078,-0.946
66.30,-0.574,-1.231,0,3,0.231,4,0.090,-0.902
66.43,-0.578,-1.232,0,3,0.231,4,0.094,-0.887
66.56,-0.581,-1.232,0,3,0.231,4,0.101,-0.863
66.69,-0.583,-1.232,0,3,0.231,4,0.094,-0.889
66.82,-0.586,-1.232,0,3,0.231,4,0.114,-0.813
66.94,-0.591,-1.232,0,3,0.231,4,0.101,-0.861
67.07,-0.593,-1.232,0,3,0.231,4,0.081,-0.937
67.20,-0.594,-1.232,0,3,0.231,4,0.081,-0.937
67.33,-0.597,-1.232,0,3,0.231,4,0.115,-0.809
67.46,-0.603,-1.233,0,3,0.231,4,0.132,-0.745
67.58,-0.610,-1.233,0,3,0.231,4,0.099,-0.869
67.71,-0.614,-1.233,0,3,0.231,4,0.087,-0.915
67.84,-0.615,-1.233,0,3,0.231,4,0.082,-0.931
67.97,-0.616,-1.233,0,3,0.231,4,0.089,-0.906
68.10,-0.619,-1.233,0,3,0.231,4,0.094,-0.889
68.22,-0.621,-1.233,0,3,0.231,4,0.084,-0.926
68.35,-0.622,-1.233,0,3,0.231,4,0.080,-0.941
68.48,-0.625,-1.234,0,3,0.231,4,0.114,-0.813
68.61,-0.633,-1.234,0,3,0.231,4,0.148,-0.685
68.74,-0.645,-1.234,0,3,0.231,4,0.136,-0.730
68.86,-0.652,-1.235,0,3,0.231,4,0.102,-0.858
68.99,-0.655,-1.235,0,3,0.231,4,0.088,-0.911
69.12,-0.656,-1.235,0,3,0.231,4,0.080,-0.938
69.25,-0.657,-1.235,0,3,0.231,4,0.101,-0.861
69.38,-0.663,-1.235,0,3,0.231,4,0.135,-0.733
69.50,-0.673,-1.235,0,3,0.231,4,0.118,-0.797
69.63,-0.680,-1.236,0,2,0.241,4,0.101,-0.861
69.76,-0.682,-1.236,0,2,0.241,4,0.073,-0.967
69.89,-0.683,-1.236,0,2,0.241,4,0.076,-0.954
70.02,-0.684,-1.236,0,2,0.241,4,0.097,-0.878
70.14,-0.690,-1.236,0,2,0.241,4,0.131,-0.750
70.27,-0.701,-1.236,0,2,0.241,4,0.165,-0.622
70.40,-0.715,-1.237,0,2,0.241,4,0.157,-0.654
70.53,-0.726,-1.237,0,2,0.241,4,0.122,-0.782
70.66,-0.732,-1.237,0,2,0.241,4,0.089,-0.905
70.78,-0.733,-1.237,0,2,0.241,4,0.070,-0.978
70.91,-0.735,-1.237,0,2,0.241,4,0.059,-1.019
71.04,-0.738,-1.237,0,2,0.241,4,0.060,-1.014
71.17,-0.740,-1.235,0,2,0.241,4,0.070,-0.979
71.30,-0.742,-1.232,0,2,0.241,4,0.089,-0.905
71.42,-0.748,-1.229,0,2,0.241,4,0.101,-0.860
71.55,-0.756,-1.225,0,2,0.241,4,0.129,-0.758
71.68,-0.771,-1.219,0,2,0.241,4,0.163,-0.630
71.81,-0.792,-1.211,0,2,0.241,4,0.198,-0.502
71.94,-0.814,-1.201,0,2,0.241,4,0.232,-0.374
72.06,-0.840,-1.190,0,2,0.241,4,0.266,-0.246
72.19,-0.865,-1.178,0,2,0.241,4,0.249,-0.246
72.32,-0.889,-1.167,0,2,0.241,4,0.183,-0.374
72.45,-0.908,-1.157,0,1,0.250,4,0.128,-0.502
72.58,-0.921,-1.149,0,1,0.250,4,0.116,-0.630
72.70,-0.932,-1.142,0,1,0.250,4,0.100,-0.694
72.83,-0.942,-1.132,0,1,0.250,4,0.141,-0.566
72.96,-0.955,-1.120,1,1,0.259,4,0.171,-0.438
73.09,-0.970,-1.104,1,1,0.259,4,0.185,-0.310
73.22,-0.986,-1.085,1,1,0.259,4,0.211,-0.182
73.34,-1.003,-1.064,1,1,0.259,4,0.202,-0.054
73.47,-1.017,-1.046,1,1,0.259,4,0.171,0.010
73.60,-1.029,-1.031,1,1,0.259,4,0.110,-0.118
73.73,-1.038,-1.020,1,1,0.259,4,0.103,-0.246
73.86,-1.045,-1.010,1,1,0.259,4,0.095,-0.374
73.98,-1.052,-1.000,1,1,0.259,4,0.107,-0.502
74.11,-1.059,-0.988,1,1,0.259,4,0.144,-0.502
74.24,-1.068,-0.969,1,1,0.259,4,0.211,-0.374
74.37,-1.079,-0.946,1,1,0.259,4,0.200,-0.438
74.50,-1.088,-0.924,1,1,0.259,4,0.180,-0.566
74.62,-1.094,-0.904,1,1,0.259,4,0.146,-0.694
74.75,-1.098,-0.885,2,1,0.259,4,0.180,-0.566
74.88,-1.102,-0.862,2,1,0.259,4,0.215,-0.438
75.01,-1.105,-0.837,2,1,0.259,4,0.180,-0.566
75.14,-1.107,-0.816,2,1,0.259,4,0.146,-0.693
75.26,-1.106,-0.802,2,1,0.259,4,0.123,-0.778
75.39,-1.106,-0.794,2,1,0.259,4,0.113,-0.817
75.52,-1.106,-0.788,2,1,0.259,4,0.108,-0.837
75.65,-1.105,-0.782,2,1,0.259,4,0.111,-0.825
75.78,-1.104,-0.775,2,1,0.259,4,0.122,-0.784
75.90,-1.103,-0.766,2,1,0.259,4,0.136,-0.733
76.03,-1.102,-0.755,2,1,0.259,4,0.144,-0.701
76.16,-1.100,-0.743,2,1,0.259,4,0.136,-0.732
76.29,-1.098,-0.731,2,1,0.259,4,0.129,-0.740
76.42,-1.096,-0.719,2,1,0.259,4,0.132,-0.705
76.54,-1.093,-0.706,2,1,0.259,4,0.127,-0.693
76.67,-1.089,-0.694,2,1,0.259,4,0.125,-0.660
76.80,-1.085,-0.681,2,1,0.259,4,0.105,-0.653
76.93,-1.081,-0.670,3,1,0.259,4,0.109,-0.577
77.06,-1.076,-0.658,3,1,0.259,4,0.094,-0.538
77.18,-1.072,-0.647,3,1,0.259,4,0.083,-0.548
77.31,-1.067,-0.639,3,1,0.259,4,0.067,-0.583
77.44,-1.063,-0.632,3,1,0.259,4,0.055,-0.686
77.57,-1.058,-0.627,3,1,0.259,4,0.058,-0.686
77.70,-1.053,-0.620,3,1,0.259,4,0.093,-0.558
77.82,-1.044,-0.611,3,1,0.259,4,0.097,-0.430
77.95,-1.034,-0.601,3,1,0.259,4,0.142,-0.302
78.08,-1.020,-0.589,3,1,0.259,4,0.130,-0.174
78.21,-1.007,-0.577,3,1,0.259,4,0.140,-0.110
78.34,-0.994,-0.566,3,1,0.259,4,0.130,0.018
78.46,-0.982,-0.556,3,1,0.259,4,0.084,0.146
78.59,-0.975,-0.550,3,1,0.259,4,0.041,0.265
78.72,-0.972,-0.547,3,1,0.259,4,0.027,0.393
78.85,-0.971,-0.545,3,1,0.259,4,0.015,0.265
78.98,-0.969,-0.544,3,1,0.259,4,0.015,0.137
79.10,-0.968,-0.542,3,1,0.259,4,0.016,0.009
79.23,-0.967,-0.541,3,1,0.259,4,0.015,-0.119
79.36,-0.965,-0.539,3,1,0.259,4,0.015,-0.247
79.49,-0.964,-0.538,3,1,0.259,4,0.014,-0.375
79.62,-0.962,-0.537,3,1,0.259,4,0.014,-0.439
79.74,-0.960,-0.535,3,1,0.259,4,0.034,-0.311
79.87,-0.956,-0.532,3,1,0.259,4,0.052,-0.183
80.00,-0.949,-0.527,3,1,0.259,4,0.067,-0.055
80.13,-0.943,-0.523,3,1,0.259,4,0.032,0.073
80.26,-0.940,-0.520,3,1,0.259,4,0.015,0.137
80.38,-0.938,-0.518,3,1,0.259,4,0.019,0.201
80.51,-0.936,-0.517,3,1,0.259,4,0.016,0.073
80.64,-0.935,-0.516,3,1,0.259,4,0.016,-0.055
80.77,-0.933,-0.515,3,1,0.259,4,0.015,-0.183
80.90,-0.932,-0.513,3,1,0.259,4,0.014,-0.311
81.02,-0.929,-0.512,3,1,0.259,4,0.035,-0.247
81.15,-0.925,-0.509,3,1,0.259,4,0.067,-0.119
81.28,-0.919,-0.505,3,1,0.259,4,0.053,0.009
81.41,-0.914,-0.502,3,1,0.259,4,0.045,0.137
81.54,-0.911,-0.500,3,1,0.259,4,0.015,0.132
81.66,-0.910,-0.498,3,1,0.259,4,0.016,0.004
81.79,-0.908,-0.497,3,1,0.259,4,0.015,-0.124
81.92,-0.907,-0.496,3,1,0.259,4,0.015,-0.252
82.05,-0.904,-0.495,3,1,0.259,4,0.028,-0.188
82.18,-0.900,-0.492,3,1,0.259,4,0.047,-0.060
82.30,-0.895,-0.489,3,2,0.259,4,0.036,0.004
82.43,-0.891,-0.487,3,2,0.259,4,0.051,0.004
82.56,-0.886,-0.484,3,2,0.259,4,0.035,0.004
82.69,-0.883,-0.482,3,2,0.259,4,0.027,-0.060
82.82,-0.880,-0.480,3,2,0.259,4,0.015,-0.188
82.94,-0.877,-0.478,3,2,0.259,4,0.049,-0.188
83.07,-0.870,-0.475,3,2,0.259,4,0.067,-0.124
83.20,-0.863,-0.471,3,2,0.259,4,0.065,0.004
83.33,-0.855,-0.467,3,2,0.259,4,0.071,-0.124
83.46,-0.847,-0.463,3,2,0.259,4,0.074,-0.252
83.58,-0.839,-0.460,3,2,0.259,4,0.079,-0.380
83.71,-0.827,-0.455,3,2,0.259,4,0.121,-0.316
83.84,-0.810,-0.449,4,2,0.259,4,0.175,-0.188
83.97,-0.787,-0.441,4,2,0.259,4,0.205,-0.060
84.10,-0.763,-0.434,4,2,0.259,4,0.164,-0.188
84.22,-0.742,-0.428,4,2,0.259,4,0.194,-0.316
84.35,-0.718,-0.422,4,2,0.259,4,0.197,-0.444
84.48,-0.695,-0.417,4,2,0.259,4,0.179,-0.572
84.61,-0.674,-0.414,4,3,0.259,4,0.164,-0.628
84.74,-0.653,-0.412,4,3,0.259,4,0.198,-0.500
84.86,-0.630,-0.411,4,3,0.259,4,0.233,-0.372
84.99,-0.603,-0.409,4,3,0.259,4,0.267,-0.244
85.12,-0.575,-0.407,4,3,0.259,5,0.301,-0.116
85.25,-0.547,-0.405,4,3,0.259,5,0.301,-0.116
85.38,-0.519,-0.403,4,3,0.259,5,0.319,-0.052
85.50,-0.491,-0.401,4,3,0.259,5,0.284,-0.180
85.63,-0.463,-0.399,4,3,0.259,5,0.250,-0.308
85.76,-0.436,-0.398,4,4,0.259,5,0.215,-0.436
85.89,-0.415,-0.396,4,4,0.259,5,0.181,-0.564
86.02,-0.398,-0.395,4,4,0.259,5,0.173,-0.594
86.14,-0.381,-0.394,4,4,0.259,5,0.176,-0.582
86.27,-0.365,-0.393,4,4,0.259,5,0.174,-0.589
86.40,-0.349,-0.392,4,4,0.259,5,0.177,-0.579
86.53,-0.332,-0.392,4,4,0.259,5,0.178,-0.576
86.66,-0.316,-0.391,4,4,0.259,5,0.176,-0.581
86.78,-0.300,-0.390,4,4,0.259,5,0.171,-0.601
86.91,-0.284,-0.389,4,4,0.259,5,0.171,-0.600
87.04,-0.267,-0.388,4,4,0.259,5,0.168,-0.612
87.17,-0.252,-0.387,4,4,0.259,5,0.168,-0.613
87.30,-0.236,-0.386,4,4,0.259,5,0.166,-0.620
87.42,-0.220,-0.385,4,5,0.259,5,0.176,-0.583
87.55,-0.204,-0.384,4,5,0.259,5,0.174,-0.589
87.68,-0.188,-0.383,4,5,0.259,5,0.167,-0.615
87.81,-0.172,-0.382,4,5,0.259,5,0.167,-0.615
87.94,-0.157,-0.381,4,5,0.259,5,0.167,-0.615
88.06,-0.141,-0.380,4,5,0.259,5,0.165,-0.623
88.19,-0.126,-0.380,4,5,0.259,5,0.165,-0.623
88.32,-0.110,-0.379,4,5,0.259,5,0.166,-0.618
88.45,-0.095,-0.378,4,5,0.259,5,0.166,-0.620
88.58,-0.079,-0.377,4,5,0.259,5,0.166,-0.620
88.70,-0.064,-0.376,4,5,0.259,5,0.164,-0.626
88.83,-0.049,-0.375,4,5,0.259,5,0.165,-0.625
88.96,-0.033,-0.374,4,5,0.259,5,0.163,-0.630
89.09,-0.018,-0.373,4,5,0.259,5,0.163,-0.630
89.22,-0.003,-0.372,4,5,0.259,5,0.163,-0.630
89.34,0.011,-0.371,4,6,0.259,5,0.162,-0.634
89.47,0.026,-0.370,4,6,0.259,5,0.162,-0.634
89.60,0.041,-0.370,4,6,0.259,5,0.162,-0.634
89.73,0.054,-0.369,4,6,0.259,5,0.162,-0.634
89.86,0.066,-0.368,4,6,0.259,5,0.128,-0.762
89.98,0.074,-0.368,4,6,0.259,5,0.111,-0.826
90.11,0.080,-0.367,4,6,0.259,5,0.097,-0.875
90.24,0.082,-0.367,4,6,0.259,5,0.081,-0.936
90.37,0.083,-0.367,4,6,0.259,5,0.080,-0.939
90.50,0.083,-0.367,4,6,0.259,5,0.072,-0.969
90.62,0.085,-0.367,4,6,0.259,5,0.106,-0.841
90.75,0.091,-0.367,4,6,0.259,5,0.124,-0.777
90.88,0.100,-0.366,4,6,0.259,5,0.141,-0.713
91.01,0.110,-0.366,4,6,0.259,5,0.124,-0.777
91.14,0.116,-0.365,4,6,0.259,5,0.113,-0.817
91.26,0.121,-0.365,4,6,0.259,5,0.094,-0.887
91.39,0.123,-0.365,4,6,0.259,5,0.086,-0.919
91.52,0.124,-0.365,4,6,0.259,5,0.081,-0.935
91.65,0.125,-0.365,4,6,0.259,5,0.087,-0.915
91.78,0.127,-0.365,4,6,0.259,5,0.082,-0.932
91.90,0.127,-0.365,4,6,0.259,5,0.080,-0.939
92.03,0.128,-0.365,4,6,0.259,5,0.080,-0.939
92.16,0.129,-0.365,4,6,0.259,5,0.080,-0.938
92.29,0.129,-0.365,4,6,0.259,5,0.080,-0.938
92.42,0.130,-0.364,4,6,0.259,5,0.081,-0.938
92.54,0.131,-0.364,4,6,0.259,5,0.081,-0.937
92.67,0.131,-0.364,4,6,0.259,5,0.081,-0.937
92.80,0.133,-0.364,4,6,0.259,5,0.087,-0.914
92.93,0.134,-0.364,4,6,0.259,5,0.084,-0.926
93.06,0.135,-0.364,4,6,0.259,5,0.081,-0.934
93.18,0.136,-0.364,4,6,0.259,5,0.080,-0.939
93.31,0.138,-0.364,4,6,0.259,5,0.086,-0.917
93.44,0.139,-0.364,4,6,0.259,5,0.083,-0.929
93.57,0.140,-0.364,4,6,0.259,5,0.081,-0.936
93.70,0.141,-0.364,4,6,0.259,5,0.081,-0.938
93.82,0.141,-0.364,4,6,0.259,5,0.081,-0.936
93.95,0.142,-0.364,4,6,0.259,5,0.081,-0.934
94.08,0.143,-0.364,4,6,0.259,5,0.082,-0.933
94.21,0.144,-0.364,4,6,0.259,5,0.082,-0.933
94.34,0.145,-0.364,4,6,0.259,5,0.082,-0.932
94.46,0.146,-0.364,4,6,0.259,5,0.082,-0.932
94.59,0.147,-0.364,4,6,0.259,5,0.082,-0.932
94.72,0.148,-0.363,4,6,0.259,5,0.083,-0.928
94.85,0.149,-0.363,4,6,0.259,5,0.084,-0.925
94.98,0.150,-0.363,4,6,0.259,5,0.084,-0.924
95.10,0.151,-0.363,4,6,0.259,5,0.084,-0.923
95.23,0.153,-0.363,4,6,0.259,5,0.085,-0.922
95.36,0.154,-0.363,4,6,0.259,5,0.085,-0.921
95.49,0.156,-0.363,4,6,0.259,5,0.085,-0.921
95.62,0.157,-0.363,4,6,0.259,5,0.085,-0.921
95.74,0.158,-0.363,4,6,0.259,5,0.085,-0.920
95.87,0.160,-0.363,4,6,0.259,5,0.086,-0.919
96.00,0.162,-0.363,4,6,0.259,5,0.086,-0.918
96.13,0.163,-0.363,4,6,0.259,5,0.086,-0.918
96.26,0.165,-0.362,4,6,0.259,5,0.086,-0.917
96.38,0.166,-0.362,4,6,0.259,5,0.086,-0.916
96.51,0.168,-0.362,4,6,0.259,5,0.088,-0.912
96.64,0.170,-0.362,4,6,0.259,5,0.088,-0.909
96.77,0.172,-0.362,4,6,0.259,5,0.088,-0.908
96.90,0.174,-0.362,4,6,0.259,5,0.089,-0.907
97.02,0.176,-0.362,4,6,0.259,5,0.089,-0.906
97.15,0.178,-0.362,4,6,0.259,5,0.089,-0.905
97.28,0.180,-0.362,4,6,0.259,5,0.090,-0.902
97.41,0.183,-0.361,4,6,0.259,5,0.091,-0.898
97.54,0.185,-0.361,4,6,0.259,5,0.092,-0.896
97.66,0.188,-0.361,4,6,0.259,5,0.092,-0.893
97.79,0.191,-0.361,4,6,0.259,5,0.093,-0.892
97.92,0.193,-0.361,4,6,0.259,5,0.093,-0.891
98.05,0.196,-0.361,4,6,0.259,5,0.093,-0.891
98.18,0.199,-0.360,4,6,0.259,5,0.094,-0.887
98.30,0.202,-0.360,4,6,0.259,5,0.095,-0.885
98.43,0.205,-0.360,4,6,0.259,5,0.095,-0.883
98.56,0.208,-0.360,4,6,0.259,5,0.095,-0.882
98.69,0.211,-0.360,4,6,0.259,5,0.096,-0.881
98.82,0.215,-0.360,4,6,0.259,5,0.095,-0.884
98.94,0.218,-0.359,4,6,0.259,5,0.095,-0.884
99.07,0.221,-0.359,4,6,0.259,5,0.095,-0.885
99.20,0.224,-0.359,4,6,0.259,5,0.095,-0.884
99.33,0.227,-0.359,4,7,0.259,5,0.095,-0.883
99.46,0.230,-0.359,4,7,0.259,5,0.095,-0.883
99.58,0.234,-0.358,4,7,0.259,5,0.109,-0.833
99.71,0.240,-0.358,4,7,0.259,5,0.119,-0.795
99.84,0.247,-0.358,4,7,0.259,5,0.115,-0.811
99.97,0.254,-0.357,4,7,0.259,5,0.121,-0.786
100.10,0.262,-0.357,4,7,0.259,5,0.136,-0.733
100.22,0.273,-0.356,4,7,0.259,5,0.150,-0.680
100.35,0.285,-0.355,4,7,0.259,5,0.151,-0.676
100.48,0.297,-0.355,4,7,0.259,5,0.151,-0.675
100.61,0.310,-0.354,4,7,0.259,5,0.150,-0.678
100.74,0.322,-0.353,4,7,0.259,5,0.151,-0.677
100.86,0.334,-0.352,4,7,0.259,5,0.150,-0.681
100.99,0.347,-0.352,4,7,0.259,5,0.169,-0.608
101.12,0.365,-0.351,4,7,0.259,5,0.204,-0.480
101.25,0.388,-0.349,4,7,0.259,5,0.238,-0.352
101.38,0.413,-0.347,4,7,0.259,5,0.233,-0.369
101.50,0.439,-0.346,4,7,0.259,5,0.226,-0.397
101.63,0.463,-0.344,4,8,0.259,5,0.216,-0.435
101.76,0.486,-0.343,4,8,0.259,5,0.211,-0.452
101.89,0.509,-0.341,4,8,0.259,5,0.210,-0.457
102.02,0.531,-0.340,4,8,0.259,5,0.204,-0.477
102.14,0.552,-0.338,4,8,0.259,5,0.207,-0.466
102.27,0.573,-0.337,4,8,0.259,5,0.198,-0.501
102.40,0.592,-0.336,4,8,0.259,5,0.192,-0.521
102.53,0.611,-0.334,4,8,0.259,5,0.186,-0.545
102.66,0.630,-0.333,4,8,0.259,5,0.181,-0.562
102.78,0.648,-0.332,4,8,0.259,5,0.179,-0.570
102.91,0.665,-0.331,4,8,0.259,5,0.175,-0.586
103.04,0.682,-0.330,4,9,0.259,5,0.173,-0.595
103.17,0.699,-0.329,4,9,0.259,5,0.172,-0.595
103.30,0.714,-0.328,4,9,0.259,5,0.170,-0.604
103.42,0.730,-0.327,4,9,0.259,5,0.171,-0.601
103.55,0.743,-0.326,4,9,0.259,5,0.137,-0.729
103.68,0.751,-0.326,4,9,0.259,5,0.105,-0.846
103.81,0.755,-0.325,4,9,0.259,5,0.088,-0.911
103.94,0.756,-0.325,4,9,0.259,5,0.079,-0.945
104.06,0.756,-0.325,4,9,0.259,5,0.074,-0.961
104.19,0.757,-0.325,4,9,0.259,5,0.072,-0.969
104.32,0.758,-0.325,4,9,0.259,5,0.071,-0.973
104.45,0.759,-0.325,4,9,0.259,5,0.070,-0.976
104.58,0.760,-0.326,4,9,0.259,5,0.070,-0.977
104.70,0.762,-0.326,4,9,0.259,5,0.069,-0.979
104.83,0.763,-0.327,4,9,0.259,5,0.069,-0.980
104.96,0.763,-0.329,4,9,0.259,5,0.069,-0.979
105.09,0.764,-0.331,4,9,0.259,5,0.070,-0.978
105.22,0.765,-0.333,4,9,0.259,5,0.070,-0.977
105.34,0.767,-0.336,4,9,0.259,5,0.070,-0.977
105.47,0.769,-0.339,4,9,0.259,5,0.071,-0.974
105.60,0.771,-0.342,4,9,0.259,5,0.072,-0.971
105.73,0.775,-0.346,4,9,0.259,5,0.081,-0.936
105.86,0.781,-0.351,4,9,0.259,5,0.108,-0.835
105.98,0.792,-0.357,4,9,0.259,5,0.101,-0.862
106.11,0.802,-0.363,4,9,0.259,5,0.081,-0.937
106.24,0.809,-0.369,4,9,0.259,5,0.068,-0.984
106.37,0.816,-0.375,4,9,0.259,5,0.092,-0.896
106.50,0.824,-0.385,4,9,0.259,5,0.126,-0.768
106.62,0.835,-0.398,4,9,0.259,5,0.160,-0.640
106.75,0.847,-0.416,4,9,0.259,5,0.195,-0.512
106.88,0.860,-0.437,4,9,0.259,5,0.229,-0.384
107.01,0.874,-0.461,3,9,0.259,5,0.264,-0.256
107.14,0.888,-0.485,3,9,0.259,5,0.298,-0.128
107.26,0.902,-0.509,3,10,0.259,5,0.332,-0.000
107.39,0.916,-0.534,3,10,0.259,5,0.298,-0.128
107.52,0.930,-0.558,3,10,0.259,6,0.264,-0.256
107.65,0.944,-0.582,3,10,0.259,6,0.229,-0.384
107.78,0.957,-0.605,3,10,0.259,6,0.195,-0.512
107.90,0.966,-0.625,3,10,0.259,6,0.178,-0.576
108.03,0.975,-0.645,3,10,0.259,6,0.186,-0.545
108.16,0.982,-0.666,3,10,0.259,6,0.185,-0.547
108.29,0.987,-0.688,2,10,0.259,6,0.174,-0.588
108.42,0.991,-0.709,2,10,0.259,6,0.169,-0.607
108.54,0.994,-0.731,2,10,0.259,6,0.163,-0.630
108.67,0.995,-0.750,2,10,0.259,6,0.180,-0.566
108.80,0.995,-0.765,2,10,0.259,6,0.146,-0.694
108.93,0.995,-0.775,2,10,0.259,6,0.119,-0.795
109.06,0.996,-0.781,2,10,0.259,6,0.105,-0.847
109.18,0.996,-0.785,2,10,0.259,6,0.098,-0.874
109.31,0.996,-0.788,2,10,0.259,6,0.094,-0.886
109.44,0.996,-0.791,2,10,0.259,6,0.093,-0.893
109.57,0.996,-0.794,2,10,0.259,6,0.092,-0.896
109.70,0.996,-0.796,2,10,0.259,6,0.092,-0.897
109.82,0.996,-0.799,2,10,0.259,6,0.092,-0.897
109.95,0.996,-0.801,2,10,0.259,6,0.092,-0.896
110.08,0.996,-0.804,2,10,0.259,6,0.092,-0.895
110.21,0.997,-0.807,2,10,0.259,6,0.092,-0.895
110.34,0.997,-0.809,2,10,0.259,6,0.092,-0.894
110.46,0.997,-0.812,2,10,0.259,6,0.093,-0.893
110.59,0.997,-0.815,2,10,0.259,6,0.093,-0.892
110.72,0.997,-0.817,2,10,0.259,6,0.093,-0.890
110.85,0.997,-0.820,2,10,0.259,6,0.093,-0.889
110.98,0.997,-0.823,2,10,0.259,6,0.094,-0.888
111.10,0.997,-0.826,2,10,0.259,6,0.094,-0.888
111.23,0.997,-0.829,2,10,0.259,6,0.094,-0.886
111.36,0.997,-0.832,2,10,0.259,6,0.095,-0.885
111.49,0.998,-0.835,2,10,0.259,6,0.095,-0.884
111.62,0.998,-0.838,2,10,0.259,6,0.095,-0.883
111.74,0.998,-0.841,2,10,0.259,6,0.096,-0.881
111.87,0.998,-0.844,2,10,0.259,6,0.096,-0.880
112.00,0.998,-0.848,2,10,0.259,6,0.096,-0.879
112.13,0.998,-0.851,2,10,0.259,6,0.096,-0.878
112.26,0.998,-0.854,2,10,0.259,6,0.095,-0.877
112.38,0.998,-0.857,2,10,0.259,6,0.095,-0.876
112.51,0.999,-0.859,2,10,0.259,6,0.092,-0.875
112.64,0.999,-0.862,2,10,0.259,6,0.092,-0.874
112.77,0.999,-0.865,2,10,0.259,6,0.090,-0.873
112.90,0.999,-0.867,2,10,0.259,6,0.088,-0.872
113.02,0.999,-0.869,2,10,0.259,6,0.090,-0.871
113.15,0.999,-0.871,2,10,0.259,6,0.088,-0.870
113.28,0.999,-0.873,2,10,0.259,6,0.083,-0.869
113.41,0.999,-0.875,2,10,0.259,6,0.085,-0.869
113.54,0.999,-0.876,2,10,0.259,6,0.088,-0.809
113.66,0.999,-0.879,2,10,0.259,6,0.087,-0.837
113.79,0.999,-0.881,2,10,0.259,6,0.083,-0.851
113.92,1.000,-0.883,2,10,0.259,6,0.078,-0.858
114.05,1.000,-0.885,2,10,0.259,6,0.083,-0.833
114.18,1.000,-0.887,2,10,0.259,6,0.095,-0.780
114.30,1.000,-0.891,2,10,0.259,6,0.096,-0.700
114.43,1.000,-0.897,2,10,0.259,6,0.105,-0.657
114.56,1.000,-0.904,1,10,0.259,6,0.102,-0.634
114.69,1.001,-0.910,1,10,0.259,6,0.094,-0.621
114.82,1.001,-0.916,1,10,0.259,6,0.093,-0.613
114.94,1.001,-0.921,1,10,0.259,6,0.081,-0.608
115.07,1.001,-0.926,1,10,0.259,6,0.087,-0.604
115.20,1.001,-0.930,1,10,0.259,6,0.066,-0.602
115.33,1.002,-0.932,1,10,0.259,6,0.080,-0.601
115.46,1.002,-0.936,1,10,0.259,6,0.071,-0.599
115.58,1.002,-0.938,1,10,0.259,6,0.067,-0.598
115.71,1.002,-0.940,1,10,0.259,6,0.065,-0.597
115.84,1.002,-0.943,1,10,0.259,6,0.064,-0.596
115.97,1.002,-0.944,1,10,0.259,6,0.057,-0.596
116.10,1.002,-0.946,1,10,0.259,6,0.051,-0.595
116.22,1.002,-0.947,1,10,0.259,6,0.058,-0.595
116.35,1.002,-0.948,1,10,0.259,6,0.049,-0.594
116.48,1.002,-0.949,1,10,0.259,6,0.055,-0.594
116.61,1.002,-0.950,1,10,0.259,6,0.046,-0.593
116.74,1.002,-0.951,1,10,0.259,6,0.055,-0.593
116.86,1.002,-0.952,1,10,0.259,6,0.054,-0.593
116.99,1.002,-0.952,1,10,0.259,6,0.052,-0.593
117.12,1.002,-0.953,1,10,0.259,6,0.056,-0.593
117.25,1.002,-0.954,1,10,0.259,6,0.044,-0.593
117.38,1.002,-0.954,1,10,0.259,6,0.052,-0.594
117.50,1.002,-0.955,1,10,0.259,6,0.050,-0.595
117.63,1.002,-0.955,1,10,0.259,6,0.045,-0.596
117.76,1.002,-0.956,1,10,0.259,6,0.038,-0.577
117.89,1.002,-0.956,1,10,0.259,6,0.055,-0.563
118.02,1.002,-0.957,1,10,0.259,6,0.051,-0.551
118.14,1.002,-0.957,1,10,0.259,6,0.053,-0.575
118.27,1.002,-0.958,1,10,0.259,6,0.048,-0.553
118.40,1.002,-0.959,1,10,0.259,6,0.057,-0.479
118.53,1.002,-0.960,1,10,0.259,6,0.052,-0.406
118.66,1.002,-0.962,1,10,0.259,6,0.055,-0.404
118.78,1.002,-0.966,1,10,0.259,6,0.061,-0.276
118.91,1.002,-0.969,1,10,0.259,6,0.046,-0.212
119.04,1.002,-0.973,1,10,0.259,6,0.037,-0.148
119.17,1.002,-0.976,1,10,0.259,6,0.038,-0.084
119.30,1.002,-0.980,1,10,0.259,6,0.030,-0.020
119.42,1.002,-0.983,1,10,0.259,6,0.024,0.108
119.55,1.003,-0.985,1,10,0.259,6,0.015,0.172
119.68,1.003,-0.985,1,10,0.259,6,0.021,0.236
119.81,1.003,-0.986,1,10,0.259,6,0.014,0.364
119.94,1.003,-0.988,1,10,0.259,6,0.014,0.428
120.06,1.003,-0.990,1,10,0.259,6,0.013,0.556
120.19,1.004,-0.991,1,10,0.259,6,0.014,0.492
120.32,1.004,-0.993,1,10,0.259,6,0.014,0.364
120.45,1.005,-0.993,1,10,0.259,6,0.015,0.236
120.58,1.006,-0.994,1,10,0.259,6,0.015,0.108
120.70,1.006,-0.996,1,10,0.259,6,0.016,-0.020
120.83,1.007,-0.998,1,10,0.259,6,0.015,-0.148
120.96,1.007,-0.999,1,10,0.259,6,0.015,-0.276
121.09,1.008,-1.001,1,10,0.259,6,0.014,-0.340
121.22,1.008,-1.003,1,10,0.259,6,0.015,-0.276
121.34,1.008,-1.005,1,10,0.259,6,0.015,-0.148
121.47,1.008,-1.007,1,10,0.259,6,0.016,-0.020
121.60,1.009,-1.009,1,10,0.259,6,0.015,0.108
121.73,1.009,-1.010,1,10,0.259,6,0.015,0.172
121.86,1.009,-1.010,1,10,0.259,6,0.014,0.300
121.98,1.010,-1.011,1,10,0.259,6,0.014,0.428
122.11,1.011,-1.013,1,10,0.259,6,0.014,0.492
122.24,1.011,-1.014,1,10,0.259,6,0.014,0.428
122.37,1.012,-1.014,1,10,0.259,6,0.014,0.300
122.50,1.013,-1.015,1,10,0.259,6,0.015,0.172
122.62,1.014,-1.016,1,10,0.259,6,0.016,0.044
122.75,1.015,-1.018,1,10,0.259,6,0.016,-0.084
122.88,1.015,-1.020,1,10,0.259,6,0.015,-0.212
123.01,1.016,-1.021,1,10,0.259,6,0.015,-0.276
123.14,1.016,-1.023,1,10,0.259,6,0.015,-0.276
123.26,1.016,-1.025,1,10,0.259,6,0.015,-0.148
123.39,1.017,-1.027,1,10,0.259,6,0.016,-0.020
123.52,1.017,-1.029,1,10,0.259,6,0.015,0.108
123.65,1.018,-1.030,1,10,0.259,6,0.015,0.236
123.78,1.019,-1.030,1,10,0.259,6,0.014,0.364
123.90,1.019,-1.031,1,10,0.259,6,0.014,0.428
124.03,1.020,-1.032,1,10,0.259,6,0.014,0.364
124.16,1.021,-1.032,1,10,0.259,6,0.014,0.428
124.29,1.023,-1.032,1,10,0.259,6,0.014,0.364
124.42,1.024,-1.033,1,10,0.259,6,0.014,0.300
124.54,1.025,-1.033,1,10,0.259,6,0.015,0.236
124.67,1.026,-1.034,1,10,0.259,6,0.015,0.108
124.80,1.027,-1.036,1,10,0.259,6,0.016,-0.020
124.93,1.028,-1.038,1,10,0.259,6,0.015,-0.148
125.06,1.028,-1.040,1,10,0.259,6,0.015,-0.276
125.18,1.029,-1.041,1,10,0.259,6,0.015,-0.212
125.31,1.030,-1.043,1,10,0.259,6,0.015,-0.148
125.44,1.030,-1.045,1,10,0.259,6,0.015,-0.212
125.57,1.031,-1.047,1,10,0.259,6,0.015,-0.148
125.70,1.031,-1.048,1,10,0.259,6,0.016,-0.020
125.82,1.032,-1.050,1,10,0.259,6,0.015,0.108
125.95,1.033,-1.052,1,10,0.259,6,0.015,0.236
126.08,1.034,-1.052,1,10,0.259,6,0.014,0.364
126.21,1.035,-1.052,1,10,0.259,6,0.014,0.428
126.34,1.036,-1.053,1,10,0.259,6,0.014,0.492
126.46,1.037,-1.053,1,10,0.259,6,0.014,0.492
126.59,1.039,-1.053,1,10,0.259,6,0.013,0.556
126.72,1.041,-1.053,1,10,0.259,6,0.013,0.556
126.85,1.043,-1.052,1,10,0.259,6,0.014,0.492
126.98,1.045,-1.052,1,10,0.259,6,0.014,0.364
127.10,1.046,-1.053,1,10,0.259,6,0.015,0.236
127.23,1.047,-1.055,1,10,0.259,6,0.015,0.108
127.36,1.049,-1.056,1,10,0.259,6,0.016,-0.020
127.49,1.050,-1.058,1,10,0.259,6,0.015,-0.148
127.62,1.051,-1.059,1,10,0.259,6,0.015,-0.212
127.74,1.052,-1.061,1,10,0.259,6,0.014,-0.340
127.87,1.053,-1.062,1,10,0.259,6,0.014,-0.468
128.00,1.053,-1.064,1,10,0.259,6,0.014,-0.468
128.13,1.054,-1.066,1,10,0.259,6,0.013,-0.596
128.26,1.054,-1.067,1,10,0.259,6,0.013,-0.532
128.38,1.055,-1.069,1,10,0.259,6,0.014,-0.468
128.51,1.055,-1.071,1,10,0.259,6,0.014,-0.340
128.64,1.055,-1.073,1,10,0.259,6,0.015,-0.212
128.77,1.056,-1.074,1,10,0.259,6,0.016,-0.084
128.90,1.056,-1.076,1,10,0.259,6,0.016,0.044
129.02,1.057,-1.078,1,10,0.259,6,0.015,0.108
129.15,1.057,-1.079,1,10,0.259,6,0.015,0.236
129.28,1.058,-1.079,1,10,0.259,6,0.014,0.364
129.41,1.059,-1.080,1,10,0.259,6,0.014,0.492
129.54,1.059,-1.081,1,10,0.259,6,0.013,0.620
129.66,1.060,-1.082,1,10,0.259,6,0.013,0.684
129.79,1.062,-1.082,1,10,0.259,6,0.012,0.812
129.92,1.063,-1.082,1,10,0.259,6,0.011,0.940
130.05,1.066,-1.081,1,10,0.259,6,0.011,1.036
130.18,1.069,-1.079,1,10,0.259,6,0.011,1.086
130.30,1.072,-1.077,1,10,0.259,6,0.010,1.112
130.43,1.076,-1.075,1,10,0.259,6,0.010,1.125
130.56,1.078,-1.074,1,10,0.259,6,0.010,1.132
130.69,1.080,-1.073,1,10,0.259,6,0.010,1.136
130.82,1.081,-1.072,1,10,0.259,6,0.010,1.106
130.94,1.082,-1.072,1,10,0.259,6,0.011,1.015
131.07,1.084,-1.071,1,10,0.259,6,0.012,0.887
131.20,1.085,-1.071,1,10,0.259,6,0.011,1.003
131.33,1.087,-1.071,1,10,0.259,6,0.011,1.036
131.46,1.088,-1.070,1,10,0.259,6,0.011,1.086
131.58,1.089,-1.069,1,10,0.259,6,0.010,1.112
131.71,1.089,-1.067,1,10,0.259,6,0.010,1.125
131.84,1.088,-1.065,1,10,0.259,6,0.010,1.132
131.97,1.086,-1.062,1,10,0.259,6,0.010,1.136
132.10,1.084,-1.058,1,10,0.259,6,0.010,1.138
132.22,1.082,-1.055,1,10,0.259,6,0.010,1.139
132.35,1.080,-1.053,1,10,0.259,6,0.013,1.156
132.48,1.079,-1.051,1,10,0.259,6,0.015,1.175
132.61,1.079,-1.048,1,10,0.259,6,0.021,1.158
132.74,1.079,-1.044,1,10,0.259,6,0.053,1.041
132.86,1.080,-1.037,1,10,0.259,6,0.087,0.913
132.99,1.080,-1.030,1,10,0.259,6,0.122,0.785
133.12,1.081,-1.021,1,10,0.259,6,0.156,0.657
133.25,1.082,-1.006,1,10,0.259,6,0.190,0.529
133.38,1.083,-0.987,1,10,0.259,6,0.198,0.499
133.50,1.084,-0.967,1,10,0.259,6,0.191,0.526
133.63,1.085,-0.946,1,10,0.259,6,0.220,0.419
133.76,1.087,-0.920,1,10,0.259,6,0.237,0.355
133.89,1.089,-0.893,2,10,0.259,6,0.271,0.227
134.02,1.091,-0.865,2,10,0.259,6,0.306,0.099
134.14,1.093,-0.836,2,10,0.259,6,0.325,-0.029
134.27,1.095,-0.808,2,10,0.259,6,0.290,-0.157
134.40,1.097,-0.780,2,10,0.259,6,0.256,-0.285
134.53,1.098,-0.752,2,10,0.259,6,0.290,-0.157
134.66,1.100,-0.724,2,10,0.259,6,0.325,-0.029
134.78,1.102,-0.696,2,10,0.259,6,0.238,0.099
134.91,1.104,-0.670,3,10,0.259,6,0.172,0.227
135.04,1.105,-0.652,3,10,0.259,6,0.123,0.355
135.17,1.105,-0.642,3,10,0.259,6,0.085,0.483
135.30,1.105,-0.637,3,10,0.259,6,0.066,0.599
135.42,1.105,-0.636,3,10,0.259,6,0.063,0.663
135.55,1.105,-0.635,3,10,0.259,6,0.059,0.696
135.68,1.105,-0.634,3,10,0.259,6,0.054,0.711
135.81,1.105,-0.634,3,10,0.259,6,0.059,0.714
135.94,1.105,-0.634,3,10,0.259,6,0.057,0.714
136.06,1.105,-0.634,3,10,0.259,6,0.057,0.710
136.19,1.105,-0.633,3,10,0.259,6,0.055,0.706
136.32,1.105,-0.633,3,10,0.259,6,0.055,0.700
136.45,1.105,-0.633,3,10,0.259,6,0.060,0.695
136.58,1.105,-0.632,3,10,0.259,6,0.052,0.692
136.70,1.105,-0.632,3,10,0.259,6,0.056,0.686
136.83,1.105,-0.632,3,10,0.259,6,0.061,0.683
136.96,1.105,-0.631,3,10,0.259,6,0.059,0.680
137.09,1.105,-0.631,3,10,0.259,6,0.055,0.678
137.22,1.105,-0.630,3,10,0.259,6,0.058,0.676
137.34,1.104,-0.630,3,10,0.259,6,0.052,0.674
137.47,1.104,-0.629,3,10,0.259,6,0.055,0.669
137.60,1.104,-0.629,3,10,0.259,6,0.057,0.665
137.73,1.104,-0.628,3,10,0.259,6,0.055,0.660
137.86,1.103,-0.627,3,10,0.259,6,0.055,0.654
137.98,1.103,-0.627,3,10,0.259,6,0.055,0.649
138.11,1.103,-0.626,3,10,0.259,6,0.062,0.641
138.24,1.102,-0.625,3,10,0.259,6,0.048,0.633
138.37,1.102,-0.624,3,10,0.259,6,0.054,0.625
138.50,1.101,-0.623,3,10,0.259,6,0.054,0.616
138.62,1.100,-0.622,3,10,0.259,6,0.049,0.604
138.75,1.100,-0.620,3,10,0.259,6,0.054,0.595
138.88,1.099,-0.619,3,10,0.259,6,0.050,0.584
139.01,1.098,-0.618,3,10,0.259,6,0.053,0.573
139.14,1.097,-0.616,3,10,0.259,6,0.052,0.561
139.26,1.096,-0.615,3,10,0.259,6,0.044,0.619
139.39,1.094,-0.614,3,10,0.259,6,0.044,0.699
139.52,1.093,-0.612,3,10,0.259,6,0.031,0.745
139.65,1.092,-0.611,3,10,0.259,6,0.032,0.787
139.78,1.090,-0.609,3,10,0.259,6,0.022,0.838
139.90,1.088,-0.609,3,10,0.259,6,0.024,0.759
140.03,1.085,-0.608,3,10,0.259,6,0.034,0.631
140.16,1.082,-0.607,3,10,0.259,6,0.034,0.503
140.29,1.079,-0.605,3,10,0.259,6,0.044,0.375
140.42,1.076,-0.600,3,10,0.259,6,0.042,0.247
140.54,1.074,-0.596,3,10,0.259,6,0.044,0.119
140.67,1.071,-0.592,3,10,0.259,6,0.049,-0.009
140.80,1.068,-0.587,3,10,0.259,6,0.022,-0.137
140.93,1.067,-0.585,3,10,0.259,6,0.015,-0.265
141.06,1.066,-0.583,3,10,0.259,6,0.014,-0.393
141.18,1.065,-0.582,3,10,0.259,6,0.013,-0.521
141.31,1.064,-0.580,3,10,0.259,6,0.013,-0.585
141.44,1.064,-0.579,3,10,0.259,6,0.014,-0.457
141.57,1.064,-0.577,3,10,0.259,6,0.014,-0.329
141.70,1.063,-0.575,3,10,0.259,6,0.015,-0.201
141.82,1.063,-0.573,3,10,0.259,6,0.016,-0.073
141.95,1.062,-0.571,3,10,0.259,6,0.016,0.055
142.08,1.062,-0.570,3,10,0.259,6,0.015,0.183
142.21,1.061,-0.569,3,10,0.259,6,0.014,0.311
142.34,1.060,-0.569,3,10,0.259,6,0.014,0.439
142.46,1.059,-0.568,3,10,0.259,6,0.013,0.567
142.59,1.058,-0.568,3,10,0.259,6,0.013,0.695
142.72,1.057,-0.567,3,10,0.259,6,0.013,0.695
142.85,1.055,-0.568,3,10,0.259,6,0.013,0.567
142.98,1.053,-0.568,3,10,0.259,6,0.014,0.439
143.10,1.051,-0.568,3,10,0.259,6,0.014,0.311
143.23,1.050,-0.566,3,10,0.259,6,0.015,0.183
143.36,1.049,-0.565,3,10,0.259,6,0.016,0.055
143.49,1.047,-0.563,3,10,0.259,6,0.016,-0.073
143.62,1.046,-0.562,3,10,0.259,6,0.015,-0.201
143.74,1.045,-0.560,3,10,0.259,6,0.014,-0.329
143.87,1.044,-0.558,3,10,0.259,6,0.014,-0.457
144.00,1.044,-0.557,3,10,0.259,6,0.013,-0.585
144.13,1.043,-0.555,3,10,0.259,6,0.014,-0.457
144.26,1.043,-0.554,3,10,0.259,6,0.014,-0.329
144.38,1.042,-0.552,3,10,0.259,6,0.015,-0.201
144.51,1.042,-0.550,3,10,0.259,6,0.016,-0.073
144.64,1.041,-0.548,3,10,0.259,6,0.016,0.055
144.77,1.040,-0.547,3,10,0.259,6,0.015,0.183
144.90,1.039,-0.546,3,10,0.259,6,0.014,0.311
145.02,1.038,-0.546,3,10,0.259,6,0.014,0.439
145.15,1.037,-0.545,3,10,0.259,6,0.013,0.567
145.28,1.035,-0.545,3,10,0.259,6,0.013,0.695
145.41,1.034,-0.545,3,10,0.259,6,0.012,0.759
145.54,1.031,-0.546,3,10,0.259,6,0.013,0.631
145.66,1.029,-0.547,3,10,0.259,6,0.013,0.503
145.79,1.027,-0.546,3,10,0.259,6,0.014,0.375
145.92,1.026,-0.545,3,10,0.259,6,0.015,0.247
146.05,1.024,-0.544,3,10,0.259,6,0.015,0.119
146.18,1.023,-0.542,3,10,0.259,6,0.016,-0.009
146.30,1.022,-0.541,3,10,0.259,6,0.015,-0.137
146.43,1.021,-0.539,3,10,0.259,6,0.015,-0.265
146.56,1.020,-0.538,3,10,0.259,6,0.014,-0.393
146.69,1.019,-0.536,3,10,0.259,6,0.013,-0.521
146.82,1.018,-0.535,3,10,0.259,6,0.013,-0.585
146.94,1.017,-0.533,3,10,0.259,6,0.014,-0.457
147.07,1.017,-0.532,3,10,0.259,6,0.014,-0.329
147.20,1.016,-0.530,3,10,0.259,6,0.015,-0.201
147.33,1.015,-0.528,3,10,0.259,6,0.016,-0.073
147.46,1.014,-0.526,3,10,0.259,6,0.016,0.055
147.58,1.014,-0.525,3,10,0.259,6,0.015,0.183
147.71,1.013,-0.524,3,10,0.259,6,0.014,0.311
147.84,1.011,-0.524,3,10,0.259,6,0.014,0.439
147.97,1.010,-0.524,3,10,0.259,6,0.013,0.567
148.10,1.008,-0.524,3,10,0.259,6,0.013,0.695
148.22,1.006,-0.525,3,10,0.259,6,0.012,0.823
148.35,1.003,-0.526,3,10,0.259,6,0.013,0.695
148.48,1.001,-0.526,3,10,0.259,6,0.013,0.567
148.61,0.999,-0.526,3,10,0.259,6,0.014,0.439
148.74,0.997,-0.525,3,10,0.259,6,0.014,0.311
148.86,0.996,-0.524,3,10,0.259,6,0.015,0.183
148.99,0.994,-0.522,3,10,0.259,6,0.016,0.055
149.12,0.993,-0.521,3,10,0.259,6,0.016,-0.073
149.25,0.991,-0.520,3,10,0.259,6,0.015,-0.201
149.38,0.990,-0.518,3,10,0.259,6,0.014,-0.329
149.50,0.989,-0.517,3,10,0.259,6,0.014,-0.457
149.63,0.988,-0.515,3,10,0.259,6,0.013,-0.585
149.76,0.987,-0.514,3,10,0.259,6,0.013,-0.585
149.89,0.987,-0.512,3,10,0.259,6,0.014,-0.457
150.02,0.986,-0.511,3,10,0.259,6,0.014,-0.329
150.14,0.985,-0.509,3,10,0.259,6,0.015,-0.201
150.27,0.984,-0.507,3,10,0.259,6,0.016,-0.073
150.40,0.984,-0.505,3,10,0.259,6,0.016,0.055
150.53,0.983,-0.504,3,10,0.259,6,0.015,0.183
150.66,0.981,-0.503,3,10,0.259,6,0.014,0.311
150.78,0.980,-0.502,3,10,0.259,6,0.014,0.439
150.91,0.978,-0.503,3,10,0.259,6,0.013,0.567
151.04,0.976,-0.503,3,10,0.259,6,0.013,0.695
151.17,0.973,-0.504,3,10,0.259,6,0.012,0.823
151.30,0.970,-0.506,3,10,0.259,6,0.012,0.823
151.42,0.968,-0.506,3,10,0.259,6,0.013,0.695
151.55,0.965,-0.506,3,10,0.259,6,0.013,0.567
151.68,0.964,-0.506,3,10,0.259,6,0.014,0.439
151.81,0.962,-0.504,3,10,0.259,6,0.014,0.311
151.94,0.961,-0.503,3,10,0.259,6,0.015,0.183
152.06,0.959,-0.502,3,10,0.259,6,0.028,0.055
152.19,0.957,-0.501,3,10,0.259,6,0.022,-0.073
152.32,0.955,-0.499,3,10,0.259,6,0.015,-0.201
152.45,0.954,-0.498,3,10,0.259,6,0.014,-0.329
152.58,0.953,-0.496,3,10,0.259,6,0.014,-0.457
152.70,0.953,-0.494,3,10,0.259,6,0.013,-0.585
152.83,0.953,-0.492,3,10,0.259,6,0.012,-0.713
152.96,0.953,-0.490,3,10,0.259,6,0.012,-0.713
153.09,0.952,-0.488,3,10,0.259,6,0.013,-0.585
153.22,0.951,-0.486,3,10,0.259,6,0.014,-0.457
153.34,0.951,-0.485,3,10,0.259,6,0.014,-0.329
153.47,0.950,-0.483,3,10,0.259,6,0.015,-0.201
153.60,0.949,-0.481,3,10,0.259,6,0.016,-0.073
153.73,0.948,-0.480,3,10,0.259,6,0.016,0.055
153.86,0.947,-0.478,3,10,0.259,6,0.015,0.183
153.98,0.946,-0.477,3,10,0.259,6,0.014,0.311
154.11,0.944,-0.476,3,10,0.259,6,0.014,0.439
154.24,0.942,-0.477,3,10,0.259,6,0.013,0.567
154.37,0.940,-0.477,3,10,0.259,6,0.013,0.695
154.50,0.937,-0.479,3,10,0.259,6,0.012,0.823
154.62,0.934,-0.480,3,10,0.259,6,0.011,0.951
154.75,0.931,-0.481,3,10,0.259,6,0.011,0.939
154.88,0.928,-0.481,3,10,0.259,6,0.012,0.811
155.01,0.926,-0.481,3,10,0.259,6,0.013,0.683
155.14,0.925,-0.480,3,10,0.259,6,0.027,0.555
155.26,0.919,-0.478,3,10,0.259,6,0.081,0.427
155.39,0.908,-0.473,3,10,0.259,6,0.120,0.299
155.52,0.890,-0.466,3,9,0.259,6,0.168,0.171
155.65,0.869,-0.457,3,9,0.259,6,0.179,0.043
155.78,0.847,-0.449,4,9,0.259,6,0.158,-0.085
155.90,0.831,-0.443,4,9,0.259,7,0.092,-0.196
156.03,0.823,-0.440,4,9,0.259,7,0.048,-0.222
156.16,0.820,-0.438,4,9,0.259,7,0.025,-0.274
156.29,0.819,-0.436,4,9,0.259,7,0.014,-0.402
156.42,0.819,-0.435,4,9,0.259,7,0.013,-0.530
156.54,0.819,-0.433,4,9,0.259,7,0.013,-0.658
156.67,0.820,-0.431,4,9,0.259,7,0.012,-0.786
156.80,0.821,-0.428,4,9,0.259,7,0.013,-0.658
156.93,0.821,-0.426,4,9,0.259,7,0.013,-0.530
157.06,0.821,-0.424,4,9,0.259,7,0.014,-0.402
157.18,0.820,-0.422,4,9,0.259,7,0.015,-0.274
157.31,0.819,-0.421,4,9,0.259,7,0.015,-0.146
157.44,0.817,-0.420,4,9,0.259,7,0.016,-0.018
157.57,0.816,-0.418,4,9,0.259,7,0.015,0.110
157.70,0.815,-0.417,4,9,0.259,7,0.015,0.238
157.82,0.813,-0.416,4,9,0.259,7,0.014,0.366
157.95,0.812,-0.415,4,9,0.259,7,0.014,0.494
158.08,0.810,-0.414,4,9,0.259,7,0.013,0.622
158.21,0.809,-0.413,4,9,0.259,7,0.012,0.750
158.34,0.807,-0.413,4,9,0.259,7,0.012,0.750
158.46,0.806,-0.412,4,9,0.259,7,0.013,0.622
158.59,0.803,-0.412,4,9,0.259,7,0.046,0.494
158.72,0.794,-0.409,4,9,0.259,7,0.120,0.366
158.85,0.775,-0.405,4,9,0.259,7,0.216,0.238
158.98,0.749,-0.399,4,9,0.259,7,0.247,0.110
159.10,0.722,-0.393,4,9,0.259,7,0.203,-0.018
159.23,0.697,-0.388,4,9,0.259,7,0.148,-0.146
159.36,0.681,-0.384,4,9,0.259,7,0.089,-0.210
159.49,0.672,-0.382,4,8,0.259,7,0.080,-0.082
159.62,0.665,-0.380,4,8,0.259,7,0.048,0.046
159.74,0.660,-0.378,4,8,0.259,7,0.066,0.174
159.87,0.651,-0.376,4,8,0.259,7,0.091,0.302
160.00,0.639,-0.374,4,8,0.259,7,0.120,0.430
160.13,0.622,-0.371,4,8,0.259,7,0.167,0.558
160.26,0.604,-0.369,4,8,0.259,7,0.148,0.686
160.38,0.588,-0.368,4,8,0.259,7,0.147,0.690
160.51,0.574,-0.368,4,8,0.259,7,0.169,0.607
160.64,0.559,-0.367,4,8,0.259,7,0.172,0.598
160.77,0.544,-0.367,4,8,0.259,7,0.169,0.609
160.90,0.529,-0.366,4,8,0.259,7,0.169,0.609
161.02,0.514,-0.366,4,8,0.259,7,0.164,0.628
161.15,0.499,-0.365,4,8,0.259,7,0.170,0.606
161.28,0.484,-0.364,4,8,0.259,7,0.164,0.629
161.41,0.470,-0.364,4,8,0.259,7,0.172,0.598
161.54,0.455,-0.363,4,8,0.259,7,0.170,0.604
161.66,0.440,-0.363,4,7,0.259,7,0.170,0.606
161.79,0.425,-0.362,4,7,0.259,7,0.166,0.618
161.92,0.411,-0.361,4,7,0.259,7,0.166,0.620
162.05,0.399,-0.361,4,7,0.259,7,0.131,0.748
162.18,0.392,-0.360,4,7,0.259,7,0.097,0.876
162.30,0.390,-0.360,4,7,0.259,7,0.080,0.940
162.43,0.387,-0.360,4,7,0.259,7,0.114,0.812
162.56,0.380,-0.360,4,7,0.259,7,0.131,0.748
162.69,0.369,-0.359,4,7,0.259,7,0.165,0.622
162.82,0.356,-0.359,4,7,0.259,7,0.134,0.740
162.94,0.349,-0.358,4,7,0.259,7,0.099,0.868
163.07,0.347,-0.358,4,7,0.259,7,0.065,0.996
163.20,0.345,-0.358,4,7,0.259,7,0.099,0.868
163.33,0.339,-0.358,4,7,0.259,7,0.134,0.740
163.46,0.328,-0.358,4,7,0.259,7,0.168,0.612
163.58,0.313,-0.357,4,7,0.259,7,0.173,0.592
163.71,0.298,-0.357,4,7,0.259,7,0.170,0.606
163.84,0.284,-0.356,4,7,0.259,7,0.169,0.609
163.97,0.270,-0.355,4,7,0.259,7,0.152,0.673
164.10,0.260,-0.355,4,7,0.259,7,0.117,0.801
164.22,0.253,-0.355,4,7,0.259,7,0.100,0.865
164.35,0.251,-0.355,4,7,0.259,7,0.066,0.993
164.48,0.249,-0.355,4,7,0.259,7,0.100,0.865
164.61,0.243,-0.354,4,7,0.259,7,0.135,0.737
164.74,0.232,-0.354,4,7,0.259,7,0.169,0.609
164.86,0.218,-0.354,4,6,0.259,7,0.169,0.609
164.99,0.205,-0.353,4,6,0.259,7,0.152,0.673
165.12,0.193,-0.353,4,6,0.259,7,0.135,0.737
165.25,0.183,-0.352,4,6,0.259,7,0.131,0.752
165.38,0.176,-0.352,4,6,0.259,7,0.113,0.816
165.50,0.171,-0.352,4,6,0.259,7,0.096,0.880
165.63,0.169,-0.352,4,6,0.259,7,0.080,0.939
165.76,0.167,-0.352,4,6,0.259,7,0.080,0.939
165.89,0.166,-0.352,4,6,0.259,7,0.098,0.871
166.02,0.164,-0.352,4,6,0.259,7,0.099,0.870
166.14,0.158,-0.352,4,6,0.259,7,0.133,0.742
166.27,0.148,-0.351,4,6,0.259,7,0.133,0.742
166.40,0.138,-0.351,4,6,0.259,7,0.133,0.742
166.53,0.130,-0.351,4,6,0.259,7,0.099,0.870
166.66,0.129,-0.350,4,6,0.259,7,0.069,0.979
166.78,0.127,-0.351,4,6,0.259,7,0.090,0.901
166.91,0.123,-0.350,4,6,0.259,7,0.125,0.773
167.04,0.113,-0.350,4,6,0.259,7,0.159,0.645
167.17,0.097,-0.350,4,6,0.259,7,0.176,0.581
167.30,0.082,-0.350,4,6,0.259,7,0.176,0.583
167.42,0.066,-0.350,4,6,0.259,7,0.176,0.583
167.55,0.050,-0.349,4,6,0.259,7,0.171,0.599
167.68,0.035,-0.349,4,6,0.259,7,0.172,0.595
167.81,0.020,-0.349,4,6,0.259,7,0.172,0.598
167.94,0.005,-0.348,4,6,0.259,7,0.156,0.657
168.06,-0.007,-0.348,4,5,0.259,7,0.139,0.721
168.19,-0.016,-0.348,4,5,0.259,7,0.121,0.785
168.32,-0.024,-0.347,4,5,0.259,7,0.121,0.785
168.45,-0.030,-0.347,4,5,0.259,7,0.108,0.834
168.58,-0.034,-0.347,4,5,0.259,7,0.114,0.812
168.70,-0.040,-0.347,4,5,0.259,7,0.103,0.854
168.83,-0.044,-0.347,4,5,0.259,7,0.088,0.911
168.96,-0.045,-0.347,4,5,0.259,7,0.080,0.941
169.09,-0.045,-0.347,4,5,0.259,7,0.076,0.956
169.22,-0.046,-0.347,4,5,0.259,7,0.081,0.935
169.34,-0.047,-0.347,4,5,0.259,7,0.093,0.890
169.47,-0.050,-0.347,4,5,0.259,7,0.091,0.898
169.60,-0.053,-0.347,4,5,0.259,7,0.090,0.904
169.73,-0.054,-0.347,4,5,0.259,7,0.091,0.900
169.86,-0.056,-0.346,4,5,0.259,7,0.081,0.936
169.98,-0.058,-0.346,4,5,0.259,7,0.092,0.896
170.11,-0.060,-0.346,4,5,0.259,7,0.081,0.934
170.24,-0.061,-0.346,4,5,0.259,7,0.096,0.881
170.37,-0.063,-0.346,4,5,0.259,7,0.095,0.885
170.50,-0.066,-0.346,4,5,0.259,7,0.092,0.896
170.62,-0.069,-0.346,4,5,0.259,7,0.100,0.863
170.75,-0.073,-0.346,4,5,0.259,7,0.095,0.882
170.88,-0.077,-0.346,4,5,0.259,7,0.091,0.898
171.01,-0.079,-0.346,4,5,0.259,7,0.081,0.936
171.14,-0.080,-0.346,4,5,0.259,7,0.083,0.929
171.26,-0.080,-0.346,4,5,0.259,7,0.086,0.916
171.39,-0.081,-0.346,4,5,0.259,7,0.079,0.945
171.52,-0.082,-0.346,4,5,0.259,7,0.084,0.925
171.65,-0.083,-0.346,4,5,0.259,7,0.086,0.918
171.78,-0.084,-0.346,4,5,0.259,7,0.078,0.946
171.90,-0.084,-0.346,4,5,0.259,7,0.074,0.960
172.03,-0.085,-0.346,4,5,0.259,7,0.090,0.903
172.16,-0.087,-0.346,4,5,0.259,7,0.091,0.898
172.29,-0.090,-0.345,4,5,0.259,7,0.099,0.867
172.42,-0.095,-0.345,4,5,0.259,7,0.106,0.844
172.54,-0.099,-0.345,4,5,0.259,7,0.090,0.902
172.67,-0.102,-0.345,4,5,0.259,7,0.100,0.865
172.80,-0.105,-0.345,4,5,0.259,7,0.087,0.913
172.93,-0.107,-0.345,4,5,0.259,7,0.088,0.909
173.06,-0.109,-0.345,4,5,0.259,7,0.090,0.903
173.18,-0.111,-0.345,4,5,0.259,7,0.091,0.899
173.31,-0.113,-0.345,4,5,0.259,7,0.091,0.897
173.44,-0.116,-0.345,4,5,0.259,7,0.091,0.899
173.57,-0.118,-0.345,4,5,0.259,7,0.083,0.929
173.70,-0.120,-0.345,4,5,0.259,7,0.095,0.884
173.82,-0.122,-0.345,4,5,0.259,7,0.085,0.922
173.95,-0.123,-0.345,4,5,0.259,7,0.080,0.941
174.08,-0.123,-0.345,4,5,0.259,7,0.077,0.951
174.21,-0.123,-0.345,4,5,0.259,7,0.076,0.956
174.34,-0.124,-0.345,4,5,0.259,7,0.075,0.958
174.46,-0.124,-0.345,4,5,0.259,7,0.081,0.935
174.59,-0.126,-0.345,4,5,0.259,7,0.094,0.887
174.72,-0.129,-0.344,4,5,0.259,7,0.104,0.851
174.85,-0.135,-0.344,4,5,0.259,7,0.108,0.835
174.98,-0.142,-0.344,4,5,0.259,7,0.126,0.767
175.10,-0.150,-0.344,4,5,0.259,7,0.128,0.762
175.23,-0.158,-0.344,4,5,0.259,7,0.113,0.816
175.36,-0.162,-0.344,4,5,0.259,7,0.095,0.885
175.49,-0.165,-0.344,4,5,0.259,7,0.085,0.922
175.62,-0.166,-0.343,4,5,0.259,7,0.079,0.942
175.74,-0.166,-0.343,4,5,0.259,7,0.077,0.952
175.87,-0.166,-0.343,4,5,0.259,7,0.075,0.957
176.00,-0.167,-0.343,4,5,0.259,7,0.082,0.933
176.13,-0.169,-0.343,4,5,0.259,7,0.093,0.891
176.26,-0.171,-0.343,4,5,0.259,7,0.094,0.886
176.38,-0.173,-0.343,4,5,0.259,7,0.085,0.922
176.51,-0.176,-0.343,4,5,0.259,7,0.095,0.883
176.64,-0.179,-0.343,4,5,0.259,7,0.105,0.846
176.77,-0.183,-0.343,4,5,0.259,7,0.101,0.863
176.90,-0.186,-0.343,4,5,0.259,7,0.088,0.910
177.02,-0.188,-0.343,4,5,0.259,7,0.091,0.900
177.15,-0.190,-0.343,4,5,0.259,7,0.082,0.932
177.28,-0.191,-0.343,4,5,0.259,7,0.085,0.923
177.41,-0.192,-0.343,4,5,0.259,7,0.079,0.944
177.54,-0.192,-0.343,4,5,0.259,7,0.076,0.955
177.66,-0.193,-0.343,4,5,0.259,7,0.092,0.894
177.79,-0.195,-0.343,4,5,0.259,7,0.083,0.929
177.92,-0.195,-0.343,4,5,0.259,7,0.088,0.911
178.05,-0.197,-0.343,4,5,0.259,7,0.081,0.938
178.18,-0.197,-0.343,4,5,0.259,7,0.077,0.951
178.30,-0.197,-0.343,4,5,0.259,7,0.093,0.891
178.43,-0.200,-0.343,4,5,0.259,7,0.103,0.853
178.56,-0.204,-0.343,4,5,0.259,7,0.089,0.906
178.69,-0.205,-0.342,4,5,0.259,7,0.081,0.935
178.82,-0.206,-0.342,4,5,0.259,7,0.077,0.949
178.94,-0.206,-0.342,4,5,0.259,7,0.075,0.957
179.07,-0.207,-0.342,4,5,0.259,7,0.090,0.903
179.20,-0.210,-0.342,4,5,0.259,7,0.102,0.859
179.33,-0.213,-0.342,4,5,0.259,7,0.099,0.871
179.46,-0.217,-0.342,4,5,0.259,7,0.108,0.836
179.58,-0.221,-0.342,4,5,0.259,7,0.092,0.894
179.71,-0.223,-0.342,4,5,0.259,7,0.084,0.925
179.84,-0.224,-0.342,4,5,0.259,7,0.080,0.940
179.97,-0.225,-0.342,4,5,0.259,7,0.078,0.948
180.10,-0.225,-0.342,4,5,0.259,7,0.076,0.953
180.22,-0.225,-0.342,4,5,0.259,7,0.076,0.955
180.35,-0.225,-0.342,4,5,0.259,7,0.084,0.924
180.48,-0.226,-0.342,4,4,0.259,7,0.089,0.904
180.61,-0.228,-0.342,4,4,0.259,7,0.083,0.929
180.74,-0.230,-0.342,4,4,0.259,7,0.094,0.887
180.86,-0.232,-0.342,4,4,0.259,7,0.085,0.920
180.99,-0.233,-0.342,4,4,0.259,7,0.080,0.940
181.12,-0.235,-0.342,4,4,0.259,7,0.083,0.929
181.25,-0.237,-0.342,4,4,0.259,7,0.084,0.923
181.38,-0.238,-0.342,4,4,0.259,7,0.087,0.915
181.50,-0.240,-0.342,4,4,0.259,7,0.089,0.906
181.63,-0.242,-0.342,4,4,0.259,7,0.082,0.933
181.76,-0.242,-0.342,4,4,0.259,7,0.087,0.913
181.89,-0.243,-0.342,4,4,0.259,7,0.081,0.937
182.02,-0.244,-0.342,4,4,0.259,7,0.077,0.949
182.14,-0.244,-0.342,4,4,0.259,7,0.076,0.956
182.27,-0.245,-0.342,4,4,0.259,7,0.081,0.935
182.40,-0.245,-0.342,4,4,0.259,7,0.078,0.948
182.53,-0.245,-0.342,4,4,0.259,7,0.085,0.921
182.66,-0.248,-0.341,4,4,0.259,7,0.086,0.917
182.78,-0.249,-0.341,4,4,0.259,7,0.080,0.939
182.91,-0.249,-0.341,4,4,0.259,7,0.077,0.950
183.04,-0.249,-0.341,4,4,0.259,7,0.076,0.956
183.17,-0.249,-0.341,4,4,0.259,7,0.075,0.957
183.30,-0.250,-0.341,4,4,0.259,7,0.082,0.933
183.42,-0.251,-0.341,4,4,0.259,7,0.079,0.943
183.55,-0.251,-0.341,4,4,0.259,7,0.078,0.949
183.68,-0.251,-0.341,4,4,0.259,7,0.086,0.919
183.81,-0.253,-0.341,4,4,0.259,7,0.081,0.936
183.94,-0.253,-0.341,4,4,0.259,7,0.079,0.945
184.06,-0.254,-0.341,4,4,0.259,7,0.083,0.929
184.19,-0.256,-0.341,4,4,0.259,7,0.086,0.919
184.32,-0.257,-0.341,4,4,0.259,7,0.081,0.937
184.45,-0.258,-0.341,4,4,0.259,7,0.078,0.949
184.58,-0.258,-0.341,4,4,0.259,7,0.076,0.955
184.70,-0.258,-0.341,4,4,0.259,7,0.076,0.955
184.83,-0.259,-0.341,4,4,0.259,7,0.081,0.934
184.96,-0.260,-0.341,4,4,0.259,7,0.088,0.910
185.09,-0.262,-0.341,4,4,0.259,7,0.088,0.910
185.22,-0.264,-0.341,4,4,0.259,7,0.091,0.897
185.34,-0.266,-0.341,4,4,0.259,7,0.083,0.927
185.47,-0.267,-0.341,4,4,0.259,7,0.087,0.913
185.60,-0.268,-0.341,4,4,0.259,7,0.091,0.899
185.73,-0.270,-0.341,4,4,0.259,7,0.083,0.928
185.86,-0.272,-0.341,4,4,0.259,7,0.086,0.917
185.98,-0.273,-0.341,4,4,0.259,7,0.081,0.937
186.11,-0.274,-0.341,4,4,0.259,7,0.078,0.948
186.24,-0.275,-0.341,4,4,0.259,7,0.082,0.932
186.37,-0.275,-0.341,4,4,0.259,7,0.078,0.948
186.50,-0.275,-0.341,4,4,0.259,7,0.076,0.955
186.62,-0.276,-0.341,4,4,0.259,7,0.084,0.925
186.75,-0.277,-0.341,4,4,0.259,7,0.088,0.910
186.88,-0.280,-0.341,4,4,0.259,7,0.110,0.826
187.01,-0.288,-0.341,4,4,0.259,7,0.145,0.698
187.14,-0.301,-0.340,4,4,0.259,7,0.179,0.570
187.26,-0.320,-0.340,4,4,0.259,7,0.214,0.442
187.39,-0.344,-0.339,4,4,0.259,7,0.246,0.322
187.52,-0.371,-0.338,4,4,0.259,7,0.238,0.350
187.65,-0.397,-0.337,4,4,0.259,7,0.232,0.374
187.78,-0.423,-0.336,4,4,0.259,7,0.228,0.388
187.90,-0.447,-0.336,4,4,0.259,7,0.226,0.395
188.03,-0.471,-0.335,4,3,0.259,7,0.221,0.415
188.16,-0.494,-0.334,4,3,0.259,7,0.214,0.439
188.29,-0.517,-0.333,4,3,0.259,7,0.207,0.468
188.42,-0.538,-0.332,4,3,0.259,7,0.202,0.485
188.54,-0.559,-0.331,4,3,0.259,7,0.196,0.506
188.67,-0.580,-0.330,4,3,0.259,7,0.194,0.516
188.80,-0.599,-0.329,4,3,0.259,7,0.188,0.537
188.93,-0.618,-0.328,4,3,0.259,7,0.186,0.546
189.06,-0.636,-0.328,4,3,0.259,7,0.186,0.544
189.18,-0.654,-0.327,4,3,0.259,7,0.187,0.543
189.31,-0.671,-0.326,4,3,0.259,7,0.182,0.559
189.44,-0.688,-0.325,4,2,0.259,7,0.180,0.568
189.57,-0.704,-0.325,4,2,0.259,7,0.178,0.576
189.70,-0.720,-0.324,4,2,0.259,7,0.175,0.586
189.82,-0.735,-0.323,4,2,0.259,7,0.168,0.614
189.95,-0.748,-0.322,4,2,0.259,7,0.133,0.742
190.08,-0.755,-0.322,4,2,0.259,7,0.102,0.856
190.21,-0.758,-0.322,4,2,0.259,7,0.087,0.915
190.34,-0.759,-0.322,4,2,0.259,7,0.078,0.946
190.46,-0.759,-0.322,4,2,0.259,7,0.074,0.962
190.59,-0.760,-0.322,4,2,0.259,7,0.072,0.970
190.72,-0.761,-0.322,4,2,0.259,7,0.071,0.974
190.85,-0.762,-0.322,4,2,0.259,7,0.070,0.976
190.98,-0.763,-0.322,4,2,0.259,7,0.070,0.978
191.10,-0.765,-0.323,4,2,0.259,7,0.069,0.980
191.23,-0.766,-0.324,4,2,0.259,7,0.069,0.980
191.36,-0.766,-0.326,4,2,0.259,7,0.069,0.979
191.49,-0.767,-0.328,4,2,0.259,7,0.070,0.978
191.62,-0.769,-0.331,4,2,0.259,7,0.070,0.977
191.74,-0.770,-0.333,4,2,0.259,7,0.071,0.975
191.87,-0.773,-0.337,4,2,0.259,7,0.071,0.971
192.00,-0.774,-0.340,4,2,0.259,7,0.043,1.077
192.13,-0.776,-0.344,4,2,0.259,7,0.077,0.949
192.26,-0.783,-0.350,4,2,0.259,7,0.112,0.821
192.38,-0.795,-0.357,4,2,0.259,7,0.146,0.693
192.51,-0.812,-0.367,4,2,0.259,7,0.181,0.565
192.64,-0.831,-0.381,4,2,0.259,7,0.215,0.437
192.77,-0.852,-0.397,4,2,0.259,7,0.249,0.309
192.90,-0.875,-0.414,4,2,0.259,7,0.284,0.181
193.02,-0.897,-0.431,4,2,0.259,7,0.297,0.053
193.15,-0.919,-0.448,4,1,0.269,7,0.245,-0.075
193.28,-0.940,-0.464,3,1,0.269,7,0.180,-0.075
193.41,-0.958,-0.477,3,1,0.269,7,0.136,0.053
193.54,-0.971,-0.487,3,1,0.269,7,0.102,0.181
193.66,-0.981,-0.494,3,1,0.269,7,0.094,0.309
193.79,-0.989,-0.501,3,1,0.269,7,0.074,0.437
193.92,-0.996,-0.508,3,1,0.269,7,0.081,0.565
194.05,-1.002,-0.515,3,1,0.269,7,0.100,0.501
194.18,-1.012,-0.527,3,1,0.269,7,0.142,0.373
194.30,-1.023,-0.542,3,1,0.269,7,0.153,0.245
194.43,-1.035,-0.560,3,1,0.269,7,0.194,0.117
194.56,-1.047,-0.578,3,1,0.269,7,0.174,0.053
194.69,-1.057,-0.594,3,1,0.269,7,0.121,0.181
194.82,-1.065,-0.607,3,1,0.269,7,0.129,0.309
194.94,-1.073,-0.621,3,1,0.269,7,0.131,0.437
195.07,-1.080,-0.635,3,1,0.269,7,0.144,0.565
195.20,-1.087,-0.653,3,1,0.269,7,0.198,0.501
195.33,-1.095,-0.676,2,1,0.269,7,0.198,0.501
195.46,-1.102,-0.698,2,1,0.269,7,0.163,0.629
195.58,-1.106,-0.717,2,1,0.269,7,0.181,0.565
195.71,-1.110,-0.741,2,1,0.269,7,0.215,0.437
195.84,-1.112,-0.765,2,1,0.269,7,0.181,0.565
195.97,-1.113,-0.786,2,1,0.269,7,0.146,0.693
196.10,-1.113,-0.798,2,1,0.269,7,0.114,0.813
196.22,-1.113,-0.803,2,1,0.269,7,0.096,0.881
196.35,-1.113,-0.806,2,1,0.269,7,0.086,0.916
196.48,-1.113,-0.807,2,1,0.269,7,0.081,0.935
196.61,-1.112,-0.808,2,1,0.269,7,0.079,0.944
196.74,-1.112,-0.809,2,1,0.269,7,0.077,0.950
196.86,-1.112,-0.809,2,1,0.269,7,0.076,0.953
196.99,-1.111,-0.810,2,1,0.269,7,0.076,0.955
197.12,-1.111,-0.810,2,1,0.269,7,0.076,0.956
197.25,-1.110,-0.811,2,1,0.269,7,0.075,0.958
197.38,-1.109,-0.811,2,1,0.269,7,0.075,0.960
197.50,-1.108,-0.812,2,1,0.269,7,0.074,0.962
197.63,-1.107,-0.812,2,1,0.269,7,0.073,0.965
197.76,-1.106,-0.813,2,1,0.269,7,0.090,0.902
197.89,-1.104,-0.819,2,1,0.269,7,0.124,0.774
198.02,-1.101,-0.831,2,1,0.269,7,0.142,0.710
198.14,-1.098,-0.843,2,1,0.269,7,0.108,0.836
198.27,-1.094,-0.851,2,1,0.269,7,0.122,0.765
198.40,-1.090,-0.864,2,1,0.269,7,0.145,0.637
198.53,-1.084,-0.881,2,1,0.269,7,0.156,0.509
198.66,-1.077,-0.899,2,1,0.269,7,0.155,0.381
198.78,-1.070,-0.915,1,1,0.269,7,0.129,0.445
198.91,-1.063,-0.928,1,1,0.269,7,0.100,0.573
199.04,-1.057,-0.938,1,1,0.269,7,0.093,0.573
199.17,-1.050,-0.948,1,1,0.269,7,0.115,0.445
199.30,-1.041,-0.960,1,1,0.269,7,0.122,0.317
199.42,-1.030,-0.972,1,1,0.269,7,0.142,0.189
199.55,-1.019,-0.985,1,1,0.269,7,0.119,0.061
199.68,-1.009,-0.996,1,1,0.269,7,0.113,-0.066
199.81,-1.002,-1.004,1,1,0.269,7,0.070,-0.149
199.94,-0.997,-1.010,1,1,0.269,7,0.042,-0.091
200.06,-0.993,-1.015,1,1,0.269,8,0.039,0.006
200.19,-0.990,-1.018,1,1,0.269,8,0.030,0.134
200.32,-0.988,-1.020,1,1,0.269,8,0.035,0.200
200.45,-0.985,-1.024,1,1,0.269,8,0.046,0.120
200.58,-0.981,-1.027,1,1,0.269,8,0.030,0.080
200.70,-0.978,-1.031,1,1,0.269,8,0.055,0.058
200.83,-0.975,-1.034,1,1,0.269,8,0.016,0.019
200.96,-0.972,-1.037,1,1,0.269,8,0.030,0.007
201.09,-0.970,-1.039,1,1,0.269,8,0.020,-0.037
201.22,-0.969,-1.041,1,1,0.269,8,0.016,0.027
201.34,-0.967,-1.042,1,1,0.269,8,0.015,0.155
201.47,-0.966,-1.043,1,1,0.269,8,0.016,0.047
201.60,-0.964,-1.045,1,1,0.269,8,0.016,-0.081
201.73,-0.963,-1.046,1,1,0.269,8,0.016,0.047
201.86,-0.961,-1.048,1,1,0.269,8,0.016,0.047
201.98,-0.960,-1.049,1,1,0.269,8,0.016,0.047
202.11,-0.959,-1.050,1,1,0.269,8,0.016,-0.017
202.24,-0.957,-1.052,1,1,0.269,8,0.016,0.047
202.37,-0.956,-1.053,1,1,0.269,8,0.015,0.111
202.50,-0.954,-1.054,1,1,0.269,8,0.016,0.047
202.62,-0.953,-1.056,1,1,0.269,8,0.016,-0.081
202.75,-0.951,-1.057,1,1,0.269,8,0.016,0.047
202.88,-0.950,-1.059,1,1,0.269,8,0.015,0.111
203.01,-0.949,-1.060,1,1,0.269,8,0.016,-0.017
203.14,-0.947,-1.061,1,1,0.269,8,0.016,-0.017
203.26,-0.946,-1.062,1,1,0.269,8,0.016,0.047
203.39,-0.944,-1.064,1,1,0.269,8,0.016,0.047
203.52,-0.943,-1.065,1,1,0.269,8,0.015,0.111
203.65,-0.941,-1.066,1,1,0.269,8,0.016,0.047
203.78,-0.940,-1.068,1,1,0.269,8,0.016,-0.081
203.90,-0.938,-1.069,1,1,0.269,8,0.016,-0.017
204.03,-0.937,-1.070,1,1,0.269,8,0.015,0.111
204.16,-0.935,-1.071,1,1,0.269,8,0.015,0.111
204.29,-0.934,-1.073,1,1,0.269,8,0.016,-0.017
204.42,-0.932,-1.074,1,1,0.269,8,0.016,-0.081
204.54,-0.931,-1.075,1,1,0.269,8,0.016,-0.017
204.67,-0.929,-1.076,1,1,0.269,8,0.015,0.111
204.80,-0.928,-1.078,1,1,0.269,8,0.015,0.239
204.93,-0.926,-1.079,1,1,0.269,8,0.015,0.111
205.06,-0.925,-1.080,1,1,0.269,8,0.016,-0.017
205.18,-0.923,-1.081,1,1,0.269,8,0.015,-0.145
205.31,-0.922,-1.082,1,1,0.269,8,0.016,-0.017
205.44,-0.920,-1.084,1,1,0.269,8,0.015,0.111
205.57,-0.919,-1.085,1,1,0.269,8,0.015,0.239
205.70,-0.917,-1.086,1,1,0.269,8,0.015,0.129
205.82,-0.915,-1.087,1,1,0.269,8,0.030,0.042
205.95,-0.913,-1.089,1,1,0.269,8,0.016,-0.035
206.08,-0.911,-1.090,1,1,0.269,8,0.015,-0.163
206.21,-0.910,-1.091,1,1,0.269,8,0.016,-0.099
206.34,-0.908,-1.092,1,1,0.269,8,0.016,0.029
206.46,-0.907,-1.093,1,1,0.269,8,0.015,0.157
206.59,-0.905,-1.094,1,1,0.269,8,0.015,0.285
206.72,-0.904,-1.095,1,1,0.269,8,0.015,0.221
206.85,-0.901,-1.097,1,1,0.269,8,0.022,0.179
206.98,-0.896,-1.100,1,2,0.278,8,0.055,0.158
207.10,-0.890,-1.103,1,2,0.278,8,0.059,0.150
207.23,-0.883,-1.107,1,2,0.278,8,0.074,0.142
207.36,-0.875,-1.111,1,2,0.278,8,0.080,0.141
207.49,-0.867,-1.116,1,2,0.278,8,0.071,0.144
207.62,-0.857,-1.120,1,2,0.278,8,0.082,0.140
207.74,-0.847,-1.125,1,2,0.278,8,0.094,0.144
207.87,-0.836,-1.130,0,2,0.278,8,0.115,0.149
208.00,-0.824,-1.135,0,2,0.278,8,0.120,0.152
208.13,-0.810,-1.140,0,2,0.278,8,0.110,0.127
208.26,-0.796,-1.146,0,2,0.278,8,0.109,0.176
208.38,-0.782,-1.151,0,2,0.278,8,0.125,0.180
208.51,-0.766,-1.156,0,2,0.278,8,0.168,0.180
208.64,-0.746,-1.162,0,2,0.278,8,0.184,0.308
208.77,-0.725,-1.167,0,2,0.278,8,0.198,0.436
208.90,-0.701,-1.173,0,2,0.278,8,0.198,0.500
209.02,-0.677,-1.177,0,2,0.278,8,0.198,0.500
209.15,-0.652,-1.180,0,3,0.278,8,0.233,0.372
209.28,-0.624,-1.184,0,3,0.278,8,0.267,0.244
209.41,-0.596,-1.187,0,3,0.278,8,0.233,0.372
209.54,-0.570,-1.190,0,3,0.278,8,0.198,0.500
209.66,-0.548,-1.192,0,3,0.278,8,0.187,0.541
209.79,-0.530,-1.193,0,3,0.278,8,0.165,0.623
209.92,-0.516,-1.193,0,3,0.278,8,0.139,0.720
210.05,-0.507,-1.194,0,3,0.278,8,0.121,0.788
210.18,-0.500,-1.194,0,3,0.278,8,0.121,0.786
210.30,-0.492,-1.194,0,3,0.278,8,0.135,0.736
210.43,-0.482,-1.195,0,3,0.278,8,0.143,0.705
210.56,-0.470,-1.195,0,3,0.278,8,0.149,0.685
210.69,-0.458,-1.196,0,3,0.278,8,0.155,0.661
210.82,-0.445,-1.197,0,4,0.278,8,0.160,0.642
210.94,-0.430,-1.197,0,4,0.278,8,0.165,0.621
211.07,-0.415,-1.198,0,4,0.278,8,0.172,0.597
211.20,-0.399,-1.199,0,4,0.278,8,0.177,0.579
211.33,-0.383,-1.200,0,4,0.278,8,0.176,0.582
211.46,-0.367,-1.201,0,4,0.278,8,0.177,0.579
211.58,-0.350,-1.201,0,4,0.278,8,0.175,0.587
211.71,-0.334,-1.202,0,4,0.278,8,0.175,0.588
211.84,-0.318,-1.203,0,4,0.278,8,0.168,0.611
211.97,-0.302,-1.204,0,4,0.278,8,0.169,0.607
212.10,-0.287,-1.205,0,4,0.278,8,0.172,0.596
212.22,-0.271,-1.205,0,4,0.278,8,0.176,0.584
212.35,-0.255,-1.206,0,4,0.278,8,0.168,0.611
212.48,-0.239,-1.207,0,4,0.278,8,0.172,0.595
212.61,-0.223,-1.208,0,5,0.278,8,0.171,0.602
212.74,-0.208,-1.209,0,5,0.278,8,0.169,0.610
212.86,-0.192,-1.209,0,5,0.278,8,0.165,0.623
212.99,-0.177,-1.210,0,5,0.278,8,0.171,0.600
213.12,-0.161,-1.211,0,5,0.278,8,0.170,0.606
213.25,-0.146,-1.212,0,5,0.278,8,0.175,0.585
213.38,-0.130,-1.213,0,5,0.278,8,0.173,0.595
213.50,-0.115,-1.213,0,5,0.278,8,0.171,0.602
213.63,-0.100,-1.214,0,5,0.278,8,0.171,0.601
213.76,-0.085,-1.215,0,5,0.278,8,0.162,0.633
213.89,-0.068,-1.216,0,5,0.278,8,0.180,0.569
214.02,-0.053,-1.217,0,5,0.278,8,0.163,0.630
214.14,-0.040,-1.217,0,5,0.278,8,0.163,0.630
214.27,-0.026,-1.218,0,5,0.278,8,0.145,0.697
214.40,-0.013,-1.219,0,5,0.278,8,0.145,0.697
214.53,-0.002,-1.220,0,5,0.278,8,0.162,0.633
214.66,0.010,-1.221,0,6,0.278,8,0.128,0.761
214.78,0.019,-1.221,0,6,0.278,8,0.111,0.825
214.91,0.023,-1.221,0,6,0.278,8,0.077,0.951
215.04,0.024,-1.221,0,6,0.278,8,0.080,0.939
215.17,0.026,-1.221,0,6,0.278,8,0.115,0.811
215.30,0.034,-1.222,0,6,0.278,8,0.115,0.811
215.42,0.041,-1.222,0,6,0.278,8,0.115,0.811
215.55,0.047,-1.223,0,6,0.278,8,0.115,0.811
215.68,0.055,-1.223,0,6,0.278,8,0.115,0.811
215.81,0.059,-1.223,0,6,0.278,8,0.081,0.937
215.94,0.060,-1.223,0,6,0.278,8,0.086,0.918
216.06,0.063,-1.223,0,6,0.278,8,0.120,0.790
216.19,0.072,-1.224,0,6,0.278,8,0.154,0.662
216.32,0.086,-1.225,0,6,0.278,8,0.170,0.603
216.45,0.099,-1.225,0,6,0.278,8,0.136,0.731
216.58,0.109,-1.226,0,6,0.278,8,0.119,0.795
216.70,0.115,-1.226,0,6,0.278,8,0.102,0.859
216.83,0.118,-1.226,0,6,0.278,8,0.076,0.955
216.96,0.118,-1.226,0,6,0.278,8,0.084,0.925
217.09,0.121,-1.226,0,6,0.278,8,0.087,0.915
217.22,0.122,-1.226,0,6,0.278,8,0.092,0.895
217.34,0.125,-1.227,0,6,0.278,8,0.095,0.884
217.47,0.127,-1.227,0,6,0.278,8,0.072,0.970
217.60,0.128,-1.227,0,6,0.278,8,0.092,0.896
217.73,0.130,-1.227,0,6,0.278,8,0.082,0.933
217.86,0.132,-1.227,0,6,0.278,8,0.086,0.918
217.98,0.134,-1.227,0,6,0.278,8,0.106,0.843
218.11,0.137,-1.227,0,6,0.278,8,0.093,0.892
218.24,0.138,-1.227,0,6,0.278,8,0.085,0.921
218.37,0.141,-1.227,0,6,0.278,8,0.103,0.854
218.50,0.144,-1.228,0,6,0.278,8,0.089,0.907
218.62,0.146,-1.228,0,6,0.278,8,0.080,0.940
218.75,0.147,-1.228,0,6,0.278,8,0.075,0.959
218.88,0.148,-1.228,0,6,0.278,8,0.097,0.877
219.01,0.153,-1.228,0,6,0.278,8,0.114,0.813
219.14,0.159,-1.228,0,6,0.278,8,0.098,0.874
219.26,0.162,-1.228,0,6,0.278,8,0.088,0.911
219.39,0.163,-1.228,0,6,0.278,8,0.082,0.933
219.52,0.164,-1.228,0,6,0.278,8,0.091,0.898
219.65,0.168,-1.229,0,6,0.278,8,0.109,0.833
219.78,0.171,-1.229,0,6,0.278,8,0.096,0.879
219.90,0.175,-1.229,0,6,0.278,8,0.086,0.919
220.03,0.175,-1.229,0,6,0.278,8,0.082,0.931
220.16,0.178,-1.229,0,6,0.278,8,0.100,0.864
220.29,0.181,-1.229,0,6,0.278,8,0.091,0.900
220.42,0.183,-1.229,0,6,0.278,8,0.082,0.933
220.54,0.185,-1.229,0,6,0.278,8,0.076,0.953
220.67,0.186,-1.229,0,6,0.278,8,0.085,0.922
220.80,0.189,-1.229,0,6,0.278,8,0.102,0.857
220.93,0.194,-1.230,0,6,0.278,8,0.102,0.856
221.06,0.199,-1.230,0,6,0.278,8,0.120,0.792
221.18,0.205,-1.230,0,6,0.278,8,0.102,0.856
221.31,0.209,-1.230,0,6,0.278,8,0.105,0.847
221.44,0.213,-1.231,0,6,0.278,8,0.093,0.892
221.57,0.214,-1.231,0,6,0.278,8,0.074,0.962
221.70,0.215,-1.231,0,6,0.278,8,0.084,0.926
221.82,0.217,-1.231,0,6,0.278,8,0.089,0.905
221.95,0.218,-1.231,0,6,0.278,8,0.072,0.969
222.08,0.220,-1.231,0,6,0.278,8,0.107,0.841
222.21,0.223,-1.231,0,6,0.278,8,0.095,0.884
222.34,0.227,-1.231,0,7,0.278,8,0.113,0.816
222.46,0.231,-1.231,0,7,0.278,8,0.114,0.812
222.59,0.239,-1.232,0,7,0.278,8,0.114,0.812
222.72,0.244,-1.232,0,7,0.278,8,0.098,0.872
222.85,0.246,-1.232,0,7,0.278,8,0.076,0.953
222.98,0.246,-1.232,0,7,0.278,8,0.087,0.913
223.10,0.250,-1.232,0,7,0.278,8,0.121,0.785
223.23,0.258,-1.232,0,7,0.278,8,0.139,0.721
223.36,0.269,-1.233,0,7,0.278,8,0.139,0.721
223.49,0.279,-1.233,0,7,0.278,8,0.139,0.721
223.62,0.287,-1.233,0,7,0.278,8,0.139,0.721
223.74,0.296,-1.234,0,7,0.278,8,0.104,0.849
223.87,0.298,-1.234,0,7,0.278,8,0.077,0.951
224.00,0.299,-1.234,0,7,0.278,8,0.085,0.923
224.13,0.300,-1.234,0,7,0.278,8,0.090,0.902
224.26,0.302,-1.234,0,7,0.278,8,0.093,0.890
224.38,0.306,-1.234,0,7,0.278,8,0.094,0.888
224.51,0.308,-1.234,0,7,0.278,8,0.072,0.969
224.64,0.308,-1.234,0,7,0.278,8,0.080,0.938
224.77,0.311,-1.234,0,7,0.278,8,0.115,0.810
224.90,0.320,-1.235,0,7,0.278,8,0.132,0.746
225.02,0.329,-1.235,0,7,0.278,8,0.115,0.810
225.15,0.334,-1.235,0,7,0.278,8,0.098,0.874
225.28,0.338,-1.235,0,7,0.278,8,0.098,0.874
225.41,0.340,-1.235,0,7,0.278,8,0.086,0.918
225.54,0.343,-1.236,0,7,0.278,8,0.103,0.854
225.66,0.348,-1.236,0,7,0.278,8,0.120,0.790
225.79,0.353,-1.236,0,7,0.278,8,0.103,0.854
225.92,0.358,-1.236,0,7,0.278,8,0.086,0.917
226.05,0.359,-1.236,0,7,0.278,8,0.075,0.958
226.18,0.360,-1.236,0,7,0.278,8,0.096,0.880
226.30,0.365,-1.236,0,7,0.278,8,0.130,0.752
226.43,0.376,-1.237,0,7,0.278,8,0.148,0.688
226.56,0.387,-1.237,0,7,0.278,8,0.130,0.752
226.69,0.395,-1.237,0,7,0.278,8,0.113,0.816
226.82,0.399,-1.238,0,7,0.278,8,0.079,0.944
226.94,0.400,-1.238,0,7,0.278,8,0.096,0.880
227.07,0.405,-1.238,0,7,0.278,8,0.130,0.752
227.20,0.416,-1.238,0,7,0.278,8,0.143,0.706
227.33,0.426,-1.238,0,7,0.278,8,0.124,0.778
227.46,0.432,-1.239,0,7,0.278,8,0.089,0.906
227.58,0.433,-1.239,0,7,0.278,8,0.089,0.906
227.71,0.436,-1.239,0,7,0.278,8,0.106,0.842
227.84,0.439,-1.239,0,7,0.278,8,0.072,0.970
227.97,0.441,-1.239,0,7,0.278,8,0.106,0.842
228.10,0.447,-1.239,0,7,0.278,8,0.106,0.843
228.22,0.452,-1.239,0,8,0.278,8,0.106,0.843
228.35,0.455,-1.239,0,8,0.278,8,0.072,0.971
228.48,0.457,-1.239,0,8,0.278,8,0.106,0.843
228.61,0.463,-1.240,0,8,0.278,8,0.134,0.738
228.74,0.472,-1.240,0,8,0.278,8,0.127,0.765
228.86,0.479,-1.240,0,8,0.278,8,0.110,0.829
228.99,0.484,-1.240,0,8,0.278,8,0.091,0.898
229.12,0.487,-1.240,0,8,0.278,8,0.091,0.898
229.25,0.489,-1.240,0,8,0.278,8,0.074,0.962
229.38,0.491,-1.240,0,8,0.278,8,0.108,0.834
229.50,0.498,-1.240,0,8,0.278,8,0.143,0.706
229.63,0.511,-1.241,0,8,0.278,8,0.168,0.612
229.76,0.526,-1.241,0,8,0.278,8,0.172,0.597
229.89,0.541,-1.241,0,8,0.278,8,0.172,0.597
230.02,0.556,-1.241,0,8,0.278,8,0.163,0.631
230.14,0.571,-1.242,0,8,0.278,8,0.167,0.617
230.27,0.585,-1.242,0,8,0.278,8,0.169,0.609
230.40,0.600,-1.242,0,8,0.278,8,0.152,0.673
230.53,0.612,-1.243,0,8,0.278,8,0.134,0.737
230.66,0.621,-1.243,0,8,0.278,8,0.117,0.801
230.78,0.625,-1.243,0,8,0.278,8,0.100,0.865
230.91,0.630,-1.243,0,8,0.278,8,0.100,0.865
231.04,0.632,-1.243,0,8,0.278,8,0.068,0.983
231.17,0.633,-1.243,0,8,0.278,8,0.103,0.855
231.30,0.640,-1.243,0,8,0.278,8,0.137,0.727
231.42,0.650,-1.244,0,8,0.278,8,0.154,0.663
231.55,0.661,-1.244,0,8,0.278,8,0.137,0.727
231.68,0.669,-1.244,0,8,0.278,8,0.120,0.791
231.81,0.674,-1.244,0,8,0.278,8,0.103,0.855
231.94,0.679,-1.244,0,9,0.278,8,0.103,0.855
232.06,0.683,-1.244,0,9,0.278,8,0.086,0.918
232.19,0.685,-1.244,0,9,0.278,8,0.073,0.966
232.32,0.687,-1.244,0,9,0.278,8,0.107,0.838
232.45,0.692,-1.244,0,9,0.278,8,0.124,0.774
232.58,0.698,-1.245,0,9,0.278,8,0.090,0.902
232.70,0.699,-1.245,0,9,0.278,8,0.080,0.941
232.83,0.702,-1.245,0,9,0.278,8,0.114,0.813
232.96,0.710,-1.245,0,9,0.278,8,0.148,0.685
233.09,0.723,-1.245,0,9,0.278,8,0.166,0.621
233.22,0.738,-1.245,0,9,0.278,8,0.161,0.638
233.34,0.750,-1.246,0,9,0.278,8,0.127,0.766
233.47,0.756,-1.246,0,9,0.278,8,0.093,0.891
233.60,0.758,-1.246,0,9,0.278,8,0.072,0.969
233.73,0.759,-1.246,0,9,0.278,8,0.061,1.011
233.86,0.762,-1.245,0,9,0.278,8,0.053,1.039
233.98,0.765,-1.244,0,9,0.278,8,0.046,1.066
234.11,0.768,-1.241,0,9,0.278,8,0.035,1.106
234.24,0.769,-1.239,0,9,0.278,8,0.023,1.150
234.37,0.770,-1.236,0,9,0.278,8,0.017,1.174
234.50,0.769,-1.232,0,9,0.278,8,0.014,1.184
234.62,0.768,-1.228,0,9,0.278,8,0.049,1.056
234.75,0.772,-1.222,0,9,0.278,8,0.083,0.928
234.88,0.779,-1.213,0,9,0.278,8,0.117,0.800
235.01,0.788,-1.200,0,9,0.278,8,0.152,0.672
235.14,0.799,-1.183,0,9,0.278,8,0.186,0.544
235.26,0.810,-1.162,0,9,0.278,8,0.221,0.416
235.39,0.822,-1.137,0,9,0.278,8,0.255,0.288
235.52,0.834,-1.112,1,9,0.278,8,0.289,0.160
235.65,0.847,-1.087,1,9,0.278,8,0.324,0.032
235.78,0.859,-1.061,1,9,0.278,8,0.307,-0.096
235.90,0.871,-1.036,1,9,0.278,8,0.272,-0.224
236.03,0.884,-1.011,1,9,0.278,8,0.238,-0.352
236.16,0.895,-0.987,1,9,0.278,8,0.204,-0.480
236.29,0.907,-0.967,1,10,0.278,8,0.176,-0.583
236.42,0.918,-0.950,1,10,0.278,8,0.150,-0.680
236.54,0.930,-0.935,1,10,0.278,8,0.167,-0.617
236.67,0.944,-0.919,1,10,0.278,8,0.177,-0.489
236.80,0.959,-0.905,1,10,0.278,8,0.159,-0.361
236.93,0.972,-0.893,2,10,0.278,8,0.127,-0.233
237.06,0.983,-0.884,2,10,0.278,8,0.110,-0.105
237.18,0.993,-0.876,2,10,0.278,8,0.079,0.023
237.31,1.000,-0.871,2,10,0.278,8,0.033,0.151
237.44,1.005,-0.866,2,10,0.278,8,0.052,0.279
237.57,1.010,-0.861,2,10,0.278,8,0.057,0.407
237.70,1.015,-0.856,2,10,0.278,8,0.064,0.535
237.82,1.020,-0.850,2,10,0.278,8,0.070,0.663
237.95,1.025,-0.843,2,10,0.278,8,0.079,0.791
238.08,1.030,-0.834,2,10,0.278,8,0.074,0.919
238.21,1.034,-0.826,2,10,0.278,8,0.054,1.035
238.34,1.036,-0.820,2,10,0.278,8,0.066,0.993
238.46,1.038,-0.812,2,10,0.278,8,0.087,0.915
238.59,1.039,-0.801,2,10,0.278,8,0.121,0.787
238.72,1.040,-0.790,2,10,0.278,8,0.155,0.659
238.85,1.041,-0.775,2,10,0.278,8,0.190,0.531
238.98,1.042,-0.754,2,10,0.278,8,0.224,0.403
239.10,1.044,-0.730,2,10,0.278,8,0.202,0.467
239.23,1.045,-0.711,2,10,0.278,8,0.148,0.595
239.36,1.045,-0.698,2,10,0.278,8,0.126,0.645
239.49,1.046,-0.690,2,10,0.278,8,0.113,0.655
239.62,1.046,-0.683,2,10,0.278,8,0.104,0.659
239.74,1.046,-0.677,2,10,0.278,8,0.098,0.659
239.87,1.046,-0.671,3,10,0.278,8,0.091,0.657
240.00,1.046,-0.666,3,10,0.278,8,0.083,0.655
240.13,1.047,-0.662,3,10,0.278,8,0.081,0.653
240.26,1.047,-0.658,3,10,0.278,8,0.077,0.651
240.38,1.047,-0.655,3,10,0.278,8,0.073,0.649
240.51,1.047,-0.652,3,10,0.278,8,0.072,0.647
240.64,1.047,-0.650,3,10,0.278,8,0.070,0.646
240.77,1.047,-0.648,3,10,0.278,8,0.076,0.643
240.90,1.047,-0.646,3,10,0.278,8,0.055,0.734
241.02,1.047,-0.645,3,10,0.278,8,0.057,0.768
241.15,1.047,-0.644,3,10,0.278,8,0.052,0.776
241.28,1.047,-0.642,3,10,0.278,8,0.052,0.786
241.41,1.046,-0.641,3,10,0.278,8,0.049,0.781
241.54,1.045,-0.639,3,10,0.278,8,0.052,0.780
241.66,1.043,-0.638,3,10,0.278,8,0.044,0.785
241.79,1.042,-0.637,3,10,0.278,8,0.046,0.778
241.92,1.039,-0.636,3,10,0.278,8,0.045,0.769
242.05,1.037,-0.635,3,10,0.278,8,0.044,0.641
242.18,1.034,-0.632,3,10,0.278,8,0.050,0.513
242.30,1.031,-0.627,3,10,0.278,8,0.060,0.385
242.43,1.029,-0.621,3,10,0.278,8,0.048,0.257
242.56,1.026,-0.615,3,10,0.278,8,0.040,0.129
242.69,1.024,-0.610,3,10,0.278,8,0.040,0.001
242.82,1.023,-0.606,3,10,0.278,8,0.025,-0.127
242.94,1.022,-0.603,3,10,0.278,8,0.022,-0.255
243.07,1.021,-0.601,3,10,0.278,8,0.020,-0.383
243.20,1.020,-0.599,3,10,0.278,8,0.019,-0.319
243.33,1.020,-0.597,3,10,0.278,8,0.015,-0.191
243.46,1.020,-0.595,3,10,0.278,8,0.016,-0.063
243.58,1.019,-0.593,3,10,0.278,8,0.016,0.065
243.71,1.018,-0.592,3,10,0.278,8,0.015,0.193
243.84,1.018,-0.592,3,10,0.278,8,0.014,0.321
243.97,1.017,-0.591,3,10,0.278,8,0.014,0.449
244.10,1.016,-0.590,3,10,0.278,8,0.013,0.577
244.22,1.015,-0.590,3,10,0.278,8,0.013,0.513
244.35,1.013,-0.590,3,10,0.278,8,0.014,0.385
244.48,1.012,-0.589,3,10,0.278,8,0.015,0.257
244.61,1.011,-0.588,3,10,0.278,8,0.015,0.129
244.74,1.010,-0.587,3,10,0.278,8,0.016,0.001
244.86,1.009,-0.585,3,10,0.278,8,0.015,-0.127
244.99,1.008,-0.583,3,10,0.278,8,0.015,-0.255
245.12,1.007,-0.581,3,10,0.278,8,0.014,-0.383
245.25,1.007,-0.580,3,10,0.278,8,0.014,-0.383
245.38,1.006,-0.578,3,10,0.278,8,0.015,-0.255
245.50,1.006,-0.576,3,10,0.278,8,0.015,-0.127
245.63,1.005,-0.574,3,10,0.278,8,0.016,0.001
245.76,1.005,-0.572,3,10,0.278,8,0.015,0.129
245.89,1.004,-0.571,3,10,0.278,8,0.015,0.257
246.02,1.003,-0.571,3,10,0.278,8,0.014,0.385
246.14,1.001,-0.571,3,10,0.278,8,0.013,0.513
246.27,1.000,-0.570,3,10,0.278,8,0.013,0.641
246.40,0.999,-0.570,3,10,0.278,8,0.013,0.513
246.53,0.997,-0.570,3,10,0.278,8,0.014,0.385
246.66,0.995,-0.570,3,10,0.278,8,0.015,0.257
246.78,0.994,-0.569,3,10,0.278,8,0.015,0.129
246.91,0.993,-0.567,3,10,0.278,8,0.016,0.001
247.04,0.992,-0.565,3,10,0.278,8,0.015,-0.127
247.17,0.991,-0.564,3,10,0.278,8,0.015,-0.255
247.30,0.990,-0.562,3,10,0.278,8,0.014,-0.383
247.42,0.990,-0.560,3,10,0.278,8,0.014,-0.447
247.55,0.989,-0.559,3,10,0.278,8,0.014,-0.319
247.68,0.989,-0.557,3,10,0.278,8,0.015,-0.191
247.81,0.988,-0.555,3,10,0.278,8,0.016,-0.063
247.94,0.987,-0.553,3,10,0.278,8,0.016,0.065
248.06,0.986,-0.552,3,10,0.278,8,0.015,0.193
248.19,0.985,-0.551,3,10,0.278,8,0.014,0.321
248.32,0.984,-0.551,3,10,0.278,8,0.014,0.449
248.45,0.983,-0.551,3,10,0.278,8,0.013,0.577
248.58,0.981,-0.551,3,10,0.278,8,0.013,0.641
248.70,0.979,-0.551,3,10,0.278,8,0.013,0.513
248.83,0.977,-0.551,3,10,0.278,8,0.014,0.385
248.96,0.976,-0.551,3,10,0.278,8,0.015,0.257
249.09,0.974,-0.549,3,10,0.278,8,0.015,0.129
249.22,0.973,-0.548,3,10,0.278,8,0.016,0.001
249.34,0.972,-0.546,3,10,0.278,8,0.015,-0.127
249.47,0.971,-0.544,3,10,0.278,8,0.015,-0.255
249.60,0.970,-0.543,3,10,0.278,8,0.014,-0.383
249.73,0.969,-0.541,3,10,0.278,8,0.014,-0.447
249.86,0.969,-0.540,3,10,0.278,8,0.014,-0.319
249.98,0.968,-0.538,3,10,0.278,8,0.015,-0.191
250.11,0.967,-0.536,3,10,0.278,8,0.016,-0.063
250.24,0.966,-0.534,3,10,0.278,8,0.016,0.065
250.37,0.965,-0.533,3,10,0.278,8,0.015,0.193
250.50,0.964,-0.532,3,10,0.278,8,0.014,0.321
250.62,0.963,-0.532,3,10,0.278,8,0.014,0.449
250.75,0.961,-0.532,3,10,0.278,8,0.013,0.577
250.88,0.959,-0.532,3,10,0.278,8,0.012,0.705
251.01,0.956,-0.533,3,10,0.278,8,0.013,0.577
251.14,0.954,-0.533,3,10,0.278,8,0.014,0.449
251.26,0.953,-0.533,3,10,0.278,8,0.014,0.321
251.39,0.951,-0.531,3,10,0.278,8,0.015,0.193
251.52,0.950,-0.530,3,10,0.278,8,0.016,0.065
251.65,0.949,-0.528,3,10,0.278,8,0.016,-0.063
251.78,0.947,-0.527,3,10,0.278,8,0.015,-0.191
251.90,0.946,-0.525,3,10,0.278,8,0.014,-0.319
252.03,0.945,-0.524,3,10,0.278,8,0.014,-0.447
252.16,0.944,-0.522,3,10,0.278,8,0.013,-0.511
252.29,0.943,-0.521,3,10,0.278,8,0.014,-0.383
252.42,0.943,-0.519,3,10,0.278,8,0.015,-0.255
252.54,0.942,-0.518,3,10,0.278,8,0.015,-0.127
252.67,0.941,-0.516,3,10,0.278,8,0.016,0.001
252.80,0.940,-0.514,3,10,0.278,8,0.015,0.129
252.93,0.939,-0.513,3,10,0.278,8,0.015,0.257
253.06,0.937,-0.512,3,10,0.278,8,0.014,0.385
253.18,0.936,-0.512,3,10,0.278,8,0.013,0.513
253.31,0.933,-0.513,3,10,0.278,8,0.013,0.641
253.44,0.931,-0.514,3,10,0.278,8,0.012,0.769
253.57,0.928,-0.515,3,10,0.278,8,0.012,0.705
253.70,0.926,-0.515,3,10,0.278,8,0.013,0.577
253.82,0.924,-0.515,3,10,0.278,8,0.014,0.449
253.95,0.922,-0.514,3,10,0.278,8,0.014,0.321
254.08,0.921,-0.512,3,10,0.278,8,0.015,0.193
254.21,0.919,-0.511,3,10,0.278,8,0.016,0.065
254.34,0.918,-0.510,3,10,0.278,8,0.016,-0.063
254.46,0.916,-0.509,3,10,0.278,8,0.015,-0.191
254.59,0.915,-0.507,3,10,0.278,8,0.014,-0.319
254.72,0.914,-0.506,3,10,0.278,8,0.014,-0.447
254.85,0.913,-0.504,3,10,0.278,8,0.013,-0.575
254.98,0.913,-0.502,3,10,0.278,8,0.013,-0.575
255.10,0.912,-0.500,3,10,0.278,8,0.014,-0.447
255.23,0.911,-0.499,3,10,0.278,8,0.014,-0.319
255.36,0.910,-0.497,3,10,0.278,8,0.015,-0.191
255.49,0.909,-0.496,3,10,0.278,8,0.016,-0.063
255.62,0.908,-0.494,3,10,0.278,8,0.016,0.065
255.74,0.907,-0.492,3,10,0.278,8,0.015,0.193
255.87,0.906,-0.491,3,10,0.278,8,0.014,0.321
256.00,0.904,-0.491,3,10,0.278,8,0.014,0.449
256.13,0.902,-0.491,3,10,0.278,8,0.013,0.577
256.26,0.900,-0.491,3,9,0.278,8,0.012,0.705
256.38,0.897,-0.492,3,9,0.278,8,0.012,0.833
256.51,0.894,-0.492,3,9,0.278,8,0.012,0.705
256.64,0.892,-0.492,3,9,0.278,8,0.013,0.577
256.77,0.891,-0.491,3,9,0.278,8,0.014,0.449
256.90,0.889,-0.490,3,9,0.278,8,0.027,0.321
257.02,0.886,-0.488,3,9,0.278,8,0.055,0.193
257.15,0.880,-0.485,3,9,0.278,8,0.058,0.065
257.28,0.874,-0.481,3,9,0.278,9,0.036,-0.063
257.41,0.871,-0.479,3,9,0.278,9,0.015,-0.184
257.54,0.870,-0.478,3,9,0.278,9,0.014,-0.312
257.66,0.869,-0.476,3,9,0.278,9,0.014,-0.440
257.79,0.869,-0.474,3,9,0.278,9,0.013,-0.568
257.92,0.870,-0.472,3,9,0.278,9,0.013,-0.696
258.05,0.871,-0.469,3,9,0.278,9,0.012,-0.824
258.18,0.871,-0.467,3,9,0.278,9,0.013,-0.696
258.30,0.871,-0.465,3,9,0.278,9,0.013,-0.568
258.43,0.870,-0.463,3,9,0.278,9,0.014,-0.440
258.56,0.869,-0.461,3,9,0.278,9,0.014,-0.312
258.69,0.868,-0.460,3,9,0.278,9,0.015,-0.184
258.82,0.867,-0.458,3,9,0.278,9,0.016,-0.056
258.94,0.866,-0.457,3,9,0.278,9,0.016,0.072
259.07,0.865,-0.455,3,9,0.278,9,0.015,0.200
259.20,0.864,-0.454,3,9,0.278,9,0.014,0.328
259.33,0.862,-0.453,3,9,0.278,9,0.014,0.456
259.46,0.860,-0.453,3,9,0.278,9,0.013,0.584
259.58,0.858,-0.453,3,9,0.278,9,0.012,0.712
259.71,0.855,-0.454,3,9,0.278,9,0.012,0.840
259.84,0.852,-0.454,3,9,0.278,9,0.011,0.967
259.97,0.850,-0.454,3,9,0.278,9,0.012,0.839
260.10,0.849,-0.454,3,9,0.278,9,0.012,0.711
260.22,0.847,-0.453,3,9,0.278,9,0.034,0.583
260.35,0.840,-0.451,3,9,0.278,9,0.097,0.455
260.48,0.826,-0.446,4,9,0.278,9,0.160,0.327
260.61,0.804,-0.439,4,9,0.278,9,0.217,0.199
260.74,0.777,-0.431,4,9,0.278,9,0.257,0.071
260.86,0.750,-0.424,4,9,0.278,9,0.235,-0.057
260.99,0.728,-0.417,4,9,0.278,9,0.128,-0.185
261.12,0.715,-0.413,4,9,0.278,9,0.087,-0.139
261.25,0.705,-0.410,4,9,0.278,9,0.082,-0.011
261.38,0.697,-0.407,4,9,0.278,9,0.085,0.083
261.50,0.688,-0.405,4,9,0.278,9,0.079,0.134
261.63,0.679,-0.402,4,9,0.278,9,0.098,0.162
261.76,0.668,-0.399,4,8,0.278,9,0.096,0.179
261.89,0.654,-0.395,4,8,0.278,9,0.123,0.175
262.02,0.636,-0.391,4,8,0.278,9,0.161,0.202
262.14,0.616,-0.387,4,8,0.278,9,0.189,0.330
262.27,0.592,-0.383,4,8,0.278,9,0.189,0.458
262.40,0.569,-0.380,4,8,0.278,9,0.175,0.586
262.53,0.548,-0.378,4,8,0.278,9,0.168,0.612
262.66,0.531,-0.378,4,8,0.278,9,0.179,0.569
262.78,0.514,-0.377,4,8,0.278,9,0.178,0.574
262.91,0.498,-0.377,4,8,0.278,9,0.175,0.587
263.04,0.482,-0.376,4,8,0.278,9,0.178,0.576
263.17,0.466,-0.376,4,8,0.278,9,0.171,0.599
263.30,0.449,-0.375,4,7,0.278,9,0.169,0.607
263.42,0.433,-0.374,4,7,0.278,9,0.178,0.575
263.55,0.418,-0.374,4,7,0.278,9,0.174,0.589
263.68,0.402,-0.373,4,7,0.278,9,0.166,0.619
263.81,0.387,-0.372,4,7,0.278,9,0.166,0.618
263.94,0.371,-0.372,4,7,0.278,9,0.168,0.612
264.06,0.356,-0.371,4,7,0.278,9,0.164,0.628
264.19,0.341,-0.370,4,7,0.278,9,0.171,0.600
264.32,0.326,-0.370,4,7,0.278,9,0.171,0.600
264.45,0.311,-0.369,4,7,0.278,9,0.167,0.615
264.58,0.296,-0.368,4,7,0.278,9,0.170,0.604
264.70,0.281,-0.367,4,7,0.278,9,0.158,0.651
264.83,0.267,-0.367,4,7,0.278,9,0.158,0.651
264.96,0.254,-0.366,4,7,0.278,9,0.158,0.651
265.09,0.243,-0.365,4,7,0.278,9,0.140,0.715
265.22,0.231,-0.365,4,7,0.278,9,0.140,0.715
265.34,0.223,-0.364,4,6,0.278,9,0.106,0.843
265.47,0.218,-0.364,4,6,0.278,9,0.089,0.907
265.60,0.216,-0.364,4,6,0.278,9,0.073,0.966
265.73,0.214,-0.364,4,6,0.278,9,0.107,0.838
265.86,0.207,-0.364,4,6,0.278,9,0.142,0.710
265.98,0.194,-0.363,4,6,0.278,9,0.170,0.604
266.11,0.180,-0.362,4,6,0.278,9,0.165,0.622
266.24,0.165,-0.362,4,6,0.278,9,0.162,0.633
266.37,0.150,-0.361,4,6,0.278,9,0.160,0.640
266.50,0.136,-0.361,4,6,0.278,9,0.160,0.640
266.62,0.122,-0.360,4,6,0.278,9,0.160,0.640
266.75,0.109,-0.359,4,6,0.278,9,0.143,0.704
266.88,0.100,-0.359,4,6,0.278,9,0.109,0.832
267.01,0.096,-0.359,4,6,0.278,9,0.078,0.947
267.14,0.095,-0.359,4,6,0.278,9,0.086,0.918
267.26,0.092,-0.359,4,6,0.278,9,0.120,0.790
267.39,0.083,-0.358,4,6,0.278,9,0.154,0.662
267.52,0.072,-0.358,4,6,0.278,9,0.137,0.726
267.65,0.063,-0.357,4,6,0.278,9,0.120,0.790
267.78,0.056,-0.357,4,6,0.278,9,0.103,0.854
267.90,0.052,-0.357,4,6,0.278,9,0.105,0.848
268.03,0.049,-0.357,4,6,0.278,9,0.081,0.938
268.16,0.049,-0.357,4,6,0.278,9,0.078,0.948
268.29,0.048,-0.357,4,6,0.278,9,0.088,0.909
268.42,0.044,-0.357,4,6,0.278,9,0.123,0.781
268.54,0.036,-0.356,4,6,0.278,9,0.140,0.717
268.67,0.026,-0.356,4,6,0.278,9,0.140,0.717
268.80,0.018,-0.356,4,6,0.278,9,0.106,0.843
268.93,0.015,-0.356,4,6,0.278,9,0.097,0.876
269.06,0.012,-0.355,4,6,0.278,9,0.092,0.896
269.18,0.011,-0.355,4,6,0.278,9,0.077,0.951
269.31,0.010,-0.355,4,6,0.278,9,0.076,0.954
269.44,0.010,-0.355,4,6,0.278,9,0.077,0.952
269.57,0.009,-0.355,4,6,0.278,9,0.090,0.904
269.70,0.005,-0.355,4,6,0.278,9,0.124,0.776
269.82,-0.005,-0.355,4,5,0.278,9,0.141,0.712
269.95,-0.016,-0.354,4,5,0.278,9,0.141,0.712
270.08,-0.026,-0.354,4,5,0.278,9,0.141,0.712
270.21,-0.035,-0.354,4,5,0.278,9,0.124,0.775
270.34,-0.041,-0.353,4,5,0.278,9,0.110,0.827
270.46,-0.047,-0.353,4,5,0.278,9,0.100,0.864
270.59,-0.051,-0.353,4,5,0.278,9,0.094,0.889
270.72,-0.053,-0.353,4,5,0.278,9,0.082,0.932
270.85,-0.053,-0.353,4,5,0.278,9,0.076,0.955
270.98,-0.054,-0.353,4,5,0.278,9,0.073,0.964
271.10,-0.056,-0.353,4,5,0.278,9,0.108,0.836
271.23,-0.062,-0.353,4,5,0.278,9,0.110,0.827
271.36,-0.068,-0.352,4,5,0.278,9,0.114,0.812
271.49,-0.075,-0.352,4,5,0.278,9,0.104,0.852
271.62,-0.079,-0.352,4,5,0.278,9,0.099,0.869
271.74,-0.081,-0.352,4,5,0.278,9,0.097,0.877
271.87,-0.086,-0.352,4,5,0.278,9,0.103,0.853
272.00,-0.090,-0.352,4,5,0.278,9,0.099,0.871
272.13,-0.095,-0.351,4,5,0.278,9,0.104,0.852
272.26,-0.098,-0.351,4,5,0.278,9,0.089,0.908
272.38,-0.100,-0.351,4,5,0.278,9,0.090,0.904
272.51,-0.102,-0.351,4,5,0.278,9,0.081,0.934
272.64,-0.102,-0.351,4,5,0.278,9,0.077,0.950
272.77,-0.102,-0.351,4,5,0.278,9,0.075,0.958
272.90,-0.103,-0.351,4,5,0.278,9,0.083,0.928
273.02,-0.104,-0.351,4,5,0.278,9,0.087,0.913
273.15,-0.105,-0.351,4,5,0.278,9,0.081,0.935
273.28,-0.107,-0.351,4,5,0.278,9,0.084,0.924
273.41,-0.109,-0.351,4,5,0.278,9,0.107,0.838
273.54,-0.114,-0.351,4,5,0.278,9,0.101,0.861
273.66,-0.118,-0.351,4,5,0.278,9,0.089,0.907
273.79,-0.120,-0.351,4,5,0.278,9,0.100,0.866
273.92,-0.124,-0.350,4,5,0.278,9,0.097,0.877
274.05,-0.128,-0.350,4,5,0.278,9,0.094,0.888
274.18,-0.132,-0.350,4,5,0.278,9,0.092,0.894
274.30,-0.134,-0.350,4,5,0.278,9,0.084,0.923
274.43,-0.136,-0.350,4,5,0.278,9,0.086,0.919
274.56,-0.137,-0.350,4,5,0.278,9,0.090,0.903
274.69,-0.139,-0.350,4,5,0.278,9,0.090,0.902
274.82,-0.141,-0.350,4,5,0.278,9,0.082,0.930
274.94,-0.142,-0.350,4,5,0.278,9,0.079,0.945
275.07,-0.142,-0.350,4,5,0.278,9,0.076,0.953
275.20,-0.142,-0.350,4,5,0.278,9,0.084,0.924
275.33,-0.145,-0.350,4,5,0.278,9,0.094,0.888
275.46,-0.147,-0.350,4,5,0.278,9,0.085,0.922
275.58,-0.148,-0.350,4,5,0.278,9,0.080,0.940
275.71,-0.149,-0.350,4,5,0.278,9,0.077,0.950
275.84,-0.149,-0.350,4,5,0.278,9,0.076,0.955
275.97,-0.149,-0.350,4,5,0.278,9,0.075,0.957
276.10,-0.150,-0.350,4,5,0.278,9,0.080,0.938
276.22,-0.151,-0.349,4,5,0.278,9,0.084,0.926
276.35,-0.152,-0.349,4,5,0.278,9,0.089,0.907
276.48,-0.155,-0.349,4,5,0.278,9,0.090,0.903
276.61,-0.158,-0.349,4,5,0.278,9,0.098,0.872
276.74,-0.162,-0.349,4,5,0.278,9,0.095,0.884
276.86,-0.165,-0.349,4,5,0.278,9,0.094,0.888
276.99,-0.167,-0.349,4,5,0.278,9,0.084,0.924
277.12,-0.168,-0.349,4,5,0.278,9,0.089,0.906
277.25,-0.170,-0.349,4,5,0.278,9,0.082,0.931
277.38,-0.170,-0.349,4,5,0.278,9,0.079,0.945
277.50,-0.171,-0.349,4,5,0.278,9,0.077,0.951
277.63,-0.171,-0.349,4,5,0.278,9,0.076,0.955
277.76,-0.171,-0.349,4,5,0.278,9,0.075,0.957
277.89,-0.171,-0.349,4,5,0.278,9,0.081,0.934
278.02,-0.172,-0.349,4,5,0.278,9,0.088,0.911
278.14,-0.174,-0.349,4,5,0.278,9,0.082,0.933
278.27,-0.174,-0.349,4,5,0.278,9,0.079,0.944
278.40,-0.174,-0.349,4,5,0.278,9,0.086,0.917
278.53,-0.177,-0.349,4,5,0.278,9,0.109,0.832
278.66,-0.181,-0.348,4,5,0.278,9,0.105,0.848
278.78,-0.185,-0.348,4,5,0.278,9,0.091,0.900
278.91,-0.188,-0.348,4,5,0.278,9,0.091,0.900
279.04,-0.190,-0.348,4,5,0.278,9,0.082,0.930
279.17,-0.190,-0.348,4,5,0.278,9,0.088,0.911
279.30,-0.192,-0.348,4,5,0.278,9,0.081,0.936
279.42,-0.192,-0.348,4,5,0.278,9,0.077,0.949
279.55,-0.192,-0.348,4,5,0.278,9,0.076,0.956
279.68,-0.193,-0.348,4,5,0.278,9,0.090,0.903
279.81,-0.195,-0.348,4,5,0.278,9,0.092,0.894
279.94,-0.197,-0.348,4,5,0.278,9,0.083,0.927
280.06,-0.198,-0.348,4,5,0.278,9,0.079,0.944
280.19,-0.199,-0.348,4,5,0.278,9,0.093,0.890
280.32,-0.201,-0.348,4,5,0.278,9,0.093,0.891
280.45,-0.204,-0.348,4,5,0.278,9,0.084,0.925
280.58,-0.205,-0.348,4,5,0.278,9,0.079,0.942
280.70,-0.206,-0.348,4,5,0.278,9,0.083,0.927
280.83,-0.206,-0.348,4,5,0.278,9,0.079,0.943
280.96,-0.207,-0.348,4,5,0.278,9,0.084,0.923
281.09,-0.208,-0.348,4,5,0.278,9,0.088,0.911
281.22,-0.210,-0.347,4,5,0.278,9,0.081,0.935
281.34,-0.210,-0.347,4,5,0.278,9,0.078,0.948
281.47,-0.211,-0.347,4,5,0.278,9,0.076,0.954
281.60,-0.211,-0.347,4,5,0.278,9,0.075,0.957
281.73,-0.211,-0.347,4,5,0.278,9,0.084,0.924
281.86,-0.212,-0.347,4,5,0.278,9,0.090,0.904
281.98,-0.214,-0.347,4,5,0.278,9,0.091,0.900
282.11,-0.218,-0.347,4,5,0.278,9,0.099,0.868
282.24,-0.223,-0.347,4,5,0.278,9,0.106,0.842
282.37,-0.227,-0.347,4,4,0.278,9,0.092,0.895
282.50,-0.229,-0.347,4,4,0.278,9,0.095,0.885
282.62,-0.232,-0.347,4,4,0.278,9,0.086,0.918
282.75,-0.233,-0.347,4,4,0.278,9,0.080,0.938
282.88,-0.233,-0.347,4,4,0.278,9,0.078,0.948
283.01,-0.233,-0.347,4,4,0.278,9,0.085,0.921
283.14,-0.235,-0.347,4,4,0.278,9,0.099,0.867
283.26,-0.238,-0.347,4,4,0.278,9,0.098,0.871
283.39,-0.241,-0.347,4,4,0.278,9,0.087,0.913
283.52,-0.243,-0.346,4,4,0.278,9,0.089,0.908
283.65,-0.244,-0.346,4,4,0.278,9,0.082,0.932
283.78,-0.245,-0.346,4,4,0.278,9,0.079,0.945
283.90,-0.245,-0.346,4,4,0.278,9,0.077,0.952
284.03,-0.246,-0.346,4,4,0.278,9,0.081,0.935
284.16,-0.247,-0.346,4,4,0.278,9,0.078,0.946
284.29,-0.247,-0.346,4,4,0.278,9,0.077,0.952
284.42,-0.247,-0.346,4,4,0.278,9,0.076,0.955
284.54,-0.247,-0.346,4,4,0.278,9,0.075,0.957
284.67,-0.248,-0.346,4,4,0.278,9,0.082,0.934
284.80,-0.249,-0.346,4,4,0.278,9,0.079,0.942
284.93,-0.249,-0.346,4,4,0.278,9,0.078,0.947
285.06,-0.249,-0.346,4,4,0.278,9,0.077,0.949
285.18,-0.249,-0.346,4,4,0.278,9,0.077,0.950
285.31,-0.250,-0.346,4,4,0.278,9,0.077,0.951
285.44,-0.250,-0.346,4,4,0.278,9,0.077,0.951
285.57,-0.250,-0.346,4,4,0.278,9,0.077,0.951
285.70,-0.250,-0.346,4,4,0.278,9,0.077,0.951
285.82,-0.250,-0.346,4,4,0.278,9,0.077,0.951
285.95,-0.250,-0.346,4,4,0.278,9,0.077,0.951
286.08,-0.250,-0.346,4,4,0.278,9,0.077,0.951
286.21,-0.250,-0.346,4,4,0.278,9,0.077,0.951
286.34,-0.250,-0.346,4,4,0.278,9,0.077,0.951
286.46,-0.250,-0.346,4,4,0.278,9,0.077,0.952
286.59,-0.251,-0.346,4,4,0.278,9,0.077,0.952
286.72,-0.251,-0.346,4,4,0.278,9,0.077,0.952
286.85,-0.251,-0.346,4,4,0.278,9,0.077,0.952
286.98,-0.251,-0.346,4,4,0.278,9,0.077,0.951
287.10,-0.251,-0.346,4,4,0.278,9,0.077,0.952
287.23,-0.251,-0.346,4,4,0.278,9,0.077,0.952
287.36,-0.251,-0.346,4,4,0.278,9,0.077,0.952
287.49,-0.251,-0.346,4,4,0.278,9,0.077,0.952
287.62,-0.251,-0.346,4,4,0.278,9,0.077,0.952
287.74,-0.251,-0.346,4,4,0.278,9,0.077,0.952
287.87,-0.251,-0.346,4,4,0.278,9,0.077,0.951
288.00,-0.251,-0.346,4,4,0.278,9,0.077,0.951
288.13,-0.252,-0.346,4,4,0.278,9,0.077,0.951
288.26,-0.252,-0.346,4,4,0.278,9,0.077,0.951
288.38,-0.252,-0.346,4,4,0.278,9,0.077,0.951
288.51,-0.252,-0.346,4,4,0.278,9,0.077,0.951
288.64,-0.252,-0.346,4,4,0.278,9,0.077,0.952
288.77,-0.252,-0.346,4,4,0.278,9,0.077,0.952
288.90,-0.252,-0.346,4,4,0.278,9,0.077,0.952
289.02,-0.252,-0.346,4,4,0.278,9,0.077,0.951
289.15,-0.252,-0.346,4,4,0.278,9,0.077,0.951
289.28,-0.252,-0.346,4,4,0.278,9,0.077,0.951
289.41,-0.252,-0.346,4,4,0.278,9,0.077,0.951
289.54,-0.252,-0.346,4,4,0.278,9,0.077,0.952
289.66,-0.253,-0.346,4,4,0.278,9,0.077,0.951
289.79,-0.253,-0.346,4,4,0.278,9,0.077,0.951
289.92,-0.253,-0.346,4,4,0.278,9,0.077,0.951
290.05,-0.253,-0.346,4,4,0.278,9,0.077,0.951
290.18,-0.253,-0.346,4,4,0.278,9,0.077,0.951
290.30,-0.253,-0.346,4,4,0.278,9,0.077,0.951
290.43,-0.253,-0.346,4,4,0.278,9,0.077,0.951
290.56,-0.253,-0.346,4,4,0.278,9,0.077,0.951
290.69,-0.253,-0.346,4,4,0.278,9,0.077,0.951
290.82,-0.253,-0.346,4,4,0.278,9,0.077,0.951
290.94,-0.253,-0.346,4,4,0.278,9,0.077,0.951
291.07,-0.254,-0.346,4,4,0.278,9,0.077,0.951
291.20,-0.254,-0.346,4,4,0.278,9,0.077,0.951
291.33,-0.254,-0.346,4,4,0.278,9,0.077,0.952
291.46,-0.254,-0.346,4,4,0.278,9,0.076,0.953
291.58,-0.254,-0.346,4,4,0.278,9,0.077,0.952
291.71,-0.254,-0.346,4,4,0.278,9,0.077,0.952
291.84,-0.254,-0.346,4,4,0.278,9,0.077,0.952
291.97,-0.254,-0.346,4,4,0.278,9,0.077,0.951
292.10,-0.254,-0.346,4,4,0.278,9,0.076,0.953
292.22,-0.254,-0.346,4,4,0.278,9,0.076,0.953
292.35,-0.254,-0.346,4,4,0.278,9,0.077,0.952
292.48,-0.254,-0.346,4,4,0.278,9,0.077,0.952
292.61,-0.254,-0.346,4,4,0.278,9,0.077,0.951
292.74,-0.254,-0.346,4,4,0.278,9,0.077,0.951
292.86,-0.254,-0.346,4,4,0.278,9,0.076,0.953
292.99,-0.254,-0.346,4,4,0.278,9,0.077,0.952
293.12,-0.255,-0.346,4,4,0.278,9,0.077,0.952
293.25,-0.255,-0.346,4,4,0.278,9,0.077,0.951
293.38,-0.255,-0.346,4,4,0.278,9,0.076,0.954
293.50,-0.255,-0.346,4,4,0.278,9,0.076,0.953
293.63,-0.255,-0.346,4,4,0.278,9,0.077,0.952
293.76,-0.255,-0.346,4,4,0.278,9,0.077,0.951
293.89,-0.255,-0.346,4,4,0.278,9,0.077,0.951
294.02,-0.255,-0.346,4,4,0.278,9,0.076,0.953
294.14,-0.255,-0.346,4,4,0.278,9,0.077,0.952
294.27,-0.255,-0.346,4,4,0.278,9,0.077,0.951
294.40,-0.255,-0.346,4,4,0.278,9,0.077,0.951
294.53,-0.255,-0.346,4,4,0.278,9,0.076,0.953
294.66,-0.255,-0.346,4,4,0.278,9,0.077,0.952
294.78,-0.255,-0.346,4,4,0.278,9,0.077,0.951
294.91,-0.255,-0.346,4,4,0.278,9,0.076,0.954
295.04,-0.255,-0.346,4,4,0.278,9,0.077,0.952
295.17,-0.255,-0.346,4,4,0.278,9,0.077,0.951
295.30,-0.256,-0.346,4,4,0.278,9,0.077,0.951
295.42,-0.256,-0.346,4,4,0.278,9,0.076,0.953
295.55,-0.256,-0.346,4,4,0.278,9,0.077,0.952
295.68,-0.256,-0.346,4,4,0.278,9,0.077,0.952
295.81,-0.256,-0.346,4,4,0.278,9,0.076,0.954
295.94,-0.257,-0.346,4,4,0.278,9,0.081,0.936
296.06,-0.257,-0.346,4,4,0.278,9,0.078,0.946
296.19,-0.257,-0.346,4,4,0.278,9,0.077,0.952
296.32,-0.257,-0.346,4,4,0.278,9,0.076,0.955
296.45,-0.258,-0.346,4,4,0.278,9,0.083,0.929
296.58,-0.259,-0.346,4,4,0.278,9,0.079,0.942
296.70,-0.259,-0.346,4,4,0.278,9,0.077,0.949
296.83,-0.259,-0.346,4,4,0.278,9,0.084,0.925
296.96,-0.262,-0.346,4,4,0.278,9,0.094,0.888
297.09,-0.265,-0.346,4,4,0.278,9,0.085,0.921
297.22,-0.266,-0.346,4,4,0.278,9,0.080,0.938
297.34,-0.266,-0.346,4,4,0.278,9,0.078,0.947
297.47,-0.266,-0.346,4,4,0.278,9,0.077,0.952
297.60,-0.266,-0.346,4,4,0.278,9,0.076,0.954
297.73,-0.266,-0.346,4,4,0.278,9,0.076,0.955
297.86,-0.267,-0.346,4,4,0.278,9,0.081,0.936
297.98,-0.268,-0.346,4,4,0.278,9,0.078,0.946
298.11,-0.269,-0.346,4,4,0.278,9,0.083,0.930
298.24,-0.270,-0.346,4,4,0.278,9,0.079,0.942
298.37,-0.271,-0.346,4,4,0.278,9,0.083,0.928
298.50,-0.272,-0.346,4,4,0.278,9,0.080,0.941
298.62,-0.273,-0.346,4,4,0.278,9,0.078,0.948
298.75,-0.273,-0.346,4,4,0.278,9,0.077,0.952
298.88,-0.273,-0.346,4,4,0.278,9,0.076,0.954
299.01,-0.273,-0.346,4,4,0.278,9,0.076,0.954
299.14,-0.273,-0.346,4,4,0.278,9,0.083,0.928
299.26,-0.274,-0.346,4,4,0.278,9,0.089,0.906
299.39,-0.276,-0.346,4,4,0.278,9,0.083,0.929
299.52,-0.276,-0.346,4,4,0.278,9,0.079,0.944
299.65,-0.277,-0.346,4,4,0.278,9,0.076,0.953
299.78,-0.277,-0.346,4,4,0.278,9,0.084,0.923
299.90,-0.279,-0.345,4,4,0.278,9,0.087,0.914
