time,x,y,row,col,coverage,collision_count,v,w
0.13,-1.344,-1.350,0,0,0.009,1,0.116,0.128
0.26,-1.330,-1.349,0,0,0.009,1,0.131,0.256
0.38,-1.314,-1.347,0,0,0.009,1,0.202,0.384
0.51,-1.292,-1.345,0,0,0.009,1,0.195,0.512
0.64,-1.271,-1.342,0,0,0.009,1,0.178,0.576
0.77,-1.250,-1.339,0,0,0.009,1,0.203,0.482
0.90,-1.227,-1.334,0,0,0.009,1,0.188,0.539
1.02,-1.205,-1.329,0,0,0.009,1,0.162,0.636
1.15,-1.188,-1.323,0,0,0.009,1,0.127,0.764
1.28,-1.176,-1.317,0,0,0.009,1,0.079,0.871
1.41,-1.172,-1.312,0,0,0.009,1,0.035,0.924
1.54,-1.172,-1.308,0,0,0.009,1,0.018,0.912
1.66,-1.173,-1.304,0,0,0.009,1,0.015,0.885
1.79,-1.174,-1.301,0,0,0.009,1,0.015,0.955
1.92,-1.174,-1.297,0,0,0.009,1,0.018,0.827
2.05,-1.174,-1.295,0,0,0.009,1,0.020,0.699
2.18,-1.173,-1.293,0,0,0.009,1,0.013,0.699
2.30,-1.172,-1.291,0,0,0.009,1,0.012,0.812
2.43,-1.171,-1.290,0,0,0.009,1,0.011,0.920
2.56,-1.171,-1.288,0,0,0.009,1,0.012,0.792
2.69,-1.170,-1.284,0,0,0.009,1,0.085,0.664
2.82,-1.167,-1.269,0,0,0.009,1,0.187,0.536
2.94,-1.163,-1.245,0,0,0.009,1,0.223,0.408
3.07,-1.159,-1.218,0,0,0.009,1,0.257,0.280
3.20,-1.156,-1.190,0,0,0.009,1,0.292,0.152
3.33,-1.152,-1.162,0,0,0.009,1,0.309,0.088
3.46,-1.148,-1.134,0,0,0.009,1,0.274,0.216
3.58,-1.144,-1.106,1,0,0.019,1,0.240,0.344
3.71,-1.141,-1.080,1,0,0.019,1,0.216,0.433
3.84,-1.139,-1.055,1,0,0.019,1,0.214,0.442
3.97,-1.137,-1.032,1,0,0.019,1,0.210,0.456
4.10,-1.135,-1.011,1,0,0.019,1,0.208,0.464
4.22,-1.133,-0.990,1,0,0.019,1,0.203,0.482
4.35,-1.132,-0.970,1,0,0.019,1,0.200,0.495
4.48,-1.130,-0.951,1,0,0.019,1,0.195,0.510
4.61,-1.129,-0.932,1,0,0.019,1,0.188,0.539
4.74,-1.128,-0.914,1,0,0.019,1,0.190,0.530
4.86,-1.126,-0.896,2,0,0.028,1,0.184,0.554
4.99,-1.125,-0.879,2,0,0.028,1,0.178,0.574
5.12,-1.124,-0.863,2,1,0.037,1,0.179,0.573
5.25,-1.123,-0.846,2,1,0.037,1,0.168,0.613
5.38,-1.122,-0.832,2,1,0.037,1,0.152,0.672
5.50,-1.121,-0.820,2,1,0.037,1,0.141,0.712
5.63,-1.120,-0.810,2,1,0.037,1,0.137,0.727
5.76,-1.120,-0.800,2,1,0.037,1,0.133,0.742
5.89,-1.119,-0.790,2,1,0.037,1,0.157,0.652
6.02,-1.118,-0.774,2,1,0.037,1,0.192,0.524
6.14,-1.116,-0.753,2,1,0.037,1,0.226,0.396
6.27,-1.114,-0.726,2,1,0.037,1,0.260,0.268
6.40,-1.112,-0.698,2,1,0.037,1,0.234,0.140
6.53,-1.110,-0.670,3,1,0.046,1,0.220,0.012
6.66,-1.109,-0.647,3,1,0.046,1,0.143,-0.116
6.78,-1.107,-0.632,3,1,0.046,1,0.105,-0.244
6.91,-1.106,-0.623,3,1,0.046,1,0.063,-0.370
7.04,-1.105,-0.617,3,1,0.046,1,0.058,-0.449
7.17,-1.103,-0.614,3,1,0.046,1,0.046,-0.423
7.30,-1.102,-0.610,3,1,0.046,1,0.049,-0.355
7.42,-1.101,-0.606,3,1,0.046,1,0.053,-0.320
7.55,-1.099,-0.603,3,1,0.046,1,0.028,-0.305
7.68,-1.098,-0.600,3,1,0.046,1,0.028,-0.301
7.81,-1.097,-0.598,3,1,0.046,1,0.039,-0.302
7.94,-1.096,-0.596,3,1,0.046,1,0.030,-0.305
8.06,-1.094,-0.594,3,1,0.046,1,0.020,-0.313
8.19,-1.093,-0.592,3,1,0.046,1,0.026,-0.321
8.32,-1.092,-0.591,3,1,0.046,1,0.019,-0.331
8.45,-1.090,-0.590,3,1,0.046,1,0.018,-0.368
8.58,-1.089,-0.590,3,1,0.046,1,0.017,-0.378
8.70,-1.088,-0.589,3,1,0.046,1,0.020,-0.468
8.83,-1.086,-0.589,3,1,0.046,1,0.013,-0.556
8.96,-1.085,-0.589,3,1,0.046,1,0.013,-0.684
9.09,-1.083,-0.589,3,1,0.046,1,0.012,-0.812
9.22,-1.081,-0.589,3,1,0.046,1,0.017,-0.875
9.34,-1.078,-0.590,3,1,0.046,1,0.023,-0.920
9.47,-1.074,-0.591,3,1,0.046,1,0.033,-0.839
9.60,-1.070,-0.588,3,1,0.046,1,0.059,-0.711
9.73,-1.063,-0.583,3,1,0.046,1,0.109,-0.583
9.86,-1.051,-0.574,3,1,0.046,1,0.133,-0.455
9.98,-1.035,-0.563,3,1,0.046,1,0.181,-0.327
10.11,-1.014,-0.550,3,1,0.046,1,0.212,-0.199
10.24,-0.990,-0.537,3,1,0.046,1,0.220,-0.071
10.37,-0.967,-0.524,3,1,0.046,1,0.179,0.057
10.50,-0.950,-0.513,3,1,0.046,1,0.106,0.185
10.62,-0.939,-0.507,3,1,0.046,1,0.066,0.263
10.75,-0.934,-0.503,3,1,0.046,1,0.031,0.314
10.88,-0.931,-0.501,3,1,0.046,1,0.015,0.229
11.01,-0.930,-0.500,3,1,0.046,1,0.015,0.101
11.14,-0.928,-0.499,3,1,0.046,1,0.016,-0.027
11.26,-0.927,-0.498,3,1,0.046,1,0.015,-0.155
11.39,-0.925,-0.496,3,1,0.046,1,0.015,-0.283
11.52,-0.923,-0.495,3,1,0.046,1,0.018,-0.411
11.65,-0.920,-0.493,3,1,0.046,1,0.050,-0.283
11.78,-0.913,-0.489,3,1,0.046,1,0.091,-0.155
11.90,-0.904,-0.484,3,1,0.046,1,0.090,-0.027
12.03,-0.894,-0.479,3,2,0.046,1,0.048,0.101
12.16,-0.888,-0.476,3,2,0.046,1,0.035,-0.027
12.29,-0.884,-0.474,3,2,0.046,1,0.044,-0.091
12.42,-0.879,-0.471,3,2,0.046,1,0.054,-0.219
12.54,-0.872,-0.468,3,2,0.046,1,0.058,-0.283
12.67,-0.863,-0.464,3,2,0.046,1,0.109,-0.155
12.80,-0.850,-0.458,3,2,0.046,1,0.099,-0.091
12.93,-0.838,-0.453,3,2,0.046,1,0.097,-0.091
13.06,-0.826,-0.448,4,2,0.056,1,0.103,-0.219
13.18,-0.813,-0.443,4,2,0.056,1,0.127,-0.283
13.31,-0.797,-0.438,4,2,0.056,1,0.142,-0.411
13.44,-0.778,-0.433,4,2,0.056,1,0.204,-0.475
13.57,-0.753,-0.427,4,2,0.056,1,0.222,-0.411
13.70,-0.728,-0.422,4,2,0.056,1,0.222,-0.411
13.82,-0.702,-0.417,4,2,0.056,1,0.222,-0.411
13.95,-0.677,-0.413,4,2,0.056,1,0.188,-0.539
14.08,-0.655,-0.410,4,3,0.065,1,0.188,-0.539
14.21,-0.633,-0.409,4,3,0.065,1,0.222,-0.411
14.34,-0.607,-0.407,4,3,0.065,1,0.257,-0.283
14.46,-0.578,-0.405,4,3,0.065,1,0.291,-0.155
14.59,-0.550,-0.403,4,3,0.065,1,0.274,-0.219
14.72,-0.522,-0.401,4,3,0.065,1,0.257,-0.283
14.85,-0.495,-0.399,4,3,0.065,1,0.222,-0.411
14.98,-0.472,-0.398,4,3,0.065,1,0.188,-0.539
15.10,-0.455,-0.397,4,3,0.065,1,0.171,-0.599
15.23,-0.439,-0.396,4,4,0.074,1,0.174,-0.589
15.36,-0.423,-0.395,4,4,0.074,1,0.174,-0.590
15.49,-0.407,-0.394,4,4,0.074,1,0.176,-0.583
15.62,-0.390,-0.393,4,4,0.074,1,0.177,-0.577
15.74,-0.374,-0.392,4,4,0.074,1,0.174,-0.591
15.87,-0.357,-0.391,4,4,0.074,1,0.173,-0.595
16.00,-0.341,-0.390,4,4,0.074,1,0.173,-0.593
16.13,-0.325,-0.390,4,4,0.074,1,0.170,-0.606
16.26,-0.309,-0.389,4,4,0.074,1,0.176,-0.584
16.38,-0.292,-0.388,4,4,0.074,1,0.169,-0.609
16.51,-0.277,-0.387,4,4,0.074,1,0.169,-0.609
16.64,-0.261,-0.386,4,4,0.074,1,0.169,-0.608
16.77,-0.245,-0.385,4,4,0.074,1,0.170,-0.603
16.90,-0.229,-0.384,4,4,0.074,1,0.169,-0.609
17.02,-0.213,-0.383,4,5,0.083,1,0.167,-0.617
17.15,-0.197,-0.382,4,5,0.083,1,0.167,-0.614
17.28,-0.181,-0.381,4,5,0.083,1,0.167,-0.614
17.41,-0.166,-0.380,4,5,0.083,1,0.166,-0.621
17.54,-0.150,-0.380,4,5,0.083,1,0.166,-0.621
17.66,-0.135,-0.379,4,5,0.083,1,0.166,-0.621
17.79,-0.119,-0.378,4,5,0.083,1,0.168,-0.613
17.92,-0.104,-0.377,4,5,0.083,1,0.165,-0.622
18.05,-0.088,-0.376,4,5,0.083,1,0.165,-0.622
18.18,-0.073,-0.375,4,5,0.083,1,0.163,-0.630
18.30,-0.058,-0.374,4,5,0.083,1,0.163,-0.630
18.43,-0.043,-0.373,4,5,0.083,1,0.164,-0.626
18.56,-0.028,-0.372,4,5,0.083,1,0.162,-0.634
18.69,-0.013,-0.371,4,5,0.083,1,0.162,-0.634
18.82,0.001,-0.371,4,6,0.093,1,0.162,-0.634
18.94,0.014,-0.370,4,6,0.093,1,0.162,-0.634
19.07,0.026,-0.369,4,6,0.093,1,0.128,-0.762
19.20,0.036,-0.368,4,6,0.093,1,0.162,-0.634
19.33,0.048,-0.368,4,6,0.093,1,0.128,-0.762
19.46,0.055,-0.367,4,6,0.093,1,0.111,-0.824
19.58,0.061,-0.367,4,6,0.093,1,0.096,-0.880
19.71,0.063,-0.367,4,6,0.093,1,0.088,-0.909
19.84,0.065,-0.367,4,6,0.093,1,0.084,-0.926
19.97,0.065,-0.367,4,6,0.093,1,0.071,-0.972
20.10,0.067,-0.367,4,6,0.093,1,0.106,-0.844
20.22,0.074,-0.366,4,6,0.093,1,0.140,-0.716
20.35,0.084,-0.366,4,6,0.093,1,0.123,-0.780
20.48,0.090,-0.365,4,6,0.093,1,0.096,-0.882
20.61,0.094,-0.365,4,6,0.093,1,0.089,-0.904
20.74,0.095,-0.365,4,6,0.093,1,0.078,-0.946
20.86,0.095,-0.365,4,6,0.093,1,0.073,-0.967
20.99,0.097,-0.365,4,6,0.093,1,0.107,-0.839
21.12,0.104,-0.365,4,6,0.093,1,0.124,-0.775
21.25,0.111,-0.364,4,6,0.093,1,0.110,-0.827
21.38,0.118,-0.364,4,6,0.093,1,0.114,-0.815
21.50,0.123,-0.364,4,6,0.093,1,0.095,-0.882
21.63,0.125,-0.363,4,6,0.093,1,0.087,-0.914
21.76,0.127,-0.363,4,6,0.093,1,0.083,-0.930
21.89,0.128,-0.363,4,6,0.093,1,0.089,-0.905
22.02,0.129,-0.363,4,6,0.093,1,0.085,-0.921
22.14,0.131,-0.363,4,6,0.093,1,0.083,-0.929
22.27,0.132,-0.363,4,6,0.093,1,0.089,-0.905
22.40,0.134,-0.363,4,6,0.093,1,0.085,-0.920
22.53,0.135,-0.363,4,6,0.093,1,0.082,-0.930
22.66,0.136,-0.363,4,6,0.093,1,0.081,-0.937
22.78,0.137,-0.363,4,6,0.093,1,0.080,-0.940
22.91,0.137,-0.363,4,6,0.093,1,0.079,-0.942
23.04,0.138,-0.363,4,6,0.093,1,0.079,-0.943
23.17,0.138,-0.363,4,6,0.093,1,0.079,-0.943
23.30,0.139,-0.363,4,6,0.093,1,0.079,-0.943
23.42,0.139,-0.363,4,6,0.093,1,0.079,-0.943
23.55,0.139,-0.363,4,6,0.093,1,0.079,-0.943
23.68,0.140,-0.363,4,6,0.093,1,0.079,-0.943
23.81,0.140,-0.363,4,6,0.093,1,0.079,-0.943
23.94,0.141,-0.363,4,6,0.093,1,0.079,-0.943
24.06,0.141,-0.363,4,6,0.093,1,0.080,-0.940
24.19,0.142,-0.363,4,6,0.093,1,0.081,-0.937
24.32,0.143,-0.362,4,6,0.093,1,0.081,-0.935
24.45,0.144,-0.362,4,6,0.093,1,0.081,-0.934
24.58,0.144,-0.362,4,6,0.093,1,0.082,-0.934
24.70,0.145,-0.362,4,6,0.093,1,0.082,-0.933
24.83,0.146,-0.362,4,6,0.093,1,0.082,-0.933
24.96,0.147,-0.362,4,6,0.093,1,0.082,-0.932
25.09,0.148,-0.362,4,6,0.093,1,0.083,-0.928
25.22,0.149,-0.362,4,6,0.093,1,0.084,-0.926
25.34,0.150,-0.362,4,6,0.093,1,0.084,-0.924
25.47,0.152,-0.362,4,6,0.093,1,0.084,-0.924
25.60,0.153,-0.362,4,6,0.093,1,0.084,-0.923
25.73,0.154,-0.362,4,6,0.093,1,0.085,-0.922
25.86,0.156,-0.362,4,6,0.093,1,0.085,-0.922
25.98,0.157,-0.362,4,6,0.093,1,0.085,-0.921
26.11,0.159,-0.362,4,6,0.093,1,0.085,-0.921
26.24,0.160,-0.361,4,6,0.093,1,0.085,-0.921
26.37,0.162,-0.361,4,6,0.093,1,0.085,-0.920
26.50,0.163,-0.361,4,6,0.093,1,0.085,-0.920
26.62,0.165,-0.361,4,6,0.093,1,0.086,-0.919
26.75,0.166,-0.361,4,6,0.093,1,0.086,-0.918
26.88,0.168,-0.361,4,6,0.093,1,0.087,-0.914
27.01,0.170,-0.361,4,6,0.093,1,0.088,-0.911
27.14,0.172,-0.361,4,6,0.093,1,0.088,-0.910
27.26,0.173,-0.361,4,6,0.093,1,0.088,-0.908
27.39,0.176,-0.361,4,6,0.093,1,0.089,-0.907
27.52,0.178,-0.360,4,6,0.093,1,0.089,-0.907
27.65,0.180,-0.360,4,6,0.093,1,0.089,-0.904
27.78,0.182,-0.360,4,6,0.093,1,0.091,-0.900
27.90,0.184,-0.360,4,6,0.093,1,0.091,-0.898
28.03,0.187,-0.360,4,6,0.093,1,0.092,-0.896
28.16,0.189,-0.360,4,6,0.093,1,0.092,-0.894
28.29,0.192,-0.360,4,6,0.093,1,0.092,-0.893
28.42,0.195,-0.359,4,6,0.093,1,0.093,-0.892
28.54,0.198,-0.359,4,6,0.093,1,0.093,-0.891
28.67,0.200,-0.359,4,6,0.093,1,0.094,-0.888
28.80,0.203,-0.359,4,6,0.093,1,0.094,-0.886
28.93,0.206,-0.359,4,6,0.093,1,0.095,-0.884
29.06,0.209,-0.359,4,6,0.093,1,0.095,-0.883
29.18,0.213,-0.358,4,6,0.093,1,0.095,-0.885
29.31,0.216,-0.358,4,6,0.093,1,0.094,-0.886
29.44,0.219,-0.358,4,6,0.093,1,0.094,-0.887
29.57,0.222,-0.358,4,6,0.093,1,0.094,-0.886
29.70,0.225,-0.358,4,6,0.093,1,0.095,-0.885
29.82,0.228,-0.358,4,7,0.102,1,0.095,-0.885
29.95,0.231,-0.357,4,7,0.102,1,0.095,-0.884
30.08,0.234,-0.357,4,7,0.102,1,0.101,-0.862
30.21,0.238,-0.357,4,7,0.102,1,0.097,-0.875
30.34,0.243,-0.357,4,7,0.102,1,0.120,-0.791
30.46,0.249,-0.356,4,7,0.102,1,0.118,-0.799
30.59,0.257,-0.356,4,7,0.102,1,0.123,-0.780
30.72,0.265,-0.355,4,7,0.102,1,0.136,-0.730
30.85,0.276,-0.355,4,7,0.102,1,0.149,-0.681
30.98,0.288,-0.354,4,7,0.102,1,0.150,-0.679
31.10,0.300,-0.353,4,7,0.102,1,0.149,-0.681
31.23,0.312,-0.353,4,7,0.102,1,0.148,-0.688
31.36,0.325,-0.352,4,7,0.102,1,0.152,-0.671
31.49,0.336,-0.351,4,7,0.102,1,0.151,-0.674
31.62,0.349,-0.350,4,7,0.102,1,0.166,-0.619
31.74,0.366,-0.349,4,7,0.102,1,0.201,-0.491
31.87,0.388,-0.348,4,7,0.102,1,0.235,-0.363
32.00,0.414,-0.346,4,7,0.102,1,0.227,-0.394
32.13,0.439,-0.345,4,7,0.102,1,0.223,-0.406
32.26,0.463,-0.343,4,8,0.111,1,0.221,-0.415
32.38,0.487,-0.341,4,8,0.111,1,0.217,-0.429
32.51,0.509,-0.340,4,8,0.111,1,0.216,-0.435
32.64,0.531,-0.339,4,8,0.111,1,0.205,-0.474
32.77,0.553,-0.337,4,8,0.111,1,0.198,-0.500
32.90,0.573,-0.336,4,8,0.111,1,0.199,-0.495
33.02,0.593,-0.335,4,8,0.111,1,0.196,-0.507
33.15,0.612,-0.333,4,8,0.111,1,0.190,-0.532
33.28,0.630,-0.332,4,8,0.111,1,0.191,-0.527
33.41,0.648,-0.331,4,8,0.111,1,0.177,-0.578
33.54,0.665,-0.330,4,8,0.111,1,0.176,-0.584
33.66,0.682,-0.329,4,9,0.120,1,0.171,-0.601
33.79,0.699,-0.328,4,9,0.120,1,0.169,-0.610
33.92,0.714,-0.327,4,9,0.120,1,0.171,-0.600
34.05,0.729,-0.326,4,9,0.120,1,0.171,-0.602
34.18,0.743,-0.325,4,9,0.120,1,0.136,-0.730
34.30,0.751,-0.325,4,9,0.120,1,0.105,-0.847
34.43,0.755,-0.324,4,9,0.120,1,0.087,-0.912
34.56,0.756,-0.324,4,9,0.120,1,0.078,-0.946
34.69,0.756,-0.324,4,9,0.120,1,0.074,-0.962
34.82,0.757,-0.324,4,9,0.120,1,0.072,-0.970
34.94,0.758,-0.324,4,9,0.120,1,0.070,-0.975
35.07,0.759,-0.324,4,9,0.120,1,0.070,-0.978
35.20,0.760,-0.325,4,9,0.120,1,0.069,-0.980
35.33,0.762,-0.326,4,9,0.120,1,0.069,-0.982
35.46,0.763,-0.327,4,9,0.120,1,0.069,-0.982
35.58,0.764,-0.328,4,9,0.120,1,0.069,-0.980
35.71,0.764,-0.331,4,9,0.120,1,0.069,-0.979
35.84,0.766,-0.333,4,9,0.120,1,0.070,-0.978
35.97,0.767,-0.336,4,9,0.120,1,0.070,-0.977
36.10,0.770,-0.339,4,9,0.120,1,0.071,-0.974
36.22,0.773,-0.343,4,9,0.120,1,0.072,-0.970
36.35,0.777,-0.347,4,9,0.120,1,0.097,-0.877
36.48,0.786,-0.353,4,9,0.120,1,0.115,-0.810
36.61,0.797,-0.359,4,9,0.120,1,0.089,-0.905
36.74,0.805,-0.365,4,9,0.120,1,0.073,-0.964
36.86,0.812,-0.371,4,9,0.120,1,0.074,-0.962
36.99,0.819,-0.379,4,9,0.120,1,0.108,-0.834
37.12,0.829,-0.390,4,9,0.120,1,0.143,-0.706
37.25,0.840,-0.406,4,9,0.120,1,0.177,-0.578
37.38,0.852,-0.425,4,9,0.120,1,0.212,-0.450
37.50,0.865,-0.448,4,9,0.120,1,0.246,-0.322
37.63,0.879,-0.472,3,9,0.130,1,0.280,-0.194
37.76,0.893,-0.497,3,9,0.130,2,0.315,-0.066
37.89,0.907,-0.521,3,10,0.139,2,0.332,-0.002
38.02,0.921,-0.546,3,10,0.139,2,0.298,-0.130
38.14,0.935,-0.571,3,10,0.139,2,0.263,-0.258
38.27,0.948,-0.595,3,10,0.139,2,0.229,-0.386
38.40,0.961,-0.617,3,10,0.139,2,0.194,-0.514
38.53,0.970,-0.637,3,10,0.139,2,0.177,-0.578
38.66,0.978,-0.658,3,10,0.139,2,0.181,-0.564
38.78,0.985,-0.679,2,10,0.148,2,0.176,-0.584
38.91,0.990,-0.700,2,10,0.148,2,0.173,-0.594
39.04,0.994,-0.722,2,10,0.148,2,0.167,-0.614
39.17,0.996,-0.743,2,10,0.148,2,0.146,-0.695
39.30,0.996,-0.759,2,10,0.148,2,0.163,-0.631
39.42,0.996,-0.772,2,10,0.148,2,0.130,-0.755
39.55,0.996,-0.779,2,10,0.148,2,0.109,-0.830
39.68,0.996,-0.784,2,10,0.148,2,0.099,-0.868
39.81,0.997,-0.787,2,10,0.148,2,0.094,-0.888
39.94,0.997,-0.790,2,10,0.148,2,0.091,-0.897
40.06,0.997,-0.792,2,10,0.148,2,0.090,-0.901
40.19,0.997,-0.794,2,10,0.148,2,0.090,-0.903
40.32,0.997,-0.797,2,10,0.148,2,0.090,-0.904
40.45,0.997,-0.799,2,10,0.148,2,0.090,-0.903
40.58,0.997,-0.801,2,10,0.148,2,0.090,-0.903
40.70,0.997,-0.803,2,10,0.148,2,0.090,-0.902
40.83,0.997,-0.806,2,10,0.148,2,0.090,-0.901
40.96,0.997,-0.808,2,10,0.148,2,0.091,-0.900
41.09,0.997,-0.810,2,10,0.148,2,0.091,-0.900
41.22,0.997,-0.813,2,10,0.148,2,0.091,-0.899
41.34,0.997,-0.815,2,10,0.148,2,0.091,-0.897
41.47,0.997,-0.818,2,10,0.148,2,0.092,-0.896
41.60,0.997,-0.820,2,10,0.148,2,0.092,-0.896
41.73,0.997,-0.823,2,10,0.148,2,0.092,-0.895
41.86,0.997,-0.825,2,10,0.148,2,0.092,-0.894
41.98,0.997,-0.828,2,10,0.148,2,0.093,-0.893
42.11,0.997,-0.831,2,10,0.148,2,0.093,-0.891
42.24,0.997,-0.834,2,10,0.148,2,0.093,-0.890
42.37,0.997,-0.836,2,10,0.148,2,0.093,-0.889
42.50,0.997,-0.839,2,10,0.148,2,0.094,-0.888
42.62,0.997,-0.842,2,10,0.148,2,0.094,-0.887
42.75,0.998,-0.845,2,10,0.148,2,0.094,-0.886
42.88,0.998,-0.848,2,10,0.148,2,0.095,-0.885
43.01,0.998,-0.851,2,10,0.148,2,0.089,-0.884
43.14,0.998,-0.854,2,10,0.148,2,0.095,-0.883
43.26,0.998,-0.857,2,10,0.148,2,0.093,-0.882
43.39,0.998,-0.859,2,10,0.148,2,0.086,-0.880
43.52,0.998,-0.862,2,10,0.148,2,0.086,-0.880
43.65,0.998,-0.864,2,10,0.148,2,0.087,-0.879
43.78,0.998,-0.866,2,10,0.148,2,0.083,-0.877
43.90,0.998,-0.868,2,10,0.148,2,0.087,-0.845
44.03,0.998,-0.871,2,10,0.148,2,0.090,-0.859
44.16,0.998,-0.873,2,10,0.148,2,0.091,-0.838
44.29,0.998,-0.876,2,10,0.148,2,0.090,-0.828
44.42,0.998,-0.879,2,10,0.148,2,0.097,-0.784
44.54,0.998,-0.885,2,10,0.148,2,0.103,-0.743
44.67,0.999,-0.891,2,10,0.148,2,0.111,-0.683
44.80,0.999,-0.897,2,10,0.148,2,0.100,-0.651
44.93,0.999,-0.904,1,10,0.157,2,0.099,-0.632
45.06,0.999,-0.910,1,10,0.157,2,0.097,-0.622
45.18,0.999,-0.916,1,10,0.157,2,0.084,-0.616
45.31,0.999,-0.921,1,10,0.157,2,0.089,-0.611
45.44,0.999,-0.925,1,10,0.157,2,0.083,-0.608
45.57,1.000,-0.929,1,10,0.157,2,0.079,-0.606
45.70,1.000,-0.933,1,10,0.157,2,0.075,-0.604
45.82,1.000,-0.936,1,10,0.157,2,0.072,-0.603
45.95,1.000,-0.939,1,10,0.157,2,0.069,-0.602
46.08,1.000,-0.941,1,10,0.157,2,0.061,-0.601
46.21,1.000,-0.943,1,10,0.157,2,0.052,-0.600
46.34,1.000,-0.944,1,10,0.157,2,0.060,-0.599
46.46,1.000,-0.945,1,10,0.157,2,0.063,-0.598
46.59,1.000,-0.946,1,10,0.157,2,0.063,-0.598
46.72,1.000,-0.948,1,10,0.157,2,0.049,-0.598
46.85,1.000,-0.949,1,10,0.157,2,0.057,-0.597
46.98,1.000,-0.950,1,10,0.157,2,0.056,-0.597
47.10,1.000,-0.951,1,10,0.157,2,0.054,-0.579
47.23,1.000,-0.952,1,10,0.157,2,0.058,-0.568
47.36,1.000,-0.953,1,10,0.157,2,0.056,-0.554
47.49,1.000,-0.955,1,10,0.157,2,0.042,-0.577
47.62,1.000,-0.955,1,10,0.157,2,0.052,-0.563
47.74,1.000,-0.956,1,10,0.157,2,0.056,-0.520
47.87,1.000,-0.958,1,10,0.157,2,0.046,-0.392
48.00,1.000,-0.962,1,10,0.157,2,0.055,-0.264
48.13,1.000,-0.966,1,10,0.157,2,0.054,-0.264
48.26,1.000,-0.970,1,10,0.157,2,0.051,-0.264
48.38,1.000,-0.973,1,10,0.157,2,0.044,-0.200
48.51,1.000,-0.976,1,10,0.157,2,0.041,-0.072
48.64,1.000,-0.980,1,10,0.157,2,0.016,-0.008
48.77,1.000,-0.982,1,10,0.157,2,0.023,0.120
48.90,1.000,-0.983,1,10,0.157,2,0.015,0.184
49.02,1.000,-0.983,1,10,0.157,2,0.025,0.248
49.15,1.000,-0.984,1,10,0.157,2,0.020,0.312
49.28,1.001,-0.985,1,10,0.157,2,0.014,0.440
49.41,1.001,-0.987,1,10,0.157,2,0.013,0.568
49.54,1.001,-0.988,1,10,0.157,2,0.013,0.632
49.66,1.002,-0.990,1,10,0.157,2,0.013,0.504
49.79,1.003,-0.991,1,10,0.157,2,0.014,0.376
49.92,1.004,-0.991,1,10,0.157,2,0.015,0.248
50.05,1.005,-0.992,1,10,0.157,2,0.015,0.120
50.18,1.005,-0.994,1,10,0.157,2,0.016,-0.008
50.30,1.006,-0.996,1,10,0.157,2,0.015,-0.136
50.43,1.006,-0.997,1,10,0.157,2,0.015,-0.264
50.56,1.007,-0.999,1,10,0.157,2,0.014,-0.328
50.69,1.007,-1.001,1,10,0.157,2,0.014,-0.392
50.82,1.007,-1.003,1,10,0.157,2,0.015,-0.264
50.94,1.008,-1.005,1,10,0.157,2,0.015,-0.136
51.07,1.008,-1.006,1,10,0.157,2,0.016,-0.008
51.20,1.008,-1.008,1,10,0.157,2,0.015,0.120
51.33,1.009,-1.009,1,10,0.157,2,0.015,0.248
51.46,1.009,-1.010,1,10,0.157,2,0.014,0.376
51.58,1.010,-1.011,1,10,0.157,2,0.013,0.504
51.71,1.010,-1.012,1,10,0.157,2,0.013,0.504
51.84,1.011,-1.013,1,10,0.157,2,0.014,0.376
51.97,1.012,-1.013,1,10,0.157,2,0.015,0.248
52.10,1.013,-1.014,1,10,0.157,2,0.015,0.120
52.22,1.014,-1.016,1,10,0.157,2,0.016,-0.008
52.35,1.015,-1.018,1,10,0.157,2,0.015,-0.136
52.48,1.015,-1.019,1,10,0.157,2,0.015,-0.200
52.61,1.016,-1.021,1,10,0.157,2,0.015,-0.264
52.74,1.016,-1.023,1,10,0.157,2,0.015,-0.264
52.86,1.017,-1.025,1,10,0.157,2,0.015,-0.200
52.99,1.017,-1.027,1,10,0.157,2,0.016,-0.072
53.12,1.017,-1.028,1,10,0.157,2,0.016,0.056
53.25,1.018,-1.030,1,10,0.157,2,0.015,0.120
53.38,1.019,-1.031,1,10,0.157,2,0.015,0.248
53.50,1.019,-1.031,1,10,0.157,2,0.014,0.376
53.63,1.020,-1.032,1,10,0.157,2,0.014,0.440
53.76,1.021,-1.033,1,10,0.157,2,0.014,0.440
53.89,1.022,-1.033,1,10,0.157,2,0.014,0.440
54.02,1.024,-1.033,1,10,0.157,2,0.014,0.312
54.14,1.025,-1.034,1,10,0.157,2,0.015,0.248
54.27,1.026,-1.035,1,10,0.157,2,0.015,0.184
54.40,1.027,-1.036,1,10,0.157,2,0.015,0.120
54.53,1.028,-1.038,1,10,0.157,2,0.016,0.056
54.66,1.029,-1.040,1,10,0.157,2,0.016,-0.008
54.78,1.029,-1.042,1,10,0.157,2,0.016,-0.072
54.91,1.030,-1.043,1,10,0.157,2,0.015,-0.136
55.04,1.031,-1.045,1,10,0.157,2,0.015,-0.200
55.17,1.032,-1.047,1,10,0.157,2,0.015,-0.136
55.30,1.032,-1.049,1,10,0.157,2,0.015,-0.136
55.42,1.033,-1.050,1,10,0.157,2,0.016,-0.008
55.55,1.034,-1.052,1,10,0.157,2,0.016,0.056
55.68,1.034,-1.054,1,10,0.157,2,0.015,0.120
55.81,1.035,-1.055,1,10,0.157,2,0.015,0.248
55.94,1.037,-1.056,1,10,0.157,2,0.014,0.312
56.06,1.038,-1.056,1,10,0.157,2,0.014,0.312
56.19,1.039,-1.057,1,10,0.157,2,0.014,0.440
56.32,1.041,-1.057,1,10,0.157,2,0.014,0.440
56.45,1.043,-1.056,1,10,0.157,2,0.013,0.504
56.58,1.045,-1.056,1,10,0.157,2,0.014,0.376
56.70,1.046,-1.057,1,10,0.157,2,0.015,0.248
56.83,1.048,-1.058,1,10,0.157,2,0.015,0.248
56.96,1.049,-1.060,1,10,0.157,2,0.015,0.248
57.09,1.050,-1.061,1,10,0.157,2,0.014,0.376
57.22,1.052,-1.061,1,10,0.157,3,0.013,0.504
57.34,1.054,-1.061,1,10,0.157,3,0.013,0.632
57.47,1.057,-1.061,1,10,0.157,3,0.012,0.760
57.60,1.059,-1.061,1,10,0.157,3,0.012,0.888
57.73,1.062,-1.060,1,10,0.157,3,0.011,1.004
57.86,1.063,-1.061,1,10,0.157,3,0.011,1.069
57.98,1.065,-1.061,1,10,0.157,3,0.010,1.103
58.11,1.066,-1.061,1,10,0.157,3,0.010,1.121
58.24,1.067,-1.061,1,10,0.157,3,0.011,0.993
58.37,1.069,-1.061,1,10,0.157,3,0.011,1.030
58.50,1.070,-1.060,1,10,0.157,3,0.011,1.083
58.62,1.071,-1.059,1,10,0.157,3,0.010,1.110
58.75,1.073,-1.058,1,10,0.157,3,0.010,1.124
58.88,1.073,-1.056,1,10,0.157,3,0.010,1.132
59.01,1.072,-1.054,1,10,0.157,3,0.010,1.136
59.14,1.070,-1.051,1,10,0.157,3,0.010,1.138
59.26,1.068,-1.048,1,10,0.157,3,0.010,1.139
59.39,1.066,-1.044,1,10,0.157,3,0.010,1.139
59.52,1.064,-1.042,1,10,0.157,3,0.012,1.168
59.65,1.063,-1.040,1,10,0.157,3,0.013,1.182
59.78,1.063,-1.038,1,10,0.157,3,0.017,1.174
59.90,1.063,-1.035,1,10,0.157,3,0.042,1.082
60.03,1.063,-1.028,1,10,0.157,3,0.076,0.954
60.16,1.063,-1.022,1,10,0.157,3,0.111,0.826
60.29,1.064,-1.014,1,10,0.157,3,0.145,0.698
60.42,1.064,-1.001,1,10,0.157,3,0.179,0.570
60.54,1.066,-0.983,1,10,0.157,3,0.214,0.442
60.67,1.067,-0.959,1,10,0.157,3,0.248,0.314
60.80,1.069,-0.931,1,10,0.157,3,0.283,0.186
60.93,1.072,-0.903,1,10,0.157,3,0.317,0.058
61.06,1.074,-0.875,2,10,0.157,3,0.314,-0.070
61.18,1.076,-0.847,2,10,0.157,3,0.279,-0.198
61.31,1.078,-0.819,2,10,0.157,3,0.245,-0.326
61.44,1.080,-0.792,2,10,0.157,3,0.210,-0.454
61.57,1.083,-0.768,2,10,0.157,3,0.228,-0.390
61.70,1.086,-0.740,2,10,0.157,3,0.262,-0.262
61.82,1.090,-0.713,2,10,0.157,3,0.261,-0.134
61.95,1.093,-0.685,2,10,0.157,3,0.233,-0.006
62.08,1.096,-0.660,3,10,0.157,3,0.146,0.122
62.21,1.098,-0.642,3,10,0.157,3,0.110,0.250
62.34,1.099,-0.630,3,10,0.157,3,0.076,0.378
62.46,1.100,-0.622,3,10,0.157,3,0.052,0.506
62.59,1.100,-0.621,3,10,0.157,3,0.046,0.608
62.72,1.100,-0.620,3,10,0.157,3,0.048,0.655
62.85,1.100,-0.619,3,10,0.157,3,0.047,0.665
62.98,1.099,-0.618,3,10,0.157,3,0.044,0.654
63.10,1.099,-0.617,3,10,0.157,3,0.043,0.634
63.23,1.098,-0.617,3,10,0.157,3,0.045,0.612
63.36,1.098,-0.616,3,10,0.157,3,0.043,0.595
63.49,1.097,-0.615,3,10,0.157,3,0.048,0.599
63.62,1.096,-0.615,3,10,0.157,3,0.043,0.600
63.74,1.095,-0.614,3,10,0.157,3,0.039,0.663
63.87,1.093,-0.613,3,10,0.157,3,0.036,0.723
64.00,1.092,-0.611,3,10,0.157,3,0.031,0.764
64.13,1.090,-0.610,3,10,0.157,3,0.024,0.804
64.26,1.088,-0.608,3,10,0.157,3,0.024,0.816
64.38,1.086,-0.608,3,10,0.157,3,0.020,0.688
64.51,1.083,-0.608,3,10,0.157,3,0.032,0.560
64.64,1.080,-0.606,3,10,0.157,3,0.037,0.432
64.77,1.078,-0.603,3,10,0.157,3,0.020,0.304
64.90,1.076,-0.600,3,10,0.157,3,0.038,0.176
65.02,1.073,-0.596,3,10,0.157,3,0.037,0.048
65.15,1.070,-0.591,3,10,0.157,3,0.022,-0.080
65.28,1.068,-0.588,3,10,0.157,3,0.022,-0.208
65.41,1.067,-0.587,3,10,0.157,3,0.014,-0.336
65.54,1.067,-0.585,3,10,0.157,3,0.014,-0.464
65.66,1.066,-0.583,3,10,0.157,3,0.013,-0.592
65.79,1.066,-0.582,3,10,0.157,3,0.014,-0.464
65.92,1.065,-0.580,3,10,0.157,3,0.014,-0.336
66.05,1.065,-0.578,3,10,0.157,3,0.015,-0.208
66.18,1.064,-0.576,3,10,0.157,3,0.016,-0.080
66.30,1.064,-0.574,3,10,0.157,3,0.016,-0.016
66.43,1.063,-0.573,3,10,0.157,3,0.015,0.112
66.56,1.063,-0.572,3,10,0.157,3,0.015,0.240
66.69,1.062,-0.571,3,10,0.157,3,0.014,0.368
66.82,1.061,-0.571,3,10,0.157,3,0.014,0.496
66.94,1.060,-0.570,3,10,0.157,3,0.013,0.624
67.07,1.059,-0.569,3,10,0.157,3,0.012,0.752
67.20,1.057,-0.570,3,10,0.157,3,0.013,0.624
67.33,1.055,-0.570,3,10,0.157,3,0.014,0.496
67.46,1.053,-0.570,3,10,0.157,3,0.014,0.368
67.58,1.052,-0.569,3,10,0.157,3,0.015,0.240
67.71,1.050,-0.568,3,10,0.157,3,0.015,0.112
67.84,1.049,-0.566,3,10,0.157,3,0.016,-0.016
67.97,1.048,-0.565,3,10,0.157,3,0.015,-0.144
68.10,1.047,-0.563,3,10,0.157,3,0.015,-0.272
68.22,1.046,-0.561,3,10,0.157,3,0.014,-0.400
68.35,1.045,-0.560,3,10,0.157,3,0.013,-0.528
68.48,1.045,-0.558,3,10,0.157,3,0.013,-0.528
68.61,1.044,-0.556,3,10,0.157,3,0.014,-0.400
68.74,1.044,-0.555,3,10,0.157,3,0.015,-0.272
68.86,1.043,-0.553,3,10,0.157,3,0.015,-0.144
68.99,1.043,-0.551,3,10,0.157,3,0.016,-0.016
69.12,1.042,-0.549,3,10,0.157,3,0.015,0.112
69.25,1.041,-0.548,3,10,0.157,3,0.015,0.240
69.38,1.040,-0.548,3,10,0.157,3,0.014,0.368
69.50,1.039,-0.547,3,10,0.157,3,0.014,0.496
69.63,1.038,-0.547,3,10,0.157,3,0.013,0.624
69.76,1.036,-0.547,3,10,0.157,3,0.012,0.752
69.89,1.034,-0.547,3,10,0.157,3,0.013,0.688
70.02,1.032,-0.548,3,10,0.157,3,0.013,0.560
70.14,1.030,-0.548,3,10,0.157,3,0.014,0.432
70.27,1.028,-0.548,3,10,0.157,3,0.014,0.304
70.40,1.027,-0.546,3,10,0.157,3,0.015,0.176
70.53,1.026,-0.545,3,10,0.157,3,0.016,0.048
70.66,1.024,-0.543,3,10,0.157,3,0.016,-0.080
70.78,1.023,-0.542,3,10,0.157,3,0.015,-0.208
70.91,1.022,-0.540,3,10,0.157,3,0.014,-0.336
71.04,1.021,-0.539,3,10,0.157,3,0.014,-0.464
71.17,1.020,-0.537,3,10,0.157,3,0.013,-0.592
71.30,1.020,-0.536,3,10,0.157,3,0.013,-0.528
71.42,1.019,-0.534,3,10,0.157,3,0.014,-0.400
71.55,1.018,-0.532,3,10,0.157,3,0.015,-0.272
71.68,1.018,-0.531,3,10,0.157,3,0.015,-0.144
71.81,1.017,-0.529,3,10,0.157,3,0.016,-0.016
71.94,1.016,-0.527,3,10,0.157,3,0.015,0.112
72.06,1.015,-0.526,3,10,0.157,3,0.015,0.240
72.19,1.014,-0.525,3,10,0.157,3,0.014,0.368
72.32,1.013,-0.525,3,10,0.157,3,0.014,0.496
72.45,1.011,-0.525,3,10,0.157,3,0.013,0.624
72.58,1.010,-0.525,3,10,0.157,3,0.012,0.752
72.70,1.007,-0.526,3,10,0.157,3,0.012,0.816
72.83,1.005,-0.527,3,10,0.157,3,0.013,0.688
72.96,1.002,-0.528,3,10,0.157,3,0.013,0.560
73.09,1.000,-0.527,3,10,0.157,3,0.014,0.432
73.22,0.999,-0.526,3,10,0.157,3,0.014,0.304
73.34,0.997,-0.525,3,10,0.157,3,0.015,0.176
73.47,0.996,-0.524,3,10,0.157,3,0.016,0.048
73.60,0.994,-0.523,3,10,0.157,3,0.016,-0.080
73.73,0.993,-0.521,3,10,0.157,3,0.015,-0.208
73.86,0.992,-0.520,3,10,0.157,3,0.014,-0.336
73.98,0.991,-0.518,3,10,0.157,3,0.014,-0.464
74.11,0.990,-0.517,3,10,0.157,3,0.013,-0.592
74.24,0.989,-0.515,3,10,0.157,3,0.013,-0.656
74.37,0.988,-0.514,3,10,0.157,3,0.013,-0.528
74.50,0.988,-0.512,3,10,0.157,3,0.014,-0.400
74.62,0.987,-0.510,3,10,0.157,3,0.015,-0.272
74.75,0.986,-0.509,3,10,0.157,3,0.015,-0.144
74.88,0.986,-0.507,3,10,0.157,3,0.016,-0.016
75.01,0.985,-0.505,3,10,0.157,3,0.015,0.112
75.14,0.984,-0.504,3,10,0.157,3,0.015,0.240
75.26,0.982,-0.503,3,10,0.157,3,0.014,0.368
75.39,0.981,-0.503,3,10,0.157,3,0.014,0.496
75.52,0.979,-0.503,3,10,0.157,3,0.013,0.624
75.65,0.977,-0.504,3,10,0.157,3,0.012,0.752
75.78,0.975,-0.505,3,10,0.157,3,0.012,0.880
75.90,0.971,-0.506,3,10,0.157,3,0.012,0.880
76.03,0.969,-0.507,3,10,0.157,3,0.012,0.752
76.16,0.966,-0.507,3,10,0.157,3,0.013,0.624
76.29,0.964,-0.507,3,10,0.157,3,0.014,0.496
76.42,0.963,-0.506,3,10,0.157,3,0.014,0.368
76.54,0.960,-0.504,3,10,0.157,3,0.023,0.240
76.67,0.957,-0.502,3,10,0.157,3,0.071,0.112
76.80,0.950,-0.498,3,10,0.157,3,0.062,-0.016
76.93,0.945,-0.495,3,10,0.157,3,0.025,-0.142
77.06,0.943,-0.493,3,10,0.157,3,0.015,-0.250
77.18,0.942,-0.491,3,10,0.157,3,0.014,-0.378
77.31,0.942,-0.490,3,10,0.157,3,0.013,-0.506
77.44,0.942,-0.487,3,10,0.157,3,0.013,-0.634
77.57,0.942,-0.485,3,10,0.157,3,0.012,-0.762
77.70,0.942,-0.482,3,10,0.157,3,0.012,-0.762
77.82,0.942,-0.480,3,10,0.157,3,0.013,-0.634
77.95,0.941,-0.479,3,10,0.157,3,0.013,-0.506
78.08,0.941,-0.477,3,10,0.157,3,0.014,-0.378
78.21,0.940,-0.476,3,10,0.157,3,0.015,-0.250
78.34,0.939,-0.474,3,10,0.157,3,0.015,-0.122
78.46,0.938,-0.472,3,10,0.157,3,0.016,0.006
78.59,0.937,-0.470,3,10,0.157,3,0.015,0.134
78.72,0.936,-0.469,3,10,0.157,3,0.015,0.262
78.85,0.934,-0.468,3,10,0.157,3,0.014,0.390
78.98,0.933,-0.468,3,10,0.157,3,0.013,0.518
79.10,0.930,-0.469,3,10,0.157,3,0.013,0.646
79.23,0.928,-0.470,3,10,0.157,3,0.012,0.774
79.36,0.925,-0.471,3,10,0.157,3,0.011,0.902
79.49,0.922,-0.472,3,10,0.157,3,0.011,1.013
79.62,0.919,-0.473,3,10,0.157,3,0.012,0.885
79.74,0.917,-0.473,3,10,0.157,3,0.012,0.757
79.87,0.915,-0.472,3,10,0.157,3,0.013,0.629
80.00,0.912,-0.471,3,10,0.157,3,0.057,0.501
80.13,0.904,-0.468,3,10,0.157,3,0.106,0.373
80.26,0.889,-0.461,3,9,0.157,3,0.167,0.245
80.38,0.869,-0.454,3,9,0.157,3,0.196,0.117
80.51,0.845,-0.446,4,9,0.157,3,0.201,-0.011
80.64,0.824,-0.439,4,9,0.157,4,0.129,-0.139
80.77,0.812,-0.434,4,9,0.157,4,0.084,-0.199
80.90,0.805,-0.431,4,9,0.157,4,0.037,-0.199
81.02,0.801,-0.429,4,9,0.157,4,0.015,-0.221
81.15,0.800,-0.428,4,9,0.157,4,0.014,-0.349
81.28,0.800,-0.427,4,9,0.157,4,0.014,-0.477
81.41,0.800,-0.425,4,9,0.157,4,0.013,-0.605
81.54,0.800,-0.423,4,9,0.157,4,0.013,-0.669
81.66,0.801,-0.421,4,9,0.157,4,0.013,-0.541
81.79,0.801,-0.419,4,9,0.157,4,0.014,-0.413
81.92,0.800,-0.417,4,9,0.157,4,0.015,-0.285
82.05,0.799,-0.416,4,9,0.157,4,0.015,-0.157
82.18,0.798,-0.414,4,9,0.157,4,0.016,-0.029
82.30,0.796,-0.413,4,9,0.157,4,0.016,0.099
82.43,0.794,-0.412,4,9,0.157,4,0.015,0.227
82.56,0.793,-0.411,4,9,0.157,4,0.014,0.355
82.69,0.791,-0.410,4,9,0.157,4,0.014,0.483
82.82,0.790,-0.409,4,9,0.157,4,0.013,0.611
82.94,0.788,-0.409,4,9,0.157,4,0.012,0.739
83.07,0.787,-0.408,4,9,0.157,4,0.013,0.611
83.20,0.785,-0.408,4,9,0.157,4,0.040,0.483
83.33,0.777,-0.405,4,9,0.157,4,0.115,0.355
83.46,0.760,-0.401,4,9,0.157,4,0.166,0.227
83.58,0.737,-0.396,4,9,0.157,4,0.209,0.099
83.71,0.710,-0.390,4,9,0.157,4,0.199,-0.029
83.84,0.687,-0.385,4,9,0.157,4,0.156,-0.157
83.97,0.672,-0.382,4,8,0.157,4,0.093,-0.204
84.10,0.663,-0.380,4,8,0.157,4,0.042,-0.076
84.22,0.659,-0.378,4,8,0.157,4,0.016,0.052
84.35,0.655,-0.377,4,8,0.157,4,0.036,0.180
84.48,0.648,-0.376,4,8,0.157,4,0.075,0.308
84.61,0.638,-0.374,4,8,0.157,4,0.141,0.436
84.74,0.621,-0.371,4,8,0.157,4,0.160,0.564
84.86,0.602,-0.369,4,8,0.157,4,0.147,0.692
84.99,0.586,-0.368,4,8,0.157,4,0.157,0.654
85.12,0.571,-0.367,4,8,0.157,4,0.164,0.625
85.25,0.556,-0.367,4,8,0.157,4,0.162,0.635
85.38,0.542,-0.366,4,8,0.157,4,0.167,0.616
85.50,0.527,-0.366,4,8,0.157,4,0.163,0.632
85.63,0.512,-0.365,4,8,0.157,4,0.165,0.624
85.76,0.497,-0.365,4,8,0.157,4,0.165,0.623
85.89,0.483,-0.364,4,8,0.157,4,0.166,0.620
86.02,0.468,-0.363,4,8,0.157,4,0.163,0.630
86.14,0.453,-0.363,4,8,0.157,4,0.158,0.649
86.27,0.439,-0.362,4,7,0.157,4,0.165,0.622
86.40,0.425,-0.361,4,7,0.157,4,0.159,0.644
86.53,0.411,-0.361,4,7,0.157,4,0.141,0.714
86.66,0.401,-0.360,4,7,0.157,4,0.123,0.778
86.78,0.392,-0.360,4,7,0.157,4,0.141,0.714
86.91,0.382,-0.359,4,7,0.157,4,0.123,0.778
87.04,0.376,-0.359,4,7,0.157,4,0.089,0.906
87.17,0.374,-0.359,4,7,0.157,4,0.072,0.970
87.30,0.372,-0.359,4,7,0.157,4,0.106,0.842
87.42,0.365,-0.359,4,7,0.157,4,0.141,0.714
87.55,0.353,-0.359,4,7,0.157,4,0.169,0.607
87.68,0.338,-0.358,4,7,0.157,4,0.168,0.611
87.81,0.323,-0.358,4,7,0.157,4,0.169,0.607
87.94,0.308,-0.357,4,7,0.157,4,0.169,0.608
88.06,0.294,-0.357,4,7,0.157,4,0.152,0.672
88.19,0.280,-0.356,4,7,0.157,4,0.152,0.672
88.32,0.270,-0.356,4,7,0.157,4,0.135,0.736
88.45,0.260,-0.355,4,7,0.157,4,0.135,0.736
88.58,0.253,-0.355,4,7,0.157,4,0.100,0.864
88.70,0.251,-0.355,4,7,0.157,4,0.066,0.992
88.83,0.249,-0.355,4,7,0.157,4,0.100,0.864
88.96,0.243,-0.355,4,7,0.157,4,0.135,0.736
89.09,0.231,-0.354,4,7,0.157,4,0.169,0.608
89.22,0.217,-0.354,4,6,0.157,4,0.155,0.660
89.34,0.202,-0.353,4,6,0.157,4,0.170,0.606
89.47,0.188,-0.353,4,6,0.157,4,0.152,0.670
89.60,0.176,-0.352,4,6,0.157,4,0.148,0.688
89.73,0.166,-0.352,4,6,0.157,4,0.113,0.816
89.86,0.162,-0.352,4,6,0.157,4,0.079,0.944
89.98,0.161,-0.352,4,6,0.157,4,0.083,0.930
90.11,0.158,-0.352,4,6,0.157,4,0.117,0.802
90.24,0.149,-0.352,4,6,0.157,4,0.151,0.674
90.37,0.135,-0.351,4,6,0.157,4,0.170,0.606
90.50,0.120,-0.351,4,6,0.157,4,0.173,0.592
90.62,0.105,-0.350,4,6,0.157,4,0.168,0.613
90.75,0.090,-0.350,4,6,0.157,4,0.167,0.617
90.88,0.076,-0.350,4,6,0.157,4,0.167,0.617
91.01,0.062,-0.349,4,6,0.157,4,0.150,0.681
91.14,0.051,-0.349,4,6,0.157,4,0.132,0.745
91.26,0.042,-0.348,4,6,0.157,4,0.115,0.809
91.39,0.035,-0.348,4,6,0.157,4,0.098,0.871
91.52,0.033,-0.348,4,6,0.157,4,0.076,0.954
91.65,0.033,-0.348,4,6,0.157,4,0.086,0.918
91.78,0.032,-0.348,4,6,0.157,4,0.095,0.885
91.90,0.030,-0.348,4,6,0.157,4,0.101,0.861
92.03,0.027,-0.348,4,6,0.157,4,0.080,0.940
92.16,0.026,-0.348,4,6,0.157,4,0.089,0.905
92.29,0.025,-0.348,4,6,0.157,4,0.073,0.964
92.42,0.024,-0.348,4,6,0.157,4,0.097,0.876
92.54,0.019,-0.348,4,6,0.157,4,0.131,0.748
92.67,0.008,-0.348,4,6,0.157,4,0.166,0.620
92.80,-0.006,-0.347,4,5,0.157,4,0.149,0.684
92.93,-0.016,-0.347,4,5,0.157,4,0.114,0.812
93.06,-0.021,-0.347,4,5,0.157,4,0.090,0.902
93.18,-0.023,-0.347,4,5,0.157,4,0.086,0.916
93.31,-0.024,-0.347,4,5,0.157,4,0.076,0.956
93.44,-0.024,-0.347,4,5,0.157,4,0.090,0.903
93.57,-0.029,-0.347,4,5,0.157,4,0.124,0.775
93.70,-0.035,-0.346,4,5,0.157,4,0.126,0.770
93.82,-0.042,-0.346,4,5,0.157,4,0.112,0.819
93.95,-0.047,-0.346,4,5,0.157,4,0.103,0.856
94.08,-0.053,-0.346,4,5,0.157,4,0.106,0.842
94.21,-0.058,-0.346,4,5,0.157,4,0.111,0.824
94.34,-0.064,-0.346,4,5,0.157,4,0.114,0.812
94.46,-0.069,-0.345,4,5,0.157,4,0.094,0.889
94.59,-0.071,-0.345,4,5,0.157,4,0.083,0.929
94.72,-0.072,-0.345,4,5,0.157,4,0.086,0.919
94.85,-0.075,-0.345,4,5,0.157,4,0.094,0.887
94.98,-0.077,-0.345,4,5,0.157,4,0.083,0.928
95.10,-0.079,-0.345,4,5,0.157,4,0.084,0.924
95.23,-0.080,-0.345,4,5,0.157,4,0.077,0.950
95.36,-0.080,-0.345,4,5,0.157,4,0.083,0.929
95.49,-0.081,-0.345,4,5,0.157,4,0.086,0.917
95.62,-0.084,-0.345,4,5,0.157,4,0.095,0.882
95.74,-0.086,-0.345,4,5,0.157,4,0.083,0.927
95.87,-0.088,-0.345,4,5,0.157,4,0.084,0.925
96.00,-0.089,-0.345,4,5,0.157,4,0.085,0.921
96.13,-0.092,-0.345,4,5,0.157,4,0.096,0.881
96.26,-0.094,-0.345,4,5,0.157,4,0.084,0.925
96.38,-0.095,-0.345,4,5,0.157,4,0.097,0.875
96.51,-0.098,-0.345,4,5,0.157,4,0.085,0.922
96.64,-0.099,-0.345,4,5,0.157,4,0.078,0.946
96.77,-0.099,-0.345,4,5,0.157,4,0.084,0.924
96.90,-0.100,-0.345,4,5,0.157,4,0.078,0.947
97.02,-0.100,-0.345,4,5,0.157,4,0.084,0.925
97.15,-0.102,-0.345,4,5,0.157,4,0.096,0.881
97.28,-0.104,-0.344,4,5,0.157,4,0.085,0.922
97.41,-0.106,-0.344,4,5,0.157,4,0.086,0.919
97.54,-0.108,-0.344,4,5,0.157,4,0.088,0.910
97.66,-0.109,-0.344,4,5,0.157,4,0.091,0.899
97.79,-0.111,-0.344,4,5,0.157,4,0.082,0.930
97.92,-0.112,-0.344,4,5,0.157,4,0.078,0.947
98.05,-0.112,-0.344,4,5,0.157,4,0.076,0.955
98.18,-0.113,-0.344,4,5,0.157,4,0.081,0.935
98.30,-0.113,-0.344,4,5,0.157,4,0.077,0.949
98.43,-0.114,-0.344,4,5,0.157,4,0.081,0.935
98.56,-0.115,-0.344,4,5,0.157,4,0.078,0.949
98.69,-0.115,-0.344,4,5,0.157,4,0.076,0.956
98.82,-0.115,-0.344,4,5,0.157,4,0.084,0.926
98.94,-0.116,-0.344,4,5,0.157,4,0.088,0.908
99.07,-0.118,-0.344,4,5,0.157,4,0.090,0.901
99.20,-0.120,-0.344,4,5,0.157,4,0.093,0.892
99.33,-0.122,-0.344,4,5,0.157,4,0.084,0.925
99.46,-0.123,-0.344,4,5,0.157,4,0.079,0.942
99.58,-0.123,-0.344,4,5,0.157,4,0.077,0.951
99.71,-0.124,-0.344,4,5,0.157,4,0.091,0.898
99.84,-0.127,-0.344,4,5,0.157,4,0.102,0.857
99.97,-0.130,-0.344,4,5,0.157,4,0.099,0.869
100.10,-0.135,-0.344,4,5,0.157,4,0.107,0.840
100.22,-0.141,-0.343,4,5,0.157,4,0.110,0.828
100.35,-0.146,-0.343,4,5,0.157,4,0.116,0.807
100.48,-0.151,-0.343,4,5,0.157,4,0.095,0.882
100.61,-0.154,-0.343,4,5,0.157,4,0.085,0.922
100.74,-0.155,-0.343,4,5,0.157,4,0.079,0.942
100.86,-0.155,-0.343,4,5,0.157,4,0.077,0.952
100.99,-0.155,-0.343,4,5,0.157,4,0.075,0.958
101.12,-0.156,-0.343,4,5,0.157,4,0.075,0.957
101.25,-0.157,-0.343,4,5,0.157,4,0.090,0.902
101.38,-0.159,-0.343,4,5,0.157,4,0.091,0.900
101.50,-0.162,-0.343,4,5,0.157,4,0.101,0.860
101.63,-0.166,-0.343,4,5,0.157,4,0.098,0.873
101.76,-0.171,-0.343,4,5,0.157,4,0.107,0.841
101.89,-0.174,-0.343,4,5,0.157,4,0.091,0.898
102.02,-0.177,-0.343,4,5,0.157,4,0.091,0.899
102.14,-0.179,-0.343,4,5,0.157,4,0.083,0.929
102.27,-0.181,-0.343,4,5,0.157,4,0.094,0.887
102.40,-0.184,-0.342,4,5,0.157,4,0.094,0.888
102.53,-0.187,-0.342,4,5,0.157,4,0.094,0.889
102.66,-0.190,-0.342,4,5,0.157,4,0.103,0.855
102.78,-0.195,-0.342,4,5,0.157,4,0.096,0.879
102.91,-0.200,-0.342,4,5,0.157,4,0.102,0.857
103.04,-0.203,-0.342,4,5,0.157,4,0.088,0.909
103.17,-0.205,-0.342,4,5,0.157,4,0.091,0.899
103.30,-0.206,-0.342,4,5,0.157,4,0.082,0.931
103.42,-0.208,-0.342,4,5,0.157,4,0.084,0.924
103.55,-0.209,-0.342,4,5,0.157,4,0.079,0.944
103.68,-0.209,-0.342,4,5,0.157,4,0.076,0.954
103.81,-0.209,-0.342,4,5,0.157,4,0.075,0.957
103.94,-0.210,-0.342,4,5,0.157,4,0.080,0.938
104.06,-0.212,-0.342,4,5,0.157,4,0.093,0.889
104.19,-0.214,-0.342,4,5,0.157,4,0.095,0.884
104.32,-0.216,-0.342,4,5,0.157,4,0.085,0.920
104.45,-0.218,-0.342,4,5,0.157,4,0.080,0.938
104.58,-0.218,-0.342,4,5,0.157,4,0.078,0.948
104.70,-0.218,-0.342,4,5,0.157,4,0.085,0.920
104.83,-0.219,-0.342,4,5,0.157,4,0.080,0.938
104.96,-0.220,-0.342,4,5,0.157,4,0.078,0.948
105.09,-0.220,-0.342,4,5,0.157,4,0.076,0.953
105.22,-0.222,-0.342,4,5,0.157,4,0.088,0.908
105.34,-0.223,-0.342,4,5,0.157,4,0.082,0.932
105.47,-0.224,-0.342,4,5,0.157,4,0.079,0.944
105.60,-0.224,-0.342,4,5,0.157,4,0.077,0.951
105.73,-0.224,-0.342,4,5,0.157,4,0.085,0.921
105.86,-0.226,-0.341,4,4,0.157,4,0.099,0.868
105.98,-0.229,-0.341,4,4,0.157,4,0.088,0.911
106.11,-0.231,-0.341,4,4,0.157,4,0.088,0.911
106.24,-0.233,-0.341,4,4,0.157,4,0.081,0.937
106.37,-0.233,-0.341,4,4,0.157,4,0.077,0.950
106.50,-0.233,-0.341,4,4,0.157,4,0.075,0.957
106.62,-0.233,-0.341,4,4,0.157,4,0.075,0.957
106.75,-0.234,-0.341,4,4,0.157,4,0.081,0.937
106.88,-0.236,-0.341,4,4,0.157,4,0.084,0.924
107.01,-0.238,-0.341,4,4,0.157,4,0.086,0.916
107.14,-0.240,-0.341,4,4,0.157,4,0.098,0.874
107.26,-0.244,-0.341,4,4,0.157,4,0.094,0.886
107.39,-0.248,-0.341,4,4,0.157,4,0.093,0.890
107.52,-0.250,-0.341,4,4,0.157,4,0.085,0.921
107.65,-0.251,-0.341,4,4,0.157,4,0.081,0.938
107.78,-0.251,-0.341,4,4,0.157,4,0.078,0.946
107.90,-0.252,-0.341,4,4,0.157,4,0.077,0.951
108.03,-0.252,-0.341,4,4,0.157,4,0.076,0.953
108.16,-0.252,-0.341,4,4,0.157,4,0.076,0.954
108.29,-0.252,-0.341,4,4,0.157,4,0.076,0.955
108.42,-0.252,-0.341,4,4,0.157,4,0.076,0.955
108.54,-0.252,-0.341,4,4,0.157,4,0.093,0.890
108.67,-0.255,-0.341,4,4,0.157,4,0.093,0.892
108.80,-0.257,-0.341,4,4,0.157,4,0.085,0.922
108.93,-0.259,-0.341,4,4,0.157,4,0.081,0.937
109.06,-0.259,-0.341,4,4,0.157,4,0.078,0.946
109.18,-0.260,-0.341,4,4,0.157,4,0.094,0.886
109.31,-0.262,-0.341,4,4,0.157,4,0.085,0.922
109.44,-0.263,-0.341,4,4,0.157,4,0.080,0.941
109.57,-0.263,-0.341,4,4,0.157,4,0.077,0.950
109.70,-0.264,-0.341,4,4,0.157,4,0.076,0.955
109.82,-0.264,-0.341,4,4,0.157,4,0.075,0.958
109.95,-0.266,-0.341,4,4,0.157,4,0.110,0.830
110.08,-0.272,-0.341,4,4,0.157,4,0.129,0.758
110.21,-0.281,-0.340,4,4,0.157,4,0.146,0.694
110.34,-0.295,-0.340,4,4,0.157,4,0.180,0.566
110.46,-0.314,-0.340,4,4,0.157,4,0.215,0.438
110.59,-0.339,-0.339,4,4,0.157,4,0.247,0.317
110.72,-0.366,-0.338,4,4,0.157,4,0.241,0.342
110.85,-0.392,-0.337,4,4,0.157,4,0.233,0.369
110.98,-0.418,-0.337,4,4,0.157,4,0.232,0.373
111.10,-0.443,-0.336,4,4,0.157,4,0.223,0.409
111.23,-0.466,-0.335,4,3,0.157,4,0.224,0.405
111.36,-0.490,-0.334,4,3,0.157,4,0.214,0.440
111.49,-0.512,-0.333,4,3,0.157,4,0.213,0.445
111.62,-0.534,-0.333,4,3,0.157,4,0.209,0.459
111.74,-0.555,-0.332,4,3,0.157,4,0.203,0.482
111.87,-0.575,-0.331,4,3,0.157,4,0.200,0.494
112.00,-0.595,-0.330,4,3,0.157,4,0.194,0.514
112.13,-0.614,-0.329,4,3,0.157,4,0.192,0.523
112.26,-0.633,-0.329,4,3,0.157,4,0.190,0.529
112.38,-0.651,-0.328,4,3,0.157,4,0.186,0.543
112.51,-0.668,-0.327,4,3,0.157,4,0.183,0.555
112.64,-0.685,-0.326,4,2,0.157,4,0.179,0.570
112.77,-0.701,-0.325,4,2,0.157,4,0.177,0.579
112.90,-0.717,-0.325,4,2,0.157,4,0.173,0.592
113.02,-0.732,-0.324,4,2,0.157,4,0.172,0.599
113.15,-0.746,-0.323,4,2,0.157,4,0.137,0.727
113.28,-0.754,-0.323,4,2,0.157,4,0.105,0.845
113.41,-0.758,-0.323,4,2,0.157,4,0.088,0.910
113.54,-0.759,-0.323,4,2,0.157,4,0.079,0.943
113.66,-0.759,-0.323,4,2,0.157,4,0.074,0.960
113.79,-0.760,-0.323,4,2,0.157,4,0.072,0.968
113.92,-0.761,-0.323,4,2,0.157,4,0.071,0.974
114.05,-0.762,-0.323,4,2,0.157,4,0.070,0.975
114.18,-0.763,-0.323,4,2,0.157,4,0.070,0.978
114.30,-0.764,-0.324,4,2,0.157,4,0.069,0.980
114.43,-0.765,-0.325,4,2,0.157,4,0.069,0.980
114.56,-0.766,-0.327,4,2,0.157,4,0.069,0.979
114.69,-0.767,-0.329,4,2,0.157,4,0.070,0.977
114.82,-0.768,-0.331,4,2,0.157,4,0.070,0.976
114.94,-0.770,-0.334,4,2,0.157,4,0.071,0.975
115.07,-0.772,-0.337,4,2,0.157,4,0.071,0.972
115.20,-0.774,-0.340,4,2,0.157,4,0.049,1.056
115.33,-0.775,-0.344,4,2,0.157,4,0.069,0.980
115.46,-0.780,-0.349,4,2,0.157,4,0.103,0.852
115.58,-0.792,-0.356,4,2,0.157,4,0.138,0.724
115.71,-0.807,-0.365,4,2,0.157,4,0.172,0.596
115.84,-0.826,-0.378,4,2,0.157,4,0.207,0.468
115.97,-0.847,-0.394,4,2,0.157,4,0.241,0.340
116.10,-0.869,-0.411,4,2,0.157,4,0.275,0.212
116.22,-0.891,-0.428,4,2,0.157,4,0.298,0.084
116.35,-0.914,-0.445,4,1,0.167,4,0.248,-0.044
116.48,-0.936,-0.462,3,1,0.167,4,0.185,-0.108
116.61,-0.955,-0.476,3,1,0.167,4,0.175,0.020
116.74,-0.970,-0.487,3,1,0.167,4,0.111,0.148
116.86,-0.980,-0.496,3,1,0.167,4,0.098,0.276
116.99,-0.989,-0.503,3,1,0.167,4,0.079,0.404
117.12,-0.996,-0.509,3,1,0.167,4,0.069,0.532
117.25,-1.002,-0.516,3,1,0.167,4,0.087,0.596
117.38,-1.010,-0.526,3,1,0.167,4,0.128,0.468
117.50,-1.020,-0.540,3,1,0.167,4,0.167,0.340
117.63,-1.032,-0.558,3,1,0.167,4,0.198,0.212
117.76,-1.045,-0.579,3,1,0.167,4,0.205,0.084
117.89,-1.058,-0.600,3,1,0.167,4,0.160,0.084
118.02,-1.068,-0.617,3,1,0.167,4,0.136,0.212
118.14,-1.077,-0.633,3,1,0.167,4,0.126,0.340
118.27,-1.084,-0.648,3,1,0.167,4,0.148,0.468
118.40,-1.092,-0.665,3,1,0.167,4,0.172,0.596
118.53,-1.098,-0.684,2,1,0.167,4,0.138,0.724
118.66,-1.102,-0.702,2,1,0.167,4,0.172,0.596
118.78,-1.106,-0.724,2,1,0.167,4,0.207,0.468
118.91,-1.110,-0.750,2,1,0.167,4,0.207,0.468
119.04,-1.112,-0.773,2,1,0.167,4,0.172,0.596
119.17,-1.112,-0.792,2,1,0.167,4,0.138,0.724
119.30,-1.112,-0.802,2,1,0.167,4,0.109,0.833
119.42,-1.112,-0.806,2,1,0.167,4,0.093,0.891
119.55,-1.112,-0.809,2,1,0.167,4,0.085,0.920
119.68,-1.112,-0.810,2,1,0.167,4,0.081,0.936
119.81,-1.112,-0.811,2,1,0.167,4,0.079,0.944
119.94,-1.111,-0.812,2,1,0.167,4,0.078,0.948
120.06,-1.111,-0.812,2,1,0.167,4,0.077,0.951
120.19,-1.110,-0.813,2,1,0.167,4,0.076,0.953
120.32,-1.110,-0.813,2,1,0.167,4,0.076,0.954
120.45,-1.109,-0.814,2,1,0.167,4,0.076,0.956
120.58,-1.109,-0.814,2,1,0.167,4,0.075,0.957
120.70,-1.108,-0.815,2,1,0.167,4,0.075,0.959
120.83,-1.107,-0.815,2,1,0.167,4,0.074,0.962
120.96,-1.105,-0.816,2,1,0.167,4,0.073,0.965
121.09,-1.104,-0.817,2,1,0.167,4,0.090,0.903
121.22,-1.101,-0.823,2,1,0.167,4,0.124,0.775
121.34,-1.098,-0.836,2,1,0.167,4,0.159,0.647
121.47,-1.095,-0.850,2,1,0.167,4,0.124,0.775
121.60,-1.091,-0.860,2,1,0.167,4,0.115,0.775
121.73,-1.086,-0.872,2,1,0.167,4,0.135,0.647
121.86,-1.080,-0.887,2,1,0.167,4,0.142,0.519
121.98,-1.073,-0.904,1,1,0.176,4,0.154,0.391
122.11,-1.064,-0.921,1,1,0.176,4,0.145,0.327
122.24,-1.057,-0.935,1,1,0.176,4,0.105,0.455
122.37,-1.050,-0.946,1,1,0.176,4,0.108,0.391
122.50,-1.042,-0.958,1,1,0.176,4,0.124,0.263
122.62,-1.032,-0.970,1,1,0.176,4,0.123,0.135
122.75,-1.023,-0.982,1,1,0.176,4,0.096,0.007
122.88,-1.016,-0.991,1,1,0.176,4,0.070,-0.036
123.01,-1.011,-0.998,1,1,0.176,4,0.054,0.068
123.14,-1.007,-1.003,1,1,0.176,4,0.049,0.196
123.26,-1.003,-1.007,1,1,0.176,4,0.058,0.149
123.39,-0.999,-1.012,1,1,0.176,4,0.060,0.088
123.52,-0.995,-1.017,1,1,0.176,4,0.040,0.058
123.65,-0.991,-1.021,1,1,0.176,4,0.022,0.046
123.78,-0.989,-1.024,1,1,0.176,4,0.043,0.037
123.90,-0.986,-1.027,1,1,0.176,4,0.038,0.034
124.03,-0.983,-1.030,1,1,0.176,5,0.027,0.034
124.16,-0.981,-1.032,1,1,0.176,5,0.023,0.066
124.29,-0.979,-1.034,1,1,0.176,5,0.020,0.060
124.42,-0.978,-1.036,1,1,0.176,5,0.016,-0.004
124.54,-0.976,-1.037,1,1,0.176,5,0.016,0.060
124.67,-0.975,-1.039,1,1,0.176,5,0.016,0.060
124.80,-0.973,-1.041,1,1,0.176,5,0.024,0.078
124.93,-0.971,-1.042,1,1,0.176,5,0.032,0.036
125.06,-0.969,-1.044,1,1,0.176,5,0.028,-0.043
125.18,-0.967,-1.046,1,1,0.176,5,0.016,0.085
125.31,-0.966,-1.047,1,1,0.176,5,0.016,0.085
125.44,-0.965,-1.049,1,1,0.176,5,0.016,-0.043
125.57,-0.963,-1.050,1,1,0.176,5,0.016,-0.043
125.70,-0.962,-1.051,1,1,0.176,5,0.016,0.085
125.82,-0.960,-1.053,1,1,0.176,5,0.015,0.149
125.95,-0.959,-1.054,1,1,0.176,5,0.016,0.021
126.08,-0.957,-1.055,1,1,0.176,5,0.016,-0.071
126.21,-0.956,-1.057,1,1,0.176,5,0.016,-0.071
126.34,-0.955,-1.058,1,1,0.176,5,0.016,0.057
126.46,-0.953,-1.060,1,1,0.176,5,0.015,0.185
126.59,-0.952,-1.061,1,1,0.176,5,0.015,0.185
126.72,-0.950,-1.062,1,1,0.176,5,0.016,0.057
126.85,-0.949,-1.063,1,1,0.176,5,0.016,-0.071
126.98,-0.947,-1.065,1,1,0.176,5,0.015,-0.199
127.10,-0.946,-1.066,1,1,0.176,5,0.016,-0.071
127.23,-0.944,-1.067,1,1,0.176,5,0.016,0.057
127.36,-0.943,-1.069,1,1,0.176,5,0.015,0.185
127.49,-0.941,-1.070,1,1,0.176,5,0.015,0.185
127.62,-0.940,-1.071,1,1,0.176,5,0.016,0.057
127.74,-0.938,-1.072,1,1,0.176,5,0.016,-0.071
127.87,-0.937,-1.073,1,1,0.176,5,0.016,-0.071
128.00,-0.935,-1.075,1,1,0.176,5,0.016,0.057
128.13,-0.934,-1.076,1,1,0.176,5,0.015,0.185
128.26,-0.932,-1.077,1,1,0.176,5,0.015,0.185
128.38,-0.931,-1.078,1,1,0.176,5,0.024,0.085
128.51,-0.929,-1.080,1,1,0.176,5,0.021,0.033
128.64,-0.927,-1.081,1,1,0.176,5,0.023,-0.044
128.77,-0.925,-1.082,1,1,0.176,5,0.015,-0.172
128.90,-0.924,-1.083,1,1,0.176,5,0.015,-0.108
129.02,-0.922,-1.085,1,1,0.176,5,0.016,0.020
129.15,-0.921,-1.086,1,1,0.176,5,0.015,0.148
129.28,-0.919,-1.087,1,1,0.176,5,0.015,0.276
129.41,-0.918,-1.088,1,1,0.176,5,0.015,0.148
129.54,-0.916,-1.089,1,1,0.176,5,0.020,0.061
129.66,-0.914,-1.091,1,1,0.176,5,0.016,0.020
129.79,-0.912,-1.092,1,1,0.176,5,0.016,-0.050
129.92,-0.910,-1.093,1,1,0.176,5,0.015,-0.114
130.05,-0.909,-1.094,1,1,0.176,5,0.015,-0.114
130.18,-0.907,-1.096,1,1,0.176,5,0.016,0.014
130.30,-0.906,-1.097,1,1,0.176,5,0.015,0.142
130.43,-0.904,-1.098,1,1,0.176,5,0.015,0.270
130.56,-0.902,-1.099,1,1,0.176,5,0.015,0.142
130.69,-0.901,-1.100,1,1,0.176,5,0.016,0.078
130.82,-0.898,-1.102,1,2,0.185,5,0.040,0.075
130.94,-0.894,-1.104,1,2,0.185,5,0.016,0.071
131.07,-0.890,-1.106,1,2,0.185,5,0.052,0.105
131.20,-0.886,-1.108,1,2,0.185,5,0.043,0.100
131.33,-0.881,-1.111,1,2,0.185,5,0.064,0.124
131.46,-0.874,-1.115,1,2,0.185,5,0.072,0.141
131.58,-0.867,-1.119,1,2,0.185,5,0.066,0.145
131.71,-0.860,-1.122,1,2,0.185,5,0.074,0.150
131.84,-0.852,-1.126,0,2,0.194,5,0.094,0.149
131.97,-0.841,-1.131,0,2,0.194,5,0.105,0.151
132.10,-0.829,-1.136,0,2,0.194,5,0.087,0.155
132.22,-0.817,-1.140,0,2,0.194,5,0.131,0.160
132.35,-0.803,-1.146,0,2,0.194,5,0.127,0.199
132.48,-0.787,-1.151,0,2,0.194,5,0.130,0.199
132.61,-0.771,-1.157,0,2,0.194,5,0.177,0.263
132.74,-0.750,-1.163,0,2,0.194,5,0.160,0.391
132.86,-0.728,-1.168,0,2,0.194,5,0.210,0.455
132.99,-0.703,-1.173,0,2,0.194,5,0.193,0.519
133.12,-0.679,-1.177,0,2,0.194,5,0.210,0.455
133.25,-0.653,-1.180,0,3,0.204,5,0.228,0.391
133.38,-0.626,-1.183,0,3,0.204,5,0.245,0.327
133.50,-0.599,-1.186,0,3,0.204,5,0.210,0.455
133.63,-0.574,-1.188,0,3,0.204,5,0.228,0.391
133.76,-0.550,-1.190,0,3,0.204,5,0.210,0.455
133.89,-0.529,-1.192,0,3,0.204,5,0.210,0.455
134.02,-0.507,-1.193,0,3,0.204,5,0.193,0.519
134.14,-0.489,-1.194,0,3,0.204,5,0.164,0.627
134.27,-0.475,-1.195,0,3,0.204,5,0.157,0.652
134.40,-0.462,-1.196,0,3,0.204,5,0.157,0.652
134.53,-0.449,-1.197,0,4,0.213,5,0.160,0.641
134.66,-0.434,-1.198,0,4,0.213,5,0.164,0.625
134.78,-0.420,-1.199,0,4,0.213,5,0.165,0.625
134.91,-0.404,-1.200,0,4,0.213,5,0.163,0.630
135.04,-0.390,-1.201,0,4,0.213,5,0.166,0.618
135.17,-0.375,-1.202,0,4,0.213,5,0.167,0.616
135.30,-0.360,-1.203,0,4,0.213,5,0.161,0.638
135.42,-0.346,-1.204,0,4,0.213,5,0.166,0.621
135.55,-0.331,-1.205,0,4,0.213,5,0.162,0.636
135.68,-0.317,-1.206,0,4,0.213,5,0.163,0.631
135.81,-0.302,-1.207,0,4,0.213,5,0.165,0.624
135.94,-0.288,-1.208,0,4,0.213,5,0.158,0.651
136.06,-0.274,-1.209,0,4,0.213,5,0.164,0.626
136.19,-0.259,-1.210,0,4,0.213,5,0.165,0.624
136.32,-0.245,-1.211,0,4,0.213,5,0.147,0.689
136.45,-0.231,-1.212,0,4,0.213,5,0.157,0.652
136.58,-0.218,-1.213,0,5,0.222,5,0.167,0.615
136.70,-0.205,-1.214,0,5,0.222,5,0.148,0.685
136.83,-0.193,-1.214,0,5,0.222,5,0.130,0.753
136.96,-0.184,-1.215,0,5,0.222,5,0.130,0.753
137.09,-0.175,-1.215,0,5,0.222,5,0.113,0.817
137.22,-0.171,-1.216,0,5,0.222,5,0.096,0.881
137.34,-0.169,-1.216,0,5,0.222,5,0.096,0.881
137.47,-0.166,-1.216,0,5,0.222,5,0.096,0.881
137.60,-0.163,-1.216,0,5,0.222,5,0.079,0.945
137.73,-0.162,-1.216,0,5,0.222,5,0.096,0.881
137.86,-0.157,-1.217,0,5,0.222,5,0.130,0.753
137.98,-0.148,-1.217,0,5,0.222,5,0.130,0.753
138.11,-0.140,-1.218,0,5,0.222,5,0.130,0.753
138.24,-0.133,-1.218,0,5,0.222,5,0.113,0.817
138.37,-0.127,-1.218,0,5,0.222,5,0.113,0.817
138.50,-0.122,-1.219,0,5,0.222,5,0.113,0.817
138.62,-0.118,-1.219,0,5,0.222,5,0.079,0.945
138.75,-0.117,-1.219,0,5,0.222,5,0.096,0.881
138.88,-0.113,-1.219,0,5,0.222,5,0.113,0.817
139.01,-0.107,-1.220,0,5,0.222,5,0.113,0.817
139.14,-0.102,-1.220,0,5,0.222,5,0.096,0.881
139.26,-0.100,-1.220,0,5,0.222,5,0.079,0.945
139.39,-0.099,-1.220,0,5,0.222,5,0.096,0.881
139.52,-0.094,-1.220,0,5,0.222,5,0.130,0.753
139.65,-0.083,-1.221,0,5,0.222,5,0.165,0.625
139.78,-0.070,-1.222,0,5,0.222,5,0.136,0.729
139.90,-0.062,-1.222,0,5,0.222,5,0.102,0.857
140.03,-0.060,-1.222,0,5,0.222,5,0.068,0.985
140.16,-0.058,-1.222,0,5,0.222,5,0.102,0.857
140.29,-0.052,-1.223,0,5,0.222,5,0.136,0.729
140.42,-0.042,-1.223,0,5,0.222,5,0.136,0.729
140.54,-0.033,-1.224,0,5,0.222,5,0.136,0.729
140.67,-0.025,-1.224,0,5,0.222,5,0.119,0.793
140.80,-0.020,-1.224,0,5,0.222,5,0.085,0.921
140.93,-0.018,-1.224,0,5,0.222,5,0.085,0.921
141.06,-0.015,-1.225,0,5,0.222,5,0.119,0.793
141.18,-0.006,-1.225,0,5,0.222,5,0.154,0.665
141.31,0.008,-1.226,0,6,0.231,5,0.151,0.675
141.44,0.018,-1.226,0,6,0.231,5,0.117,0.803
141.57,0.023,-1.227,0,6,0.231,5,0.100,0.867
141.70,0.025,-1.227,0,6,0.231,5,0.068,0.984
141.82,0.027,-1.227,0,6,0.231,5,0.103,0.856
141.95,0.033,-1.227,0,6,0.231,5,0.137,0.728
142.08,0.043,-1.227,0,6,0.231,5,0.137,0.728
142.21,0.053,-1.228,0,6,0.231,5,0.120,0.792
142.34,0.058,-1.228,0,6,0.231,5,0.085,0.919
142.46,0.061,-1.228,0,6,0.231,5,0.085,0.919
142.59,0.062,-1.228,0,6,0.231,5,0.073,0.967
142.72,0.064,-1.228,0,6,0.231,5,0.090,0.903
142.85,0.065,-1.228,0,6,0.231,5,0.091,0.897
142.98,0.067,-1.228,0,6,0.231,5,0.078,0.948
143.10,0.067,-1.228,0,6,0.231,5,0.081,0.936
143.23,0.068,-1.229,0,6,0.231,5,0.100,0.863
143.36,0.074,-1.229,0,6,0.231,5,0.118,0.799
143.49,0.081,-1.229,0,6,0.231,5,0.135,0.735
143.62,0.089,-1.229,0,6,0.231,5,0.118,0.799
143.74,0.094,-1.230,0,6,0.231,5,0.100,0.863
143.87,0.096,-1.230,0,6,0.231,5,0.072,0.969
144.00,0.097,-1.230,0,6,0.231,5,0.093,0.890
144.13,0.102,-1.230,0,6,0.231,5,0.128,0.762
144.26,0.113,-1.230,0,6,0.231,5,0.162,0.634
144.38,0.127,-1.231,0,6,0.231,5,0.169,0.608
144.51,0.143,-1.231,0,6,0.231,5,0.164,0.626
144.64,0.155,-1.232,0,6,0.231,5,0.130,0.754
144.77,0.164,-1.232,0,6,0.231,5,0.130,0.754
144.90,0.171,-1.232,0,6,0.231,5,0.096,0.878
145.02,0.176,-1.233,0,6,0.231,5,0.114,0.814
145.15,0.180,-1.233,0,6,0.231,5,0.085,0.922
145.28,0.181,-1.233,0,6,0.231,5,0.069,0.979
145.41,0.183,-1.233,0,6,0.231,5,0.104,0.851
145.54,0.189,-1.233,0,6,0.231,5,0.138,0.723
145.66,0.200,-1.233,0,6,0.231,5,0.155,0.659
145.79,0.213,-1.234,0,6,0.231,5,0.155,0.659
145.92,0.227,-1.234,0,7,0.241,5,0.153,0.668
146.05,0.240,-1.235,0,7,0.241,5,0.136,0.732
146.18,0.248,-1.235,0,7,0.241,5,0.101,0.860
146.30,0.250,-1.235,0,7,0.241,5,0.077,0.952
146.43,0.251,-1.235,0,7,0.241,5,0.072,0.968
146.56,0.252,-1.235,0,7,0.241,5,0.095,0.882
146.69,0.257,-1.236,0,7,0.241,5,0.130,0.754
146.82,0.268,-1.236,0,7,0.241,5,0.164,0.626
146.94,0.282,-1.236,0,7,0.241,5,0.145,0.699
147.07,0.292,-1.237,0,7,0.241,5,0.127,0.763
147.20,0.303,-1.237,0,7,0.241,5,0.145,0.699
147.33,0.313,-1.237,0,7,0.241,5,0.127,0.763
147.46,0.319,-1.238,0,7,0.241,5,0.093,0.890
147.58,0.321,-1.238,0,7,0.241,5,0.071,0.974
147.71,0.322,-1.238,0,7,0.241,5,0.079,0.944
147.84,0.324,-1.238,0,7,0.241,5,0.113,0.816
147.97,0.332,-1.238,0,7,0.241,5,0.148,0.688
148.10,0.346,-1.238,0,7,0.241,5,0.162,0.634
148.22,0.361,-1.239,0,7,0.241,5,0.162,0.634
148.35,0.373,-1.239,0,7,0.241,5,0.128,0.762
148.48,0.381,-1.239,0,7,0.241,5,0.128,0.762
148.61,0.388,-1.240,0,7,0.241,5,0.111,0.826
148.74,0.393,-1.240,0,7,0.241,5,0.093,0.890
148.86,0.394,-1.240,0,7,0.241,5,0.078,0.948
148.99,0.395,-1.240,0,7,0.241,5,0.080,0.938
149.12,0.397,-1.240,0,7,0.241,5,0.098,0.874
149.25,0.402,-1.240,0,7,0.241,5,0.098,0.874
149.38,0.406,-1.240,0,7,0.241,5,0.098,0.874
149.50,0.408,-1.240,0,7,0.241,5,0.098,0.874
149.63,0.411,-1.240,0,7,0.241,5,0.098,0.874
149.76,0.414,-1.240,0,7,0.241,5,0.080,0.938
149.89,0.415,-1.240,0,7,0.241,5,0.098,0.874
150.02,0.420,-1.241,0,7,0.241,5,0.098,0.874
150.14,0.424,-1.241,0,7,0.241,5,0.098,0.874
150.27,0.427,-1.241,0,7,0.241,5,0.098,0.874
150.40,0.431,-1.241,0,7,0.241,5,0.115,0.810
150.53,0.437,-1.241,0,7,0.241,5,0.098,0.874
150.66,0.442,-1.241,0,7,0.241,5,0.098,0.874
150.78,0.444,-1.241,0,7,0.241,5,0.063,1.002
150.91,0.445,-1.241,0,7,0.241,5,0.098,0.874
151.04,0.451,-1.241,0,8,0.250,5,0.130,0.752
151.17,0.461,-1.241,0,8,0.250,5,0.148,0.685
151.30,0.474,-1.241,0,8,0.250,5,0.156,0.657
151.42,0.487,-1.241,0,8,0.250,5,0.166,0.618
151.55,0.502,-1.242,0,8,0.250,5,0.168,0.611
151.68,0.518,-1.242,0,8,0.250,5,0.165,0.624
151.81,0.533,-1.242,0,8,0.250,5,0.169,0.610
151.94,0.548,-1.242,0,8,0.250,5,0.171,0.601
152.06,0.564,-1.242,0,8,0.250,5,0.174,0.591
152.19,0.579,-1.243,0,8,0.250,5,0.172,0.599
152.32,0.594,-1.243,0,8,0.250,5,0.170,0.606
152.45,0.609,-1.243,0,8,0.250,5,0.161,0.639
152.58,0.624,-1.244,0,8,0.250,5,0.162,0.635
152.70,0.638,-1.244,0,8,0.250,5,0.162,0.635
152.83,0.653,-1.244,0,8,0.250,5,0.162,0.635
152.96,0.666,-1.245,0,8,0.250,5,0.145,0.699
153.09,0.677,-1.245,0,9,0.259,5,0.127,0.763
153.22,0.683,-1.245,0,9,0.259,5,0.093,0.891
153.34,0.684,-1.245,0,9,0.259,5,0.080,0.938
153.47,0.685,-1.245,0,9,0.259,5,0.069,0.979
153.60,0.687,-1.245,0,9,0.259,5,0.104,0.851
153.73,0.693,-1.245,0,9,0.259,5,0.138,0.723
153.86,0.706,-1.245,0,9,0.259,5,0.173,0.595
153.98,0.721,-1.246,0,9,0.259,5,0.169,0.609
154.11,0.735,-1.246,0,9,0.259,5,0.168,0.613
154.24,0.748,-1.246,0,9,0.259,5,0.133,0.741
154.37,0.755,-1.246,0,9,0.259,5,0.099,0.869
154.50,0.757,-1.246,0,9,0.259,5,0.075,0.958
154.62,0.759,-1.246,0,9,0.259,5,0.063,1.005
154.75,0.761,-1.246,0,9,0.259,5,0.054,1.035
154.88,0.764,-1.244,0,9,0.259,5,0.047,1.062
155.01,0.767,-1.242,0,9,0.259,5,0.037,1.099
155.14,0.769,-1.240,0,9,0.259,5,0.025,1.145
155.26,0.769,-1.237,0,9,0.259,5,0.018,1.171
155.39,0.769,-1.233,0,9,0.259,5,0.014,1.185
155.52,0.768,-1.229,0,9,0.259,5,0.049,1.057
155.65,0.772,-1.223,0,9,0.259,5,0.083,0.929
155.78,0.779,-1.214,0,9,0.259,5,0.117,0.801
155.90,0.788,-1.202,0,9,0.259,5,0.152,0.673
156.03,0.799,-1.184,0,9,0.259,5,0.186,0.545
156.16,0.811,-1.163,0,9,0.259,5,0.221,0.417
156.29,0.823,-1.139,0,9,0.259,5,0.255,0.289
156.42,0.836,-1.114,1,9,0.269,5,0.289,0.161
156.54,0.849,-1.089,1,9,0.269,5,0.324,0.033
156.67,0.861,-1.064,1,9,0.269,5,0.307,-0.095
156.80,0.874,-1.039,1,9,0.269,5,0.272,-0.223
156.93,0.887,-1.014,1,9,0.269,5,0.238,-0.351
157.06,0.899,-0.991,1,9,0.269,5,0.204,-0.479
157.18,0.910,-0.971,1,10,0.269,5,0.169,-0.607
157.31,0.922,-0.954,1,10,0.269,5,0.152,-0.673
157.44,0.934,-0.939,1,10,0.269,5,0.175,-0.586
157.57,0.949,-0.923,1,10,0.269,5,0.171,-0.458
157.70,0.964,-0.909,1,10,0.269,5,0.148,-0.330
157.82,0.977,-0.898,2,10,0.269,5,0.122,-0.202
157.95,0.988,-0.889,2,10,0.269,5,0.081,-0.074
158.08,0.996,-0.882,2,10,0.269,5,0.083,0.054
158.21,1.003,-0.876,2,10,0.269,5,0.055,0.182
158.34,1.008,-0.872,2,10,0.269,5,0.048,0.310
158.46,1.013,-0.867,2,10,0.269,5,0.059,0.438
158.59,1.017,-0.862,2,10,0.269,5,0.057,0.566
158.72,1.023,-0.856,2,10,0.269,5,0.064,0.694
158.85,1.028,-0.849,2,10,0.269,5,0.079,0.822
158.98,1.032,-0.840,2,10,0.269,5,0.077,0.950
159.10,1.036,-0.833,2,10,0.269,5,0.051,1.047
159.23,1.038,-0.826,2,10,0.269,5,0.067,0.987
159.36,1.039,-0.816,2,10,0.269,5,0.102,0.859
159.49,1.040,-0.804,2,10,0.269,5,0.136,0.731
159.62,1.041,-0.792,2,10,0.269,5,0.171,0.603
159.74,1.042,-0.774,2,10,0.269,5,0.205,0.475
159.87,1.044,-0.751,2,10,0.269,5,0.239,0.347
160.00,1.046,-0.726,2,10,0.269,5,0.199,0.475
160.13,1.047,-0.707,2,10,0.269,5,0.143,0.603
160.26,1.047,-0.695,2,10,0.269,5,0.118,0.649
160.38,1.047,-0.687,2,10,0.269,5,0.112,0.657
160.51,1.048,-0.681,2,10,0.269,5,0.100,0.659
160.64,1.048,-0.675,3,10,0.269,5,0.095,0.659
160.77,1.048,-0.669,3,10,0.269,5,0.093,0.657
160.90,1.048,-0.665,3,10,0.269,5,0.088,0.655
161.02,1.048,-0.661,3,10,0.269,5,0.083,0.652
161.15,1.048,-0.657,3,10,0.269,5,0.083,0.650
161.28,1.048,-0.653,3,10,0.269,5,0.075,0.648
161.41,1.049,-0.650,3,10,0.269,5,0.070,0.646
161.54,1.049,-0.648,3,10,0.269,5,0.060,0.644
161.66,1.049,-0.647,3,10,0.269,5,0.063,0.676
161.79,1.049,-0.646,3,10,0.269,5,0.064,0.682
161.92,1.049,-0.645,3,10,0.269,5,0.055,0.698
162.05,1.049,-0.644,3,10,0.269,5,0.062,0.697
162.18,1.049,-0.644,3,10,0.269,5,0.053,0.761
162.30,1.049,-0.642,3,10,0.269,5,0.049,0.801
162.43,1.048,-0.640,3,10,0.269,5,0.048,0.795
162.56,1.047,-0.638,3,10,0.269,5,0.048,0.785
162.69,1.046,-0.637,3,10,0.269,5,0.041,0.788
162.82,1.044,-0.635,3,10,0.269,5,0.039,0.803
162.94,1.042,-0.634,3,10,0.269,5,0.039,0.751
163.07,1.040,-0.633,3,10,0.269,5,0.048,0.623
163.20,1.037,-0.630,3,10,0.269,5,0.050,0.495
163.33,1.034,-0.625,3,10,0.269,5,0.050,0.367
163.46,1.032,-0.619,3,10,0.269,5,0.049,0.239
163.58,1.029,-0.614,3,10,0.269,5,0.040,0.111
163.71,1.027,-0.609,3,10,0.269,5,0.034,-0.017
163.84,1.025,-0.605,3,10,0.269,5,0.027,-0.145
163.97,1.024,-0.602,3,10,0.269,5,0.015,-0.273
164.10,1.023,-0.600,3,10,0.269,5,0.018,-0.401
164.22,1.023,-0.598,3,10,0.269,5,0.014,-0.401
164.35,1.022,-0.596,3,10,0.269,5,0.015,-0.273
164.48,1.022,-0.595,3,10,0.269,5,0.015,-0.145
164.61,1.022,-0.593,3,10,0.269,5,0.016,-0.017
164.74,1.021,-0.591,3,10,0.269,5,0.015,0.111
164.86,1.021,-0.590,3,10,0.269,5,0.015,0.239
164.99,1.020,-0.590,3,10,0.269,5,0.014,0.367
165.12,1.019,-0.589,3,10,0.269,5,0.014,0.495
165.25,1.018,-0.588,3,10,0.269,5,0.013,0.623
165.38,1.017,-0.587,3,10,0.269,5,0.013,0.559
165.50,1.015,-0.587,3,10,0.269,5,0.014,0.431
165.63,1.014,-0.587,3,10,0.269,5,0.014,0.303
165.76,1.013,-0.586,3,10,0.269,5,0.015,0.175
165.89,1.012,-0.585,3,10,0.269,5,0.016,0.047
166.02,1.011,-0.583,3,10,0.269,5,0.016,-0.081
166.14,1.010,-0.581,3,10,0.269,5,0.015,-0.209
166.27,1.009,-0.580,3,10,0.269,5,0.014,-0.337
166.40,1.008,-0.578,3,10,0.269,5,0.014,-0.465
166.53,1.008,-0.576,3,10,0.269,5,0.014,-0.401
166.66,1.007,-0.574,3,10,0.269,5,0.015,-0.273
166.78,1.007,-0.573,3,10,0.269,5,0.015,-0.145
166.91,1.006,-0.571,3,10,0.269,5,0.016,-0.017
167.04,1.006,-0.569,3,10,0.269,5,0.015,0.111
167.17,1.005,-0.568,3,10,0.269,5,0.015,0.239
167.30,1.004,-0.568,3,10,0.269,5,0.014,0.367
167.42,1.003,-0.567,3,10,0.269,5,0.014,0.495
167.55,1.002,-0.567,3,10,0.269,5,0.013,0.623
167.68,1.000,-0.566,3,10,0.269,5,0.013,0.623
167.81,0.999,-0.567,3,10,0.269,5,0.014,0.495
167.94,0.997,-0.567,3,10,0.269,5,0.014,0.367
168.06,0.995,-0.566,3,10,0.269,5,0.015,0.239
168.19,0.994,-0.565,3,10,0.269,5,0.015,0.111
168.32,0.993,-0.563,3,10,0.269,5,0.016,-0.017
168.45,0.992,-0.561,3,10,0.269,5,0.015,-0.145
168.58,0.991,-0.560,3,10,0.269,5,0.015,-0.273
168.70,0.990,-0.558,3,10,0.269,5,0.014,-0.401
168.83,0.990,-0.556,3,10,0.269,5,0.014,-0.465
168.96,0.989,-0.555,3,10,0.269,5,0.014,-0.337
169.09,0.988,-0.553,3,10,0.269,5,0.015,-0.209
169.22,0.988,-0.551,3,10,0.269,5,0.016,-0.081
169.34,0.987,-0.549,3,10,0.269,5,0.016,0.047
169.47,0.986,-0.548,3,10,0.269,5,0.015,0.175
169.60,0.985,-0.547,3,10,0.269,5,0.014,0.303
169.73,0.984,-0.547,3,10,0.269,5,0.014,0.431
169.86,0.982,-0.547,3,10,0.269,5,0.013,0.559
169.98,0.981,-0.547,3,10,0.269,5,0.013,0.687
170.11,0.979,-0.547,3,10,0.269,5,0.013,0.559
170.24,0.977,-0.547,3,10,0.269,5,0.014,0.431
170.37,0.975,-0.547,3,10,0.269,5,0.014,0.303
170.50,0.974,-0.546,3,10,0.269,5,0.015,0.175
170.62,0.973,-0.544,3,10,0.269,5,0.016,0.047
170.75,0.971,-0.542,3,10,0.269,5,0.016,-0.081
170.88,0.970,-0.541,3,10,0.269,5,0.015,-0.209
171.01,0.969,-0.539,3,10,0.269,5,0.014,-0.337
171.14,0.968,-0.538,3,10,0.269,5,0.014,-0.465
171.26,0.968,-0.536,3,10,0.269,5,0.014,-0.401
171.39,0.967,-0.535,3,10,0.269,5,0.015,-0.273
171.52,0.966,-0.533,3,10,0.269,5,0.015,-0.145
171.65,0.965,-0.531,3,10,0.269,5,0.016,-0.017
171.78,0.965,-0.529,3,10,0.269,5,0.015,0.111
171.90,0.964,-0.528,3,10,0.269,5,0.015,0.239
172.03,0.962,-0.527,3,10,0.269,5,0.014,0.367
172.16,0.960,-0.527,3,10,0.269,5,0.014,0.495
172.29,0.959,-0.528,3,10,0.269,5,0.013,0.623
172.42,0.956,-0.528,3,10,0.269,5,0.013,0.687
172.54,0.954,-0.529,3,10,0.269,5,0.013,0.559
172.67,0.952,-0.529,3,10,0.269,5,0.014,0.431
172.80,0.950,-0.528,3,10,0.269,5,0.014,0.303
172.93,0.949,-0.527,3,10,0.269,5,0.015,0.175
173.06,0.948,-0.525,3,10,0.269,5,0.016,0.047
173.18,0.946,-0.524,3,10,0.269,5,0.016,-0.081
173.31,0.945,-0.522,3,10,0.269,5,0.015,-0.209
173.44,0.944,-0.521,3,10,0.269,5,0.014,-0.337
173.57,0.943,-0.519,3,10,0.269,5,0.014,-0.465
173.70,0.942,-0.518,3,10,0.269,5,0.014,-0.465
173.82,0.941,-0.516,3,10,0.269,5,0.014,-0.337
173.95,0.940,-0.515,3,10,0.269,5,0.015,-0.209
174.08,0.939,-0.513,3,10,0.269,5,0.016,-0.081
174.21,0.938,-0.511,3,10,0.269,5,0.016,0.047
174.34,0.937,-0.510,3,10,0.269,5,0.015,0.175
174.46,0.936,-0.508,3,10,0.269,5,0.014,0.303
174.59,0.934,-0.508,3,10,0.269,5,0.014,0.431
174.72,0.932,-0.508,3,10,0.269,5,0.013,0.559
174.85,0.930,-0.509,3,10,0.269,5,0.013,0.687
174.98,0.927,-0.510,3,10,0.269,5,0.012,0.751
175.10,0.925,-0.510,3,10,0.269,5,0.013,0.623
175.23,0.923,-0.510,3,10,0.269,5,0.014,0.495
175.36,0.921,-0.509,3,10,0.269,5,0.014,0.367
175.49,0.920,-0.508,3,10,0.269,5,0.015,0.239
175.62,0.918,-0.507,3,10,0.269,5,0.015,0.111
175.74,0.916,-0.506,3,10,0.269,5,0.016,-0.017
175.87,0.915,-0.504,3,10,0.269,5,0.015,-0.145
176.00,0.914,-0.503,3,10,0.269,5,0.015,-0.273
176.13,0.912,-0.502,3,10,0.269,5,0.014,-0.401
176.26,0.912,-0.500,3,10,0.269,5,0.013,-0.529
176.38,0.911,-0.498,3,10,0.269,5,0.013,-0.657
176.51,0.911,-0.496,3,10,0.269,5,0.013,-0.529
176.64,0.910,-0.494,3,10,0.269,5,0.014,-0.401
176.77,0.909,-0.493,3,10,0.269,5,0.015,-0.273
176.90,0.908,-0.491,3,10,0.269,5,0.015,-0.145
177.02,0.907,-0.490,3,10,0.269,5,0.016,-0.017
177.15,0.906,-0.488,3,10,0.269,5,0.015,0.111
177.28,0.905,-0.486,3,10,0.269,5,0.015,0.239
177.41,0.904,-0.485,3,10,0.269,5,0.014,0.367
177.54,0.902,-0.485,3,10,0.269,5,0.014,0.495
177.66,0.899,-0.485,3,9,0.269,5,0.013,0.623
177.79,0.897,-0.486,3,9,0.269,5,0.012,0.751
177.92,0.894,-0.486,3,9,0.269,5,0.012,0.751
178.05,0.892,-0.486,3,9,0.269,5,0.013,0.623
178.18,0.891,-0.485,3,9,0.269,5,0.014,0.495
178.30,0.889,-0.484,3,9,0.269,5,0.014,0.367
178.43,0.887,-0.483,3,9,0.269,5,0.029,0.239
178.56,0.885,-0.482,3,9,0.269,5,0.051,0.111
178.69,0.880,-0.479,3,9,0.269,5,0.016,-0.017
178.82,0.877,-0.478,3,9,0.269,5,0.038,-0.140
178.94,0.875,-0.476,3,9,0.269,5,0.015,-0.257
179.07,0.874,-0.475,3,9,0.269,5,0.014,-0.385
179.20,0.874,-0.473,3,9,0.269,5,0.013,-0.513
179.33,0.874,-0.470,3,9,0.269,5,0.013,-0.641
179.46,0.875,-0.468,3,9,0.269,5,0.012,-0.769
179.58,0.876,-0.465,3,9,0.269,5,0.012,-0.705
179.71,0.876,-0.463,3,9,0.269,5,0.013,-0.577
179.84,0.875,-0.461,3,9,0.269,5,0.014,-0.449
179.97,0.874,-0.460,3,9,0.269,6,0.014,-0.321
180.10,0.873,-0.458,3,9,0.269,6,0.015,-0.193
180.22,0.872,-0.457,3,9,0.269,6,0.016,-0.065
180.35,0.871,-0.455,3,9,0.269,6,0.016,0.063
180.48,0.870,-0.453,3,9,0.269,6,0.015,0.191
180.61,0.868,-0.452,3,9,0.269,6,0.014,0.319
180.74,0.867,-0.451,3,9,0.269,6,0.014,0.447
180.86,0.865,-0.451,3,9,0.269,6,0.013,0.575
180.99,0.862,-0.451,3,9,0.269,6,0.012,0.703
181.12,0.860,-0.452,3,9,0.269,6,0.012,0.831
181.25,0.857,-0.452,3,9,0.269,6,0.012,0.895
181.38,0.855,-0.451,3,9,0.269,6,0.012,0.767
181.50,0.854,-0.451,3,9,0.269,6,0.013,0.639
181.63,0.852,-0.450,3,9,0.269,6,0.045,0.511
181.76,0.845,-0.447,4,9,0.269,6,0.117,0.383
181.89,0.829,-0.442,4,9,0.269,6,0.155,0.255
182.02,0.808,-0.435,4,9,0.269,6,0.184,0.127
182.14,0.784,-0.428,4,9,0.269,6,0.196,-0.001
182.27,0.762,-0.421,4,9,0.269,6,0.145,-0.129
182.40,0.747,-0.417,4,9,0.269,6,0.108,-0.155
182.53,0.737,-0.413,4,9,0.269,6,0.095,-0.030
182.66,0.729,-0.411,4,9,0.269,6,0.064,0.056
182.78,0.722,-0.408,4,9,0.269,6,0.055,0.109
182.91,0.714,-0.406,4,9,0.269,6,0.069,0.137
183.04,0.705,-0.403,4,9,0.269,6,0.101,0.149
183.17,0.693,-0.400,4,9,0.269,6,0.114,0.122
183.30,0.678,-0.396,4,9,0.269,6,0.124,0.055
183.42,0.662,-0.392,4,8,0.269,6,0.140,-0.018
183.55,0.647,-0.388,4,8,0.269,6,0.097,0.046
183.68,0.635,-0.385,4,8,0.269,6,0.122,0.174
183.81,0.621,-0.382,4,8,0.269,6,0.116,0.302
183.94,0.604,-0.379,4,8,0.269,6,0.176,0.430
184.06,0.581,-0.375,4,8,0.269,6,0.182,0.558
184.19,0.560,-0.373,4,8,0.269,6,0.162,0.636
184.32,0.542,-0.373,4,8,0.269,6,0.180,0.568
184.45,0.526,-0.373,4,8,0.269,6,0.174,0.588
184.58,0.510,-0.372,4,8,0.269,6,0.177,0.577
184.70,0.494,-0.371,4,8,0.269,6,0.173,0.593
184.83,0.478,-0.371,4,8,0.269,6,0.166,0.620
184.96,0.463,-0.370,4,8,0.269,6,0.175,0.585
185.09,0.447,-0.370,4,7,0.269,6,0.174,0.590
185.22,0.432,-0.369,4,7,0.269,6,0.172,0.598
185.34,0.417,-0.369,4,7,0.269,6,0.164,0.628
185.47,0.401,-0.368,4,7,0.269,6,0.166,0.620
185.60,0.386,-0.367,4,7,0.269,6,0.174,0.588
185.73,0.371,-0.367,4,7,0.269,6,0.170,0.604
185.86,0.355,-0.366,4,7,0.269,6,0.171,0.601
185.98,0.341,-0.365,4,7,0.269,6,0.168,0.614
186.11,0.326,-0.365,4,7,0.269,6,0.169,0.609
186.24,0.312,-0.364,4,7,0.269,6,0.162,0.635
186.37,0.300,-0.363,4,7,0.269,6,0.127,0.763
186.50,0.290,-0.363,4,7,0.269,6,0.127,0.763
186.62,0.284,-0.362,4,7,0.269,6,0.110,0.827
186.75,0.280,-0.362,4,7,0.269,6,0.076,0.955
186.88,0.279,-0.362,4,7,0.269,6,0.093,0.891
187.01,0.277,-0.362,4,7,0.269,6,0.076,0.955
187.14,0.275,-0.362,4,7,0.269,6,0.110,0.827
187.26,0.271,-0.362,4,7,0.269,6,0.076,0.955
187.39,0.270,-0.362,4,7,0.269,6,0.093,0.891
187.52,0.265,-0.362,4,7,0.269,6,0.127,0.763
187.65,0.255,-0.361,4,7,0.269,6,0.162,0.635
187.78,0.241,-0.361,4,7,0.269,6,0.160,0.643
187.90,0.229,-0.360,4,7,0.269,6,0.143,0.707
188.03,0.218,-0.359,4,6,0.269,6,0.125,0.771
188.16,0.212,-0.359,4,6,0.269,6,0.091,0.899
188.29,0.210,-0.359,4,6,0.269,6,0.075,0.959
188.42,0.208,-0.359,4,6,0.269,6,0.109,0.831
188.54,0.200,-0.359,4,6,0.269,6,0.143,0.703
188.67,0.188,-0.358,4,6,0.269,6,0.161,0.639
188.80,0.174,-0.358,4,6,0.269,6,0.151,0.675
188.93,0.161,-0.357,4,6,0.269,6,0.168,0.611
189.06,0.148,-0.357,4,6,0.269,6,0.134,0.739
189.18,0.139,-0.356,4,6,0.269,6,0.117,0.803
189.31,0.133,-0.356,4,6,0.269,6,0.100,0.867
189.44,0.129,-0.356,4,6,0.269,6,0.100,0.867
189.57,0.126,-0.356,4,6,0.269,6,0.083,0.929
189.70,0.125,-0.356,4,6,0.269,6,0.074,0.961
189.82,0.123,-0.356,4,6,0.269,6,0.109,0.833
189.95,0.115,-0.356,4,6,0.269,6,0.143,0.705
190.08,0.102,-0.355,4,6,0.269,6,0.169,0.609
190.21,0.087,-0.355,4,6,0.269,6,0.171,0.601
190.34,0.072,-0.354,4,6,0.269,6,0.171,0.601
190.46,0.057,-0.354,4,6,0.269,6,0.154,0.665
190.59,0.045,-0.353,4,6,0.269,6,0.171,0.601
190.72,0.031,-0.353,4,6,0.269,6,0.137,0.729
190.85,0.023,-0.353,4,6,0.269,6,0.119,0.793
190.98,0.018,-0.352,4,6,0.269,6,0.091,0.899
191.10,0.016,-0.352,4,6,0.269,6,0.084,0.924
191.23,0.015,-0.352,4,6,0.269,6,0.083,0.928
191.36,0.014,-0.352,4,6,0.269,6,0.083,0.929
191.49,0.013,-0.352,4,6,0.269,6,0.079,0.942
191.62,0.012,-0.352,4,6,0.269,6,0.081,0.937
191.74,0.010,-0.352,4,6,0.269,6,0.115,0.809
191.87,0.001,-0.352,4,6,0.269,6,0.149,0.681
192.00,-0.011,-0.351,4,5,0.269,6,0.132,0.745
192.13,-0.019,-0.351,4,5,0.269,6,0.115,0.809
192.26,-0.026,-0.351,4,5,0.269,6,0.115,0.809
192.38,-0.033,-0.351,4,5,0.269,6,0.102,0.858
192.51,-0.036,-0.351,4,5,0.269,6,0.085,0.919
192.64,-0.037,-0.350,4,5,0.269,6,0.077,0.951
192.77,-0.037,-0.350,4,5,0.269,6,0.073,0.965
192.90,-0.038,-0.350,4,5,0.269,6,0.098,0.871
193.02,-0.044,-0.350,4,5,0.269,6,0.133,0.743
193.15,-0.055,-0.350,4,5,0.269,6,0.167,0.615
193.28,-0.069,-0.350,4,5,0.269,6,0.150,0.679
193.41,-0.081,-0.349,4,5,0.269,6,0.133,0.743
193.54,-0.089,-0.349,4,5,0.269,6,0.104,0.851
193.66,-0.094,-0.349,4,5,0.269,6,0.109,0.833
193.79,-0.099,-0.349,4,5,0.269,6,0.114,0.812
193.92,-0.104,-0.348,4,5,0.269,6,0.107,0.840
194.05,-0.108,-0.348,4,5,0.269,6,0.091,0.900
194.18,-0.110,-0.348,4,5,0.269,6,0.083,0.929
194.30,-0.111,-0.348,4,5,0.269,6,0.087,0.915
194.43,-0.112,-0.348,4,5,0.269,6,0.090,0.901
194.56,-0.114,-0.348,4,5,0.269,6,0.083,0.930
194.69,-0.115,-0.348,4,5,0.269,6,0.079,0.945
194.82,-0.115,-0.348,4,5,0.269,6,0.077,0.953
194.94,-0.115,-0.348,4,5,0.269,6,0.075,0.957
195.07,-0.115,-0.348,4,5,0.269,6,0.084,0.926
195.20,-0.116,-0.348,4,5,0.269,6,0.080,0.941
195.33,-0.118,-0.348,4,5,0.269,6,0.103,0.853
195.46,-0.123,-0.348,4,5,0.269,6,0.099,0.870
195.58,-0.125,-0.348,4,5,0.269,6,0.087,0.912
195.71,-0.129,-0.348,4,5,0.269,6,0.096,0.878
195.84,-0.133,-0.348,4,5,0.269,6,0.094,0.889
195.97,-0.135,-0.348,4,5,0.269,6,0.085,0.921
196.10,-0.136,-0.347,4,5,0.269,6,0.080,0.938
196.22,-0.137,-0.347,4,5,0.269,6,0.078,0.947
196.35,-0.138,-0.347,4,5,0.269,6,0.082,0.934
196.48,-0.138,-0.347,4,5,0.269,6,0.078,0.948
196.61,-0.138,-0.347,4,5,0.269,6,0.076,0.955
196.74,-0.139,-0.347,4,5,0.269,6,0.083,0.930
196.86,-0.140,-0.347,4,5,0.269,6,0.079,0.943
196.99,-0.141,-0.347,4,5,0.269,6,0.092,0.894
197.12,-0.144,-0.347,4,5,0.269,6,0.102,0.858
197.25,-0.149,-0.347,4,5,0.269,6,0.109,0.832
197.38,-0.156,-0.347,4,5,0.269,6,0.112,0.822
197.50,-0.161,-0.347,4,5,0.269,6,0.093,0.890
197.63,-0.163,-0.347,4,5,0.269,6,0.083,0.927
197.76,-0.163,-0.347,4,5,0.269,6,0.078,0.946
197.89,-0.164,-0.347,4,5,0.269,6,0.076,0.956
198.02,-0.164,-0.347,4,5,0.269,6,0.083,0.930
198.14,-0.167,-0.347,4,5,0.269,6,0.093,0.892
198.27,-0.169,-0.346,4,5,0.269,6,0.084,0.925
198.40,-0.170,-0.346,4,5,0.269,6,0.079,0.942
198.53,-0.170,-0.346,4,5,0.269,6,0.077,0.951
198.66,-0.171,-0.346,4,5,0.269,6,0.081,0.935
198.78,-0.172,-0.346,4,5,0.269,6,0.087,0.913
198.91,-0.173,-0.346,4,5,0.269,6,0.081,0.935
199.04,-0.174,-0.346,4,5,0.269,6,0.078,0.947
199.17,-0.174,-0.346,4,5,0.269,6,0.076,0.953
199.30,-0.174,-0.346,4,5,0.269,6,0.075,0.957
199.42,-0.175,-0.346,4,5,0.269,6,0.089,0.907
199.55,-0.179,-0.346,4,5,0.269,6,0.097,0.875
199.68,-0.181,-0.346,4,5,0.269,6,0.087,0.915
199.81,-0.183,-0.346,4,5,0.269,6,0.089,0.905
199.94,-0.185,-0.346,4,5,0.269,6,0.091,0.898
200.06,-0.187,-0.346,4,5,0.269,6,0.083,0.930
200.19,-0.188,-0.346,4,5,0.269,6,0.078,0.947
200.32,-0.188,-0.346,4,5,0.269,6,0.076,0.956
200.45,-0.188,-0.346,4,5,0.269,6,0.075,0.957
200.58,-0.190,-0.346,4,5,0.269,6,0.097,0.875
200.70,-0.196,-0.346,4,5,0.269,6,0.132,0.747
200.83,-0.203,-0.345,4,5,0.269,6,0.117,0.803
200.96,-0.209,-0.345,4,5,0.269,6,0.122,0.783
201.09,-0.215,-0.345,4,5,0.269,6,0.100,0.867
201.22,-0.218,-0.345,4,5,0.269,6,0.088,0.910
201.34,-0.220,-0.345,4,5,0.269,6,0.089,0.905
201.47,-0.222,-0.345,4,5,0.269,6,0.083,0.929
201.60,-0.223,-0.345,4,5,0.269,6,0.079,0.942
201.73,-0.223,-0.345,4,5,0.269,6,0.077,0.949
201.86,-0.223,-0.345,4,5,0.269,6,0.077,0.952
201.98,-0.223,-0.345,4,5,0.269,6,0.076,0.954
202.11,-0.223,-0.345,4,5,0.269,6,0.076,0.955
202.24,-0.224,-0.345,4,5,0.269,6,0.081,0.935
202.37,-0.226,-0.345,4,4,0.269,6,0.084,0.923
202.50,-0.227,-0.345,4,4,0.269,6,0.080,0.939
202.62,-0.227,-0.345,4,4,0.269,6,0.078,0.947
202.75,-0.228,-0.345,4,4,0.269,6,0.077,0.951
202.88,-0.228,-0.345,4,4,0.269,6,0.076,0.953
203.01,-0.228,-0.345,4,4,0.269,6,0.076,0.954
203.14,-0.228,-0.345,4,4,0.269,6,0.082,0.931
203.26,-0.229,-0.345,4,4,0.269,6,0.079,0.943
203.39,-0.230,-0.345,4,4,0.269,6,0.084,0.926
203.52,-0.232,-0.345,4,4,0.269,6,0.087,0.913
203.65,-0.233,-0.345,4,4,0.269,6,0.081,0.936
203.78,-0.233,-0.345,4,4,0.269,6,0.078,0.949
203.90,-0.233,-0.345,4,4,0.269,6,0.076,0.955
204.03,-0.234,-0.345,4,4,0.269,6,0.075,0.957
204.16,-0.234,-0.345,4,4,0.269,6,0.081,0.936
204.29,-0.236,-0.344,4,4,0.269,6,0.084,0.926
204.42,-0.237,-0.344,4,4,0.269,6,0.079,0.942
204.54,-0.237,-0.344,4,4,0.269,6,0.077,0.951
204.67,-0.238,-0.344,4,4,0.269,6,0.082,0.932
204.80,-0.239,-0.344,4,4,0.269,6,0.086,0.915
204.93,-0.242,-0.344,4,4,0.269,6,0.098,0.874
205.06,-0.245,-0.344,4,4,0.269,6,0.109,0.833
205.18,-0.250,-0.344,4,4,0.269,6,0.102,0.859
205.31,-0.253,-0.344,4,4,0.269,6,0.088,0.910
205.44,-0.255,-0.344,4,4,0.269,6,0.081,0.937
205.57,-0.255,-0.344,4,4,0.269,6,0.086,0.916
205.70,-0.256,-0.344,4,4,0.269,6,0.080,0.940
205.82,-0.257,-0.344,4,4,0.269,6,0.076,0.953
205.95,-0.257,-0.344,4,4,0.269,6,0.075,0.958
206.08,-0.257,-0.344,4,4,0.269,6,0.076,0.956
206.21,-0.257,-0.344,4,4,0.269,6,0.085,0.922
206.34,-0.260,-0.344,4,4,0.269,6,0.105,0.845
206.46,-0.266,-0.344,4,4,0.269,6,0.112,0.822
206.59,-0.271,-0.344,4,4,0.269,6,0.105,0.847
206.72,-0.275,-0.344,4,4,0.269,6,0.091,0.899
206.85,-0.278,-0.343,4,4,0.269,6,0.090,0.904
206.98,-0.281,-0.343,4,4,0.269,6,0.099,0.870
207.10,-0.284,-0.343,4,4,0.269,6,0.087,0.915
207.23,-0.285,-0.343,4,4,0.269,6,0.081,0.938
207.36,-0.286,-0.343,4,4,0.269,6,0.077,0.950
207.49,-0.286,-0.343,4,4,0.269,6,0.084,0.923
207.62,-0.289,-0.343,4,4,0.269,6,0.119,0.795
207.74,-0.298,-0.343,4,4,0.269,6,0.153,0.667
207.87,-0.313,-0.343,4,4,0.269,6,0.188,0.539
208.00,-0.333,-0.342,4,4,0.269,6,0.222,0.411
208.13,-0.358,-0.341,4,4,0.269,6,0.236,0.360
208.26,-0.385,-0.340,4,4,0.269,6,0.231,0.378
208.38,-0.410,-0.338,4,4,0.269,6,0.227,0.394
208.51,-0.436,-0.337,4,4,0.269,6,0.221,0.416
208.64,-0.460,-0.336,4,3,0.269,6,0.217,0.428
208.77,-0.483,-0.335,4,3,0.269,6,0.212,0.448
208.90,-0.506,-0.334,4,3,0.269,6,0.208,0.463
209.02,-0.528,-0.333,4,3,0.269,6,0.203,0.481
209.15,-0.549,-0.332,4,3,0.269,6,0.200,0.495
209.28,-0.570,-0.331,4,3,0.269,6,0.194,0.515
209.41,-0.590,-0.330,4,3,0.269,6,0.190,0.529
209.54,-0.609,-0.329,4,3,0.269,6,0.187,0.540
209.66,-0.628,-0.328,4,3,0.269,6,0.185,0.548
209.79,-0.646,-0.327,4,3,0.269,6,0.180,0.567
209.92,-0.663,-0.326,4,3,0.269,6,0.177,0.579
210.05,-0.680,-0.325,4,2,0.269,6,0.174,0.589
210.18,-0.697,-0.324,4,2,0.269,6,0.174,0.591
210.30,-0.713,-0.323,4,2,0.269,6,0.175,0.585
210.43,-0.728,-0.322,4,2,0.269,6,0.173,0.595
210.56,-0.743,-0.322,4,2,0.269,6,0.154,0.665
210.69,-0.754,-0.321,4,2,0.269,6,0.119,0.793
210.82,-0.759,-0.321,4,2,0.269,6,0.095,0.883
210.94,-0.762,-0.321,4,2,0.269,6,0.083,0.928
211.07,-0.762,-0.321,4,2,0.269,6,0.077,0.951
211.20,-0.763,-0.321,4,2,0.269,6,0.073,0.964
211.33,-0.763,-0.321,4,2,0.269,6,0.072,0.970
211.46,-0.764,-0.321,4,2,0.269,6,0.071,0.973
211.58,-0.765,-0.321,4,2,0.269,6,0.070,0.975
211.71,-0.766,-0.321,4,2,0.269,6,0.070,0.977
211.84,-0.767,-0.322,4,2,0.269,6,0.069,0.979
211.97,-0.768,-0.323,4,2,0.269,6,0.070,0.979
212.10,-0.769,-0.325,4,2,0.269,6,0.070,0.978
212.22,-0.770,-0.327,4,2,0.269,6,0.070,0.977
212.35,-0.771,-0.329,4,2,0.269,6,0.070,0.975
212.48,-0.773,-0.332,4,2,0.269,6,0.071,0.974
212.61,-0.775,-0.335,4,2,0.269,6,0.072,0.971
212.74,-0.778,-0.338,4,2,0.269,6,0.055,1.031
212.86,-0.779,-0.342,4,2,0.269,6,0.061,1.011
212.99,-0.782,-0.347,4,2,0.269,6,0.095,0.883
213.12,-0.793,-0.353,4,2,0.269,6,0.129,0.755
213.25,-0.807,-0.362,4,2,0.269,6,0.164,0.627
213.38,-0.825,-0.374,4,2,0.269,6,0.198,0.499
213.50,-0.845,-0.389,4,2,0.269,6,0.233,0.371
213.63,-0.867,-0.406,4,2,0.269,6,0.267,0.243
213.76,-0.890,-0.423,4,2,0.269,6,0.301,0.115
213.89,-0.912,-0.441,4,1,0.269,6,0.270,-0.013
214.02,-0.934,-0.458,3,1,0.269,6,0.200,-0.141
214.14,-0.952,-0.472,3,1,0.269,6,0.193,-0.013
214.27,-0.968,-0.484,3,1,0.269,6,0.110,0.115
214.40,-0.979,-0.492,3,1,0.269,6,0.098,0.243
214.53,-0.988,-0.499,3,1,0.269,6,0.081,0.371
214.66,-0.995,-0.506,3,1,0.269,6,0.075,0.499
214.78,-1.002,-0.513,3,1,0.269,6,0.081,0.563
214.91,-1.009,-0.522,3,1,0.269,6,0.122,0.435
215.04,-1.020,-0.536,3,1,0.269,6,0.156,0.307
215.17,-1.031,-0.553,3,1,0.269,6,0.169,0.179
215.30,-1.043,-0.571,3,1,0.269,6,0.160,0.051
215.42,-1.055,-0.588,3,1,0.269,6,0.131,0.115
215.55,-1.064,-0.603,3,1,0.269,6,0.127,0.243
215.68,-1.072,-0.616,3,1,0.269,6,0.115,0.371
215.81,-1.079,-0.630,3,1,0.269,6,0.131,0.499
215.94,-1.085,-0.645,3,1,0.269,6,0.149,0.627
216.06,-1.093,-0.665,3,1,0.269,6,0.198,0.499
216.19,-1.100,-0.688,2,1,0.269,6,0.198,0.499
216.32,-1.106,-0.711,2,1,0.269,6,0.164,0.627
216.45,-1.109,-0.732,2,1,0.269,6,0.182,0.561
216.58,-1.112,-0.754,2,1,0.269,6,0.165,0.625
216.70,-1.113,-0.774,2,1,0.269,6,0.147,0.689
216.83,-1.113,-0.786,2,1,0.269,6,0.115,0.810
216.96,-1.113,-0.792,2,1,0.269,6,0.096,0.881
217.09,-1.113,-0.794,2,1,0.269,6,0.086,0.917
217.22,-1.113,-0.795,2,1,0.269,6,0.081,0.936
217.34,-1.113,-0.796,2,1,0.269,6,0.078,0.945
217.47,-1.113,-0.796,2,1,0.269,6,0.077,0.950
217.60,-1.113,-0.796,2,1,0.269,6,0.076,0.953
217.73,-1.113,-0.796,2,1,0.269,6,0.076,0.954
217.86,-1.113,-0.796,2,1,0.269,6,0.076,0.955
217.98,-1.113,-0.796,2,1,0.269,6,0.076,0.956
218.11,-1.113,-0.797,2,1,0.269,6,0.075,0.956
218.24,-1.113,-0.797,2,1,0.269,6,0.075,0.957
218.37,-1.113,-0.797,2,1,0.269,6,0.075,0.958
218.50,-1.113,-0.797,2,1,0.269,6,0.075,0.959
218.62,-1.112,-0.797,2,1,0.269,6,0.075,0.960
218.75,-1.112,-0.798,2,1,0.269,6,0.074,0.962
218.88,-1.111,-0.798,2,1,0.269,6,0.074,0.963
219.01,-1.110,-0.800,2,1,0.269,6,0.099,0.868
219.14,-1.109,-0.806,2,1,0.269,6,0.104,0.849
219.26,-1.108,-0.811,2,1,0.269,6,0.089,0.907
219.39,-1.106,-0.815,2,1,0.269,6,0.112,0.821
219.52,-1.104,-0.824,2,1,0.269,6,0.129,0.757
219.65,-1.101,-0.834,2,1,0.269,6,0.100,0.866
219.78,-1.098,-0.842,2,1,0.269,6,0.134,0.738
219.90,-1.094,-0.857,2,1,0.269,6,0.153,0.610
220.03,-1.089,-0.875,2,1,0.269,6,0.141,0.610
220.16,-1.083,-0.891,2,1,0.269,6,0.140,0.546
220.29,-1.076,-0.907,1,1,0.269,6,0.136,0.418
220.42,-1.069,-0.921,1,1,0.269,6,0.115,0.482
220.54,-1.062,-0.933,1,1,0.269,6,0.116,0.482
220.67,-1.054,-0.945,1,1,0.269,6,0.105,0.354
220.80,-1.046,-0.958,1,1,0.269,6,0.112,0.226
220.93,-1.036,-0.970,1,1,0.269,6,0.129,0.098
221.06,-1.027,-0.982,1,1,0.269,6,0.103,-0.030
221.18,-1.020,-0.991,1,1,0.269,6,0.070,-0.059
221.31,-1.015,-0.997,1,1,0.269,6,0.059,0.049
221.44,-1.011,-1.003,1,1,0.269,6,0.028,0.177
221.57,-1.007,-1.007,1,1,0.269,6,0.043,0.241
221.70,-1.003,-1.012,1,1,0.269,6,0.052,0.137
221.82,-0.999,-1.017,1,1,0.269,6,0.058,0.085
221.95,-0.995,-1.021,1,1,0.269,6,0.038,0.058
222.08,-0.991,-1.026,1,1,0.269,6,0.031,0.047
222.21,-0.989,-1.028,1,1,0.269,6,0.032,0.021
222.34,-0.986,-1.031,1,1,0.269,6,0.033,0.056
222.46,-0.984,-1.033,1,1,0.269,6,0.035,0.029
222.59,-0.981,-1.036,1,1,0.269,6,0.016,0.004
222.72,-0.979,-1.038,1,1,0.269,6,0.023,0.062
222.85,-0.978,-1.040,1,1,0.269,6,0.016,0.028
222.98,-0.976,-1.041,1,1,0.269,7,0.016,-0.036
223.10,-0.975,-1.042,1,1,0.269,7,0.016,0.092
223.23,-0.973,-1.044,1,1,0.269,7,0.016,0.054
223.36,-0.972,-1.045,1,1,0.269,7,0.016,-0.074
223.49,-0.971,-1.047,1,1,0.269,7,0.016,0.054
223.62,-0.969,-1.048,1,1,0.269,7,0.016,0.054
223.74,-0.968,-1.049,1,1,0.269,7,0.016,0.054
223.87,-0.966,-1.051,1,1,0.269,7,0.016,-0.010
224.00,-0.965,-1.052,1,1,0.269,7,0.016,0.054
224.13,-0.963,-1.054,1,1,0.269,7,0.016,-0.010
224.26,-0.962,-1.055,1,1,0.269,7,0.015,0.118
224.38,-0.961,-1.056,1,1,0.269,7,0.015,0.182
224.51,-0.959,-1.057,1,1,0.269,7,0.020,0.082
224.64,-0.958,-1.059,1,1,0.269,7,0.026,-0.004
224.77,-0.956,-1.060,1,1,0.269,7,0.015,-0.132
224.90,-0.954,-1.062,1,1,0.269,7,0.016,-0.068
225.02,-0.953,-1.063,1,1,0.269,7,0.016,0.060
225.15,-0.952,-1.064,1,1,0.269,7,0.015,0.188
225.28,-0.950,-1.066,1,1,0.269,7,0.015,0.124
225.41,-0.949,-1.067,1,1,0.269,7,0.016,-0.004
225.54,-0.947,-1.068,1,1,0.269,7,0.015,-0.132
225.66,-0.946,-1.069,1,1,0.269,7,0.016,-0.004
225.79,-0.944,-1.071,1,1,0.269,7,0.015,0.124
225.92,-0.943,-1.072,1,1,0.269,7,0.015,0.188
226.05,-0.941,-1.073,1,1,0.269,7,0.016,0.060
226.18,-0.940,-1.074,1,1,0.269,7,0.016,-0.068
226.30,-0.938,-1.076,1,1,0.269,7,0.015,-0.132
226.43,-0.937,-1.077,1,1,0.269,7,0.016,-0.004
226.56,-0.935,-1.078,1,1,0.269,7,0.015,0.124
226.69,-0.934,-1.079,1,1,0.269,7,0.015,0.188
226.82,-0.932,-1.080,1,1,0.269,7,0.015,0.124
226.94,-0.930,-1.082,1,1,0.269,7,0.016,0.024
227.07,-0.929,-1.083,1,1,0.269,7,0.015,-0.104
227.20,-0.927,-1.084,1,1,0.269,7,0.016,-0.040
227.33,-0.926,-1.085,1,1,0.269,7,0.016,0.088
227.46,-0.924,-1.086,1,1,0.269,7,0.015,0.152
227.58,-0.923,-1.088,1,1,0.269,7,0.015,0.152
227.71,-0.921,-1.089,1,1,0.269,7,0.023,0.064
227.84,-0.919,-1.090,1,1,0.269,7,0.016,-0.020
227.97,-0.917,-1.091,1,1,0.269,7,0.015,-0.148
228.10,-0.916,-1.092,1,1,0.269,7,0.015,-0.148
228.22,-0.914,-1.094,1,1,0.269,7,0.016,-0.020
228.35,-0.913,-1.095,1,1,0.269,7,0.015,0.108
228.48,-0.911,-1.096,1,1,0.269,7,0.015,0.236
228.61,-0.910,-1.097,1,1,0.269,7,0.015,0.236
228.74,-0.907,-1.098,1,1,0.269,7,0.015,0.156
228.86,-0.905,-1.100,1,1,0.269,7,0.044,0.126
228.99,-0.901,-1.102,1,1,0.269,7,0.038,0.130
229.12,-0.896,-1.105,1,2,0.269,7,0.041,0.135
229.25,-0.891,-1.108,1,2,0.269,7,0.050,0.135
229.38,-0.885,-1.111,1,2,0.269,7,0.055,0.135
229.50,-0.877,-1.115,1,2,0.269,7,0.083,0.136
229.63,-0.869,-1.119,1,2,0.269,7,0.093,0.135
229.76,-0.859,-1.124,1,2,0.269,7,0.104,0.138
229.89,-0.848,-1.129,0,2,0.269,7,0.097,0.140
230.02,-0.836,-1.134,0,2,0.269,7,0.095,0.112
230.14,-0.824,-1.139,0,2,0.269,7,0.121,0.135
230.27,-0.812,-1.144,0,2,0.269,7,0.125,0.130
230.40,-0.797,-1.149,0,2,0.269,7,0.119,0.220
230.53,-0.782,-1.154,0,2,0.269,7,0.134,0.348
230.66,-0.764,-1.159,0,2,0.269,7,0.195,0.348
230.78,-0.740,-1.165,0,2,0.269,7,0.254,0.284
230.91,-0.713,-1.172,0,2,0.269,7,0.187,0.348
231.04,-0.689,-1.177,0,2,0.269,7,0.205,0.476
231.17,-0.665,-1.181,0,3,0.269,7,0.170,0.604
231.30,-0.645,-1.183,0,3,0.269,7,0.142,0.708
231.42,-0.629,-1.183,0,3,0.269,7,0.170,0.606
231.55,-0.613,-1.184,0,3,0.269,7,0.183,0.558
231.68,-0.595,-1.184,0,3,0.269,7,0.185,0.548
231.81,-0.577,-1.185,0,3,0.269,7,0.185,0.549
231.94,-0.559,-1.185,0,3,0.269,7,0.183,0.558
232.06,-0.542,-1.186,0,3,0.269,7,0.179,0.571
232.19,-0.525,-1.187,0,3,0.269,7,0.174,0.590
232.32,-0.509,-1.187,0,3,0.269,7,0.169,0.608
232.45,-0.494,-1.188,0,3,0.269,7,0.164,0.627
232.58,-0.480,-1.188,0,3,0.269,7,0.161,0.637
232.70,-0.466,-1.189,0,3,0.269,7,0.162,0.634
232.83,-0.451,-1.189,0,3,0.269,7,0.166,0.621
232.96,-0.436,-1.190,0,4,0.269,7,0.171,0.602
233.09,-0.420,-1.190,0,4,0.269,7,0.176,0.581
233.22,-0.403,-1.191,0,4,0.269,7,0.181,0.563
233.34,-0.385,-1.192,0,4,0.269,7,0.185,0.550
233.47,-0.367,-1.192,0,4,0.269,7,0.185,0.549
233.60,-0.349,-1.193,0,4,0.269,7,0.182,0.560
233.73,-0.332,-1.194,0,4,0.269,7,0.180,0.569
233.86,-0.314,-1.194,0,4,0.269,7,0.183,0.555
233.98,-0.296,-1.195,0,4,0.269,7,0.187,0.542
234.11,-0.278,-1.196,0,4,0.269,7,0.187,0.541
234.24,-0.261,-1.196,0,4,0.269,7,0.186,0.547
234.37,-0.243,-1.197,0,4,0.269,7,0.181,0.563
234.50,-0.226,-1.198,0,4,0.269,7,0.186,0.544
234.62,-0.208,-1.198,0,5,0.269,7,0.185,0.549
234.75,-0.191,-1.199,0,5,0.269,7,0.184,0.554
234.88,-0.174,-1.200,0,5,0.269,7,0.186,0.544
235.01,-0.156,-1.200,0,5,0.269,7,0.182,0.560
235.14,-0.140,-1.201,0,5,0.269,7,0.180,0.568
235.26,-0.123,-1.202,0,5,0.269,7,0.173,0.594
235.39,-0.106,-1.203,0,5,0.269,7,0.173,0.594
235.52,-0.090,-1.203,0,5,0.269,7,0.172,0.598
235.65,-0.073,-1.204,0,5,0.269,7,0.171,0.599
235.78,-0.057,-1.205,0,5,0.269,7,0.188,0.536
235.90,-0.040,-1.206,0,5,0.269,7,0.177,0.579
236.03,-0.024,-1.207,0,5,0.269,7,0.175,0.585
236.16,-0.008,-1.208,0,5,0.269,7,0.169,0.608
236.29,0.008,-1.208,0,6,0.269,7,0.167,0.616
236.42,0.024,-1.209,0,6,0.269,7,0.167,0.616
236.54,0.039,-1.210,0,6,0.269,7,0.165,0.624
236.67,0.054,-1.211,0,6,0.269,7,0.168,0.611
236.80,0.070,-1.212,0,6,0.269,7,0.176,0.584
236.93,0.085,-1.213,0,6,0.269,7,0.164,0.625
237.06,0.101,-1.214,0,6,0.269,7,0.168,0.614
237.18,0.116,-1.215,0,6,0.269,7,0.168,0.613
237.31,0.131,-1.215,0,6,0.269,7,0.165,0.624
237.44,0.146,-1.216,0,6,0.269,7,0.165,0.623
237.57,0.161,-1.217,0,6,0.269,7,0.159,0.644
237.70,0.176,-1.218,0,6,0.269,7,0.157,0.652
237.82,0.188,-1.219,0,6,0.269,7,0.157,0.652
237.95,0.202,-1.220,0,6,0.269,7,0.140,0.716
238.08,0.210,-1.220,0,6,0.269,7,0.106,0.844
238.21,0.213,-1.220,0,6,0.269,7,0.082,0.932
238.34,0.215,-1.220,0,6,0.269,7,0.077,0.949
238.46,0.216,-1.221,0,6,0.269,7,0.086,0.916
238.59,0.219,-1.221,0,6,0.269,7,0.103,0.852
238.72,0.223,-1.221,0,6,0.269,7,0.092,0.896
238.85,0.226,-1.221,0,7,0.269,7,0.083,0.929
238.98,0.226,-1.221,0,7,0.269,7,0.081,0.937
239.10,0.228,-1.221,0,7,0.269,7,0.087,0.912
239.23,0.229,-1.221,0,7,0.269,7,0.072,0.968
239.36,0.231,-1.221,0,7,0.269,7,0.107,0.840
239.49,0.238,-1.222,0,7,0.269,7,0.141,0.712
239.62,0.246,-1.222,0,7,0.269,7,0.124,0.776
239.74,0.254,-1.223,0,7,0.269,7,0.124,0.776
239.87,0.260,-1.223,0,7,0.269,7,0.092,0.896
240.00,0.261,-1.223,0,7,0.269,7,0.073,0.964
240.13,0.263,-1.223,0,7,0.269,7,0.092,0.894
240.26,0.266,-1.223,0,7,0.269,7,0.096,0.880
240.38,0.269,-1.223,0,7,0.269,7,0.098,0.872
240.51,0.271,-1.224,0,7,0.269,7,0.089,0.907
240.64,0.272,-1.224,0,7,0.269,7,0.071,0.973
240.77,0.273,-1.224,0,7,0.269,7,0.091,0.897
240.90,0.278,-1.224,0,7,0.269,7,0.126,0.769
241.02,0.288,-1.224,0,7,0.269,7,0.143,0.705
241.15,0.297,-1.225,0,7,0.269,7,0.109,0.833
241.28,0.303,-1.225,0,7,0.269,7,0.109,0.833
241.41,0.306,-1.225,0,7,0.269,7,0.081,0.938
241.54,0.307,-1.225,0,7,0.269,7,0.076,0.955
241.66,0.308,-1.225,0,7,0.269,7,0.093,0.891
241.79,0.313,-1.226,0,7,0.269,7,0.128,0.763
241.92,0.323,-1.226,0,7,0.269,7,0.162,0.635
242.05,0.335,-1.227,0,7,0.269,7,0.162,0.635
242.18,0.350,-1.227,0,7,0.269,7,0.162,0.635
242.30,0.362,-1.228,0,7,0.269,7,0.128,0.763
242.43,0.368,-1.228,0,7,0.269,7,0.093,0.891
242.56,0.370,-1.228,0,7,0.269,7,0.078,0.946
242.69,0.372,-1.228,0,7,0.269,7,0.095,0.882
242.82,0.376,-1.229,0,7,0.269,7,0.095,0.882
242.94,0.378,-1.229,0,7,0.269,7,0.078,0.946
243.07,0.380,-1.229,0,7,0.269,7,0.095,0.882
243.20,0.382,-1.229,0,7,0.269,7,0.078,0.946
243.33,0.384,-1.229,0,7,0.269,7,0.113,0.818
243.46,0.392,-1.229,0,7,0.269,7,0.146,0.696
243.58,0.402,-1.230,0,7,0.269,7,0.128,0.760
243.71,0.410,-1.230,0,7,0.269,7,0.111,0.824
243.84,0.416,-1.230,0,7,0.269,7,0.111,0.824
243.97,0.421,-1.231,0,7,0.269,7,0.094,0.888
244.10,0.423,-1.231,0,7,0.269,7,0.077,0.952
244.22,0.425,-1.231,0,7,0.269,7,0.094,0.888
244.35,0.429,-1.231,0,7,0.269,7,0.128,0.760
244.48,0.439,-1.231,0,7,0.269,7,0.138,0.725
244.61,0.449,-1.232,0,7,0.269,7,0.132,0.744
244.74,0.458,-1.232,0,8,0.269,7,0.112,0.820
244.86,0.462,-1.232,0,8,0.269,7,0.095,0.884
244.99,0.463,-1.232,0,8,0.269,7,0.078,0.948
245.12,0.464,-1.232,0,8,0.269,7,0.095,0.884
245.25,0.468,-1.232,0,8,0.269,7,0.112,0.820
245.38,0.475,-1.233,0,8,0.269,7,0.123,0.778
245.50,0.483,-1.233,0,8,0.269,7,0.103,0.853
245.63,0.486,-1.233,0,8,0.269,7,0.086,0.917
245.76,0.488,-1.233,0,8,0.269,7,0.086,0.917
245.89,0.489,-1.233,0,8,0.269,7,0.086,0.917
246.02,0.493,-1.233,0,8,0.269,7,0.120,0.789
246.14,0.502,-1.234,0,8,0.269,7,0.155,0.661
246.27,0.514,-1.234,0,8,0.269,7,0.138,0.725
246.40,0.522,-1.234,0,8,0.269,7,0.103,0.853
246.53,0.524,-1.234,0,8,0.269,7,0.086,0.917
246.66,0.525,-1.234,0,8,0.269,7,0.069,0.981
246.78,0.527,-1.234,0,8,0.269,7,0.103,0.853
246.91,0.533,-1.235,0,8,0.269,7,0.138,0.725
247.04,0.545,-1.235,0,8,0.269,7,0.155,0.661
247.17,0.559,-1.236,0,8,0.269,7,0.155,0.661
247.30,0.570,-1.236,0,8,0.269,7,0.138,0.725
247.42,0.578,-1.236,0,8,0.269,7,0.120,0.789
247.55,0.583,-1.236,0,8,0.269,7,0.103,0.853
247.68,0.587,-1.237,0,8,0.269,7,0.086,0.917
247.81,0.588,-1.236,0,8,0.269,7,0.071,0.972
247.94,0.590,-1.236,0,8,0.269,7,0.106,0.844
248.06,0.597,-1.237,0,8,0.269,7,0.140,0.716
248.19,0.610,-1.237,0,8,0.269,7,0.175,0.588
248.32,0.625,-1.237,0,8,0.269,7,0.176,0.581
248.45,0.641,-1.237,0,8,0.269,7,0.171,0.603
248.58,0.657,-1.237,0,8,0.269,7,0.169,0.609
248.70,0.673,-1.238,0,8,0.269,7,0.169,0.609
248.83,0.689,-1.238,0,9,0.269,7,0.164,0.628
248.96,0.704,-1.238,0,9,0.269,7,0.166,0.620
249.09,0.720,-1.239,0,9,0.269,7,0.165,0.625
249.22,0.735,-1.239,0,9,0.269,7,0.162,0.636
249.34,0.747,-1.239,0,9,0.269,7,0.127,0.764
249.47,0.753,-1.239,0,9,0.269,7,0.094,0.889
249.60,0.755,-1.239,0,9,0.269,7,0.073,0.966
249.73,0.756,-1.239,0,9,0.269,7,0.062,1.007
249.86,0.759,-1.239,0,9,0.269,7,0.054,1.035
249.98,0.762,-1.237,0,9,0.269,7,0.047,1.061
250.11,0.764,-1.235,0,9,0.269,7,0.037,1.098
250.24,0.766,-1.233,0,9,0.269,7,0.025,1.145
250.37,0.767,-1.230,0,9,0.269,7,0.018,1.169
250.50,0.766,-1.226,0,9,0.269,7,0.015,1.181
250.62,0.765,-1.222,0,9,0.269,7,0.049,1.053
250.75,0.769,-1.216,0,9,0.269,7,0.084,0.925
250.88,0.777,-1.207,0,9,0.269,7,0.118,0.797
251.01,0.786,-1.194,0,9,0.269,7,0.153,0.669
251.14,0.797,-1.177,0,9,0.269,7,0.187,0.541
251.26,0.809,-1.156,0,9,0.269,7,0.221,0.413
251.39,0.821,-1.132,0,9,0.269,7,0.256,0.285
251.52,0.834,-1.107,1,9,0.269,7,0.290,0.157
251.65,0.847,-1.082,1,9,0.269,7,0.325,0.029
251.78,0.860,-1.057,1,9,0.269,7,0.306,-0.099
251.90,0.873,-1.032,1,9,0.269,7,0.272,-0.227
252.03,0.885,-1.006,1,9,0.269,7,0.237,-0.355
252.16,0.898,-0.983,1,9,0.269,7,0.203,-0.483
252.29,0.909,-0.963,1,10,0.269,7,0.168,-0.611
252.42,0.920,-0.947,1,10,0.269,7,0.147,-0.689
252.54,0.933,-0.932,1,10,0.269,7,0.182,-0.561
252.67,0.948,-0.915,1,10,0.269,7,0.176,-0.433
252.80,0.963,-0.901,1,10,0.269,7,0.140,-0.305
252.93,0.977,-0.889,2,10,0.269,7,0.125,-0.177
253.06,0.988,-0.880,2,10,0.269,7,0.099,-0.049
253.18,0.996,-0.873,2,10,0.269,7,0.074,0.079
253.31,1.003,-0.867,2,10,0.269,7,0.054,0.207
253.44,1.009,-0.862,2,10,0.269,7,0.061,0.335
253.57,1.014,-0.857,2,10,0.269,7,0.056,0.463
253.70,1.019,-0.851,2,10,0.269,7,0.067,0.591
253.82,1.025,-0.844,2,10,0.269,7,0.081,0.719
253.95,1.030,-0.835,2,10,0.269,7,0.081,0.847
254.08,1.035,-0.826,2,10,0.269,7,0.071,0.975
254.21,1.038,-0.819,2,10,0.269,7,0.051,1.049
254.34,1.040,-0.811,2,10,0.269,7,0.073,0.967
254.46,1.041,-0.801,2,10,0.269,7,0.107,0.839
254.59,1.042,-0.790,2,10,0.269,7,0.141,0.711
254.72,1.043,-0.778,2,10,0.269,7,0.176,0.583
254.85,1.044,-0.760,2,10,0.269,7,0.210,0.455
254.98,1.045,-0.736,2,10,0.269,7,0.210,0.455
255.10,1.047,-0.716,2,10,0.269,7,0.151,0.583
255.23,1.047,-0.703,2,10,0.269,7,0.121,0.679
255.36,1.048,-0.694,2,10,0.269,7,0.113,0.677
255.49,1.048,-0.687,2,10,0.269,7,0.103,0.673
255.62,1.048,-0.681,2,10,0.269,7,0.100,0.669
255.74,1.048,-0.675,3,10,0.269,7,0.093,0.665
255.87,1.049,-0.670,3,10,0.269,7,0.088,0.661
256.00,1.049,-0.665,3,10,0.269,7,0.085,0.657
256.13,1.049,-0.661,3,10,0.269,7,0.083,0.653
256.26,1.049,-0.658,3,10,0.269,7,0.079,0.650
256.38,1.049,-0.654,3,10,0.269,7,0.073,0.647
256.51,1.049,-0.651,3,10,0.269,7,0.072,0.645
256.64,1.049,-0.649,3,10,0.269,7,0.069,0.644
256.77,1.049,-0.647,3,10,0.269,7,0.067,0.642
256.90,1.049,-0.644,3,10,0.269,7,0.059,0.673
257.02,1.049,-0.644,3,10,0.269,7,0.056,0.715
257.15,1.049,-0.643,3,10,0.269,7,0.052,0.774
257.28,1.049,-0.642,3,10,0.269,7,0.050,0.785
257.41,1.049,-0.640,3,10,0.269,7,0.039,0.788
257.54,1.048,-0.638,3,10,0.269,7,0.048,0.782
257.66,1.047,-0.636,3,10,0.269,7,0.042,0.785
257.79,1.045,-0.635,3,10,0.269,7,0.036,0.768
257.92,1.043,-0.634,3,10,0.269,7,0.042,0.806
258.05,1.040,-0.633,3,10,0.269,7,0.046,0.678
258.18,1.038,-0.631,3,10,0.269,7,0.055,0.550
258.30,1.035,-0.627,3,10,0.269,7,0.058,0.422
258.43,1.032,-0.621,3,10,0.269,7,0.046,0.294
258.56,1.030,-0.615,3,10,0.269,7,0.047,0.166
258.69,1.028,-0.611,3,10,0.269,7,0.051,0.038
258.82,1.025,-0.606,3,10,0.269,7,0.032,-0.090
258.94,1.024,-0.603,3,10,0.269,7,0.015,-0.218
259.07,1.023,-0.601,3,10,0.269,7,0.014,-0.346
259.20,1.023,-0.599,3,10,0.269,7,0.014,-0.410
259.33,1.022,-0.597,3,10,0.269,7,0.015,-0.282
259.46,1.022,-0.595,3,10,0.269,7,0.015,-0.154
259.58,1.021,-0.594,3,10,0.269,7,0.016,-0.026
259.71,1.021,-0.592,3,10,0.269,7,0.015,0.102
259.84,1.020,-0.591,3,10,0.269,7,0.015,0.230
259.97,1.019,-0.590,3,10,0.269,7,0.014,0.358
260.10,1.019,-0.590,3,10,0.269,7,0.014,0.486
260.22,1.018,-0.589,3,10,0.269,7,0.013,0.614
260.35,1.016,-0.589,3,10,0.269,7,0.014,0.486
260.48,1.015,-0.588,3,10,0.269,7,0.014,0.358
260.61,1.013,-0.588,3,10,0.269,7,0.015,0.230
260.74,1.012,-0.587,3,10,0.269,7,0.015,0.102
260.86,1.011,-0.585,3,10,0.269,7,0.016,-0.026
260.99,1.011,-0.583,3,10,0.269,7,0.015,-0.154
261.12,1.010,-0.582,3,10,0.269,7,0.015,-0.282
261.25,1.009,-0.580,3,10,0.269,7,0.014,-0.410
261.38,1.009,-0.578,3,10,0.269,7,0.014,-0.346
261.50,1.008,-0.576,3,10,0.269,7,0.015,-0.218
261.63,1.007,-0.575,3,10,0.269,7,0.016,-0.090
261.76,1.007,-0.573,3,10,0.269,7,0.016,0.038
261.89,1.006,-0.571,3,10,0.269,7,0.015,0.166
262.02,1.005,-0.570,3,10,0.269,7,0.015,0.294
262.14,1.004,-0.570,3,10,0.269,7,0.014,0.422
262.27,1.003,-0.570,3,10,0.269,7,0.013,0.550
262.40,1.002,-0.569,3,10,0.269,7,0.013,0.550
262.53,1.000,-0.569,3,10,0.269,7,0.014,0.422
262.66,0.998,-0.569,3,10,0.269,7,0.015,0.294
262.78,0.997,-0.568,3,10,0.269,7,0.015,0.166
262.91,0.996,-0.567,3,10,0.269,7,0.016,0.038
263.04,0.995,-0.565,3,10,0.269,7,0.016,-0.090
263.17,0.994,-0.563,3,10,0.269,7,0.015,-0.218
263.30,0.993,-0.561,3,10,0.269,7,0.014,-0.346
263.42,0.993,-0.560,3,10,0.269,7,0.014,-0.410
263.55,0.992,-0.558,3,10,0.269,7,0.015,-0.282
263.68,0.991,-0.556,3,10,0.269,7,0.015,-0.154
263.81,0.991,-0.555,3,10,0.269,7,0.016,-0.026
263.94,0.990,-0.553,3,10,0.269,7,0.015,0.102
264.06,0.989,-0.551,3,10,0.269,7,0.015,0.230
264.19,0.988,-0.551,3,10,0.269,7,0.014,0.358
264.32,0.987,-0.551,3,10,0.269,7,0.014,0.486
264.45,0.985,-0.551,3,10,0.269,7,0.013,0.614
264.58,0.983,-0.551,3,10,0.269,7,0.013,0.550
264.70,0.981,-0.551,3,10,0.269,7,0.014,0.422
264.83,0.980,-0.551,3,10,0.269,7,0.015,0.294
264.96,0.978,-0.550,3,10,0.269,7,0.015,0.166
265.09,0.977,-0.548,3,10,0.269,7,0.016,0.038
265.22,0.976,-0.546,3,10,0.269,7,0.016,-0.090
265.34,0.975,-0.545,3,10,0.269,7,0.015,-0.218
265.47,0.974,-0.543,3,10,0.269,7,0.014,-0.346
265.60,0.973,-0.542,3,10,0.269,7,0.014,-0.410
265.73,0.972,-0.540,3,10,0.269,7,0.015,-0.282
265.86,0.972,-0.538,3,10,0.269,7,0.015,-0.154
265.98,0.971,-0.536,3,10,0.269,7,0.016,-0.026
266.11,0.970,-0.535,3,10,0.269,7,0.015,0.102
266.24,0.969,-0.533,3,10,0.269,7,0.015,0.230
266.37,0.968,-0.532,3,10,0.269,7,0.014,0.358
266.50,0.966,-0.532,3,10,0.269,7,0.014,0.486
266.62,0.964,-0.533,3,10,0.269,7,0.013,0.614
266.75,0.962,-0.533,3,10,0.269,7,0.013,0.550
266.88,0.960,-0.533,3,10,0.269,7,0.014,0.422
267.01,0.958,-0.533,3,10,0.269,7,0.015,0.294
267.14,0.957,-0.532,3,10,0.269,7,0.015,0.166
267.26,0.956,-0.530,3,10,0.269,7,0.016,0.038
267.39,0.954,-0.529,3,10,0.269,7,0.016,-0.090
267.52,0.953,-0.527,3,10,0.269,7,0.015,-0.218
267.65,0.952,-0.525,3,10,0.269,7,0.014,-0.346
267.78,0.951,-0.524,3,10,0.269,7,0.014,-0.474
267.90,0.950,-0.522,3,10,0.269,7,0.014,-0.346
268.03,0.949,-0.521,3,10,0.269,7,0.015,-0.218
268.16,0.948,-0.519,3,10,0.269,7,0.016,-0.090
268.29,0.948,-0.517,3,10,0.269,7,0.016,0.038
268.42,0.947,-0.516,3,10,0.269,7,0.015,0.166
268.54,0.945,-0.514,3,10,0.269,7,0.015,0.294
268.67,0.944,-0.514,3,10,0.269,7,0.014,0.422
268.80,0.942,-0.514,3,10,0.269,7,0.013,0.550
268.93,0.939,-0.515,3,10,0.269,7,0.013,0.678
269.06,0.937,-0.515,3,10,0.269,7,0.013,0.614
269.18,0.935,-0.515,3,10,0.269,7,0.014,0.486
269.31,0.933,-0.515,3,10,0.269,7,0.014,0.358
269.44,0.931,-0.514,3,10,0.269,7,0.015,0.230
269.57,0.930,-0.512,3,10,0.269,7,0.015,0.102
269.70,0.929,-0.511,3,10,0.269,7,0.016,-0.026
269.82,0.927,-0.510,3,10,0.269,7,0.015,-0.154
269.95,0.926,-0.508,3,10,0.269,7,0.015,-0.282
270.08,0.925,-0.507,3,10,0.269,7,0.014,-0.410
270.21,0.924,-0.505,3,10,0.269,7,0.013,-0.538
270.34,0.923,-0.504,3,10,0.269,7,0.014,-0.410
270.46,0.922,-0.502,3,10,0.269,7,0.015,-0.282
270.59,0.921,-0.501,3,10,0.269,7,0.015,-0.154
270.72,0.920,-0.499,3,10,0.269,7,0.016,-0.026
270.85,0.919,-0.497,3,10,0.269,7,0.015,0.102
270.98,0.918,-0.496,3,10,0.269,7,0.015,0.230
271.10,0.916,-0.495,3,10,0.269,7,0.014,0.358
271.23,0.914,-0.494,3,10,0.269,7,0.014,0.486
271.36,0.912,-0.494,3,10,0.269,7,0.013,0.614
271.49,0.910,-0.495,3,10,0.269,7,0.012,0.742
271.62,0.908,-0.495,3,10,0.269,7,0.013,0.614
271.74,0.906,-0.494,3,10,0.269,7,0.014,0.486
271.87,0.904,-0.493,3,10,0.269,7,0.014,0.358
272.00,0.903,-0.492,3,10,0.269,7,0.015,0.230
272.13,0.901,-0.491,3,10,0.269,7,0.015,0.102
272.26,0.899,-0.490,3,9,0.269,7,0.016,-0.026
272.38,0.898,-0.489,3,9,0.269,7,0.015,-0.154
272.51,0.896,-0.488,3,9,0.269,7,0.015,-0.282
272.64,0.895,-0.486,3,9,0.269,7,0.014,-0.410
272.77,0.895,-0.484,3,9,0.269,7,0.013,-0.538
272.90,0.895,-0.482,3,9,0.269,7,0.013,-0.666
273.02,0.895,-0.480,3,9,0.269,7,0.013,-0.666
273.15,0.895,-0.478,3,9,0.269,7,0.013,-0.538
273.28,0.894,-0.476,3,9,0.269,7,0.014,-0.410
273.41,0.893,-0.475,3,9,0.269,7,0.015,-0.282
273.54,0.892,-0.473,3,9,0.269,7,0.015,-0.154
273.66,0.891,-0.471,3,9,0.269,7,0.016,-0.026
273.79,0.890,-0.470,3,9,0.269,7,0.015,0.102
273.92,0.889,-0.468,3,9,0.269,7,0.015,0.230
274.05,0.887,-0.467,3,9,0.269,7,0.014,0.358
274.18,0.886,-0.467,3,9,0.269,7,0.014,0.486
274.30,0.883,-0.467,3,9,0.269,7,0.013,0.614
274.43,0.881,-0.467,3,9,0.269,7,0.012,0.742
274.56,0.878,-0.468,3,9,0.269,8,0.012,0.870
274.69,0.876,-0.468,3,9,0.269,8,0.012,0.806
274.82,0.874,-0.468,3,9,0.269,8,0.013,0.678
274.94,0.872,-0.467,3,9,0.269,8,0.013,0.550
275.07,0.870,-0.466,3,9,0.269,8,0.050,0.422
275.20,0.864,-0.463,3,9,0.269,8,0.090,0.294
275.33,0.852,-0.458,3,9,0.269,8,0.099,0.166
275.46,0.838,-0.452,3,9,0.269,8,0.134,0.038
275.58,0.825,-0.447,4,9,0.269,8,0.111,-0.090
275.71,0.815,-0.443,4,9,0.269,8,0.078,-0.159
275.84,0.809,-0.440,4,9,0.269,8,0.024,-0.178
275.97,0.807,-0.439,4,9,0.269,8,0.015,-0.245
276.10,0.807,-0.437,4,9,0.269,8,0.014,-0.373
276.22,0.807,-0.436,4,9,0.269,8,0.013,-0.501
276.35,0.807,-0.434,4,9,0.269,8,0.013,-0.629
276.48,0.808,-0.432,4,9,0.269,8,0.012,-0.757
276.61,0.809,-0.429,4,9,0.269,8,0.013,-0.629
276.74,0.809,-0.427,4,9,0.269,8,0.013,-0.501
276.86,0.808,-0.425,4,9,0.269,8,0.014,-0.373
276.99,0.807,-0.424,4,9,0.269,8,0.015,-0.245
277.12,0.806,-0.422,4,9,0.269,8,0.015,-0.117
277.25,0.805,-0.421,4,9,0.269,8,0.016,0.011
277.38,0.803,-0.419,4,9,0.269,8,0.015,0.139
277.50,0.802,-0.418,4,9,0.269,8,0.015,0.267
277.63,0.800,-0.417,4,9,0.269,8,0.014,0.395
277.76,0.799,-0.416,4,9,0.269,8,0.013,0.523
277.89,0.797,-0.415,4,9,0.269,8,0.013,0.651
278.02,0.796,-0.414,4,9,0.269,8,0.012,0.779
278.14,0.795,-0.414,4,9,0.269,8,0.012,0.715
278.27,0.793,-0.414,4,9,0.269,8,0.015,0.587
278.40,0.789,-0.412,4,9,0.269,8,0.099,0.459
278.53,0.774,-0.408,4,9,0.269,8,0.172,0.331
278.66,0.751,-0.403,4,9,0.269,8,0.259,0.203
278.78,0.723,-0.398,4,9,0.269,8,0.236,0.075
278.91,0.696,-0.392,4,9,0.269,8,0.224,-0.053
279.04,0.670,-0.386,4,8,0.269,8,0.142,-0.181
279.17,0.655,-0.383,4,8,0.269,8,0.114,-0.128
279.30,0.643,-0.380,4,8,0.269,8,0.087,0.000
279.42,0.634,-0.377,4,8,0.269,8,0.073,0.128
279.55,0.625,-0.375,4,8,0.269,8,0.087,0.256
279.68,0.612,-0.373,4,8,0.269,8,0.131,0.384
279.81,0.595,-0.370,4,8,0.269,8,0.181,0.512
279.94,0.575,-0.368,4,8,0.269,8,0.160,0.640
280.06,0.558,-0.367,4,8,0.269,8,0.143,0.704
280.19,0.544,-0.366,4,8,0.269,8,0.169,0.609
280.32,0.529,-0.366,4,8,0.269,8,0.165,0.623
280.45,0.514,-0.365,4,8,0.269,8,0.165,0.624
280.58,0.499,-0.365,4,8,0.269,8,0.171,0.601
280.70,0.484,-0.364,4,8,0.269,8,0.163,0.631
280.83,0.469,-0.363,4,8,0.269,8,0.160,0.642
280.96,0.455,-0.363,4,8,0.269,8,0.164,0.626
281.09,0.440,-0.362,4,7,0.269,8,0.164,0.629
281.22,0.425,-0.362,4,7,0.269,8,0.169,0.608
281.34,0.410,-0.361,4,7,0.269,8,0.159,0.647
281.47,0.396,-0.360,4,7,0.269,8,0.159,0.646
281.60,0.382,-0.360,4,7,0.269,8,0.157,0.652
281.73,0.371,-0.359,4,7,0.269,8,0.140,0.716
281.86,0.363,-0.359,4,7,0.269,8,0.123,0.780
281.98,0.357,-0.359,4,7,0.269,8,0.088,0.908
282.11,0.355,-0.359,4,7,0.269,8,0.071,0.972
282.24,0.354,-0.359,4,7,0.269,8,0.106,0.844
282.37,0.347,-0.358,4,7,0.269,8,0.140,0.716
282.50,0.334,-0.358,4,7,0.269,8,0.174,0.588
282.62,0.319,-0.358,4,7,0.269,8,0.171,0.600
282.75,0.304,-0.357,4,7,0.269,8,0.173,0.594
282.88,0.288,-0.357,4,7,0.269,8,0.168,0.613
283.01,0.273,-0.357,4,7,0.269,8,0.174,0.591
283.14,0.258,-0.356,4,7,0.269,8,0.167,0.615
283.26,0.243,-0.356,4,7,0.269,8,0.171,0.601
283.39,0.228,-0.355,4,7,0.269,8,0.170,0.606
283.52,0.214,-0.355,4,6,0.269,8,0.152,0.670
283.65,0.203,-0.354,4,6,0.269,8,0.135,0.734
283.78,0.194,-0.354,4,6,0.269,8,0.118,0.798
283.90,0.190,-0.354,4,6,0.269,8,0.084,0.926
284.03,0.188,-0.354,4,6,0.269,8,0.066,0.990
284.16,0.187,-0.354,4,6,0.269,8,0.101,0.862
284.29,0.181,-0.353,4,6,0.269,8,0.135,0.734
284.42,0.170,-0.353,4,6,0.269,8,0.161,0.637
284.54,0.155,-0.353,4,6,0.269,8,0.164,0.626
284.67,0.140,-0.352,4,6,0.269,8,0.166,0.619
284.80,0.125,-0.352,4,6,0.269,8,0.163,0.630
284.93,0.111,-0.351,4,6,0.269,8,0.163,0.630
285.06,0.099,-0.351,4,6,0.269,8,0.129,0.758
285.18,0.093,-0.351,4,6,0.269,8,0.094,0.886
285.31,0.091,-0.350,4,6,0.269,8,0.071,0.975
285.44,0.090,-0.350,4,6,0.269,8,0.092,0.893
285.57,0.085,-0.350,4,6,0.269,8,0.127,0.765
285.70,0.075,-0.350,4,6,0.269,8,0.161,0.637
285.82,0.060,-0.350,4,6,0.269,8,0.175,0.587
285.95,0.044,-0.350,4,6,0.269,8,0.171,0.603
286.08,0.029,-0.349,4,6,0.269,8,0.165,0.623
286.21,0.015,-0.349,4,6,0.269,8,0.161,0.639
286.34,0.001,-0.348,4,6,0.269,8,0.161,0.639
286.46,-0.013,-0.348,4,5,0.269,8,0.143,0.703
286.59,-0.024,-0.348,4,5,0.269,8,0.126,0.767
286.72,-0.030,-0.347,4,5,0.269,8,0.097,0.876
286.85,-0.033,-0.347,4,5,0.269,8,0.094,0.887
286.98,-0.035,-0.347,4,5,0.269,8,0.091,0.899
287.10,-0.038,-0.347,4,5,0.269,8,0.087,0.914
287.23,-0.040,-0.347,4,5,0.269,8,0.087,0.914
287.36,-0.041,-0.347,4,5,0.269,8,0.078,0.946
287.49,-0.041,-0.347,4,5,0.269,8,0.074,0.961
287.62,-0.042,-0.347,4,5,0.269,8,0.087,0.912
287.74,-0.046,-0.347,4,5,0.269,8,0.095,0.882
287.87,-0.048,-0.347,4,5,0.269,8,0.095,0.884
288.00,-0.051,-0.347,4,5,0.269,8,0.093,0.890
288.13,-0.054,-0.347,4,5,0.269,8,0.102,0.858
288.26,-0.058,-0.347,4,5,0.269,8,0.097,0.876
288.38,-0.060,-0.347,4,5,0.269,8,0.084,0.923
288.51,-0.061,-0.347,4,5,0.269,8,0.088,0.911
288.64,-0.062,-0.346,4,5,0.269,8,0.090,0.903
288.77,-0.064,-0.346,4,5,0.269,8,0.090,0.903
288.90,-0.067,-0.346,4,5,0.269,8,0.099,0.868
289.02,-0.071,-0.346,4,5,0.269,8,0.094,0.888
289.15,-0.073,-0.346,4,5,0.269,8,0.083,0.928
289.28,-0.074,-0.346,4,5,0.269,8,0.077,0.949
289.41,-0.074,-0.346,4,5,0.269,8,0.084,0.925
289.54,-0.076,-0.346,4,5,0.269,8,0.095,0.883
289.66,-0.079,-0.346,4,5,0.269,8,0.105,0.848
289.79,-0.083,-0.346,4,5,0.269,8,0.088,0.909
289.92,-0.084,-0.346,4,5,0.269,8,0.080,0.941
290.05,-0.085,-0.346,4,5,0.269,8,0.075,0.957
290.18,-0.085,-0.346,4,5,0.269,8,0.080,0.941
290.30,-0.085,-0.346,4,5,0.269,8,0.075,0.957
290.43,-0.086,-0.346,4,5,0.269,8,0.081,0.936
290.56,-0.087,-0.346,4,5,0.269,8,0.086,0.918
290.69,-0.090,-0.346,4,5,0.269,8,0.108,0.834
290.82,-0.095,-0.346,4,5,0.269,8,0.113,0.817
290.94,-0.100,-0.345,4,5,0.269,8,0.094,0.888
291.07,-0.105,-0.345,4,5,0.269,8,0.101,0.863
291.20,-0.108,-0.345,4,5,0.269,8,0.088,0.911
291.33,-0.109,-0.345,4,5,0.269,8,0.090,0.904
291.46,-0.112,-0.345,4,5,0.269,8,0.101,0.861
291.58,-0.115,-0.345,4,5,0.269,8,0.088,0.910
291.71,-0.118,-0.345,4,5,0.269,8,0.099,0.870
291.84,-0.122,-0.345,4,5,0.269,8,0.095,0.882
291.97,-0.124,-0.345,4,5,0.269,8,0.085,0.920
292.10,-0.125,-0.345,4,5,0.269,8,0.080,0.940
292.22,-0.125,-0.345,4,5,0.269,8,0.077,0.950
292.35,-0.126,-0.345,4,5,0.269,8,0.076,0.955
292.48,-0.126,-0.345,4,5,0.269,8,0.084,0.925
292.61,-0.128,-0.345,4,5,0.269,8,0.095,0.884
292.74,-0.132,-0.345,4,5,0.269,8,0.092,0.893
292.86,-0.134,-0.345,4,5,0.269,8,0.094,0.886
292.99,-0.137,-0.344,4,5,0.269,8,0.093,0.891
293.12,-0.139,-0.344,4,5,0.269,8,0.083,0.927
293.25,-0.141,-0.344,4,5,0.269,8,0.085,0.922
293.38,-0.142,-0.344,4,5,0.269,8,0.079,0.942
293.50,-0.142,-0.344,4,5,0.269,8,0.076,0.953
293.63,-0.142,-0.344,4,5,0.269,8,0.075,0.959
293.76,-0.144,-0.344,4,5,0.269,8,0.087,0.913
293.89,-0.145,-0.344,4,5,0.269,8,0.081,0.937
294.02,-0.146,-0.344,4,5,0.269,8,0.095,0.885
294.14,-0.150,-0.344,4,5,0.269,8,0.105,0.847
294.27,-0.153,-0.344,4,5,0.269,8,0.101,0.860
294.40,-0.157,-0.344,4,5,0.269,8,0.100,0.865
294.53,-0.161,-0.344,4,5,0.269,8,0.096,0.881
294.66,-0.163,-0.344,4,5,0.269,8,0.086,0.917
294.78,-0.165,-0.344,4,5,0.269,8,0.080,0.939
294.91,-0.165,-0.344,4,5,0.269,8,0.077,0.950
295.04,-0.165,-0.344,4,5,0.269,8,0.075,0.956
295.17,-0.166,-0.344,4,5,0.269,8,0.083,0.929
295.30,-0.166,-0.344,4,5,0.269,8,0.080,0.941
295.42,-0.167,-0.344,4,5,0.269,8,0.078,0.948
295.55,-0.167,-0.344,4,5,0.269,8,0.077,0.951
295.68,-0.167,-0.344,4,5,0.269,8,0.076,0.953
295.81,-0.167,-0.344,4,5,0.269,8,0.076,0.954
295.94,-0.168,-0.344,4,5,0.269,8,0.090,0.901
296.06,-0.170,-0.344,4,5,0.269,8,0.083,0.930
296.19,-0.171,-0.344,4,5,0.269,8,0.087,0.915
296.32,-0.172,-0.344,4,5,0.269,8,0.081,0.937
296.45,-0.174,-0.343,4,5,0.269,8,0.093,0.890
296.58,-0.176,-0.343,4,5,0.269,8,0.084,0.924
296.70,-0.177,-0.343,4,5,0.269,8,0.089,0.906
296.83,-0.179,-0.343,4,5,0.269,8,0.091,0.900
296.96,-0.183,-0.343,4,5,0.269,8,0.098,0.871
297.09,-0.186,-0.343,4,5,0.269,8,0.098,0.874
297.22,-0.188,-0.343,4,5,0.269,8,0.086,0.918
297.34,-0.190,-0.343,4,5,0.269,8,0.079,0.942
297.47,-0.190,-0.343,4,5,0.269,8,0.076,0.954
297.60,-0.190,-0.343,4,5,0.269,8,0.082,0.932
297.73,-0.191,-0.343,4,5,0.269,8,0.078,0.949
297.86,-0.192,-0.343,4,5,0.269,8,0.081,0.936
297.98,-0.192,-0.343,4,5,0.269,8,0.077,0.951
298.11,-0.193,-0.343,4,5,0.269,8,0.081,0.937
298.24,-0.194,-0.343,4,5,0.269,8,0.077,0.951
298.37,-0.195,-0.343,4,5,0.269,8,0.081,0.937
298.50,-0.195,-0.343,4,5,0.269,8,0.077,0.951
298.62,-0.195,-0.343,4,5,0.269,8,0.075,0.958
298.75,-0.197,-0.343,4,5,0.269,8,0.087,0.914
298.88,-0.199,-0.343,4,5,0.269,8,0.088,0.911
299.01,-0.202,-0.343,4,5,0.269,8,0.097,0.875
299.14,-0.205,-0.343,4,5,0.269,8,0.095,0.883
299.26,-0.207,-0.343,4,5,0.269,8,0.096,0.880
299.39,-0.210,-0.343,4,5,0.269,8,0.086,0.918
299.52,-0.211,-0.343,4,5,0.269,8,0.081,0.937
299.65,-0.212,-0.342,4,5,0.269,8,0.085,0.923
299.78,-0.213,-0.342,4,5,0.269,8,0.080,0.940
299.90,-0.214,-0.342,4,5,0.269,8,0.077,0.949
